solid Assem-T - Base-1
   facet normal 0.000000e+00 1.000000e+00 -0.000000e+00
      outer loop
         vertex 6.969656e+01 9.074825e+01 1.366433e+02
         vertex 6.967602e+01 9.074825e+01 1.366529e+02
         vertex 7.043156e+01 9.074825e+01 1.369860e+02
      endloop
   endfacet
   facet normal -0.000000e+00 1.000000e+00 -0.000000e+00
      outer loop
         vertex 6.863156e+01 9.074825e+01 1.366607e+02
         vertex 6.782156e+01 9.074825e+01 1.369860e+02
         vertex 6.865414e+01 9.074825e+01 1.366587e+02
      endloop
   endfacet
   facet normal 0.000000e+00 1.000000e+00 -0.000000e+00
      outer loop
         vertex 6.865414e+01 9.074825e+01 1.366587e+02
         vertex 6.782156e+01 9.074825e+01 1.369860e+02
         vertex 7.043156e+01 9.074825e+01 1.369860e+02
      endloop
   endfacet
   facet normal -0.000000e+00 1.000000e+00 0.000000e+00
      outer loop
         vertex 6.871512e+01 9.074825e+01 1.364311e+02
         vertex 6.958710e+01 9.074825e+01 1.366529e+02
         vertex 6.869656e+01 9.074825e+01 1.364181e+02
      endloop
   endfacet
   facet normal -0.000000e+00 1.000000e+00 0.000000e+00
      outer loop
         vertex 6.869656e+01 9.074825e+01 1.364181e+02
         vertex 6.958710e+01 9.074825e+01 1.366529e+02
         vertex 6.867602e+01 9.074825e+01 1.364086e+02
      endloop
   endfacet
   facet normal 0.000000e+00 1.000000e+00 -0.000000e+00
      outer loop
         vertex 6.873115e+01 9.074825e+01 1.366143e+02
         vertex 6.871512e+01 9.074825e+01 1.366303e+02
         vertex 7.043156e+01 9.074825e+01 1.369860e+02
      endloop
   endfacet
   facet normal 0.000000e+00 1.000000e+00 0.000000e+00
      outer loop
         vertex 6.871512e+01 9.074825e+01 1.364311e+02
         vertex 6.873115e+01 9.074825e+01 1.364472e+02
         vertex 6.958710e+01 9.074825e+01 1.366529e+02
      endloop
   endfacet
   facet normal 0.000000e+00 1.000000e+00 0.000000e+00
      outer loop
         vertex 6.958710e+01 9.074825e+01 1.366529e+02
         vertex 6.873115e+01 9.074825e+01 1.364472e+02
         vertex 6.874414e+01 9.074825e+01 1.364657e+02
      endloop
   endfacet
   facet normal 0.000000e+00 1.000000e+00 -0.000000e+00
      outer loop
         vertex 6.958710e+01 9.074825e+01 1.366529e+02
         vertex 6.874414e+01 9.074825e+01 1.364657e+02
         vertex 6.960899e+01 9.074825e+01 1.366587e+02
      endloop
   endfacet
   facet normal 0.000000e+00 1.000000e+00 0.000000e+00
      outer loop
         vertex 6.874414e+01 9.074825e+01 1.364657e+02
         vertex 6.875372e+01 9.074825e+01 1.364863e+02
         vertex 6.960899e+01 9.074825e+01 1.366587e+02
      endloop
   endfacet
   facet normal 0.000000e+00 1.000000e+00 0.000000e+00
      outer loop
         vertex 6.960899e+01 9.074825e+01 1.366587e+02
         vertex 6.875372e+01 9.074825e+01 1.364863e+02
         vertex 6.875959e+01 9.074825e+01 1.365081e+02
      endloop
   endfacet
   facet normal 0.000000e+00 1.000000e+00 0.000000e+00
      outer loop
         vertex 6.960899e+01 9.074825e+01 1.366587e+02
         vertex 6.875959e+01 9.074825e+01 1.365081e+02
         vertex 6.876156e+01 9.074825e+01 1.365307e+02
      endloop
   endfacet
   facet normal 0.000000e+00 1.000000e+00 -0.000000e+00
      outer loop
         vertex 6.975372e+01 9.074825e+01 1.365752e+02
         vertex 6.974414e+01 9.074825e+01 1.365957e+02
         vertex 7.043156e+01 9.074825e+01 1.369860e+02
      endloop
   endfacet
   facet normal 0.000000e+00 1.000000e+00 -0.000000e+00
      outer loop
         vertex 6.871512e+01 9.074825e+01 1.366303e+02
         vertex 6.869656e+01 9.074825e+01 1.366433e+02
         vertex 7.043156e+01 9.074825e+01 1.369860e+02
      endloop
   endfacet
   facet normal 0.000000e+00 1.000000e+00 0.000000e+00
      outer loop
         vertex 7.043156e+01 9.074825e+01 1.369860e+02
         vertex 6.869656e+01 9.074825e+01 1.366433e+02
         vertex 6.867602e+01 9.074825e+01 1.366529e+02
      endloop
   endfacet
   facet normal 0.000000e+00 1.000000e+00 0.000000e+00
      outer loop
         vertex 7.043156e+01 9.074825e+01 1.369860e+02
         vertex 6.867602e+01 9.074825e+01 1.366529e+02
         vertex 6.865414e+01 9.074825e+01 1.366587e+02
      endloop
   endfacet
   facet normal 0.000000e+00 1.000000e+00 0.000000e+00
      outer loop
         vertex 6.856656e+01 9.074825e+01 1.364181e+02
         vertex 6.858710e+01 9.074825e+01 1.364086e+02
         vertex 6.782156e+01 9.074825e+01 1.362860e+02
      endloop
   endfacet
   facet normal 0.000000e+00 1.000000e+00 0.000000e+00
      outer loop
         vertex 6.782156e+01 9.074825e+01 1.362860e+02
         vertex 6.858710e+01 9.074825e+01 1.364086e+02
         vertex 6.860899e+01 9.074825e+01 1.364027e+02
      endloop
   endfacet
   facet normal 0.000000e+00 1.000000e+00 0.000000e+00
      outer loop
         vertex 6.950354e+01 9.074825e+01 1.365081e+02
         vertex 6.950940e+01 9.074825e+01 1.364863e+02
         vertex 6.782156e+01 9.074825e+01 1.362860e+02
      endloop
   endfacet
   facet normal 0.000000e+00 1.000000e+00 0.000000e+00
      outer loop
         vertex 6.782156e+01 9.074825e+01 1.362860e+02
         vertex 6.950940e+01 9.074825e+01 1.364863e+02
         vertex 6.951898e+01 9.074825e+01 1.364657e+02
      endloop
   endfacet
   facet normal 0.000000e+00 1.000000e+00 0.000000e+00
      outer loop
         vertex 6.951898e+01 9.074825e+01 1.364657e+02
         vertex 6.953198e+01 9.074825e+01 1.364472e+02
         vertex 6.782156e+01 9.074825e+01 1.362860e+02
      endloop
   endfacet
   facet normal 0.000000e+00 1.000000e+00 0.000000e+00
      outer loop
         vertex 6.782156e+01 9.074825e+01 1.362860e+02
         vertex 6.953198e+01 9.074825e+01 1.364472e+02
         vertex 6.954800e+01 9.074825e+01 1.364311e+02
      endloop
   endfacet
   facet normal 0.000000e+00 1.000000e+00 0.000000e+00
      outer loop
         vertex 6.782156e+01 9.074825e+01 1.362860e+02
         vertex 6.954800e+01 9.074825e+01 1.364311e+02
         vertex 6.956656e+01 9.074825e+01 1.364181e+02
      endloop
   endfacet
   facet normal 0.000000e+00 1.000000e+00 0.000000e+00
      outer loop
         vertex 6.956656e+01 9.074825e+01 1.364181e+02
         vertex 6.958710e+01 9.074825e+01 1.364086e+02
         vertex 6.782156e+01 9.074825e+01 1.362860e+02
      endloop
   endfacet
   facet normal 0.000000e+00 1.000000e+00 0.000000e+00
      outer loop
         vertex 6.782156e+01 9.074825e+01 1.362860e+02
         vertex 6.958710e+01 9.074825e+01 1.364086e+02
         vertex 6.960899e+01 9.074825e+01 1.364027e+02
      endloop
   endfacet
   facet normal 0.000000e+00 1.000000e+00 0.000000e+00
      outer loop
         vertex 6.782156e+01 9.074825e+01 1.362860e+02
         vertex 6.960899e+01 9.074825e+01 1.364027e+02
         vertex 7.043156e+01 9.074825e+01 1.362860e+02
      endloop
   endfacet
   facet normal 0.000000e+00 1.000000e+00 0.000000e+00
      outer loop
         vertex 7.043156e+01 9.074825e+01 1.362860e+02
         vertex 6.960899e+01 9.074825e+01 1.364027e+02
         vertex 6.963156e+01 9.074825e+01 1.364007e+02
      endloop
   endfacet
   facet normal 0.000000e+00 1.000000e+00 0.000000e+00
      outer loop
         vertex 7.043156e+01 9.074825e+01 1.362860e+02
         vertex 6.963156e+01 9.074825e+01 1.364007e+02
         vertex 6.965414e+01 9.074825e+01 1.364027e+02
      endloop
   endfacet
   facet normal -0.000000e+00 1.000000e+00 0.000000e+00
      outer loop
         vertex 6.965414e+01 9.074825e+01 1.364027e+02
         vertex 6.967602e+01 9.074825e+01 1.364086e+02
         vertex 7.043156e+01 9.074825e+01 1.362860e+02
      endloop
   endfacet
   facet normal 0.000000e+00 1.000000e+00 0.000000e+00
      outer loop
         vertex 7.043156e+01 9.074825e+01 1.362860e+02
         vertex 6.967602e+01 9.074825e+01 1.364086e+02
         vertex 6.969656e+01 9.074825e+01 1.364181e+02
      endloop
   endfacet
   facet normal 0.000000e+00 1.000000e+00 0.000000e+00
      outer loop
         vertex 7.043156e+01 9.074825e+01 1.362860e+02
         vertex 6.969656e+01 9.074825e+01 1.364181e+02
         vertex 6.971512e+01 9.074825e+01 1.364311e+02
      endloop
   endfacet
   facet normal -0.000000e+00 1.000000e+00 0.000000e+00
      outer loop
         vertex 6.971512e+01 9.074825e+01 1.364311e+02
         vertex 6.973115e+01 9.074825e+01 1.364472e+02
         vertex 7.043156e+01 9.074825e+01 1.362860e+02
      endloop
   endfacet
   facet normal 0.000000e+00 1.000000e+00 0.000000e+00
      outer loop
         vertex 7.043156e+01 9.074825e+01 1.362860e+02
         vertex 6.973115e+01 9.074825e+01 1.364472e+02
         vertex 6.974414e+01 9.074825e+01 1.364657e+02
      endloop
   endfacet
   facet normal 0.000000e+00 1.000000e+00 0.000000e+00
      outer loop
         vertex 7.043156e+01 9.074825e+01 1.362860e+02
         vertex 6.974414e+01 9.074825e+01 1.364657e+02
         vertex 6.975372e+01 9.074825e+01 1.364863e+02
      endloop
   endfacet
   facet normal 0.000000e+00 1.000000e+00 -0.000000e+00
      outer loop
         vertex 6.974414e+01 9.074825e+01 1.365957e+02
         vertex 6.973115e+01 9.074825e+01 1.366143e+02
         vertex 7.043156e+01 9.074825e+01 1.369860e+02
      endloop
   endfacet
   facet normal 0.000000e+00 1.000000e+00 0.000000e+00
      outer loop
         vertex 7.043156e+01 9.074825e+01 1.369860e+02
         vertex 6.973115e+01 9.074825e+01 1.366143e+02
         vertex 6.971512e+01 9.074825e+01 1.366303e+02
      endloop
   endfacet
   facet normal 0.000000e+00 1.000000e+00 0.000000e+00
      outer loop
         vertex 7.043156e+01 9.074825e+01 1.369860e+02
         vertex 6.971512e+01 9.074825e+01 1.366303e+02
         vertex 6.969656e+01 9.074825e+01 1.366433e+02
      endloop
   endfacet
   facet normal 0.000000e+00 1.000000e+00 -0.000000e+00
      outer loop
         vertex 6.967602e+01 9.074825e+01 1.366529e+02
         vertex 6.965414e+01 9.074825e+01 1.366587e+02
         vertex 7.043156e+01 9.074825e+01 1.369860e+02
      endloop
   endfacet
   facet normal 0.000000e+00 1.000000e+00 0.000000e+00
      outer loop
         vertex 7.043156e+01 9.074825e+01 1.369860e+02
         vertex 6.965414e+01 9.074825e+01 1.366587e+02
         vertex 6.963156e+01 9.074825e+01 1.366607e+02
      endloop
   endfacet
   facet normal 0.000000e+00 1.000000e+00 0.000000e+00
      outer loop
         vertex 7.043156e+01 9.074825e+01 1.369860e+02
         vertex 6.963156e+01 9.074825e+01 1.366607e+02
         vertex 6.960899e+01 9.074825e+01 1.366587e+02
      endloop
   endfacet
   facet normal 0.000000e+00 1.000000e+00 0.000000e+00
      outer loop
         vertex 6.863156e+01 9.074825e+01 1.366607e+02
         vertex 6.860899e+01 9.074825e+01 1.366587e+02
         vertex 6.782156e+01 9.074825e+01 1.369860e+02
      endloop
   endfacet
   facet normal 0.000000e+00 1.000000e+00 0.000000e+00
      outer loop
         vertex 6.782156e+01 9.074825e+01 1.369860e+02
         vertex 6.860899e+01 9.074825e+01 1.366587e+02
         vertex 6.858710e+01 9.074825e+01 1.366529e+02
      endloop
   endfacet
   facet normal 0.000000e+00 1.000000e+00 0.000000e+00
      outer loop
         vertex 6.782156e+01 9.074825e+01 1.369860e+02
         vertex 6.858710e+01 9.074825e+01 1.366529e+02
         vertex 6.856656e+01 9.074825e+01 1.366433e+02
      endloop
   endfacet
   facet normal 0.000000e+00 1.000000e+00 -0.000000e+00
      outer loop
         vertex 6.876156e+01 9.074825e+01 1.365307e+02
         vertex 6.875959e+01 9.074825e+01 1.365533e+02
         vertex 6.960899e+01 9.074825e+01 1.366587e+02
      endloop
   endfacet
   facet normal 0.000000e+00 1.000000e+00 0.000000e+00
      outer loop
         vertex 6.960899e+01 9.074825e+01 1.366587e+02
         vertex 6.875959e+01 9.074825e+01 1.365533e+02
         vertex 6.875372e+01 9.074825e+01 1.365752e+02
      endloop
   endfacet
   facet normal 0.000000e+00 1.000000e+00 -0.000000e+00
      outer loop
         vertex 6.960899e+01 9.074825e+01 1.366587e+02
         vertex 6.875372e+01 9.074825e+01 1.365752e+02
         vertex 7.043156e+01 9.074825e+01 1.369860e+02
      endloop
   endfacet
   facet normal 0.000000e+00 1.000000e+00 0.000000e+00
      outer loop
         vertex 7.043156e+01 9.074825e+01 1.369860e+02
         vertex 6.875372e+01 9.074825e+01 1.365752e+02
         vertex 6.874414e+01 9.074825e+01 1.365957e+02
      endloop
   endfacet
   facet normal 0.000000e+00 1.000000e+00 0.000000e+00
      outer loop
         vertex 7.043156e+01 9.074825e+01 1.369860e+02
         vertex 6.874414e+01 9.074825e+01 1.365957e+02
         vertex 6.873115e+01 9.074825e+01 1.366143e+02
      endloop
   endfacet
   facet normal 0.000000e+00 1.000000e+00 0.000000e+00
      outer loop
         vertex 6.856656e+01 9.074825e+01 1.366433e+02
         vertex 6.854800e+01 9.074825e+01 1.366303e+02
         vertex 6.782156e+01 9.074825e+01 1.369860e+02
      endloop
   endfacet
   facet normal 0.000000e+00 1.000000e+00 0.000000e+00
      outer loop
         vertex 6.782156e+01 9.074825e+01 1.369860e+02
         vertex 6.854800e+01 9.074825e+01 1.366303e+02
         vertex 6.853198e+01 9.074825e+01 1.366143e+02
      endloop
   endfacet
   facet normal 0.000000e+00 1.000000e+00 0.000000e+00
      outer loop
         vertex 6.782156e+01 9.074825e+01 1.369860e+02
         vertex 6.853198e+01 9.074825e+01 1.366143e+02
         vertex 6.851898e+01 9.074825e+01 1.365957e+02
      endloop
   endfacet
   facet normal 0.000000e+00 1.000000e+00 0.000000e+00
      outer loop
         vertex 6.850354e+01 9.074825e+01 1.365081e+02
         vertex 6.850940e+01 9.074825e+01 1.364863e+02
         vertex 6.782156e+01 9.074825e+01 1.362860e+02
      endloop
   endfacet
   facet normal 0.000000e+00 1.000000e+00 0.000000e+00
      outer loop
         vertex 6.782156e+01 9.074825e+01 1.362860e+02
         vertex 6.850940e+01 9.074825e+01 1.364863e+02
         vertex 6.851898e+01 9.074825e+01 1.364657e+02
      endloop
   endfacet
   facet normal 0.000000e+00 1.000000e+00 0.000000e+00
      outer loop
         vertex 6.958710e+01 9.074825e+01 1.366529e+02
         vertex 6.956656e+01 9.074825e+01 1.366433e+02
         vertex 6.867602e+01 9.074825e+01 1.364086e+02
      endloop
   endfacet
   facet normal 0.000000e+00 1.000000e+00 0.000000e+00
      outer loop
         vertex 6.867602e+01 9.074825e+01 1.364086e+02
         vertex 6.956656e+01 9.074825e+01 1.366433e+02
         vertex 6.954800e+01 9.074825e+01 1.366303e+02
      endloop
   endfacet
   facet normal -0.000000e+00 1.000000e+00 0.000000e+00
      outer loop
         vertex 6.867602e+01 9.074825e+01 1.364086e+02
         vertex 6.954800e+01 9.074825e+01 1.366303e+02
         vertex 6.865414e+01 9.074825e+01 1.364027e+02
      endloop
   endfacet
   facet normal 0.000000e+00 1.000000e+00 0.000000e+00
      outer loop
         vertex 6.865414e+01 9.074825e+01 1.364027e+02
         vertex 6.954800e+01 9.074825e+01 1.366303e+02
         vertex 6.953198e+01 9.074825e+01 1.366143e+02
      endloop
   endfacet
   facet normal 0.000000e+00 1.000000e+00 0.000000e+00
      outer loop
         vertex 6.865414e+01 9.074825e+01 1.364027e+02
         vertex 6.953198e+01 9.074825e+01 1.366143e+02
         vertex 6.951898e+01 9.074825e+01 1.365957e+02
      endloop
   endfacet
   facet normal 0.000000e+00 1.000000e+00 0.000000e+00
      outer loop
         vertex 6.851898e+01 9.074825e+01 1.365957e+02
         vertex 6.850940e+01 9.074825e+01 1.365752e+02
         vertex 6.782156e+01 9.074825e+01 1.369860e+02
      endloop
   endfacet
   facet normal 0.000000e+00 1.000000e+00 0.000000e+00
      outer loop
         vertex 6.782156e+01 9.074825e+01 1.369860e+02
         vertex 6.850940e+01 9.074825e+01 1.365752e+02
         vertex 6.850354e+01 9.074825e+01 1.365533e+02
      endloop
   endfacet
   facet normal 0.000000e+00 1.000000e+00 0.000000e+00
      outer loop
         vertex 6.782156e+01 9.074825e+01 1.369860e+02
         vertex 6.850354e+01 9.074825e+01 1.365533e+02
         vertex 6.782156e+01 9.074825e+01 1.362860e+02
      endloop
   endfacet
   facet normal 0.000000e+00 1.000000e+00 0.000000e+00
      outer loop
         vertex 6.782156e+01 9.074825e+01 1.362860e+02
         vertex 6.850354e+01 9.074825e+01 1.365533e+02
         vertex 6.850156e+01 9.074825e+01 1.365307e+02
      endloop
   endfacet
   facet normal 0.000000e+00 1.000000e+00 0.000000e+00
      outer loop
         vertex 6.782156e+01 9.074825e+01 1.362860e+02
         vertex 6.850156e+01 9.074825e+01 1.365307e+02
         vertex 6.850354e+01 9.074825e+01 1.365081e+02
      endloop
   endfacet
   facet normal 0.000000e+00 1.000000e+00 0.000000e+00
      outer loop
         vertex 6.851898e+01 9.074825e+01 1.364657e+02
         vertex 6.853198e+01 9.074825e+01 1.364472e+02
         vertex 6.782156e+01 9.074825e+01 1.362860e+02
      endloop
   endfacet
   facet normal 0.000000e+00 1.000000e+00 0.000000e+00
      outer loop
         vertex 6.782156e+01 9.074825e+01 1.362860e+02
         vertex 6.853198e+01 9.074825e+01 1.364472e+02
         vertex 6.854800e+01 9.074825e+01 1.364311e+02
      endloop
   endfacet
   facet normal 0.000000e+00 1.000000e+00 0.000000e+00
      outer loop
         vertex 6.782156e+01 9.074825e+01 1.362860e+02
         vertex 6.854800e+01 9.074825e+01 1.364311e+02
         vertex 6.856656e+01 9.074825e+01 1.364181e+02
      endloop
   endfacet
   facet normal 0.000000e+00 1.000000e+00 0.000000e+00
      outer loop
         vertex 6.951898e+01 9.074825e+01 1.365957e+02
         vertex 6.950940e+01 9.074825e+01 1.365752e+02
         vertex 6.865414e+01 9.074825e+01 1.364027e+02
      endloop
   endfacet
   facet normal 0.000000e+00 1.000000e+00 0.000000e+00
      outer loop
         vertex 6.865414e+01 9.074825e+01 1.364027e+02
         vertex 6.950940e+01 9.074825e+01 1.365752e+02
         vertex 6.950354e+01 9.074825e+01 1.365533e+02
      endloop
   endfacet
   facet normal 0.000000e+00 1.000000e+00 0.000000e+00
      outer loop
         vertex 6.865414e+01 9.074825e+01 1.364027e+02
         vertex 6.950354e+01 9.074825e+01 1.365533e+02
         vertex 6.950156e+01 9.074825e+01 1.365307e+02
      endloop
   endfacet
   facet normal -0.000000e+00 1.000000e+00 0.000000e+00
      outer loop
         vertex 6.975372e+01 9.074825e+01 1.364863e+02
         vertex 6.975959e+01 9.074825e+01 1.365081e+02
         vertex 7.043156e+01 9.074825e+01 1.362860e+02
      endloop
   endfacet
   facet normal 0.000000e+00 1.000000e+00 0.000000e+00
      outer loop
         vertex 7.043156e+01 9.074825e+01 1.362860e+02
         vertex 6.975959e+01 9.074825e+01 1.365081e+02
         vertex 6.976156e+01 9.074825e+01 1.365307e+02
      endloop
   endfacet
   facet normal 0.000000e+00 1.000000e+00 -0.000000e+00
      outer loop
         vertex 7.043156e+01 9.074825e+01 1.362860e+02
         vertex 6.976156e+01 9.074825e+01 1.365307e+02
         vertex 7.043156e+01 9.074825e+01 1.369860e+02
      endloop
   endfacet
   facet normal 0.000000e+00 1.000000e+00 0.000000e+00
      outer loop
         vertex 7.043156e+01 9.074825e+01 1.369860e+02
         vertex 6.976156e+01 9.074825e+01 1.365307e+02
         vertex 6.975959e+01 9.074825e+01 1.365533e+02
      endloop
   endfacet
   facet normal 0.000000e+00 1.000000e+00 0.000000e+00
      outer loop
         vertex 7.043156e+01 9.074825e+01 1.369860e+02
         vertex 6.975959e+01 9.074825e+01 1.365533e+02
         vertex 6.975372e+01 9.074825e+01 1.365752e+02
      endloop
   endfacet
   facet normal 0.000000e+00 1.000000e+00 0.000000e+00
      outer loop
         vertex 6.860899e+01 9.074825e+01 1.364027e+02
         vertex 6.863156e+01 9.074825e+01 1.364007e+02
         vertex 6.782156e+01 9.074825e+01 1.362860e+02
      endloop
   endfacet
   facet normal 0.000000e+00 1.000000e+00 0.000000e+00
      outer loop
         vertex 6.782156e+01 9.074825e+01 1.362860e+02
         vertex 6.863156e+01 9.074825e+01 1.364007e+02
         vertex 6.865414e+01 9.074825e+01 1.364027e+02
      endloop
   endfacet
   facet normal 0.000000e+00 1.000000e+00 0.000000e+00
      outer loop
         vertex 6.782156e+01 9.074825e+01 1.362860e+02
         vertex 6.865414e+01 9.074825e+01 1.364027e+02
         vertex 6.950354e+01 9.074825e+01 1.365081e+02
      endloop
   endfacet
   facet normal 0.000000e+00 1.000000e+00 0.000000e+00
      outer loop
         vertex 6.950354e+01 9.074825e+01 1.365081e+02
         vertex 6.865414e+01 9.074825e+01 1.364027e+02
         vertex 6.950156e+01 9.074825e+01 1.365307e+02
      endloop
   endfacet
   facet normal 0.000000e+00 1.000000e+00 0.000000e+00
      outer loop
         vertex 6.958710e+01 9.074825e+01 1.317704e+02
         vertex 6.956656e+01 9.074825e+01 1.317608e+02
         vertex 6.783156e+01 9.074825e+01 1.319860e+02
      endloop
   endfacet
   facet normal 0.000000e+00 1.000000e+00 0.000000e+00
      outer loop
         vertex 6.969656e+01 9.074825e+01 1.315357e+02
         vertex 7.032044e+01 9.074825e+01 1.307459e+02
         vertex 6.967602e+01 9.074825e+01 1.315261e+02
      endloop
   endfacet
   facet normal 0.000000e+00 1.000000e+00 0.000000e+00
      outer loop
         vertex 6.967602e+01 9.074825e+01 1.315261e+02
         vertex 7.032044e+01 9.074825e+01 1.307459e+02
         vertex 6.973135e+01 9.074825e+01 1.306261e+02
      endloop
   endfacet
   facet normal 0.000000e+00 1.000000e+00 0.000000e+00
      outer loop
         vertex 6.967602e+01 9.074825e+01 1.315261e+02
         vertex 6.973135e+01 9.074825e+01 1.306261e+02
         vertex 6.965414e+01 9.074825e+01 1.315202e+02
      endloop
   endfacet
   facet normal 0.000000e+00 1.000000e+00 0.000000e+00
      outer loop
         vertex 6.965414e+01 9.074825e+01 1.315202e+02
         vertex 6.973135e+01 9.074825e+01 1.306261e+02
         vertex 6.963156e+01 9.074825e+01 1.315183e+02
      endloop
   endfacet
   facet normal 0.000000e+00 1.000000e+00 0.000000e+00
      outer loop
         vertex 7.043156e+01 9.074825e+01 1.319860e+02
         vertex 6.969656e+01 9.074825e+01 1.317608e+02
         vertex 6.967602e+01 9.074825e+01 1.317704e+02
      endloop
   endfacet
   facet normal 0.000000e+00 1.000000e+00 0.000000e+00
      outer loop
         vertex 6.860899e+01 9.074825e+01 1.317763e+02
         vertex 6.858710e+01 9.074825e+01 1.317704e+02
         vertex 6.783156e+01 9.074825e+01 1.319860e+02
      endloop
   endfacet
   facet normal 0.000000e+00 1.000000e+00 0.000000e+00
      outer loop
         vertex 6.783156e+01 9.074825e+01 1.319860e+02
         vertex 6.858710e+01 9.074825e+01 1.317704e+02
         vertex 6.856656e+01 9.074825e+01 1.317608e+02
      endloop
   endfacet
   facet normal 0.000000e+00 1.000000e+00 0.000000e+00
      outer loop
         vertex 6.783156e+01 9.074825e+01 1.319860e+02
         vertex 6.856656e+01 9.074825e+01 1.317608e+02
         vertex 6.854800e+01 9.074825e+01 1.317478e+02
      endloop
   endfacet
   facet normal 0.000000e+00 1.000000e+00 -0.000000e+00
      outer loop
         vertex 6.850156e+01 9.074825e+01 1.316483e+02
         vertex 6.783156e+01 9.074825e+01 1.313550e+02
         vertex 6.850354e+01 9.074825e+01 1.316708e+02
      endloop
   endfacet
   facet normal 0.000000e+00 1.000000e+00 0.000000e+00
      outer loop
         vertex 6.850354e+01 9.074825e+01 1.316708e+02
         vertex 6.783156e+01 9.074825e+01 1.313550e+02
         vertex 6.783156e+01 9.074825e+01 1.319860e+02
      endloop
   endfacet
   facet normal 0.000000e+00 1.000000e+00 -0.000000e+00
      outer loop
         vertex 6.850354e+01 9.074825e+01 1.316708e+02
         vertex 6.783156e+01 9.074825e+01 1.319860e+02
         vertex 6.850940e+01 9.074825e+01 1.316927e+02
      endloop
   endfacet
   facet normal 0.000000e+00 1.000000e+00 -0.000000e+00
      outer loop
         vertex 6.967602e+01 9.074825e+01 1.317704e+02
         vertex 6.965414e+01 9.074825e+01 1.317763e+02
         vertex 7.043156e+01 9.074825e+01 1.319860e+02
      endloop
   endfacet
   facet normal 0.000000e+00 1.000000e+00 0.000000e+00
      outer loop
         vertex 7.043156e+01 9.074825e+01 1.319860e+02
         vertex 6.965414e+01 9.074825e+01 1.317763e+02
         vertex 6.963156e+01 9.074825e+01 1.317783e+02
      endloop
   endfacet
   facet normal 0.000000e+00 1.000000e+00 0.000000e+00
      outer loop
         vertex 7.043156e+01 9.074825e+01 1.319860e+02
         vertex 6.963156e+01 9.074825e+01 1.317783e+02
         vertex 6.783156e+01 9.074825e+01 1.319860e+02
      endloop
   endfacet
   facet normal 0.000000e+00 1.000000e+00 0.000000e+00
      outer loop
         vertex 6.783156e+01 9.074825e+01 1.319860e+02
         vertex 6.963156e+01 9.074825e+01 1.317783e+02
         vertex 6.960899e+01 9.074825e+01 1.317763e+02
      endloop
   endfacet
   facet normal 0.000000e+00 1.000000e+00 0.000000e+00
      outer loop
         vertex 6.783156e+01 9.074825e+01 1.319860e+02
         vertex 6.960899e+01 9.074825e+01 1.317763e+02
         vertex 6.958710e+01 9.074825e+01 1.317704e+02
      endloop
   endfacet
   facet normal 0.000000e+00 1.000000e+00 0.000000e+00
      outer loop
         vertex 6.854800e+01 9.074825e+01 1.317478e+02
         vertex 6.853198e+01 9.074825e+01 1.317318e+02
         vertex 6.783156e+01 9.074825e+01 1.319860e+02
      endloop
   endfacet
   facet normal 0.000000e+00 1.000000e+00 0.000000e+00
      outer loop
         vertex 6.783156e+01 9.074825e+01 1.319860e+02
         vertex 6.853198e+01 9.074825e+01 1.317318e+02
         vertex 6.851898e+01 9.074825e+01 1.317133e+02
      endloop
   endfacet
   facet normal 0.000000e+00 1.000000e+00 0.000000e+00
      outer loop
         vertex 6.783156e+01 9.074825e+01 1.319860e+02
         vertex 6.851898e+01 9.074825e+01 1.317133e+02
         vertex 6.850940e+01 9.074825e+01 1.316927e+02
      endloop
   endfacet
   facet normal 0.000000e+00 1.000000e+00 0.000000e+00
      outer loop
         vertex 6.858710e+01 9.074825e+01 1.315261e+02
         vertex 6.860899e+01 9.074825e+01 1.315202e+02
         vertex 6.853177e+01 9.074825e+01 1.306261e+02
      endloop
   endfacet
   facet normal 0.000000e+00 1.000000e+00 0.000000e+00
      outer loop
         vertex 6.853177e+01 9.074825e+01 1.306261e+02
         vertex 6.860899e+01 9.074825e+01 1.315202e+02
         vertex 6.863156e+01 9.074825e+01 1.315183e+02
      endloop
   endfacet
   facet normal -0.000000e+00 1.000000e+00 0.000000e+00
      outer loop
         vertex 6.853177e+01 9.074825e+01 1.306261e+02
         vertex 6.863156e+01 9.074825e+01 1.315183e+02
         vertex 6.913156e+01 9.074825e+01 1.305860e+02
      endloop
   endfacet
   facet normal 0.000000e+00 1.000000e+00 0.000000e+00
      outer loop
         vertex 6.913156e+01 9.074825e+01 1.305860e+02
         vertex 6.863156e+01 9.074825e+01 1.315183e+02
         vertex 6.865414e+01 9.074825e+01 1.315202e+02
      endloop
   endfacet
   facet normal 0.000000e+00 1.000000e+00 0.000000e+00
      outer loop
         vertex 6.913156e+01 9.074825e+01 1.305860e+02
         vertex 6.865414e+01 9.074825e+01 1.315202e+02
         vertex 6.867602e+01 9.074825e+01 1.315261e+02
      endloop
   endfacet
   facet normal 0.000000e+00 1.000000e+00 -0.000000e+00
      outer loop
         vertex 6.871512e+01 9.074825e+01 1.317478e+02
         vertex 6.869656e+01 9.074825e+01 1.317608e+02
         vertex 6.956656e+01 9.074825e+01 1.317608e+02
      endloop
   endfacet
   facet normal 0.000000e+00 1.000000e+00 0.000000e+00
      outer loop
         vertex 7.043156e+01 9.074825e+01 1.313550e+02
         vertex 6.975959e+01 9.074825e+01 1.316257e+02
         vertex 6.976156e+01 9.074825e+01 1.316483e+02
      endloop
   endfacet
   facet normal -0.000000e+00 1.000000e+00 0.000000e+00
      outer loop
         vertex 6.867602e+01 9.074825e+01 1.315261e+02
         vertex 6.869656e+01 9.074825e+01 1.315357e+02
         vertex 6.913156e+01 9.074825e+01 1.305860e+02
      endloop
   endfacet
   facet normal 0.000000e+00 1.000000e+00 0.000000e+00
      outer loop
         vertex 6.913156e+01 9.074825e+01 1.305860e+02
         vertex 6.869656e+01 9.074825e+01 1.315357e+02
         vertex 6.871512e+01 9.074825e+01 1.315487e+02
      endloop
   endfacet
   facet normal 0.000000e+00 1.000000e+00 0.000000e+00
      outer loop
         vertex 6.913156e+01 9.074825e+01 1.305860e+02
         vertex 6.871512e+01 9.074825e+01 1.315487e+02
         vertex 6.873115e+01 9.074825e+01 1.315647e+02
      endloop
   endfacet
   facet normal 0.000000e+00 1.000000e+00 0.000000e+00
      outer loop
         vertex 6.963156e+01 9.074825e+01 1.315183e+02
         vertex 6.973135e+01 9.074825e+01 1.306261e+02
         vertex 6.960899e+01 9.074825e+01 1.315202e+02
      endloop
   endfacet
   facet normal 0.000000e+00 1.000000e+00 0.000000e+00
      outer loop
         vertex 6.960899e+01 9.074825e+01 1.315202e+02
         vertex 6.973135e+01 9.074825e+01 1.306261e+02
         vertex 6.913156e+01 9.074825e+01 1.305860e+02
      endloop
   endfacet
   facet normal 0.000000e+00 1.000000e+00 0.000000e+00
      outer loop
         vertex 6.960899e+01 9.074825e+01 1.315202e+02
         vertex 6.913156e+01 9.074825e+01 1.305860e+02
         vertex 6.958710e+01 9.074825e+01 1.315261e+02
      endloop
   endfacet
   facet normal -0.000000e+00 1.000000e+00 0.000000e+00
      outer loop
         vertex 7.093478e+01 9.074825e+01 1.309686e+02
         vertex 7.099741e+01 9.074825e+01 1.309910e+02
         vertex 7.088831e+01 9.074825e+01 1.309431e+02
      endloop
   endfacet
   facet normal 0.000000e+00 1.000000e+00 -0.000000e+00
      outer loop
         vertex 6.975372e+01 9.074825e+01 1.316927e+02
         vertex 6.974414e+01 9.074825e+01 1.317133e+02
         vertex 7.043156e+01 9.074825e+01 1.319860e+02
      endloop
   endfacet
   facet normal 0.000000e+00 1.000000e+00 0.000000e+00
      outer loop
         vertex 7.061516e+01 9.074825e+01 1.310186e+02
         vertex 7.067392e+01 9.074825e+01 1.309874e+02
         vertex 7.032044e+01 9.074825e+01 1.307459e+02
      endloop
   endfacet
   facet normal 0.000000e+00 1.000000e+00 -0.000000e+00
      outer loop
         vertex 7.043156e+01 9.074825e+01 1.313550e+02
         vertex 6.976156e+01 9.074825e+01 1.316483e+02
         vertex 7.043156e+01 9.074825e+01 1.319860e+02
      endloop
   endfacet
   facet normal 0.000000e+00 1.000000e+00 0.000000e+00
      outer loop
         vertex 7.043156e+01 9.074825e+01 1.319860e+02
         vertex 6.976156e+01 9.074825e+01 1.316483e+02
         vertex 6.975959e+01 9.074825e+01 1.316708e+02
      endloop
   endfacet
   facet normal 0.000000e+00 1.000000e+00 0.000000e+00
      outer loop
         vertex 7.043156e+01 9.074825e+01 1.319860e+02
         vertex 6.975959e+01 9.074825e+01 1.316708e+02
         vertex 6.975372e+01 9.074825e+01 1.316927e+02
      endloop
   endfacet
   facet normal 0.000000e+00 1.000000e+00 -0.000000e+00
      outer loop
         vertex 6.974414e+01 9.074825e+01 1.317133e+02
         vertex 6.973115e+01 9.074825e+01 1.317318e+02
         vertex 7.043156e+01 9.074825e+01 1.319860e+02
      endloop
   endfacet
   facet normal 0.000000e+00 1.000000e+00 0.000000e+00
      outer loop
         vertex 7.043156e+01 9.074825e+01 1.319860e+02
         vertex 6.973115e+01 9.074825e+01 1.317318e+02
         vertex 6.971512e+01 9.074825e+01 1.317478e+02
      endloop
   endfacet
   facet normal 0.000000e+00 1.000000e+00 0.000000e+00
      outer loop
         vertex 7.043156e+01 9.074825e+01 1.319860e+02
         vertex 6.971512e+01 9.074825e+01 1.317478e+02
         vertex 6.969656e+01 9.074825e+01 1.317608e+02
      endloop
   endfacet
   facet normal 0.000000e+00 1.000000e+00 0.000000e+00
      outer loop
         vertex 6.850156e+01 9.074825e+01 1.316483e+02
         vertex 6.850354e+01 9.074825e+01 1.316257e+02
         vertex 6.783156e+01 9.074825e+01 1.313550e+02
      endloop
   endfacet
   facet normal 0.000000e+00 1.000000e+00 0.000000e+00
      outer loop
         vertex 6.783156e+01 9.074825e+01 1.313550e+02
         vertex 6.850354e+01 9.074825e+01 1.316257e+02
         vertex 6.850940e+01 9.074825e+01 1.316038e+02
      endloop
   endfacet
   facet normal -0.000000e+00 1.000000e+00 0.000000e+00
      outer loop
         vertex 6.783156e+01 9.074825e+01 1.313550e+02
         vertex 6.850940e+01 9.074825e+01 1.316038e+02
         vertex 6.782603e+01 9.074825e+01 1.312887e+02
      endloop
   endfacet
   facet normal 0.000000e+00 1.000000e+00 0.000000e+00
      outer loop
         vertex 6.782603e+01 9.074825e+01 1.312887e+02
         vertex 6.850940e+01 9.074825e+01 1.316038e+02
         vertex 6.851898e+01 9.074825e+01 1.315833e+02
      endloop
   endfacet
   facet normal -0.000000e+00 1.000000e+00 0.000000e+00
      outer loop
         vertex 6.782603e+01 9.074825e+01 1.312887e+02
         vertex 6.851898e+01 9.074825e+01 1.315833e+02
         vertex 6.780958e+01 9.074825e+01 1.312243e+02
      endloop
   endfacet
   facet normal 0.000000e+00 1.000000e+00 0.000000e+00
      outer loop
         vertex 6.853198e+01 9.074825e+01 1.315647e+02
         vertex 6.774605e+01 9.074825e+01 1.311079e+02
         vertex 6.851898e+01 9.074825e+01 1.315833e+02
      endloop
   endfacet
   facet normal 0.000000e+00 1.000000e+00 0.000000e+00
      outer loop
         vertex 6.851898e+01 9.074825e+01 1.315833e+02
         vertex 6.774605e+01 9.074825e+01 1.311079e+02
         vertex 6.778267e+01 9.074825e+01 1.311634e+02
      endloop
   endfacet
   facet normal 0.000000e+00 1.000000e+00 0.000000e+00
      outer loop
         vertex 6.851898e+01 9.074825e+01 1.315833e+02
         vertex 6.778267e+01 9.074825e+01 1.311634e+02
         vertex 6.780958e+01 9.074825e+01 1.312243e+02
      endloop
   endfacet
   facet normal 0.000000e+00 1.000000e+00 0.000000e+00
      outer loop
         vertex 6.746035e+01 9.074825e+01 1.309561e+02
         vertex 6.794268e+01 9.074825e+01 1.307459e+02
         vertex 6.739382e+01 9.074825e+01 1.309568e+02
      endloop
   endfacet
   facet normal 0.000000e+00 1.000000e+00 0.000000e+00
      outer loop
         vertex 6.739382e+01 9.074825e+01 1.309568e+02
         vertex 6.794268e+01 9.074825e+01 1.307459e+02
         vertex 6.737481e+01 9.074825e+01 1.309431e+02
      endloop
   endfacet
   facet normal 0.000000e+00 1.000000e+00 0.000000e+00
      outer loop
         vertex 6.739382e+01 9.074825e+01 1.309568e+02
         vertex 6.737481e+01 9.074825e+01 1.309431e+02
         vertex 6.732834e+01 9.074825e+01 1.309686e+02
      endloop
   endfacet
   facet normal 0.000000e+00 1.000000e+00 0.000000e+00
      outer loop
         vertex 6.732834e+01 9.074825e+01 1.309686e+02
         vertex 6.737481e+01 9.074825e+01 1.309431e+02
         vertex 6.726571e+01 9.074825e+01 1.309910e+02
      endloop
   endfacet
   facet normal -0.000000e+00 1.000000e+00 0.000000e+00
      outer loop
         vertex 6.746035e+01 9.074825e+01 1.309561e+02
         vertex 6.752609e+01 9.074825e+01 1.309664e+02
         vertex 6.794268e+01 9.074825e+01 1.307459e+02
      endloop
   endfacet
   facet normal 0.000000e+00 1.000000e+00 0.000000e+00
      outer loop
         vertex 6.794268e+01 9.074825e+01 1.307459e+02
         vertex 6.752609e+01 9.074825e+01 1.309664e+02
         vertex 6.758920e+01 9.074825e+01 1.309874e+02
      endloop
   endfacet
   facet normal 0.000000e+00 1.000000e+00 0.000000e+00
      outer loop
         vertex 6.794268e+01 9.074825e+01 1.307459e+02
         vertex 6.758920e+01 9.074825e+01 1.309874e+02
         vertex 6.764796e+01 9.074825e+01 1.310186e+02
      endloop
   endfacet
   facet normal 0.000000e+00 1.000000e+00 -0.000000e+00
      outer loop
         vertex 6.869656e+01 9.074825e+01 1.317608e+02
         vertex 6.867602e+01 9.074825e+01 1.317704e+02
         vertex 6.956656e+01 9.074825e+01 1.317608e+02
      endloop
   endfacet
   facet normal 0.000000e+00 1.000000e+00 0.000000e+00
      outer loop
         vertex 6.956656e+01 9.074825e+01 1.317608e+02
         vertex 6.867602e+01 9.074825e+01 1.317704e+02
         vertex 6.865414e+01 9.074825e+01 1.317763e+02
      endloop
   endfacet
   facet normal 0.000000e+00 1.000000e+00 0.000000e+00
      outer loop
         vertex 6.956656e+01 9.074825e+01 1.317608e+02
         vertex 6.865414e+01 9.074825e+01 1.317763e+02
         vertex 6.783156e+01 9.074825e+01 1.319860e+02
      endloop
   endfacet
   facet normal 0.000000e+00 1.000000e+00 0.000000e+00
      outer loop
         vertex 6.783156e+01 9.074825e+01 1.319860e+02
         vertex 6.865414e+01 9.074825e+01 1.317763e+02
         vertex 6.863156e+01 9.074825e+01 1.317783e+02
      endloop
   endfacet
   facet normal 0.000000e+00 1.000000e+00 0.000000e+00
      outer loop
         vertex 6.783156e+01 9.074825e+01 1.319860e+02
         vertex 6.863156e+01 9.074825e+01 1.317783e+02
         vertex 6.860899e+01 9.074825e+01 1.317763e+02
      endloop
   endfacet
   facet normal 0.000000e+00 1.000000e+00 0.000000e+00
      outer loop
         vertex 7.043709e+01 9.074825e+01 1.312887e+02
         vertex 6.974414e+01 9.074825e+01 1.315833e+02
         vertex 7.043156e+01 9.074825e+01 1.313550e+02
      endloop
   endfacet
   facet normal 0.000000e+00 1.000000e+00 0.000000e+00
      outer loop
         vertex 7.043156e+01 9.074825e+01 1.313550e+02
         vertex 6.974414e+01 9.074825e+01 1.315833e+02
         vertex 6.975372e+01 9.074825e+01 1.316038e+02
      endloop
   endfacet
   facet normal 0.000000e+00 1.000000e+00 0.000000e+00
      outer loop
         vertex 7.043156e+01 9.074825e+01 1.313550e+02
         vertex 6.975372e+01 9.074825e+01 1.316038e+02
         vertex 6.975959e+01 9.074825e+01 1.316257e+02
      endloop
   endfacet
   facet normal 0.000000e+00 1.000000e+00 0.000000e+00
      outer loop
         vertex 6.858710e+01 9.074825e+01 1.315261e+02
         vertex 6.853177e+01 9.074825e+01 1.306261e+02
         vertex 6.856656e+01 9.074825e+01 1.315357e+02
      endloop
   endfacet
   facet normal 0.000000e+00 1.000000e+00 0.000000e+00
      outer loop
         vertex 6.856656e+01 9.074825e+01 1.315357e+02
         vertex 6.853177e+01 9.074825e+01 1.306261e+02
         vertex 6.794268e+01 9.074825e+01 1.307459e+02
      endloop
   endfacet
   facet normal 0.000000e+00 1.000000e+00 0.000000e+00
      outer loop
         vertex 6.856656e+01 9.074825e+01 1.315357e+02
         vertex 6.794268e+01 9.074825e+01 1.307459e+02
         vertex 6.854800e+01 9.074825e+01 1.315487e+02
      endloop
   endfacet
   facet normal 0.000000e+00 1.000000e+00 0.000000e+00
      outer loop
         vertex 6.854800e+01 9.074825e+01 1.315487e+02
         vertex 6.794268e+01 9.074825e+01 1.307459e+02
         vertex 6.764796e+01 9.074825e+01 1.310186e+02
      endloop
   endfacet
   facet normal 0.000000e+00 1.000000e+00 0.000000e+00
      outer loop
         vertex 6.854800e+01 9.074825e+01 1.315487e+02
         vertex 6.764796e+01 9.074825e+01 1.310186e+02
         vertex 6.853198e+01 9.074825e+01 1.315647e+02
      endloop
   endfacet
   facet normal 0.000000e+00 1.000000e+00 0.000000e+00
      outer loop
         vertex 6.853198e+01 9.074825e+01 1.315647e+02
         vertex 6.764796e+01 9.074825e+01 1.310186e+02
         vertex 6.770073e+01 9.074825e+01 1.310591e+02
      endloop
   endfacet
   facet normal 0.000000e+00 1.000000e+00 0.000000e+00
      outer loop
         vertex 6.853198e+01 9.074825e+01 1.315647e+02
         vertex 6.770073e+01 9.074825e+01 1.310591e+02
         vertex 6.774605e+01 9.074825e+01 1.311079e+02
      endloop
   endfacet
   facet normal 0.000000e+00 1.000000e+00 0.000000e+00
      outer loop
         vertex 6.953198e+01 9.074825e+01 1.317318e+02
         vertex 6.951898e+01 9.074825e+01 1.317133e+02
         vertex 6.875959e+01 9.074825e+01 1.316708e+02
      endloop
   endfacet
   facet normal 0.000000e+00 1.000000e+00 -0.000000e+00
      outer loop
         vertex 6.875372e+01 9.074825e+01 1.316927e+02
         vertex 6.874414e+01 9.074825e+01 1.317133e+02
         vertex 6.956656e+01 9.074825e+01 1.317608e+02
      endloop
   endfacet
   facet normal 0.000000e+00 1.000000e+00 0.000000e+00
      outer loop
         vertex 6.956656e+01 9.074825e+01 1.317608e+02
         vertex 6.874414e+01 9.074825e+01 1.317133e+02
         vertex 6.873115e+01 9.074825e+01 1.317318e+02
      endloop
   endfacet
   facet normal 0.000000e+00 1.000000e+00 0.000000e+00
      outer loop
         vertex 6.956656e+01 9.074825e+01 1.317608e+02
         vertex 6.873115e+01 9.074825e+01 1.317318e+02
         vertex 6.871512e+01 9.074825e+01 1.317478e+02
      endloop
   endfacet
   facet normal 0.000000e+00 1.000000e+00 0.000000e+00
      outer loop
         vertex 6.950940e+01 9.074825e+01 1.316038e+02
         vertex 6.875372e+01 9.074825e+01 1.316038e+02
         vertex 6.875959e+01 9.074825e+01 1.316257e+02
      endloop
   endfacet
   facet normal 0.000000e+00 1.000000e+00 0.000000e+00
      outer loop
         vertex 6.953198e+01 9.074825e+01 1.315647e+02
         vertex 6.954800e+01 9.074825e+01 1.315487e+02
         vertex 6.913156e+01 9.074825e+01 1.305860e+02
      endloop
   endfacet
   facet normal 0.000000e+00 1.000000e+00 0.000000e+00
      outer loop
         vertex 6.913156e+01 9.074825e+01 1.305860e+02
         vertex 6.954800e+01 9.074825e+01 1.315487e+02
         vertex 6.956656e+01 9.074825e+01 1.315357e+02
      endloop
   endfacet
   facet normal 0.000000e+00 1.000000e+00 0.000000e+00
      outer loop
         vertex 6.913156e+01 9.074825e+01 1.305860e+02
         vertex 6.956656e+01 9.074825e+01 1.315357e+02
         vertex 6.958710e+01 9.074825e+01 1.315261e+02
      endloop
   endfacet
   facet normal 0.000000e+00 1.000000e+00 0.000000e+00
      outer loop
         vertex 7.056239e+01 9.074825e+01 1.310591e+02
         vertex 7.061516e+01 9.074825e+01 1.310186e+02
         vertex 6.973115e+01 9.074825e+01 1.315647e+02
      endloop
   endfacet
   facet normal 0.000000e+00 1.000000e+00 0.000000e+00
      outer loop
         vertex 6.973115e+01 9.074825e+01 1.315647e+02
         vertex 7.061516e+01 9.074825e+01 1.310186e+02
         vertex 7.032044e+01 9.074825e+01 1.307459e+02
      endloop
   endfacet
   facet normal 0.000000e+00 1.000000e+00 0.000000e+00
      outer loop
         vertex 6.973115e+01 9.074825e+01 1.315647e+02
         vertex 7.032044e+01 9.074825e+01 1.307459e+02
         vertex 6.971512e+01 9.074825e+01 1.315487e+02
      endloop
   endfacet
   facet normal 0.000000e+00 1.000000e+00 0.000000e+00
      outer loop
         vertex 6.971512e+01 9.074825e+01 1.315487e+02
         vertex 7.032044e+01 9.074825e+01 1.307459e+02
         vertex 6.969656e+01 9.074825e+01 1.315357e+02
      endloop
   endfacet
   facet normal 0.000000e+00 1.000000e+00 0.000000e+00
      outer loop
         vertex 7.043709e+01 9.074825e+01 1.312887e+02
         vertex 7.045354e+01 9.074825e+01 1.312243e+02
         vertex 6.974414e+01 9.074825e+01 1.315833e+02
      endloop
   endfacet
   facet normal 0.000000e+00 1.000000e+00 0.000000e+00
      outer loop
         vertex 6.974414e+01 9.074825e+01 1.315833e+02
         vertex 7.045354e+01 9.074825e+01 1.312243e+02
         vertex 7.048045e+01 9.074825e+01 1.311634e+02
      endloop
   endfacet
   facet normal 0.000000e+00 1.000000e+00 0.000000e+00
      outer loop
         vertex 6.974414e+01 9.074825e+01 1.315833e+02
         vertex 7.048045e+01 9.074825e+01 1.311634e+02
         vertex 6.973115e+01 9.074825e+01 1.315647e+02
      endloop
   endfacet
   facet normal 0.000000e+00 1.000000e+00 0.000000e+00
      outer loop
         vertex 6.973115e+01 9.074825e+01 1.315647e+02
         vertex 7.048045e+01 9.074825e+01 1.311634e+02
         vertex 7.051707e+01 9.074825e+01 1.311079e+02
      endloop
   endfacet
   facet normal 0.000000e+00 1.000000e+00 0.000000e+00
      outer loop
         vertex 6.973115e+01 9.074825e+01 1.315647e+02
         vertex 7.051707e+01 9.074825e+01 1.311079e+02
         vertex 7.056239e+01 9.074825e+01 1.310591e+02
      endloop
   endfacet
   facet normal 0.000000e+00 1.000000e+00 0.000000e+00
      outer loop
         vertex 6.953198e+01 9.074825e+01 1.315647e+02
         vertex 6.913156e+01 9.074825e+01 1.305860e+02
         vertex 6.951898e+01 9.074825e+01 1.315833e+02
      endloop
   endfacet
   facet normal 0.000000e+00 1.000000e+00 0.000000e+00
      outer loop
         vertex 6.951898e+01 9.074825e+01 1.315833e+02
         vertex 6.913156e+01 9.074825e+01 1.305860e+02
         vertex 6.873115e+01 9.074825e+01 1.315647e+02
      endloop
   endfacet
   facet normal 0.000000e+00 1.000000e+00 0.000000e+00
      outer loop
         vertex 6.951898e+01 9.074825e+01 1.315833e+02
         vertex 6.873115e+01 9.074825e+01 1.315647e+02
         vertex 6.950940e+01 9.074825e+01 1.316038e+02
      endloop
   endfacet
   facet normal 0.000000e+00 1.000000e+00 0.000000e+00
      outer loop
         vertex 6.950940e+01 9.074825e+01 1.316038e+02
         vertex 6.873115e+01 9.074825e+01 1.315647e+02
         vertex 6.874414e+01 9.074825e+01 1.315833e+02
      endloop
   endfacet
   facet normal 0.000000e+00 1.000000e+00 0.000000e+00
      outer loop
         vertex 6.950940e+01 9.074825e+01 1.316038e+02
         vertex 6.874414e+01 9.074825e+01 1.315833e+02
         vertex 6.875372e+01 9.074825e+01 1.316038e+02
      endloop
   endfacet
   facet normal -0.000000e+00 1.000000e+00 0.000000e+00
      outer loop
         vertex 6.875372e+01 9.074825e+01 1.316927e+02
         vertex 6.956656e+01 9.074825e+01 1.317608e+02
         vertex 6.875959e+01 9.074825e+01 1.316708e+02
      endloop
   endfacet
   facet normal 0.000000e+00 1.000000e+00 0.000000e+00
      outer loop
         vertex 6.875959e+01 9.074825e+01 1.316708e+02
         vertex 6.956656e+01 9.074825e+01 1.317608e+02
         vertex 6.954800e+01 9.074825e+01 1.317478e+02
      endloop
   endfacet
   facet normal 0.000000e+00 1.000000e+00 0.000000e+00
      outer loop
         vertex 6.875959e+01 9.074825e+01 1.316708e+02
         vertex 6.954800e+01 9.074825e+01 1.317478e+02
         vertex 6.953198e+01 9.074825e+01 1.317318e+02
      endloop
   endfacet
   facet normal 0.000000e+00 1.000000e+00 0.000000e+00
      outer loop
         vertex 6.951898e+01 9.074825e+01 1.317133e+02
         vertex 6.950940e+01 9.074825e+01 1.316927e+02
         vertex 6.875959e+01 9.074825e+01 1.316708e+02
      endloop
   endfacet
   facet normal 0.000000e+00 1.000000e+00 0.000000e+00
      outer loop
         vertex 6.875959e+01 9.074825e+01 1.316708e+02
         vertex 6.950940e+01 9.074825e+01 1.316927e+02
         vertex 6.950354e+01 9.074825e+01 1.316708e+02
      endloop
   endfacet
   facet normal -0.000000e+00 1.000000e+00 0.000000e+00
      outer loop
         vertex 6.875959e+01 9.074825e+01 1.316708e+02
         vertex 6.950354e+01 9.074825e+01 1.316708e+02
         vertex 6.876156e+01 9.074825e+01 1.316483e+02
      endloop
   endfacet
   facet normal 0.000000e+00 1.000000e+00 0.000000e+00
      outer loop
         vertex 6.876156e+01 9.074825e+01 1.316483e+02
         vertex 6.950354e+01 9.074825e+01 1.316708e+02
         vertex 6.950156e+01 9.074825e+01 1.316483e+02
      endloop
   endfacet
   facet normal -0.000000e+00 1.000000e+00 0.000000e+00
      outer loop
         vertex 6.876156e+01 9.074825e+01 1.316483e+02
         vertex 6.950156e+01 9.074825e+01 1.316483e+02
         vertex 6.875959e+01 9.074825e+01 1.316257e+02
      endloop
   endfacet
   facet normal 0.000000e+00 1.000000e+00 0.000000e+00
      outer loop
         vertex 6.875959e+01 9.074825e+01 1.316257e+02
         vertex 6.950156e+01 9.074825e+01 1.316483e+02
         vertex 6.950354e+01 9.074825e+01 1.316257e+02
      endloop
   endfacet
   facet normal -0.000000e+00 1.000000e+00 0.000000e+00
      outer loop
         vertex 6.875959e+01 9.074825e+01 1.316257e+02
         vertex 6.950354e+01 9.074825e+01 1.316257e+02
         vertex 6.950940e+01 9.074825e+01 1.316038e+02
      endloop
   endfacet
   facet normal 0.000000e+00 1.000000e+00 0.000000e+00
      outer loop
         vertex 7.067392e+01 9.074825e+01 1.309874e+02
         vertex 7.073703e+01 9.074825e+01 1.309664e+02
         vertex 7.032044e+01 9.074825e+01 1.307459e+02
      endloop
   endfacet
   facet normal 0.000000e+00 1.000000e+00 0.000000e+00
      outer loop
         vertex 7.032044e+01 9.074825e+01 1.307459e+02
         vertex 7.073703e+01 9.074825e+01 1.309664e+02
         vertex 7.080277e+01 9.074825e+01 1.309561e+02
      endloop
   endfacet
   facet normal 0.000000e+00 1.000000e+00 0.000000e+00
      outer loop
         vertex 7.032044e+01 9.074825e+01 1.307459e+02
         vertex 7.080277e+01 9.074825e+01 1.309561e+02
         vertex 7.088831e+01 9.074825e+01 1.309431e+02
      endloop
   endfacet
   facet normal 0.000000e+00 1.000000e+00 0.000000e+00
      outer loop
         vertex 7.088831e+01 9.074825e+01 1.309431e+02
         vertex 7.080277e+01 9.074825e+01 1.309561e+02
         vertex 7.086930e+01 9.074825e+01 1.309568e+02
      endloop
   endfacet
   facet normal 0.000000e+00 1.000000e+00 -0.000000e+00
      outer loop
         vertex 7.088831e+01 9.074825e+01 1.309431e+02
         vertex 7.086930e+01 9.074825e+01 1.309568e+02
         vertex 7.093478e+01 9.074825e+01 1.309686e+02
      endloop
   endfacet
   facet normal -4.627899e-01 0.000000e+00 8.864680e-01
      outer loop
         vertex 7.099741e+01 9.074825e+01 1.309910e+02
         vertex 7.099741e+01 8.694825e+01 1.309910e+02
         vertex 7.142484e+01 8.694825e+01 1.312142e+02
      endloop
   endfacet
   facet normal -5.834405e-01 -0.000000e+00 -8.121559e-01
      outer loop
         vertex 7.183456e+01 8.734825e+01 1.386837e+02
         vertex 7.183456e+01 8.694825e+01 1.386837e+02
         vertex 7.167832e+01 8.694825e+01 1.387960e+02
      endloop
   endfacet
   facet normal 7.558127e-01 0.000000e+00 -6.547879e-01
      outer loop
         vertex 6.576617e+01 8.734825e+01 1.380733e+02
         vertex 6.576617e+01 8.694825e+01 1.380733e+02
         vertex 6.569513e+01 8.694825e+01 1.379913e+02
      endloop
   endfacet
   facet normal 6.201217e-02 4.587729e-07 -9.980754e-01
      outer loop
         vertex 6.887445e+01 8.845467e+01 1.395786e+02
         vertex 6.883054e+01 8.841167e+01 1.395759e+02
         vertex 6.883099e+01 9.254825e+01 1.395759e+02
      endloop
   endfacet
   facet normal 1.332868e-01 -7.329097e-06 -9.910775e-01
      outer loop
         vertex 6.883099e+01 9.254825e+01 1.395759e+02
         vertex 6.883054e+01 8.841167e+01 1.395759e+02
         vertex 6.823522e+01 9.254825e+01 1.394958e+02
      endloop
   endfacet
   facet normal 7.703822e-02 -8.216967e-03 -9.969943e-01
      outer loop
         vertex 6.823522e+01 9.254825e+01 1.394958e+02
         vertex 6.883054e+01 8.841167e+01 1.395759e+02
         vertex 6.882514e+01 8.840537e+01 1.395755e+02
      endloop
   endfacet
   facet normal 8.299032e-02 -7.360363e-03 -9.965232e-01
      outer loop
         vertex 6.823522e+01 9.254825e+01 1.394958e+02
         vertex 6.882514e+01 8.840537e+01 1.395755e+02
         vertex 6.878515e+01 8.834825e+01 1.395726e+02
      endloop
   endfacet
   facet normal 9.083248e-02 -6.321165e-03 -9.958461e-01
      outer loop
         vertex 6.878515e+01 8.834825e+01 1.395726e+02
         vertex 6.876901e+01 8.831724e+01 1.395714e+02
         vertex 6.823522e+01 9.254825e+01 1.394958e+02
      endloop
   endfacet
   facet normal 9.571769e-02 -5.696745e-03 -9.953922e-01
      outer loop
         vertex 6.823522e+01 9.254825e+01 1.394958e+02
         vertex 6.876901e+01 8.831724e+01 1.395714e+02
         vertex 6.875568e+01 8.828506e+01 1.395703e+02
      endloop
   endfacet
   facet normal 1.006543e-01 -5.085625e-03 -9.949085e-01
      outer loop
         vertex 6.823522e+01 9.254825e+01 1.394958e+02
         vertex 6.875568e+01 8.828506e+01 1.395703e+02
         vertex 6.874523e+01 8.825192e+01 1.395694e+02
      endloop
   endfacet
   facet normal 1.708155e-01 -1.102702e-02 -9.852413e-01
      outer loop
         vertex 6.873764e+01 8.821771e+01 1.395687e+02
         vertex 6.873309e+01 8.818315e+01 1.395683e+02
         vertex 6.823522e+01 8.694825e+01 1.394958e+02
      endloop
   endfacet
   facet normal 1.507352e-01 -2.736012e-03 -9.885704e-01
      outer loop
         vertex 6.823522e+01 8.694825e+01 1.394958e+02
         vertex 6.873309e+01 8.818315e+01 1.395683e+02
         vertex 6.873156e+01 8.814825e+01 1.395682e+02
      endloop
   endfacet
   facet normal 1.390010e-01 2.221125e-03 -9.902898e-01
      outer loop
         vertex 6.823522e+01 8.694825e+01 1.394958e+02
         vertex 6.873156e+01 8.814825e+01 1.395682e+02
         vertex 6.873309e+01 8.811327e+01 1.395683e+02
      endloop
   endfacet
   facet normal 1.309806e-01 5.715774e-03 -9.913685e-01
      outer loop
         vertex 6.873309e+01 8.811327e+01 1.395683e+02
         vertex 6.873764e+01 8.807879e+01 1.395687e+02
         vertex 6.823522e+01 8.694825e+01 1.394958e+02
      endloop
   endfacet
   facet normal 1.247874e-01 8.518222e-03 -9.921469e-01
      outer loop
         vertex 6.823522e+01 8.694825e+01 1.394958e+02
         vertex 6.873764e+01 8.807879e+01 1.395687e+02
         vertex 6.874516e+01 8.804486e+01 1.395694e+02
      endloop
   endfacet
   facet normal 1.194381e-01 1.104820e-02 -9.927802e-01
      outer loop
         vertex 6.823522e+01 8.694825e+01 1.394958e+02
         vertex 6.874516e+01 8.804486e+01 1.395694e+02
         vertex 6.875568e+01 8.801145e+01 1.395703e+02
      endloop
   endfacet
   facet normal 7.258582e-02 3.232950e-05 -9.973622e-01
      outer loop
         vertex 6.882514e+01 8.789114e+01 1.395755e+02
         vertex 6.883099e+01 8.694825e+01 1.395759e+02
         vertex 6.878515e+01 8.794825e+01 1.395726e+02
      endloop
   endfacet
   facet normal 1.332862e-01 2.835814e-03 -9.910735e-01
      outer loop
         vertex 6.878515e+01 8.794825e+01 1.395726e+02
         vertex 6.883099e+01 8.694825e+01 1.395759e+02
         vertex 6.823522e+01 8.694825e+01 1.394958e+02
      endloop
   endfacet
   facet normal 1.095026e-01 1.612880e-02 -9.938556e-01
      outer loop
         vertex 6.878515e+01 8.794825e+01 1.395726e+02
         vertex 6.823522e+01 8.694825e+01 1.394958e+02
         vertex 6.876908e+01 8.797911e+01 1.395714e+02
      endloop
   endfacet
   facet normal 1.144377e-01 1.353508e-02 -9.933382e-01
      outer loop
         vertex 6.876908e+01 8.797911e+01 1.395714e+02
         vertex 6.823522e+01 8.694825e+01 1.394958e+02
         vertex 6.875568e+01 8.801145e+01 1.395703e+02
      endloop
   endfacet
   facet normal -5.087233e-02 -1.182014e-04 -9.987052e-01
      outer loop
         vertex 6.943213e+01 9.254825e+01 1.395759e+02
         vertex 6.938868e+01 8.845467e+01 1.395786e+02
         vertex 6.933156e+01 8.849466e+01 1.395815e+02
      endloop
   endfacet
   facet normal -4.120795e-02 -3.585838e-04 -9.991505e-01
      outer loop
         vertex 6.933156e+01 8.849466e+01 1.395815e+02
         vertex 6.930070e+01 8.851073e+01 1.395828e+02
         vertex 6.943213e+01 9.254825e+01 1.395759e+02
      endloop
   endfacet
   facet normal -3.423533e-02 -5.859988e-04 -9.994136e-01
      outer loop
         vertex 6.943213e+01 9.254825e+01 1.395759e+02
         vertex 6.930070e+01 8.851073e+01 1.395828e+02
         vertex 6.926837e+01 8.852413e+01 1.395839e+02
      endloop
   endfacet
   facet normal -2.696965e-02 -8.821105e-04 -9.996359e-01
      outer loop
         vertex 6.943213e+01 9.254825e+01 1.395759e+02
         vertex 6.926837e+01 8.852413e+01 1.395839e+02
         vertex 6.923495e+01 8.853466e+01 1.395848e+02
      endloop
   endfacet
   facet normal 2.696366e-02 -8.823545e-04 -9.996360e-01
      outer loop
         vertex 6.902816e+01 8.853466e+01 1.395848e+02
         vertex 6.899475e+01 8.852413e+01 1.395839e+02
         vertex 6.883099e+01 9.254825e+01 1.395759e+02
      endloop
   endfacet
   facet normal 1.948098e-02 -1.250322e-03 -9.998094e-01
      outer loop
         vertex 6.902816e+01 8.853466e+01 1.395848e+02
         vertex 6.883099e+01 9.254825e+01 1.395759e+02
         vertex 6.906210e+01 8.854218e+01 1.395854e+02
      endloop
   endfacet
   facet normal -1.947368e-02 -1.250743e-03 -9.998096e-01
      outer loop
         vertex 6.923495e+01 8.853466e+01 1.395848e+02
         vertex 6.920102e+01 8.854218e+01 1.395854e+02
         vertex 6.943213e+01 9.254825e+01 1.395759e+02
      endloop
   endfacet
   facet normal -1.183724e-02 -1.691567e-03 -9.999285e-01
      outer loop
         vertex 6.943213e+01 9.254825e+01 1.395759e+02
         vertex 6.920102e+01 8.854218e+01 1.395854e+02
         vertex 6.916654e+01 8.854672e+01 1.395858e+02
      endloop
   endfacet
   facet normal -3.341596e-02 -2.581578e-04 -9.994415e-01
      outer loop
         vertex 6.943213e+01 9.254825e+01 1.395759e+02
         vertex 6.916654e+01 8.854672e+01 1.395858e+02
         vertex 6.913156e+01 9.254825e+01 1.395860e+02
      endloop
   endfacet
   facet normal -3.887025e-03 -0.000000e+00 -9.999924e-01
      outer loop
         vertex 6.913156e+01 9.254825e+01 1.395860e+02
         vertex 6.916654e+01 8.854672e+01 1.395858e+02
         vertex 6.913156e+01 8.854825e+01 1.395860e+02
      endloop
   endfacet
   facet normal 3.341596e-02 0.000000e+00 -9.994415e-01
      outer loop
         vertex 6.913156e+01 9.254825e+01 1.395860e+02
         vertex 6.913156e+01 8.854825e+01 1.395860e+02
         vertex 6.883099e+01 9.254825e+01 1.395759e+02
      endloop
   endfacet
   facet normal 3.993244e-03 -2.212250e-03 -9.999896e-01
      outer loop
         vertex 6.883099e+01 9.254825e+01 1.395759e+02
         vertex 6.913156e+01 8.854825e+01 1.395860e+02
         vertex 6.909657e+01 8.854672e+01 1.395858e+02
      endloop
   endfacet
   facet normal 1.183068e-02 -1.691945e-03 -9.999286e-01
      outer loop
         vertex 6.883099e+01 9.254825e+01 1.395759e+02
         vertex 6.909657e+01 8.854672e+01 1.395858e+02
         vertex 6.906210e+01 8.854218e+01 1.395854e+02
      endloop
   endfacet
   facet normal 3.423651e-02 -5.859510e-04 -9.994136e-01
      outer loop
         vertex 6.899475e+01 8.852413e+01 1.395839e+02
         vertex 6.896241e+01 8.851073e+01 1.395828e+02
         vertex 6.883099e+01 9.254825e+01 1.395759e+02
      endloop
   endfacet
   facet normal 4.120894e-02 -3.585592e-04 -9.991505e-01
      outer loop
         vertex 6.883099e+01 9.254825e+01 1.395759e+02
         vertex 6.896241e+01 8.851073e+01 1.395828e+02
         vertex 6.893156e+01 8.849466e+01 1.395815e+02
      endloop
   endfacet
   facet normal 5.087233e-02 -1.182014e-04 -9.987052e-01
      outer loop
         vertex 6.883099e+01 9.254825e+01 1.395759e+02
         vertex 6.893156e+01 8.849466e+01 1.395815e+02
         vertex 6.887445e+01 8.845467e+01 1.395786e+02
      endloop
   endfacet
   facet normal -1.247776e-01 8.522676e-03 -9.921481e-01
      outer loop
         vertex 6.951792e+01 8.804470e+01 1.395694e+02
         vertex 6.952548e+01 8.807879e+01 1.395687e+02
         vertex 7.002790e+01 8.694825e+01 1.394958e+02
      endloop
   endfacet
   facet normal -1.095068e-01 1.612646e-02 -9.938552e-01
      outer loop
         vertex 6.947797e+01 8.794825e+01 1.395726e+02
         vertex 6.949410e+01 8.797924e+01 1.395714e+02
         vertex 7.002790e+01 8.694825e+01 1.394958e+02
      endloop
   endfacet
   facet normal -1.144552e-01 1.352637e-02 -9.933363e-01
      outer loop
         vertex 7.002790e+01 8.694825e+01 1.394958e+02
         vertex 6.949410e+01 8.797924e+01 1.395714e+02
         vertex 6.950744e+01 8.801145e+01 1.395703e+02
      endloop
   endfacet
   facet normal -1.194234e-01 1.105552e-02 -9.927819e-01
      outer loop
         vertex 7.002790e+01 8.694825e+01 1.394958e+02
         vertex 6.950744e+01 8.801145e+01 1.395703e+02
         vertex 6.951792e+01 8.804470e+01 1.395694e+02
      endloop
   endfacet
   facet normal -1.310139e-01 5.700712e-03 -9.913641e-01
      outer loop
         vertex 6.952548e+01 8.807879e+01 1.395687e+02
         vertex 6.953005e+01 8.811347e+01 1.395683e+02
         vertex 7.002790e+01 8.694825e+01 1.394958e+02
      endloop
   endfacet
   facet normal -1.390122e-01 2.216396e-03 -9.902882e-01
      outer loop
         vertex 7.002790e+01 8.694825e+01 1.394958e+02
         vertex 6.953005e+01 8.811347e+01 1.395683e+02
         vertex 6.953156e+01 8.814825e+01 1.395682e+02
      endloop
   endfacet
   facet normal -1.507304e-01 -2.733968e-03 -9.885711e-01
      outer loop
         vertex 7.002790e+01 8.694825e+01 1.394958e+02
         vertex 6.953156e+01 8.814825e+01 1.395682e+02
         vertex 6.953004e+01 8.818307e+01 1.395683e+02
      endloop
   endfacet
   facet normal -1.006641e-01 -5.084411e-03 -9.949075e-01
      outer loop
         vertex 6.950744e+01 8.828506e+01 1.395703e+02
         vertex 7.002790e+01 9.254825e+01 1.394958e+02
         vertex 6.951790e+01 8.825189e+01 1.395694e+02
      endloop
   endfacet
   facet normal -1.063514e-01 -4.399231e-03 -9.943189e-01
      outer loop
         vertex 6.951790e+01 8.825189e+01 1.395694e+02
         vertex 7.002790e+01 9.254825e+01 1.394958e+02
         vertex 6.952548e+01 8.821771e+01 1.395687e+02
      endloop
   endfacet
   facet normal -9.571555e-02 -5.697010e-03 -9.953924e-01
      outer loop
         vertex 6.950744e+01 8.828506e+01 1.395703e+02
         vertex 6.949411e+01 8.831725e+01 1.395714e+02
         vertex 7.002790e+01 9.254825e+01 1.394958e+02
      endloop
   endfacet
   facet normal -9.083281e-02 -6.321122e-03 -9.958461e-01
      outer loop
         vertex 7.002790e+01 9.254825e+01 1.394958e+02
         vertex 6.949411e+01 8.831725e+01 1.395714e+02
         vertex 6.947797e+01 8.834825e+01 1.395726e+02
      endloop
   endfacet
   facet normal -1.332867e-01 -6.751964e-04 -9.910773e-01
      outer loop
         vertex 7.002790e+01 9.254825e+01 1.394958e+02
         vertex 6.947797e+01 8.834825e+01 1.395726e+02
         vertex 6.943213e+01 9.254825e+01 1.395759e+02
      endloop
   endfacet
   facet normal -7.255028e-02 -7.307465e-06 -9.973648e-01
      outer loop
         vertex 6.943213e+01 9.254825e+01 1.395759e+02
         vertex 6.947797e+01 8.834825e+01 1.395726e+02
         vertex 6.943798e+01 8.840537e+01 1.395755e+02
      endloop
   endfacet
   facet normal -6.260719e-02 6.799217e-06 -9.980382e-01
      outer loop
         vertex 6.943213e+01 9.254825e+01 1.395759e+02
         vertex 6.943798e+01 8.840537e+01 1.395755e+02
         vertex 6.938868e+01 8.845467e+01 1.395786e+02
      endloop
   endfacet
   facet normal -5.115821e-02 5.275457e-04 -9.986904e-01
      outer loop
         vertex 6.933156e+01 8.780184e+01 1.395815e+02
         vertex 6.938868e+01 8.784184e+01 1.395786e+02
         vertex 6.943213e+01 8.694825e+01 1.395759e+02
      endloop
   endfacet
   facet normal -6.201064e-02 -2.026990e-06 -9.980755e-01
      outer loop
         vertex 6.943213e+01 8.694825e+01 1.395759e+02
         vertex 6.938868e+01 8.784184e+01 1.395786e+02
         vertex 6.943258e+01 8.788483e+01 1.395759e+02
      endloop
   endfacet
   facet normal -1.332868e-01 3.237029e-05 -9.910775e-01
      outer loop
         vertex 6.943213e+01 8.694825e+01 1.395759e+02
         vertex 6.943258e+01 8.788483e+01 1.395759e+02
         vertex 7.002790e+01 8.694825e+01 1.394958e+02
      endloop
   endfacet
   facet normal -9.566739e-02 2.428989e-02 -9.951170e-01
      outer loop
         vertex 7.002790e+01 8.694825e+01 1.394958e+02
         vertex 6.943258e+01 8.788483e+01 1.395759e+02
         vertex 6.943798e+01 8.789114e+01 1.395755e+02
      endloop
   endfacet
   facet normal -1.016353e-01 2.051317e-02 -9.946102e-01
      outer loop
         vertex 7.002790e+01 8.694825e+01 1.394958e+02
         vertex 6.943798e+01 8.789114e+01 1.395755e+02
         vertex 6.947797e+01 8.794825e+01 1.395726e+02
      endloop
   endfacet
   facet normal 6.258407e-02 -3.001880e-05 -9.980397e-01
      outer loop
         vertex 6.882514e+01 8.789114e+01 1.395755e+02
         vertex 6.887445e+01 8.784184e+01 1.395786e+02
         vertex 6.883099e+01 8.694825e+01 1.395759e+02
      endloop
   endfacet
   facet normal 5.115821e-02 5.275457e-04 -9.986904e-01
      outer loop
         vertex 6.883099e+01 8.694825e+01 1.395759e+02
         vertex 6.887445e+01 8.784184e+01 1.395786e+02
         vertex 6.893156e+01 8.780184e+01 1.395815e+02
      endloop
   endfacet
   facet normal 4.184598e-02 1.627517e-03 -9.991227e-01
      outer loop
         vertex 6.883099e+01 8.694825e+01 1.395759e+02
         vertex 6.893156e+01 8.780184e+01 1.395815e+02
         vertex 6.896257e+01 8.778570e+01 1.395828e+02
      endloop
   endfacet
   facet normal 3.509278e-02 2.690681e-03 -9.993804e-01
      outer loop
         vertex 6.896257e+01 8.778570e+01 1.395828e+02
         vertex 6.899475e+01 8.777238e+01 1.395839e+02
         vertex 6.883099e+01 8.694825e+01 1.395759e+02
      endloop
   endfacet
   facet normal 2.800781e-02 4.100629e-03 -9.995993e-01
      outer loop
         vertex 6.883099e+01 8.694825e+01 1.395759e+02
         vertex 6.899475e+01 8.777238e+01 1.395839e+02
         vertex 6.902791e+01 8.776191e+01 1.395848e+02
      endloop
   endfacet
   facet normal 2.053963e-02 5.909937e-03 -9.997716e-01
      outer loop
         vertex 6.883099e+01 8.694825e+01 1.395759e+02
         vertex 6.902791e+01 8.776191e+01 1.395848e+02
         vertex 6.906210e+01 8.775433e+01 1.395854e+02
      endloop
   endfacet
   facet normal 1.266472e-02 8.169082e-03 -9.998864e-01
      outer loop
         vertex 6.906210e+01 8.775433e+01 1.395854e+02
         vertex 6.909675e+01 8.774977e+01 1.395858e+02
         vertex 6.883099e+01 8.694825e+01 1.395759e+02
      endloop
   endfacet
   facet normal 4.349810e-03 1.092655e-02 -9.999308e-01
      outer loop
         vertex 6.883099e+01 8.694825e+01 1.395759e+02
         vertex 6.909675e+01 8.774977e+01 1.395858e+02
         vertex 6.913156e+01 8.774825e+01 1.395860e+02
      endloop
   endfacet
   facet normal 0.000000e+00 1.256069e-02 -9.999211e-01
      outer loop
         vertex 6.883099e+01 8.694825e+01 1.395759e+02
         vertex 6.913156e+01 8.774825e+01 1.395860e+02
         vertex 6.943213e+01 8.694825e+01 1.395759e+02
      endloop
   endfacet
   facet normal -4.343491e-03 1.092892e-02 -9.999308e-01
      outer loop
         vertex 6.913156e+01 8.774825e+01 1.395860e+02
         vertex 6.916633e+01 8.774977e+01 1.395858e+02
         vertex 6.943213e+01 8.694825e+01 1.395759e+02
      endloop
   endfacet
   facet normal -1.266049e-02 8.170295e-03 -9.998865e-01
      outer loop
         vertex 6.943213e+01 8.694825e+01 1.395759e+02
         vertex 6.916633e+01 8.774977e+01 1.395858e+02
         vertex 6.920102e+01 8.775433e+01 1.395854e+02
      endloop
   endfacet
   facet normal -2.053327e-02 5.911762e-03 -9.997717e-01
      outer loop
         vertex 6.943213e+01 8.694825e+01 1.395759e+02
         vertex 6.920102e+01 8.775433e+01 1.395854e+02
         vertex 6.923512e+01 8.776189e+01 1.395848e+02
      endloop
   endfacet
   facet normal -2.799498e-02 4.103182e-03 -9.995996e-01
      outer loop
         vertex 6.923512e+01 8.776189e+01 1.395848e+02
         vertex 6.926837e+01 8.777238e+01 1.395839e+02
         vertex 6.943213e+01 8.694825e+01 1.395759e+02
      endloop
   endfacet
   facet normal -3.509155e-02 2.690926e-03 -9.993805e-01
      outer loop
         vertex 6.943213e+01 8.694825e+01 1.395759e+02
         vertex 6.926837e+01 8.777238e+01 1.395839e+02
         vertex 6.930056e+01 8.778571e+01 1.395828e+02
      endloop
   endfacet
   facet normal -4.184998e-02 1.627044e-03 -9.991226e-01
      outer loop
         vertex 6.943213e+01 8.694825e+01 1.395759e+02
         vertex 6.930056e+01 8.778571e+01 1.395828e+02
         vertex 6.933156e+01 8.780184e+01 1.395815e+02
      endloop
   endfacet
   facet normal 6.197494e-01 -1.681472e-03 -7.847980e-01
      outer loop
         vertex 6.658480e+01 9.254825e+01 1.387960e+02
         vertex 6.642856e+01 8.734825e+01 1.386837e+02
         vertex 6.611303e+01 9.254825e+01 1.384234e+02
      endloop
   endfacet
   facet normal 6.363843e-01 0.000000e+00 -7.713722e-01
      outer loop
         vertex 6.611303e+01 9.254825e+01 1.384234e+02
         vertex 6.642856e+01 8.734825e+01 1.386837e+02
         vertex 6.611303e+01 8.734825e+01 1.384234e+02
      endloop
   endfacet
   facet normal 7.188233e-01 0.000000e+00 -6.951928e-01
      outer loop
         vertex 6.611303e+01 9.254825e+01 1.384234e+02
         vertex 6.611303e+01 8.734825e+01 1.384234e+02
         vertex 6.569513e+01 9.254825e+01 1.379913e+02
      endloop
   endfacet
   facet normal -7.188228e-01 -1.142631e-03 -6.951924e-01
      outer loop
         vertex 7.256800e+01 9.254825e+01 1.379913e+02
         vertex 7.249695e+01 8.734825e+01 1.380733e+02
         vertex 7.215009e+01 9.254825e+01 1.384234e+02
      endloop
   endfacet
   facet normal -7.103896e-01 -0.000000e+00 -7.038087e-01
      outer loop
         vertex 7.215009e+01 9.254825e+01 1.384234e+02
         vertex 7.249695e+01 8.734825e+01 1.380733e+02
         vertex 7.215009e+01 8.734825e+01 1.384234e+02
      endloop
   endfacet
   facet normal -6.197503e-01 -0.000000e+00 -7.847991e-01
      outer loop
         vertex 7.215009e+01 9.254825e+01 1.384234e+02
         vertex 7.215009e+01 8.734825e+01 1.384234e+02
         vertex 7.167832e+01 9.254825e+01 1.387960e+02
      endloop
   endfacet
   facet normal 4.510072e-01 -3.547282e-03 8.925133e-01
      outer loop
         vertex 6.683829e+01 9.254825e+01 1.312142e+02
         vertex 6.726571e+01 9.074825e+01 1.309910e+02
         vertex 6.737481e+01 9.254825e+01 1.309431e+02
      endloop
   endfacet
   facet normal 4.025471e-01 0.000000e+00 9.153993e-01
      outer loop
         vertex 6.737481e+01 9.254825e+01 1.309431e+02
         vertex 6.726571e+01 9.074825e+01 1.309910e+02
         vertex 6.737481e+01 9.074825e+01 1.309431e+02
      endloop
   endfacet
   facet normal 3.280252e-01 0.000000e+00 9.446690e-01
      outer loop
         vertex 6.737481e+01 9.254825e+01 1.309431e+02
         vertex 6.737481e+01 9.074825e+01 1.309431e+02
         vertex 6.794268e+01 9.254825e+01 1.307459e+02
      endloop
   endfacet
   facet normal 3.280252e-01 0.000000e+00 9.446690e-01
      outer loop
         vertex 6.794268e+01 9.254825e+01 1.307459e+02
         vertex 6.737481e+01 9.074825e+01 1.309431e+02
         vertex 6.794268e+01 9.074825e+01 1.307459e+02
      endloop
   endfacet
   facet normal 1.991856e-01 0.000000e+00 9.799618e-01
      outer loop
         vertex 6.794268e+01 9.254825e+01 1.307459e+02
         vertex 6.794268e+01 9.074825e+01 1.307459e+02
         vertex 6.853177e+01 9.254825e+01 1.306261e+02
      endloop
   endfacet
   facet normal 1.991856e-01 0.000000e+00 9.799618e-01
      outer loop
         vertex 6.853177e+01 9.254825e+01 1.306261e+02
         vertex 6.794268e+01 9.074825e+01 1.307459e+02
         vertex 6.853177e+01 9.074825e+01 1.306261e+02
      endloop
   endfacet
   facet normal 6.679304e-02 0.000000e+00 9.977669e-01
      outer loop
         vertex 6.853177e+01 9.254825e+01 1.306261e+02
         vertex 6.853177e+01 9.074825e+01 1.306261e+02
         vertex 6.913156e+01 9.254825e+01 1.305860e+02
      endloop
   endfacet
   facet normal 6.679304e-02 4.089894e-17 9.977669e-01
      outer loop
         vertex 6.913156e+01 9.254825e+01 1.305860e+02
         vertex 6.853177e+01 9.074825e+01 1.306261e+02
         vertex 6.913156e+01 9.074825e+01 1.305860e+02
      endloop
   endfacet
   facet normal -6.679304e-02 -4.089894e-17 9.977669e-01
      outer loop
         vertex 6.913156e+01 9.254825e+01 1.305860e+02
         vertex 6.913156e+01 9.074825e+01 1.305860e+02
         vertex 6.973135e+01 9.254825e+01 1.306261e+02
      endloop
   endfacet
   facet normal -6.679304e-02 0.000000e+00 9.977669e-01
      outer loop
         vertex 6.973135e+01 9.254825e+01 1.306261e+02
         vertex 6.913156e+01 9.074825e+01 1.305860e+02
         vertex 6.973135e+01 9.074825e+01 1.306261e+02
      endloop
   endfacet
   facet normal -1.991856e-01 0.000000e+00 9.799618e-01
      outer loop
         vertex 6.973135e+01 9.254825e+01 1.306261e+02
         vertex 6.973135e+01 9.074825e+01 1.306261e+02
         vertex 7.032044e+01 9.254825e+01 1.307459e+02
      endloop
   endfacet
   facet normal -1.991856e-01 0.000000e+00 9.799618e-01
      outer loop
         vertex 7.032044e+01 9.254825e+01 1.307459e+02
         vertex 6.973135e+01 9.074825e+01 1.306261e+02
         vertex 7.032044e+01 9.074825e+01 1.307459e+02
      endloop
   endfacet
   facet normal -3.280252e-01 0.000000e+00 9.446690e-01
      outer loop
         vertex 7.032044e+01 9.254825e+01 1.307459e+02
         vertex 7.032044e+01 9.074825e+01 1.307459e+02
         vertex 7.088831e+01 9.254825e+01 1.309431e+02
      endloop
   endfacet
   facet normal -3.280252e-01 0.000000e+00 9.446690e-01
      outer loop
         vertex 7.088831e+01 9.254825e+01 1.309431e+02
         vertex 7.032044e+01 9.074825e+01 1.307459e+02
         vertex 7.088831e+01 9.074825e+01 1.309431e+02
      endloop
   endfacet
   facet normal -4.510100e-01 0.000000e+00 8.925189e-01
      outer loop
         vertex 7.088831e+01 9.254825e+01 1.309431e+02
         vertex 7.088831e+01 9.074825e+01 1.309431e+02
         vertex 7.142484e+01 9.254825e+01 1.312142e+02
      endloop
   endfacet
   facet normal -4.024827e-01 -1.788866e-02 9.152528e-01
      outer loop
         vertex 7.088831e+01 9.074825e+01 1.309431e+02
         vertex 7.099741e+01 9.074825e+01 1.309910e+02
         vertex 7.142484e+01 9.254825e+01 1.312142e+02
      endloop
   endfacet
   facet normal -4.627899e-01 0.000000e+00 8.864680e-01
      outer loop
         vertex 7.142484e+01 9.254825e+01 1.312142e+02
         vertex 7.099741e+01 9.074825e+01 1.309910e+02
         vertex 7.142484e+01 8.694825e+01 1.312142e+02
      endloop
   endfacet
   facet normal -5.659471e-01 0.000000e+00 8.244415e-01
      outer loop
         vertex 7.142484e+01 9.254825e+01 1.312142e+02
         vertex 7.142484e+01 8.694825e+01 1.312142e+02
         vertex 7.192044e+01 9.254825e+01 1.315544e+02
      endloop
   endfacet
   facet normal -5.659471e-01 0.000000e+00 8.244415e-01
      outer loop
         vertex 7.192044e+01 9.254825e+01 1.315544e+02
         vertex 7.142484e+01 8.694825e+01 1.312142e+02
         vertex 7.192044e+01 8.694825e+01 1.315544e+02
      endloop
   endfacet
   facet normal -6.707849e-01 0.000000e+00 7.416519e-01
      outer loop
         vertex 7.192044e+01 9.254825e+01 1.315544e+02
         vertex 7.192044e+01 8.694825e+01 1.315544e+02
         vertex 7.236627e+01 9.254825e+01 1.319576e+02
      endloop
   endfacet
   facet normal -6.707849e-01 0.000000e+00 7.416519e-01
      outer loop
         vertex 7.236627e+01 9.254825e+01 1.319576e+02
         vertex 7.192044e+01 8.694825e+01 1.315544e+02
         vertex 7.236627e+01 8.694825e+01 1.319576e+02
      endloop
   endfacet
   facet normal -7.636519e-01 0.000000e+00 6.456283e-01
      outer loop
         vertex 7.236627e+01 9.254825e+01 1.319576e+02
         vertex 7.236627e+01 8.694825e+01 1.319576e+02
         vertex 7.275438e+01 9.254825e+01 1.324167e+02
      endloop
   endfacet
   facet normal -7.636519e-01 0.000000e+00 6.456283e-01
      outer loop
         vertex 7.275438e+01 9.254825e+01 1.324167e+02
         vertex 7.236627e+01 8.694825e+01 1.319576e+02
         vertex 7.275438e+01 8.694825e+01 1.324167e+02
      endloop
   endfacet
   facet normal -8.428926e-01 0.000000e+00 5.380819e-01
      outer loop
         vertex 7.275438e+01 9.254825e+01 1.324167e+02
         vertex 7.275438e+01 8.694825e+01 1.324167e+02
         vertex 7.307784e+01 9.254825e+01 1.329234e+02
      endloop
   endfacet
   facet normal -8.428926e-01 0.000000e+00 5.380819e-01
      outer loop
         vertex 7.307784e+01 9.254825e+01 1.329234e+02
         vertex 7.275438e+01 8.694825e+01 1.324167e+02
         vertex 7.307784e+01 8.694825e+01 1.329234e+02
      endloop
   endfacet
   facet normal -9.070909e-01 0.000000e+00 4.209349e-01
      outer loop
         vertex 7.307784e+01 9.254825e+01 1.329234e+02
         vertex 7.307784e+01 8.694825e+01 1.329234e+02
         vertex 7.333087e+01 9.254825e+01 1.334686e+02
      endloop
   endfacet
   facet normal -9.070909e-01 0.000000e+00 4.209349e-01
      outer loop
         vertex 7.333087e+01 9.254825e+01 1.334686e+02
         vertex 7.307784e+01 8.694825e+01 1.329234e+02
         vertex 7.333087e+01 8.694825e+01 1.334686e+02
      endloop
   endfacet
   facet normal -9.551025e-01 0.000000e+00 2.962757e-01
      outer loop
         vertex 7.333087e+01 9.254825e+01 1.334686e+02
         vertex 7.333087e+01 8.694825e+01 1.334686e+02
         vertex 7.350897e+01 9.254825e+01 1.340428e+02
      endloop
   endfacet
   facet normal -9.551025e-01 0.000000e+00 2.962757e-01
      outer loop
         vertex 7.350897e+01 9.254825e+01 1.340428e+02
         vertex 7.333087e+01 8.694825e+01 1.334686e+02
         vertex 7.350897e+01 8.694825e+01 1.340428e+02
      endloop
   endfacet
   facet normal -9.860702e-01 0.000000e+00 1.663297e-01
      outer loop
         vertex 7.350897e+01 9.254825e+01 1.340428e+02
         vertex 7.350897e+01 8.694825e+01 1.340428e+02
         vertex 7.360896e+01 9.254825e+01 1.346355e+02
      endloop
   endfacet
   facet normal -9.860702e-01 0.000000e+00 1.663297e-01
      outer loop
         vertex 7.360896e+01 9.254825e+01 1.346355e+02
         vertex 7.350897e+01 8.694825e+01 1.340428e+02
         vertex 7.360896e+01 8.694825e+01 1.346355e+02
      endloop
   endfacet
   facet normal -9.994416e-01 0.000000e+00 3.341480e-02
      outer loop
         vertex 7.360896e+01 9.254825e+01 1.346355e+02
         vertex 7.360896e+01 8.694825e+01 1.346355e+02
         vertex 7.362905e+01 9.254825e+01 1.352363e+02
      endloop
   endfacet
   facet normal -9.994416e-01 0.000000e+00 3.341480e-02
      outer loop
         vertex 7.362905e+01 9.254825e+01 1.352363e+02
         vertex 7.360896e+01 8.694825e+01 1.346355e+02
         vertex 7.362905e+01 8.694825e+01 1.352363e+02
      endloop
   endfacet
   facet normal -9.949778e-01 -0.000000e+00 -1.000957e-01
      outer loop
         vertex 7.362905e+01 9.254825e+01 1.352363e+02
         vertex 7.362905e+01 8.694825e+01 1.352363e+02
         vertex 7.356888e+01 9.254825e+01 1.358345e+02
      endloop
   endfacet
   facet normal -9.949778e-01 -0.000000e+00 -1.000957e-01
      outer loop
         vertex 7.356888e+01 9.254825e+01 1.358345e+02
         vertex 7.362905e+01 8.694825e+01 1.352363e+02
         vertex 7.356888e+01 8.694825e+01 1.358345e+02
      endloop
   endfacet
   facet normal -9.727587e-01 -0.000000e+00 -2.318202e-01
      outer loop
         vertex 7.356888e+01 9.254825e+01 1.358345e+02
         vertex 7.356888e+01 8.694825e+01 1.358345e+02
         vertex 7.342952e+01 9.254825e+01 1.364192e+02
      endloop
   endfacet
   facet normal -9.727587e-01 -0.000000e+00 -2.318202e-01
      outer loop
         vertex 7.342952e+01 9.254825e+01 1.364192e+02
         vertex 7.356888e+01 8.694825e+01 1.358345e+02
         vertex 7.342952e+01 8.694825e+01 1.364192e+02
      endloop
   endfacet
   facet normal -9.331805e-01 -0.000000e+00 -3.594081e-01
      outer loop
         vertex 7.342952e+01 9.254825e+01 1.364192e+02
         vertex 7.342952e+01 8.694825e+01 1.364192e+02
         vertex 7.321347e+01 9.254825e+01 1.369802e+02
      endloop
   endfacet
   facet normal -9.331805e-01 -0.000000e+00 -3.594081e-01
      outer loop
         vertex 7.321347e+01 9.254825e+01 1.369802e+02
         vertex 7.342952e+01 8.694825e+01 1.364192e+02
         vertex 7.321347e+01 8.694825e+01 1.369802e+02
      endloop
   endfacet
   facet normal -8.769501e-01 -0.000000e+00 -4.805815e-01
      outer loop
         vertex 7.321347e+01 9.254825e+01 1.369802e+02
         vertex 7.321347e+01 8.694825e+01 1.369802e+02
         vertex 7.292458e+01 9.254825e+01 1.375074e+02
      endloop
   endfacet
   facet normal -8.769501e-01 -0.000000e+00 -4.805815e-01
      outer loop
         vertex 7.292458e+01 9.254825e+01 1.375074e+02
         vertex 7.321347e+01 8.694825e+01 1.369802e+02
         vertex 7.292458e+01 8.694825e+01 1.375074e+02
      endloop
   endfacet
   facet normal -8.050702e-01 -0.000000e+00 -5.931796e-01
      outer loop
         vertex 7.292458e+01 9.254825e+01 1.375074e+02
         vertex 7.292458e+01 8.694825e+01 1.375074e+02
         vertex 7.256800e+01 9.254825e+01 1.379913e+02
      endloop
   endfacet
   facet normal -8.050702e-01 -0.000000e+00 -5.931796e-01
      outer loop
         vertex 7.256800e+01 9.254825e+01 1.379913e+02
         vertex 7.292458e+01 8.694825e+01 1.375074e+02
         vertex 7.256800e+01 8.694825e+01 1.379913e+02
      endloop
   endfacet
   facet normal -7.558127e-01 -0.000000e+00 -6.547879e-01
      outer loop
         vertex 7.256800e+01 9.254825e+01 1.379913e+02
         vertex 7.256800e+01 8.694825e+01 1.379913e+02
         vertex 7.249695e+01 8.734825e+01 1.380733e+02
      endloop
   endfacet
   facet normal -7.558127e-01 -0.000000e+00 -6.547879e-01
      outer loop
         vertex 7.249695e+01 8.734825e+01 1.380733e+02
         vertex 7.256800e+01 8.694825e+01 1.379913e+02
         vertex 7.249695e+01 8.694825e+01 1.380733e+02
      endloop
   endfacet
   facet normal -6.363824e-01 -2.471078e-03 -7.713698e-01
      outer loop
         vertex 7.215009e+01 8.734825e+01 1.384234e+02
         vertex 7.183456e+01 8.734825e+01 1.386837e+02
         vertex 7.167832e+01 9.254825e+01 1.387960e+02
      endloop
   endfacet
   facet normal -5.834405e-01 -0.000000e+00 -8.121559e-01
      outer loop
         vertex 7.167832e+01 9.254825e+01 1.387960e+02
         vertex 7.183456e+01 8.734825e+01 1.386837e+02
         vertex 7.167832e+01 8.694825e+01 1.387960e+02
      endloop
   endfacet
   facet normal -5.096167e-01 -0.000000e+00 -8.604015e-01
      outer loop
         vertex 7.167832e+01 9.254825e+01 1.387960e+02
         vertex 7.167832e+01 8.694825e+01 1.387960e+02
         vertex 7.116111e+01 9.254825e+01 1.391023e+02
      endloop
   endfacet
   facet normal -5.096167e-01 -0.000000e+00 -8.604015e-01
      outer loop
         vertex 7.116111e+01 9.254825e+01 1.391023e+02
         vertex 7.167832e+01 8.694825e+01 1.387960e+02
         vertex 7.116111e+01 8.694825e+01 1.391023e+02
      endloop
   endfacet
   facet normal -3.903892e-01 -0.000000e+00 -9.206499e-01
      outer loop
         vertex 7.116111e+01 9.254825e+01 1.391023e+02
         vertex 7.116111e+01 8.694825e+01 1.391023e+02
         vertex 7.060767e+01 9.254825e+01 1.393370e+02
      endloop
   endfacet
   facet normal -3.903892e-01 -0.000000e+00 -9.206499e-01
      outer loop
         vertex 7.060767e+01 9.254825e+01 1.393370e+02
         vertex 7.116111e+01 8.694825e+01 1.391023e+02
         vertex 7.060767e+01 8.694825e+01 1.393370e+02
      endloop
   endfacet
   facet normal -2.641952e-01 -0.000000e+00 -9.644692e-01
      outer loop
         vertex 7.060767e+01 9.254825e+01 1.393370e+02
         vertex 7.060767e+01 8.694825e+01 1.393370e+02
         vertex 7.002790e+01 9.254825e+01 1.394958e+02
      endloop
   endfacet
   facet normal -2.641952e-01 -0.000000e+00 -9.644692e-01
      outer loop
         vertex 7.002790e+01 9.254825e+01 1.394958e+02
         vertex 7.060767e+01 8.694825e+01 1.393370e+02
         vertex 7.002790e+01 8.694825e+01 1.394958e+02
      endloop
   endfacet
   facet normal -1.435911e-01 -0.000000e+00 -9.896371e-01
      outer loop
         vertex 7.002790e+01 9.254825e+01 1.394958e+02
         vertex 7.002790e+01 8.694825e+01 1.394958e+02
         vertex 6.952548e+01 8.821771e+01 1.395687e+02
      endloop
   endfacet
   facet normal -1.707692e-01 -1.100822e-02 -9.852496e-01
      outer loop
         vertex 6.952548e+01 8.821771e+01 1.395687e+02
         vertex 7.002790e+01 8.694825e+01 1.394958e+02
         vertex 6.953004e+01 8.818307e+01 1.395683e+02
      endloop
   endfacet
   facet normal 1.063585e-01 -4.398395e-03 -9.943181e-01
      outer loop
         vertex 6.874523e+01 8.825192e+01 1.395694e+02
         vertex 6.873764e+01 8.821771e+01 1.395687e+02
         vertex 6.823522e+01 9.254825e+01 1.394958e+02
      endloop
   endfacet
   facet normal 1.435911e-01 0.000000e+00 -9.896371e-01
      outer loop
         vertex 6.823522e+01 9.254825e+01 1.394958e+02
         vertex 6.873764e+01 8.821771e+01 1.395687e+02
         vertex 6.823522e+01 8.694825e+01 1.394958e+02
      endloop
   endfacet
   facet normal 2.641952e-01 0.000000e+00 -9.644692e-01
      outer loop
         vertex 6.823522e+01 9.254825e+01 1.394958e+02
         vertex 6.823522e+01 8.694825e+01 1.394958e+02
         vertex 6.765545e+01 9.254825e+01 1.393370e+02
      endloop
   endfacet
   facet normal 2.641952e-01 0.000000e+00 -9.644692e-01
      outer loop
         vertex 6.765545e+01 9.254825e+01 1.393370e+02
         vertex 6.823522e+01 8.694825e+01 1.394958e+02
         vertex 6.765545e+01 8.694825e+01 1.393370e+02
      endloop
   endfacet
   facet normal 3.903892e-01 0.000000e+00 -9.206499e-01
      outer loop
         vertex 6.765545e+01 9.254825e+01 1.393370e+02
         vertex 6.765545e+01 8.694825e+01 1.393370e+02
         vertex 6.710202e+01 9.254825e+01 1.391023e+02
      endloop
   endfacet
   facet normal 3.903892e-01 0.000000e+00 -9.206499e-01
      outer loop
         vertex 6.710202e+01 9.254825e+01 1.391023e+02
         vertex 6.765545e+01 8.694825e+01 1.393370e+02
         vertex 6.710202e+01 8.694825e+01 1.391023e+02
      endloop
   endfacet
   facet normal 5.096167e-01 0.000000e+00 -8.604015e-01
      outer loop
         vertex 6.710202e+01 9.254825e+01 1.391023e+02
         vertex 6.710202e+01 8.694825e+01 1.391023e+02
         vertex 6.658480e+01 9.254825e+01 1.387960e+02
      endloop
   endfacet
   facet normal 5.096167e-01 0.000000e+00 -8.604015e-01
      outer loop
         vertex 6.658480e+01 9.254825e+01 1.387960e+02
         vertex 6.710202e+01 8.694825e+01 1.391023e+02
         vertex 6.658480e+01 8.694825e+01 1.387960e+02
      endloop
   endfacet
   facet normal 5.834405e-01 0.000000e+00 -8.121559e-01
      outer loop
         vertex 6.658480e+01 9.254825e+01 1.387960e+02
         vertex 6.658480e+01 8.694825e+01 1.387960e+02
         vertex 6.642856e+01 8.734825e+01 1.386837e+02
      endloop
   endfacet
   facet normal 5.834405e-01 0.000000e+00 -8.121559e-01
      outer loop
         vertex 6.642856e+01 8.734825e+01 1.386837e+02
         vertex 6.658480e+01 8.694825e+01 1.387960e+02
         vertex 6.642856e+01 8.694825e+01 1.386837e+02
      endloop
   endfacet
   facet normal 7.103889e-01 -1.393745e-03 -7.038080e-01
      outer loop
         vertex 6.611303e+01 8.734825e+01 1.384234e+02
         vertex 6.576617e+01 8.734825e+01 1.380733e+02
         vertex 6.569513e+01 9.254825e+01 1.379913e+02
      endloop
   endfacet
   facet normal 7.558127e-01 0.000000e+00 -6.547879e-01
      outer loop
         vertex 6.569513e+01 9.254825e+01 1.379913e+02
         vertex 6.576617e+01 8.734825e+01 1.380733e+02
         vertex 6.569513e+01 8.694825e+01 1.379913e+02
      endloop
   endfacet
   facet normal 8.050702e-01 0.000000e+00 -5.931796e-01
      outer loop
         vertex 6.569513e+01 9.254825e+01 1.379913e+02
         vertex 6.569513e+01 8.694825e+01 1.379913e+02
         vertex 6.533855e+01 9.254825e+01 1.375074e+02
      endloop
   endfacet
   facet normal 8.050702e-01 0.000000e+00 -5.931796e-01
      outer loop
         vertex 6.533855e+01 9.254825e+01 1.375074e+02
         vertex 6.569513e+01 8.694825e+01 1.379913e+02
         vertex 6.533855e+01 8.694825e+01 1.375074e+02
      endloop
   endfacet
   facet normal 8.769501e-01 0.000000e+00 -4.805815e-01
      outer loop
         vertex 6.533855e+01 9.254825e+01 1.375074e+02
         vertex 6.533855e+01 8.694825e+01 1.375074e+02
         vertex 6.504965e+01 9.254825e+01 1.369802e+02
      endloop
   endfacet
   facet normal 8.769501e-01 0.000000e+00 -4.805815e-01
      outer loop
         vertex 6.504965e+01 9.254825e+01 1.369802e+02
         vertex 6.533855e+01 8.694825e+01 1.375074e+02
         vertex 6.504965e+01 8.694825e+01 1.369802e+02
      endloop
   endfacet
   facet normal 9.331805e-01 0.000000e+00 -3.594081e-01
      outer loop
         vertex 6.504965e+01 9.254825e+01 1.369802e+02
         vertex 6.504965e+01 8.694825e+01 1.369802e+02
         vertex 6.483360e+01 9.254825e+01 1.364192e+02
      endloop
   endfacet
   facet normal 9.331805e-01 0.000000e+00 -3.594081e-01
      outer loop
         vertex 6.483360e+01 9.254825e+01 1.364192e+02
         vertex 6.504965e+01 8.694825e+01 1.369802e+02
         vertex 6.483360e+01 8.694825e+01 1.364192e+02
      endloop
   endfacet
   facet normal 9.727587e-01 0.000000e+00 -2.318202e-01
      outer loop
         vertex 6.483360e+01 9.254825e+01 1.364192e+02
         vertex 6.483360e+01 8.694825e+01 1.364192e+02
         vertex 6.469424e+01 9.254825e+01 1.358345e+02
      endloop
   endfacet
   facet normal 9.727587e-01 0.000000e+00 -2.318202e-01
      outer loop
         vertex 6.469424e+01 9.254825e+01 1.358345e+02
         vertex 6.483360e+01 8.694825e+01 1.364192e+02
         vertex 6.469424e+01 8.694825e+01 1.358345e+02
      endloop
   endfacet
   facet normal 9.949778e-01 0.000000e+00 -1.000957e-01
      outer loop
         vertex 6.469424e+01 9.254825e+01 1.358345e+02
         vertex 6.469424e+01 8.694825e+01 1.358345e+02
         vertex 6.463407e+01 9.254825e+01 1.352363e+02
      endloop
   endfacet
   facet normal 9.949778e-01 0.000000e+00 -1.000957e-01
      outer loop
         vertex 6.463407e+01 9.254825e+01 1.352363e+02
         vertex 6.469424e+01 8.694825e+01 1.358345e+02
         vertex 6.463407e+01 8.694825e+01 1.352363e+02
      endloop
   endfacet
   facet normal 9.994416e-01 0.000000e+00 3.341480e-02
      outer loop
         vertex 6.463407e+01 9.254825e+01 1.352363e+02
         vertex 6.463407e+01 8.694825e+01 1.352363e+02
         vertex 6.465416e+01 9.254825e+01 1.346355e+02
      endloop
   endfacet
   facet normal 9.994416e-01 0.000000e+00 3.341480e-02
      outer loop
         vertex 6.465416e+01 9.254825e+01 1.346355e+02
         vertex 6.463407e+01 8.694825e+01 1.352363e+02
         vertex 6.465416e+01 8.694825e+01 1.346355e+02
      endloop
   endfacet
   facet normal 9.860702e-01 0.000000e+00 1.663297e-01
      outer loop
         vertex 6.465416e+01 9.254825e+01 1.346355e+02
         vertex 6.465416e+01 8.694825e+01 1.346355e+02
         vertex 6.475415e+01 9.254825e+01 1.340428e+02
      endloop
   endfacet
   facet normal 9.860702e-01 0.000000e+00 1.663297e-01
      outer loop
         vertex 6.475415e+01 9.254825e+01 1.340428e+02
         vertex 6.465416e+01 8.694825e+01 1.346355e+02
         vertex 6.475415e+01 8.694825e+01 1.340428e+02
      endloop
   endfacet
   facet normal 9.551025e-01 0.000000e+00 2.962757e-01
      outer loop
         vertex 6.475415e+01 9.254825e+01 1.340428e+02
         vertex 6.475415e+01 8.694825e+01 1.340428e+02
         vertex 6.493225e+01 9.254825e+01 1.334686e+02
      endloop
   endfacet
   facet normal 9.551025e-01 0.000000e+00 2.962757e-01
      outer loop
         vertex 6.493225e+01 9.254825e+01 1.334686e+02
         vertex 6.475415e+01 8.694825e+01 1.340428e+02
         vertex 6.493225e+01 8.694825e+01 1.334686e+02
      endloop
   endfacet
   facet normal 9.070909e-01 0.000000e+00 4.209349e-01
      outer loop
         vertex 6.493225e+01 9.254825e+01 1.334686e+02
         vertex 6.493225e+01 8.694825e+01 1.334686e+02
         vertex 6.518529e+01 9.254825e+01 1.329234e+02
      endloop
   endfacet
   facet normal 9.070909e-01 0.000000e+00 4.209349e-01
      outer loop
         vertex 6.518529e+01 9.254825e+01 1.329234e+02
         vertex 6.493225e+01 8.694825e+01 1.334686e+02
         vertex 6.518529e+01 8.694825e+01 1.329234e+02
      endloop
   endfacet
   facet normal 8.428926e-01 0.000000e+00 5.380819e-01
      outer loop
         vertex 6.518529e+01 9.254825e+01 1.329234e+02
         vertex 6.518529e+01 8.694825e+01 1.329234e+02
         vertex 6.550875e+01 9.254825e+01 1.324167e+02
      endloop
   endfacet
   facet normal 8.428926e-01 0.000000e+00 5.380819e-01
      outer loop
         vertex 6.550875e+01 9.254825e+01 1.324167e+02
         vertex 6.518529e+01 8.694825e+01 1.329234e+02
         vertex 6.550875e+01 8.694825e+01 1.324167e+02
      endloop
   endfacet
   facet normal 7.636519e-01 0.000000e+00 6.456283e-01
      outer loop
         vertex 6.550875e+01 9.254825e+01 1.324167e+02
         vertex 6.550875e+01 8.694825e+01 1.324167e+02
         vertex 6.589685e+01 9.254825e+01 1.319576e+02
      endloop
   endfacet
   facet normal 7.636519e-01 0.000000e+00 6.456283e-01
      outer loop
         vertex 6.589685e+01 9.254825e+01 1.319576e+02
         vertex 6.550875e+01 8.694825e+01 1.324167e+02
         vertex 6.589685e+01 8.694825e+01 1.319576e+02
      endloop
   endfacet
   facet normal 6.707849e-01 0.000000e+00 7.416519e-01
      outer loop
         vertex 6.589685e+01 9.254825e+01 1.319576e+02
         vertex 6.589685e+01 8.694825e+01 1.319576e+02
         vertex 6.634269e+01 9.254825e+01 1.315544e+02
      endloop
   endfacet
   facet normal 6.707849e-01 0.000000e+00 7.416519e-01
      outer loop
         vertex 6.634269e+01 9.254825e+01 1.315544e+02
         vertex 6.589685e+01 8.694825e+01 1.319576e+02
         vertex 6.634269e+01 8.694825e+01 1.315544e+02
      endloop
   endfacet
   facet normal 5.659471e-01 0.000000e+00 8.244415e-01
      outer loop
         vertex 6.634269e+01 9.254825e+01 1.315544e+02
         vertex 6.634269e+01 8.694825e+01 1.315544e+02
         vertex 6.683829e+01 9.254825e+01 1.312142e+02
      endloop
   endfacet
   facet normal 5.659471e-01 0.000000e+00 8.244415e-01
      outer loop
         vertex 6.683829e+01 9.254825e+01 1.312142e+02
         vertex 6.634269e+01 8.694825e+01 1.315544e+02
         vertex 6.683829e+01 8.694825e+01 1.312142e+02
      endloop
   endfacet
   facet normal 4.627899e-01 0.000000e+00 8.864680e-01
      outer loop
         vertex 6.683829e+01 9.254825e+01 1.312142e+02
         vertex 6.683829e+01 8.694825e+01 1.312142e+02
         vertex 6.726571e+01 9.074825e+01 1.309910e+02
      endloop
   endfacet
   facet normal 4.627899e-01 0.000000e+00 8.864680e-01
      outer loop
         vertex 6.726571e+01 9.074825e+01 1.309910e+02
         vertex 6.683829e+01 8.694825e+01 1.312142e+02
         vertex 6.726571e+01 8.694825e+01 1.309910e+02
      endloop
   endfacet
   facet normal 5.751428e-02 1.060182e-05 9.983447e-01
      outer loop
         vertex 6.938868e+01 8.845467e+01 1.399792e+02
         vertex 6.943798e+01 8.840537e+01 1.399764e+02
         vertex 6.944550e+01 9.254825e+01 1.399759e+02
      endloop
   endfacet
   facet normal 6.016706e-02 -1.937472e-02 9.980003e-01
      outer loop
         vertex 6.956462e+01 8.774825e+01 1.399668e+02
         vertex 6.938868e+01 8.784184e+01 1.399792e+02
         vertex 6.933156e+01 8.780184e+01 1.399819e+02
      endloop
   endfacet
   facet normal 5.633138e-02 -3.598937e-02 9.977633e-01
      outer loop
         vertex 6.933156e+01 8.780184e+01 1.399819e+02
         vertex 6.930056e+01 8.778571e+01 1.399831e+02
         vertex 6.956462e+01 8.774825e+01 1.399668e+02
      endloop
   endfacet
   facet normal 5.367323e-02 -5.443090e-02 9.970739e-01
      outer loop
         vertex 6.956462e+01 8.774825e+01 1.399668e+02
         vertex 6.930056e+01 8.778571e+01 1.399831e+02
         vertex 6.926837e+01 8.777238e+01 1.399841e+02
      endloop
   endfacet
   facet normal 5.109827e-02 -8.464165e-02 9.951004e-01
      outer loop
         vertex 6.956462e+01 8.774825e+01 1.399668e+02
         vertex 6.926837e+01 8.777238e+01 1.399841e+02
         vertex 6.923512e+01 8.776189e+01 1.399849e+02
      endloop
   endfacet
   facet normal 4.847805e-02 -1.398411e-01 9.889865e-01
      outer loop
         vertex 6.923512e+01 8.776189e+01 1.399849e+02
         vertex 6.920102e+01 8.775433e+01 1.399855e+02
         vertex 6.956462e+01 8.774825e+01 1.399668e+02
      endloop
   endfacet
   facet normal 4.506787e-02 -2.647793e-01 9.632553e-01
      outer loop
         vertex 6.956462e+01 8.774825e+01 1.399668e+02
         vertex 6.920102e+01 8.775433e+01 1.399855e+02
         vertex 6.916633e+01 8.774977e+01 1.399859e+02
      endloop
   endfacet
   facet normal 3.231779e-02 -6.827785e-01 7.299103e-01
      outer loop
         vertex 6.956462e+01 8.774825e+01 1.399668e+02
         vertex 6.916633e+01 8.774977e+01 1.399859e+02
         vertex 6.913156e+01 8.774825e+01 1.399860e+02
      endloop
   endfacet
   facet normal 1.278768e-01 -1.179799e-04 9.917901e-01
      outer loop
         vertex 6.944550e+01 9.254825e+01 1.399759e+02
         vertex 6.943798e+01 8.840537e+01 1.399764e+02
         vertex 7.006824e+01 9.254825e+01 1.398956e+02
      endloop
   endfacet
   facet normal 7.748243e-02 7.649417e-03 9.969644e-01
      outer loop
         vertex 7.006824e+01 9.254825e+01 1.398956e+02
         vertex 6.943798e+01 8.840537e+01 1.399764e+02
         vertex 6.947797e+01 8.834825e+01 1.399737e+02
      endloop
   endfacet
   facet normal 8.494957e-02 6.588813e-03 9.963635e-01
      outer loop
         vertex 7.006824e+01 9.254825e+01 1.398956e+02
         vertex 6.947797e+01 8.834825e+01 1.399737e+02
         vertex 6.949411e+01 8.831725e+01 1.399725e+02
      endloop
   endfacet
   facet normal 1.581209e-01 2.558155e-02 9.870883e-01
      outer loop
         vertex 6.950744e+01 8.828506e+01 1.399715e+02
         vertex 6.951790e+01 8.825189e+01 1.399707e+02
         vertex 7.006824e+01 8.774825e+01 1.398956e+02
      endloop
   endfacet
   facet normal 1.491892e-01 1.558336e-02 9.886859e-01
      outer loop
         vertex 7.006824e+01 8.774825e+01 1.398956e+02
         vertex 6.951790e+01 8.825189e+01 1.399707e+02
         vertex 6.952548e+01 8.821771e+01 1.399701e+02
      endloop
   endfacet
   facet normal 1.429814e-01 8.246810e-03 9.896910e-01
      outer loop
         vertex 7.006824e+01 8.774825e+01 1.398956e+02
         vertex 6.952548e+01 8.821771e+01 1.399701e+02
         vertex 6.953004e+01 8.818307e+01 1.399698e+02
      endloop
   endfacet
   facet normal 1.384390e-01 2.509146e-03 9.903678e-01
      outer loop
         vertex 6.953004e+01 8.818307e+01 1.399698e+02
         vertex 6.953156e+01 8.814825e+01 1.399696e+02
         vertex 7.006824e+01 8.774825e+01 1.398956e+02
      endloop
   endfacet
   facet normal 1.348827e-01 -2.353084e-03 9.908588e-01
      outer loop
         vertex 7.006824e+01 8.774825e+01 1.398956e+02
         vertex 6.953156e+01 8.814825e+01 1.399696e+02
         vertex 6.953005e+01 8.811347e+01 1.399698e+02
      endloop
   endfacet
   facet normal 1.319365e-01 -6.771150e-03 9.912350e-01
      outer loop
         vertex 7.006824e+01 8.774825e+01 1.398956e+02
         vertex 6.953005e+01 8.811347e+01 1.399698e+02
         vertex 6.952548e+01 8.807879e+01 1.399701e+02
      endloop
   endfacet
   facet normal 1.293331e-01 -1.111445e-02 9.915389e-01
      outer loop
         vertex 6.952548e+01 8.807879e+01 1.399701e+02
         vertex 6.951792e+01 8.804470e+01 1.399707e+02
         vertex 7.006824e+01 8.774825e+01 1.398956e+02
      endloop
   endfacet
   facet normal 1.269350e-01 -1.562932e-02 9.917879e-01
      outer loop
         vertex 7.006824e+01 8.774825e+01 1.398956e+02
         vertex 6.951792e+01 8.804470e+01 1.399707e+02
         vertex 6.950744e+01 8.801145e+01 1.399715e+02
      endloop
   endfacet
   facet normal 1.825631e-01 1.070668e-01 9.773471e-01
      outer loop
         vertex 7.006824e+01 8.774825e+01 1.398956e+02
         vertex 6.950744e+01 8.801145e+01 1.399715e+02
         vertex 6.999430e+01 8.774825e+01 1.399094e+02
      endloop
   endfacet
   facet normal 1.172248e-01 -1.747991e-02 9.929516e-01
      outer loop
         vertex 6.950744e+01 8.801145e+01 1.399715e+02
         vertex 6.949410e+01 8.797924e+01 1.399725e+02
         vertex 6.999430e+01 8.774825e+01 1.399094e+02
      endloop
   endfacet
   facet normal 1.149945e-01 -2.235422e-02 9.931146e-01
      outer loop
         vertex 6.999430e+01 8.774825e+01 1.399094e+02
         vertex 6.949410e+01 8.797924e+01 1.399725e+02
         vertex 6.947797e+01 8.794825e+01 1.399737e+02
      endloop
   endfacet
   facet normal 1.323185e-01 2.306926e-02 9.909388e-01
      outer loop
         vertex 6.999430e+01 8.774825e+01 1.399094e+02
         vertex 6.947797e+01 8.794825e+01 1.399737e+02
         vertex 6.956462e+01 8.774825e+01 1.399668e+02
      endloop
   endfacet
   facet normal 7.155893e-02 -3.479960e-03 9.974303e-01
      outer loop
         vertex 6.956462e+01 8.774825e+01 1.399668e+02
         vertex 6.947797e+01 8.794825e+01 1.399737e+02
         vertex 6.943798e+01 8.789114e+01 1.399764e+02
      endloop
   endfacet
   facet normal 6.594834e-02 -8.476787e-03 9.977870e-01
      outer loop
         vertex 6.956462e+01 8.774825e+01 1.399668e+02
         vertex 6.943798e+01 8.789114e+01 1.399764e+02
         vertex 6.938868e+01 8.784184e+01 1.399792e+02
      endloop
   endfacet
   facet normal -4.675536e-02 1.604173e-04 9.989064e-01
      outer loop
         vertex 6.881762e+01 9.254825e+01 1.399759e+02
         vertex 6.887445e+01 8.845467e+01 1.399792e+02
         vertex 6.893156e+01 8.849466e+01 1.399819e+02
      endloop
   endfacet
   facet normal -3.788819e-02 4.102227e-04 9.992819e-01
      outer loop
         vertex 6.893156e+01 8.849466e+01 1.399819e+02
         vertex 6.896241e+01 8.851073e+01 1.399831e+02
         vertex 6.881762e+01 9.254825e+01 1.399759e+02
      endloop
   endfacet
   facet normal -3.148628e-02 6.401991e-04 9.995040e-01
      outer loop
         vertex 6.881762e+01 9.254825e+01 1.399759e+02
         vertex 6.896241e+01 8.851073e+01 1.399831e+02
         vertex 6.899475e+01 8.852413e+01 1.399841e+02
      endloop
   endfacet
   facet normal -2.479738e-02 9.350158e-04 9.996921e-01
      outer loop
         vertex 6.881762e+01 9.254825e+01 1.399759e+02
         vertex 6.899475e+01 8.852413e+01 1.399841e+02
         vertex 6.902816e+01 8.853466e+01 1.399849e+02
      endloop
   endfacet
   facet normal 2.480277e-02 9.347784e-04 9.996919e-01
      outer loop
         vertex 6.923495e+01 8.853466e+01 1.399849e+02
         vertex 6.926837e+01 8.852413e+01 1.399841e+02
         vertex 6.944550e+01 9.254825e+01 1.399759e+02
      endloop
   endfacet
   facet normal 1.792596e-02 1.295860e-03 9.998385e-01
      outer loop
         vertex 6.923495e+01 8.853466e+01 1.399849e+02
         vertex 6.944550e+01 9.254825e+01 1.399759e+02
         vertex 6.920102e+01 8.854218e+01 1.399855e+02
      endloop
   endfacet
   facet normal -1.793284e-02 1.295440e-03 9.998384e-01
      outer loop
         vertex 6.902816e+01 8.853466e+01 1.399849e+02
         vertex 6.906210e+01 8.854218e+01 1.399855e+02
         vertex 6.881762e+01 9.254825e+01 1.399759e+02
      endloop
   endfacet
   facet normal -1.088448e-02 1.725832e-03 9.999393e-01
      outer loop
         vertex 6.881762e+01 9.254825e+01 1.399759e+02
         vertex 6.906210e+01 8.854218e+01 1.399855e+02
         vertex 6.909657e+01 8.854672e+01 1.399859e+02
      endloop
   endfacet
   facet normal -3.205165e-02 2.491280e-04 9.994862e-01
      outer loop
         vertex 6.881762e+01 9.254825e+01 1.399759e+02
         vertex 6.909657e+01 8.854672e+01 1.399859e+02
         vertex 6.913156e+01 9.254825e+01 1.399860e+02
      endloop
   endfacet
   facet normal -3.566185e-03 1.069993e-18 9.999936e-01
      outer loop
         vertex 6.913156e+01 9.254825e+01 1.399860e+02
         vertex 6.909657e+01 8.854672e+01 1.399859e+02
         vertex 6.913156e+01 8.854825e+01 1.399860e+02
      endloop
   endfacet
   facet normal 3.205165e-02 -9.616726e-18 9.994862e-01
      outer loop
         vertex 6.913156e+01 9.254825e+01 1.399860e+02
         vertex 6.913156e+01 8.854825e+01 1.399860e+02
         vertex 6.944550e+01 9.254825e+01 1.399759e+02
      endloop
   endfacet
   facet normal 3.665380e-03 2.229195e-03 9.999908e-01
      outer loop
         vertex 6.944550e+01 9.254825e+01 1.399759e+02
         vertex 6.913156e+01 8.854825e+01 1.399860e+02
         vertex 6.916654e+01 8.854672e+01 1.399859e+02
      endloop
   endfacet
   facet normal 1.087979e-02 1.726118e-03 9.999393e-01
      outer loop
         vertex 6.944550e+01 9.254825e+01 1.399759e+02
         vertex 6.916654e+01 8.854672e+01 1.399859e+02
         vertex 6.920102e+01 8.854218e+01 1.399855e+02
      endloop
   endfacet
   facet normal 3.148723e-02 6.401571e-04 9.995039e-01
      outer loop
         vertex 6.926837e+01 8.852413e+01 1.399841e+02
         vertex 6.930070e+01 8.851073e+01 1.399831e+02
         vertex 6.944550e+01 9.254825e+01 1.399759e+02
      endloop
   endfacet
   facet normal 3.788450e-02 4.103266e-04 9.992820e-01
      outer loop
         vertex 6.944550e+01 9.254825e+01 1.399759e+02
         vertex 6.930070e+01 8.851073e+01 1.399831e+02
         vertex 6.933156e+01 8.849466e+01 1.399819e+02
      endloop
   endfacet
   facet normal 4.675536e-02 1.604173e-04 9.989064e-01
      outer loop
         vertex 6.944550e+01 9.254825e+01 1.399759e+02
         vertex 6.933156e+01 8.849466e+01 1.399819e+02
         vertex 6.938868e+01 8.845467e+01 1.399792e+02
      endloop
   endfacet
   facet normal -1.246324e-01 -2.059375e-02 9.919893e-01
      outer loop
         vertex 6.875568e+01 8.801145e+01 1.399715e+02
         vertex 6.819488e+01 8.774825e+01 1.398956e+02
         vertex 6.876908e+01 8.797911e+01 1.399726e+02
      endloop
   endfacet
   facet normal -1.821068e-01 1.280543e-01 9.749047e-01
      outer loop
         vertex 6.876908e+01 8.797911e+01 1.399726e+02
         vertex 6.819488e+01 8.774825e+01 1.398956e+02
         vertex 6.826883e+01 8.774825e+01 1.399094e+02
      endloop
   endfacet
   facet normal -1.269405e-01 -1.561748e-02 9.917874e-01
      outer loop
         vertex 6.875568e+01 8.801145e+01 1.399715e+02
         vertex 6.874516e+01 8.804486e+01 1.399707e+02
         vertex 6.819488e+01 8.774825e+01 1.398956e+02
      endloop
   endfacet
   facet normal -1.293386e-01 -1.110525e-02 9.915383e-01
      outer loop
         vertex 6.819488e+01 8.774825e+01 1.398956e+02
         vertex 6.874516e+01 8.804486e+01 1.399707e+02
         vertex 6.873764e+01 8.807879e+01 1.399701e+02
      endloop
   endfacet
   facet normal -1.319234e-01 -6.792986e-03 9.912366e-01
      outer loop
         vertex 6.819488e+01 8.774825e+01 1.398956e+02
         vertex 6.873764e+01 8.807879e+01 1.399701e+02
         vertex 6.873310e+01 8.811317e+01 1.399698e+02
      endloop
   endfacet
   facet normal -1.348634e-01 -2.380651e-03 9.908613e-01
      outer loop
         vertex 6.873310e+01 8.811317e+01 1.399698e+02
         vertex 6.873156e+01 8.814807e+01 1.399696e+02
         vertex 6.819488e+01 8.774825e+01 1.398956e+02
      endloop
   endfacet
   facet normal -1.384244e-01 2.490351e-03 9.903699e-01
      outer loop
         vertex 6.819488e+01 8.774825e+01 1.398956e+02
         vertex 6.873156e+01 8.814807e+01 1.399696e+02
         vertex 6.873308e+01 8.818306e+01 1.399698e+02
      endloop
   endfacet
   facet normal -1.429834e-01 8.249169e-03 9.896907e-01
      outer loop
         vertex 6.819488e+01 8.774825e+01 1.398956e+02
         vertex 6.873308e+01 8.818306e+01 1.399698e+02
         vertex 6.873764e+01 8.821771e+01 1.399701e+02
      endloop
   endfacet
   facet normal -9.447469e-02 5.301211e-03 9.955131e-01
      outer loop
         vertex 6.874523e+01 8.825192e+01 1.399707e+02
         vertex 6.875568e+01 8.828506e+01 1.399715e+02
         vertex 6.819488e+01 9.254825e+01 1.398956e+02
      endloop
   endfacet
   facet normal -8.961243e-02 5.948754e-03 9.959589e-01
      outer loop
         vertex 6.875568e+01 8.828506e+01 1.399715e+02
         vertex 6.876901e+01 8.831723e+01 1.399725e+02
         vertex 6.819488e+01 9.254825e+01 1.398956e+02
      endloop
   endfacet
   facet normal -8.494589e-02 6.589335e-03 9.963638e-01
      outer loop
         vertex 6.819488e+01 9.254825e+01 1.398956e+02
         vertex 6.876901e+01 8.831723e+01 1.399725e+02
         vertex 6.878515e+01 8.834825e+01 1.399737e+02
      endloop
   endfacet
   facet normal -1.278767e-01 4.707913e-04 9.917900e-01
      outer loop
         vertex 6.819488e+01 9.254825e+01 1.398956e+02
         vertex 6.878515e+01 8.834825e+01 1.399737e+02
         vertex 6.881762e+01 9.254825e+01 1.399759e+02
      endloop
   endfacet
   facet normal -6.660382e-02 -5.976117e-06 9.977795e-01
      outer loop
         vertex 6.881762e+01 9.254825e+01 1.399759e+02
         vertex 6.878515e+01 8.834825e+01 1.399737e+02
         vertex 6.882514e+01 8.840537e+01 1.399764e+02
      endloop
   endfacet
   facet normal -5.751428e-02 1.060182e-05 9.983447e-01
      outer loop
         vertex 6.881762e+01 9.254825e+01 1.399759e+02
         vertex 6.882514e+01 8.840537e+01 1.399764e+02
         vertex 6.887445e+01 8.845467e+01 1.399792e+02
      endloop
   endfacet
   facet normal -6.016706e-02 -1.937472e-02 9.980003e-01
      outer loop
         vertex 6.893156e+01 8.780184e+01 1.399819e+02
         vertex 6.887445e+01 8.784184e+01 1.399792e+02
         vertex 6.869850e+01 8.774825e+01 1.399668e+02
      endloop
   endfacet
   facet normal -6.594834e-02 -8.476787e-03 9.977870e-01
      outer loop
         vertex 6.869850e+01 8.774825e+01 1.399668e+02
         vertex 6.887445e+01 8.784184e+01 1.399792e+02
         vertex 6.882514e+01 8.789114e+01 1.399764e+02
      endloop
   endfacet
   facet normal -1.321831e-01 5.075716e-02 9.899249e-01
      outer loop
         vertex 6.869850e+01 8.774825e+01 1.399668e+02
         vertex 6.882514e+01 8.789114e+01 1.399764e+02
         vertex 6.826883e+01 8.774825e+01 1.399094e+02
      endloop
   endfacet
   facet normal -1.114342e-01 -3.159541e-02 9.932694e-01
      outer loop
         vertex 6.826883e+01 8.774825e+01 1.399094e+02
         vertex 6.882514e+01 8.789114e+01 1.399764e+02
         vertex 6.878515e+01 8.794825e+01 1.399737e+02
      endloop
   endfacet
   facet normal -1.149912e-01 -2.236281e-02 9.931148e-01
      outer loop
         vertex 6.826883e+01 8.774825e+01 1.399094e+02
         vertex 6.878515e+01 8.794825e+01 1.399737e+02
         vertex 6.876908e+01 8.797911e+01 1.399726e+02
      endloop
   endfacet
   facet normal -3.233983e-02 -6.822449e-01 7.304081e-01
      outer loop
         vertex 6.913156e+01 8.774825e+01 1.399860e+02
         vertex 6.909675e+01 8.774977e+01 1.399859e+02
         vertex 6.869850e+01 8.774825e+01 1.399668e+02
      endloop
   endfacet
   facet normal -4.507118e-02 -2.646715e-01 9.632848e-01
      outer loop
         vertex 6.869850e+01 8.774825e+01 1.399668e+02
         vertex 6.909675e+01 8.774977e+01 1.399859e+02
         vertex 6.906210e+01 8.775433e+01 1.399855e+02
      endloop
   endfacet
   facet normal -4.848064e-02 -1.397328e-01 9.890017e-01
      outer loop
         vertex 6.869850e+01 8.774825e+01 1.399668e+02
         vertex 6.906210e+01 8.775433e+01 1.399855e+02
         vertex 6.902791e+01 8.776191e+01 1.399849e+02
      endloop
   endfacet
   facet normal -5.110206e-02 -8.459770e-02 9.951039e-01
      outer loop
         vertex 6.902791e+01 8.776191e+01 1.399849e+02
         vertex 6.899475e+01 8.777238e+01 1.399841e+02
         vertex 6.869850e+01 8.774825e+01 1.399668e+02
      endloop
   endfacet
   facet normal -5.367294e-02 -5.443445e-02 9.970738e-01
      outer loop
         vertex 6.869850e+01 8.774825e+01 1.399668e+02
         vertex 6.899475e+01 8.777238e+01 1.399841e+02
         vertex 6.896257e+01 8.778570e+01 1.399831e+02
      endloop
   endfacet
   facet normal -5.633072e-02 -3.599224e-02 9.977632e-01
      outer loop
         vertex 6.869850e+01 8.774825e+01 1.399668e+02
         vertex 6.896257e+01 8.778570e+01 1.399831e+02
         vertex 6.893156e+01 8.780184e+01 1.399819e+02
      endloop
   endfacet
   facet normal -6.406968e-02 1.895959e-03 -9.979436e-01
      outer loop
         vertex 6.913156e+01 9.254825e+01 1.301860e+02
         vertex 6.891482e+01 8.774825e+01 1.301908e+02
         vertex 6.850496e+01 9.254825e+01 1.302262e+02
      endloop
   endfacet
   facet normal -8.613065e-02 -0.000000e+00 -9.962839e-01
      outer loop
         vertex 6.850496e+01 9.254825e+01 1.302262e+02
         vertex 6.891482e+01 8.774825e+01 1.301908e+02
         vertex 6.850496e+01 8.774825e+01 1.302262e+02
      endloop
   endfacet
   facet normal -1.911587e-01 -0.000000e+00 -9.815592e-01
      outer loop
         vertex 6.850496e+01 9.254825e+01 1.302262e+02
         vertex 6.850496e+01 8.774825e+01 1.302262e+02
         vertex 6.788865e+01 9.254825e+01 1.303462e+02
      endloop
   endfacet
   facet normal -1.301223e-01 8.084629e-03 -9.914650e-01
      outer loop
         vertex 6.788865e+01 9.254825e+01 1.303462e+02
         vertex 6.850496e+01 8.774825e+01 1.302262e+02
         vertex 6.848303e+01 8.774825e+01 1.302291e+02
      endloop
   endfacet
   facet normal -1.760681e-01 2.222241e-03 -9.843755e-01
      outer loop
         vertex 6.788865e+01 9.254825e+01 1.303462e+02
         vertex 6.848303e+01 8.774825e+01 1.302291e+02
         vertex 6.805631e+01 8.774825e+01 1.303054e+02
      endloop
   endfacet
   facet normal -3.402754e-01 0.000000e+00 -9.403258e-01
      outer loop
         vertex 6.729275e+01 8.774825e+01 1.305441e+02
         vertex 6.729275e+01 9.254825e+01 1.305441e+02
         vertex 6.763801e+01 8.774825e+01 1.304191e+02
      endloop
   endfacet
   facet normal -3.151076e-01 2.037476e-03 -9.490538e-01
      outer loop
         vertex 6.763801e+01 8.774825e+01 1.304191e+02
         vertex 6.729275e+01 9.254825e+01 1.305441e+02
         vertex 6.788865e+01 9.254825e+01 1.303462e+02
      endloop
   endfacet
   facet normal -2.793293e-01 0.000000e+00 -9.601954e-01
      outer loop
         vertex 6.763801e+01 8.774825e+01 1.304191e+02
         vertex 6.788865e+01 9.254825e+01 1.303462e+02
         vertex 6.788865e+01 8.774825e+01 1.303462e+02
      endloop
   endfacet
   facet normal -2.365820e-01 0.000000e+00 -9.716115e-01
      outer loop
         vertex 6.788865e+01 8.774825e+01 1.303462e+02
         vertex 6.788865e+01 9.254825e+01 1.303462e+02
         vertex 6.805631e+01 8.774825e+01 1.303054e+02
      endloop
   endfacet
   facet normal -3.815363e-01 0.000000e+00 -9.243539e-01
      outer loop
         vertex 6.729275e+01 8.774825e+01 1.305441e+02
         vertex 6.723140e+01 8.774825e+01 1.305694e+02
         vertex 6.729275e+01 9.254825e+01 1.305441e+02
      endloop
   endfacet
   facet normal -4.281798e-01 7.051648e-04 -9.036933e-01
      outer loop
         vertex 6.729275e+01 9.254825e+01 1.305441e+02
         vertex 6.723140e+01 8.774825e+01 1.305694e+02
         vertex 6.683966e+01 8.774825e+01 1.307550e+02
      endloop
   endfacet
   facet normal -4.338834e-01 1.363304e-03 -9.009680e-01
      outer loop
         vertex 6.729275e+01 9.254825e+01 1.305441e+02
         vertex 6.683966e+01 8.774825e+01 1.307550e+02
         vertex 6.672704e+01 9.254825e+01 1.308165e+02
      endloop
   endfacet
   facet normal -5.713758e-01 0.000000e+00 -8.206886e-01
      outer loop
         vertex 6.620082e+01 8.774825e+01 1.311591e+02
         vertex 6.620082e+01 9.254825e+01 1.311591e+02
         vertex 6.646586e+01 8.774825e+01 1.309745e+02
      endloop
   endfacet
   facet normal -5.455337e-01 2.095740e-03 -8.380863e-01
      outer loop
         vertex 6.646586e+01 8.774825e+01 1.309745e+02
         vertex 6.620082e+01 9.254825e+01 1.311591e+02
         vertex 6.672704e+01 9.254825e+01 1.308165e+02
      endloop
   endfacet
   facet normal -5.176201e-01 0.000000e+00 -8.556105e-01
      outer loop
         vertex 6.646586e+01 8.774825e+01 1.309745e+02
         vertex 6.672704e+01 9.254825e+01 1.308165e+02
         vertex 6.672704e+01 8.774825e+01 1.308165e+02
      endloop
   endfacet
   facet normal -4.792672e-01 0.000000e+00 -8.776690e-01
      outer loop
         vertex 6.672704e+01 8.774825e+01 1.308165e+02
         vertex 6.672704e+01 9.254825e+01 1.308165e+02
         vertex 6.683966e+01 8.774825e+01 1.307550e+02
      endloop
   endfacet
   facet normal -6.071181e-01 0.000000e+00 -7.946116e-01
      outer loop
         vertex 6.620082e+01 8.774825e+01 1.311591e+02
         vertex 6.611292e+01 8.774825e+01 1.312262e+02
         vertex 6.620082e+01 9.254825e+01 1.311591e+02
      endloop
   endfacet
   facet normal -6.502884e-01 1.279181e-03 -7.596863e-01
      outer loop
         vertex 6.620082e+01 9.254825e+01 1.311591e+02
         vertex 6.611292e+01 8.774825e+01 1.312262e+02
         vertex 6.578361e+01 8.774825e+01 1.315081e+02
      endloop
   endfacet
   facet normal -6.482284e-01 9.722069e-04 -7.614454e-01
      outer loop
         vertex 6.620082e+01 9.254825e+01 1.311591e+02
         vertex 6.578361e+01 8.774825e+01 1.315081e+02
         vertex 6.572272e+01 9.254825e+01 1.315661e+02
      endloop
   endfacet
   facet normal -7.637830e-01 0.000000e+00 -6.454731e-01
      outer loop
         vertex 6.530059e+01 8.774825e+01 1.320309e+02
         vertex 6.530059e+01 9.254825e+01 1.320309e+02
         vertex 6.548050e+01 8.774825e+01 1.318180e+02
      endloop
   endfacet
   facet normal -7.402764e-01 2.070822e-03 -6.722995e-01
      outer loop
         vertex 6.548050e+01 8.774825e+01 1.318180e+02
         vertex 6.530059e+01 9.254825e+01 1.320309e+02
         vertex 6.572272e+01 9.254825e+01 1.315661e+02
      endloop
   endfacet
   facet normal -7.208570e-01 0.000000e+00 -6.930839e-01
      outer loop
         vertex 6.548050e+01 8.774825e+01 1.318180e+02
         vertex 6.572272e+01 9.254825e+01 1.315661e+02
         vertex 6.572272e+01 8.774825e+01 1.315661e+02
      endloop
   endfacet
   facet normal -6.894959e-01 0.000000e+00 -7.242896e-01
      outer loop
         vertex 6.572272e+01 8.774825e+01 1.315661e+02
         vertex 6.572272e+01 9.254825e+01 1.315661e+02
         vertex 6.578361e+01 8.774825e+01 1.315081e+02
      endloop
   endfacet
   facet normal -7.915856e-01 0.000000e+00 -6.110583e-01
      outer loop
         vertex 6.530059e+01 8.774825e+01 1.320309e+02
         vertex 6.520596e+01 8.774825e+01 1.321535e+02
         vertex 6.530059e+01 9.254825e+01 1.320309e+02
      endloop
   endfacet
   facet normal -8.268303e-01 1.936265e-03 -5.624482e-01
      outer loop
         vertex 6.530059e+01 9.254825e+01 1.320309e+02
         vertex 6.520596e+01 8.774825e+01 1.321535e+02
         vertex 6.496214e+01 8.774825e+01 1.325119e+02
      endloop
   endfacet
   facet normal -8.201721e-01 4.979293e-04 -5.721167e-01
      outer loop
         vertex 6.530059e+01 9.254825e+01 1.320309e+02
         vertex 6.496214e+01 8.774825e+01 1.325119e+02
         vertex 6.494136e+01 9.254825e+01 1.325459e+02
      endloop
   endfacet
   facet normal -8.530307e-01 0.000000e+00 -5.218607e-01
      outer loop
         vertex 6.496214e+01 8.774825e+01 1.325119e+02
         vertex 6.494136e+01 8.774825e+01 1.325459e+02
         vertex 6.494136e+01 9.254825e+01 1.325459e+02
      endloop
   endfacet
   facet normal -8.752779e-01 -0.000000e+00 -4.836204e-01
      outer loop
         vertex 6.494136e+01 9.254825e+01 1.325459e+02
         vertex 6.494136e+01 8.774825e+01 1.325459e+02
         vertex 6.475096e+01 8.774825e+01 1.328905e+02
      endloop
   endfacet
   facet normal -8.865975e-01 1.962561e-03 -4.625376e-01
      outer loop
         vertex 6.494136e+01 9.254825e+01 1.325459e+02
         vertex 6.475096e+01 8.774825e+01 1.328905e+02
         vertex 6.465094e+01 9.254825e+01 1.331025e+02
      endloop
   endfacet
   facet normal -9.044652e-01 0.000000e+00 -4.265474e-01
      outer loop
         vertex 6.475096e+01 8.774825e+01 1.328905e+02
         vertex 6.465094e+01 8.774825e+01 1.331025e+02
         vertex 6.465094e+01 9.254825e+01 1.331025e+02
      endloop
   endfacet
   facet normal -9.224478e-01 -0.000000e+00 -3.861217e-01
      outer loop
         vertex 6.465094e+01 9.254825e+01 1.331025e+02
         vertex 6.465094e+01 8.774825e+01 1.331025e+02
         vertex 6.457406e+01 8.774825e+01 1.332862e+02
      endloop
   endfacet
   facet normal -9.384669e-01 1.816042e-03 -3.453645e-01
      outer loop
         vertex 6.465094e+01 9.254825e+01 1.331025e+02
         vertex 6.457406e+01 8.774825e+01 1.332862e+02
         vertex 6.443409e+01 9.254825e+01 1.336918e+02
      endloop
   endfacet
   facet normal -9.454386e-01 -4.038738e-05 -3.258005e-01
      outer loop
         vertex 6.457406e+01 8.774825e+01 1.332862e+02
         vertex 6.443283e+01 8.774825e+01 1.336960e+02
         vertex 6.443409e+01 9.254825e+01 1.336918e+02
      endloop
   endfacet
   facet normal -9.705331e-01 4.116259e-05 -2.409679e-01
      outer loop
         vertex 6.443409e+01 9.254825e+01 1.336918e+02
         vertex 6.443283e+01 8.774825e+01 1.336960e+02
         vertex 6.432837e+01 8.774825e+01 1.341168e+02
      endloop
   endfacet
   facet normal -9.749264e-01 1.771122e-03 -2.225204e-01
      outer loop
         vertex 6.443409e+01 9.254825e+01 1.336918e+02
         vertex 6.432837e+01 8.774825e+01 1.341168e+02
         vertex 6.429437e+01 9.254825e+01 1.343039e+02
      endloop
   endfacet
   facet normal -9.974565e-01 0.000000e+00 -7.127730e-02
      outer loop
         vertex 6.423408e+01 8.774825e+01 1.349289e+02
         vertex 6.423408e+01 9.254825e+01 1.349289e+02
         vertex 6.426151e+01 8.774825e+01 1.345450e+02
      endloop
   endfacet
   facet normal -9.953772e-01 1.990880e-03 -9.602263e-02
      outer loop
         vertex 6.426151e+01 8.774825e+01 1.345450e+02
         vertex 6.423408e+01 9.254825e+01 1.349289e+02
         vertex 6.429437e+01 9.254825e+01 1.343039e+02
      endloop
   endfacet
   facet normal -9.908403e-01 0.000000e+00 -1.350388e-01
      outer loop
         vertex 6.426151e+01 8.774825e+01 1.345450e+02
         vertex 6.429437e+01 9.254825e+01 1.343039e+02
         vertex 6.429437e+01 8.774825e+01 1.343039e+02
      endloop
   endfacet
   facet normal -9.838974e-01 0.000000e+00 -1.787342e-01
      outer loop
         vertex 6.429437e+01 8.774825e+01 1.343039e+02
         vertex 6.429437e+01 9.254825e+01 1.343039e+02
         vertex 6.432837e+01 8.774825e+01 1.341168e+02
      endloop
   endfacet
   facet normal -9.996331e-01 0.000000e+00 -2.708684e-02
      outer loop
         vertex 6.423408e+01 8.774825e+01 1.349289e+02
         vertex 6.423276e+01 8.774825e+01 1.349776e+02
         vertex 6.423408e+01 9.254825e+01 1.349289e+02
      endloop
   endfacet
   facet normal -9.997552e-01 4.988328e-04 2.212211e-02
      outer loop
         vertex 6.423408e+01 9.254825e+01 1.349289e+02
         vertex 6.423276e+01 8.774825e+01 1.349776e+02
         vertex 6.424235e+01 8.774825e+01 1.354110e+02
      endloop
   endfacet
   facet normal -9.994851e-01 1.496445e-03 3.205147e-02
      outer loop
         vertex 6.423408e+01 9.254825e+01 1.349289e+02
         vertex 6.424235e+01 8.774825e+01 1.354110e+02
         vertex 6.425420e+01 9.254825e+01 1.355565e+02
      endloop
   endfacet
   facet normal -9.820736e-01 0.000000e+00 1.884981e-01
      outer loop
         vertex 6.435441e+01 8.774825e+01 1.361763e+02
         vertex 6.435441e+01 9.254825e+01 1.361763e+02
         vertex 6.429020e+01 8.774825e+01 1.358418e+02
      endloop
   endfacet
   facet normal -9.871797e-01 2.082391e-03 1.595992e-01
      outer loop
         vertex 6.429020e+01 8.774825e+01 1.358418e+02
         vertex 6.435441e+01 9.254825e+01 1.361763e+02
         vertex 6.425420e+01 9.254825e+01 1.355565e+02
      endloop
   endfacet
   facet normal -9.921328e-01 0.000000e+00 1.251901e-01
      outer loop
         vertex 6.429020e+01 8.774825e+01 1.358418e+02
         vertex 6.425420e+01 9.254825e+01 1.355565e+02
         vertex 6.425420e+01 8.774825e+01 1.355565e+02
      endloop
   endfacet
   facet normal -9.966993e-01 0.000000e+00 8.118154e-02
      outer loop
         vertex 6.425420e+01 8.774825e+01 1.355565e+02
         vertex 6.425420e+01 9.254825e+01 1.355565e+02
         vertex 6.424235e+01 8.774825e+01 1.354110e+02
      endloop
   endfacet
   facet normal -9.727742e-01 0.000000e+00 2.317549e-01
      outer loop
         vertex 6.435441e+01 8.774825e+01 1.361763e+02
         vertex 6.437595e+01 8.774825e+01 1.362667e+02
         vertex 6.435441e+01 9.254825e+01 1.361763e+02
      endloop
   endfacet
   facet normal -9.589239e-01 1.039597e-03 2.836616e-01
      outer loop
         vertex 6.435441e+01 9.254825e+01 1.361763e+02
         vertex 6.437595e+01 8.774825e+01 1.362667e+02
         vertex 6.449891e+01 8.774825e+01 1.366824e+02
      endloop
   endfacet
   facet normal -9.586672e-01 1.138611e-03 2.845274e-01
      outer loop
         vertex 6.435441e+01 9.254825e+01 1.361763e+02
         vertex 6.449891e+01 8.774825e+01 1.366824e+02
         vertex 6.453307e+01 9.254825e+01 1.367783e+02
      endloop
   endfacet
   facet normal -9.001837e-01 0.000000e+00 4.355104e-01
      outer loop
         vertex 6.478722e+01 8.774825e+01 1.373524e+02
         vertex 6.478722e+01 9.254825e+01 1.373524e+02
         vertex 6.465813e+01 8.774825e+01 1.370856e+02
      endloop
   endfacet
   facet normal -9.144106e-01 2.090755e-03 4.047825e-01
      outer loop
         vertex 6.465813e+01 8.774825e+01 1.370856e+02
         vertex 6.478722e+01 9.254825e+01 1.373524e+02
         vertex 6.453307e+01 9.254825e+01 1.367783e+02
      endloop
   endfacet
   facet normal -9.262375e-01 0.000000e+00 3.769404e-01
      outer loop
         vertex 6.465813e+01 8.774825e+01 1.370856e+02
         vertex 6.453307e+01 9.254825e+01 1.367783e+02
         vertex 6.453307e+01 8.774825e+01 1.367783e+02
      endloop
   endfacet
   facet normal -9.420042e-01 0.000000e+00 3.356012e-01
      outer loop
         vertex 6.453307e+01 8.774825e+01 1.367783e+02
         vertex 6.453307e+01 9.254825e+01 1.367783e+02
         vertex 6.449891e+01 8.774825e+01 1.366824e+02
      endloop
   endfacet
   facet normal -8.800389e-01 0.000000e+00 4.749017e-01
      outer loop
         vertex 6.478722e+01 8.774825e+01 1.373524e+02
         vertex 6.485236e+01 8.774825e+01 1.374731e+02
         vertex 6.478722e+01 9.254825e+01 1.373524e+02
      endloop
   endfacet
   facet normal -8.509000e-01 1.663473e-03 5.253251e-01
      outer loop
         vertex 6.478722e+01 9.254825e+01 1.373524e+02
         vertex 6.485236e+01 8.774825e+01 1.374731e+02
         vertex 6.508009e+01 8.774825e+01 1.378420e+02
      endloop
   endfacet
   facet normal -8.551424e-01 6.975740e-04 5.183926e-01
      outer loop
         vertex 6.478722e+01 9.254825e+01 1.373524e+02
         vertex 6.508009e+01 8.774825e+01 1.378420e+02
         vertex 6.511272e+01 9.254825e+01 1.378894e+02
      endloop
   endfacet
   facet normal -7.573327e-01 0.000000e+00 6.530293e-01
      outer loop
         vertex 6.550420e+01 8.774825e+01 1.383803e+02
         vertex 6.550420e+01 9.254825e+01 1.383803e+02
         vertex 6.533951e+01 8.774825e+01 1.381893e+02
      endloop
   endfacet
   facet normal -7.818298e-01 2.015870e-03 6.234886e-01
      outer loop
         vertex 6.533951e+01 8.774825e+01 1.381893e+02
         vertex 6.550420e+01 9.254825e+01 1.383803e+02
         vertex 6.511272e+01 9.254825e+01 1.378894e+02
      endloop
   endfacet
   facet normal -7.976172e-01 0.000000e+00 6.031641e-01
      outer loop
         vertex 6.533951e+01 8.774825e+01 1.381893e+02
         vertex 6.511272e+01 9.254825e+01 1.378894e+02
         vertex 6.511272e+01 8.774825e+01 1.378894e+02
      endloop
   endfacet
   facet normal -8.235169e-01 0.000000e+00 5.672917e-01
      outer loop
         vertex 6.511272e+01 8.774825e+01 1.378894e+02
         vertex 6.511272e+01 9.254825e+01 1.378894e+02
         vertex 6.508009e+01 8.774825e+01 1.378420e+02
      endloop
   endfacet
   facet normal -7.277070e-01 0.000000e+00 6.858881e-01
      outer loop
         vertex 6.550420e+01 8.774825e+01 1.383803e+02
         vertex 6.562862e+01 8.774825e+01 1.385123e+02
         vertex 6.550420e+01 9.254825e+01 1.383803e+02
      endloop
   endfacet
   facet normal -6.832536e-01 2.370350e-03 7.301773e-01
      outer loop
         vertex 6.550420e+01 9.254825e+01 1.383803e+02
         vertex 6.562862e+01 8.774825e+01 1.385123e+02
         vertex 6.594515e+01 8.774825e+01 1.388084e+02
      endloop
   endfacet
   facet normal -6.956829e-01 1.733798e-04 7.183490e-01
      outer loop
         vertex 6.550420e+01 9.254825e+01 1.383803e+02
         vertex 6.594515e+01 8.774825e+01 1.388084e+02
         vertex 6.595524e+01 9.254825e+01 1.388171e+02
      endloop
   endfacet
   facet normal -6.492786e-01 0.000000e+00 7.605506e-01
      outer loop
         vertex 6.594515e+01 8.774825e+01 1.388084e+02
         vertex 6.595524e+01 8.774825e+01 1.388171e+02
         vertex 6.595524e+01 9.254825e+01 1.388171e+02
      endloop
   endfacet
   facet normal -6.149810e-01 0.000000e+00 7.885419e-01
      outer loop
         vertex 6.595524e+01 9.254825e+01 1.388171e+02
         vertex 6.595524e+01 8.774825e+01 1.388171e+02
         vertex 6.628661e+01 8.774825e+01 1.390755e+02
      endloop
   endfacet
   facet normal -5.981094e-01 1.857658e-03 8.014123e-01
      outer loop
         vertex 6.595524e+01 9.254825e+01 1.388171e+02
         vertex 6.628661e+01 8.774825e+01 1.390755e+02
         vertex 6.645844e+01 9.254825e+01 1.391926e+02
      endloop
   endfacet
   facet normal -4.705254e-01 0.000000e+00 8.823865e-01
      outer loop
         vertex 6.700553e+01 8.774825e+01 1.395007e+02
         vertex 6.700553e+01 9.254825e+01 1.395007e+02
         vertex 6.665033e+01 8.774825e+01 1.393113e+02
      endloop
   endfacet
   facet normal -4.907162e-01 1.930896e-03 8.713173e-01
      outer loop
         vertex 6.665033e+01 8.774825e+01 1.393113e+02
         vertex 6.700553e+01 9.254825e+01 1.395007e+02
         vertex 6.645844e+01 9.254825e+01 1.391926e+02
      endloop
   endfacet
   facet normal -5.260925e-01 0.000000e+00 8.504274e-01
      outer loop
         vertex 6.665033e+01 8.774825e+01 1.393113e+02
         vertex 6.645844e+01 9.254825e+01 1.391926e+02
         vertex 6.645844e+01 8.774825e+01 1.391926e+02
      endloop
   endfacet
   facet normal -5.631960e-01 0.000000e+00 8.263233e-01
      outer loop
         vertex 6.645844e+01 8.774825e+01 1.391926e+02
         vertex 6.645844e+01 9.254825e+01 1.391926e+02
         vertex 6.628661e+01 8.774825e+01 1.390755e+02
      endloop
   endfacet
   facet normal -4.310388e-01 0.000000e+00 9.023334e-01
      outer loop
         vertex 6.700553e+01 8.774825e+01 1.395007e+02
         vertex 6.703348e+01 8.774825e+01 1.395141e+02
         vertex 6.700553e+01 9.254825e+01 1.395007e+02
      endloop
   endfacet
   facet normal -3.877873e-01 3.058358e-04 9.217488e-01
      outer loop
         vertex 6.700553e+01 9.254825e+01 1.395007e+02
         vertex 6.703348e+01 8.774825e+01 1.395141e+02
         vertex 6.743304e+01 8.774825e+01 1.396822e+02
      endloop
   endfacet
   facet normal -3.752666e-01 1.616315e-03 9.269155e-01
      outer loop
         vertex 6.700553e+01 9.254825e+01 1.395007e+02
         vertex 6.743304e+01 8.774825e+01 1.396822e+02
         vertex 6.758753e+01 9.254825e+01 1.397364e+02
      endloop
   endfacet
   facet normal -1.491889e-01 1.558306e-02 9.886859e-01
      outer loop
         vertex 6.873764e+01 8.821771e+01 1.399701e+02
         vertex 6.874523e+01 8.825192e+01 1.399707e+02
         vertex 6.819488e+01 8.774825e+01 1.398956e+02
      endloop
   endfacet
   facet normal -1.352183e-01 0.000000e+00 9.908158e-01
      outer loop
         vertex 6.819488e+01 8.774825e+01 1.398956e+02
         vertex 6.874523e+01 8.825192e+01 1.399707e+02
         vertex 6.819488e+01 9.254825e+01 1.398956e+02
      endloop
   endfacet
   facet normal -2.269209e-01 0.000000e+00 9.739132e-01
      outer loop
         vertex 6.819488e+01 8.774825e+01 1.398956e+02
         vertex 6.819488e+01 9.254825e+01 1.398956e+02
         vertex 6.784590e+01 8.774825e+01 1.398143e+02
      endloop
   endfacet
   facet normal -2.536544e-01 2.055787e-03 9.672927e-01
      outer loop
         vertex 6.784590e+01 8.774825e+01 1.398143e+02
         vertex 6.819488e+01 9.254825e+01 1.398956e+02
         vertex 6.758753e+01 9.254825e+01 1.397364e+02
      endloop
   endfacet
   facet normal -2.888535e-01 0.000000e+00 9.573733e-01
      outer loop
         vertex 6.784590e+01 8.774825e+01 1.398143e+02
         vertex 6.758753e+01 9.254825e+01 1.397364e+02
         vertex 6.758753e+01 8.774825e+01 1.397364e+02
      endloop
   endfacet
   facet normal -3.309180e-01 0.000000e+00 9.436595e-01
      outer loop
         vertex 6.758753e+01 8.774825e+01 1.397364e+02
         vertex 6.758753e+01 9.254825e+01 1.397364e+02
         vertex 6.743304e+01 8.774825e+01 1.396822e+02
      endloop
   endfacet
   facet normal 2.888535e-01 -0.000000e+00 9.573733e-01
      outer loop
         vertex 7.067559e+01 8.774825e+01 1.397364e+02
         vertex 7.067559e+01 9.254825e+01 1.397364e+02
         vertex 7.041722e+01 8.774825e+01 1.398143e+02
      endloop
   endfacet
   facet normal 2.536544e-01 2.055787e-03 9.672927e-01
      outer loop
         vertex 7.041722e+01 8.774825e+01 1.398143e+02
         vertex 7.067559e+01 9.254825e+01 1.397364e+02
         vertex 7.006824e+01 9.254825e+01 1.398956e+02
      endloop
   endfacet
   facet normal 2.269209e-01 0.000000e+00 9.739132e-01
      outer loop
         vertex 7.041722e+01 8.774825e+01 1.398143e+02
         vertex 7.006824e+01 9.254825e+01 1.398956e+02
         vertex 7.006824e+01 8.774825e+01 1.398956e+02
      endloop
   endfacet
   facet normal 1.328057e-01 -0.000000e+00 9.911421e-01
      outer loop
         vertex 7.006824e+01 8.774825e+01 1.398956e+02
         vertex 7.006824e+01 9.254825e+01 1.398956e+02
         vertex 6.949411e+01 8.831725e+01 1.399725e+02
      endloop
   endfacet
   facet normal 1.719341e-01 4.040933e-02 9.842793e-01
      outer loop
         vertex 7.006824e+01 8.774825e+01 1.398956e+02
         vertex 6.949411e+01 8.831725e+01 1.399725e+02
         vertex 6.950744e+01 8.828506e+01 1.399715e+02
      endloop
   endfacet
   facet normal 3.309180e-01 -0.000000e+00 9.436595e-01
      outer loop
         vertex 7.067559e+01 8.774825e+01 1.397364e+02
         vertex 7.083008e+01 8.774825e+01 1.396822e+02
         vertex 7.067559e+01 9.254825e+01 1.397364e+02
      endloop
   endfacet
   facet normal 3.877865e-01 2.077598e-03 9.217469e-01
      outer loop
         vertex 7.067559e+01 9.254825e+01 1.397364e+02
         vertex 7.083008e+01 8.774825e+01 1.396822e+02
         vertex 7.122964e+01 8.774825e+01 1.395141e+02
      endloop
   endfacet
   facet normal 3.752671e-01 3.931096e-04 9.269167e-01
      outer loop
         vertex 7.067559e+01 9.254825e+01 1.397364e+02
         vertex 7.122964e+01 8.774825e+01 1.395141e+02
         vertex 7.125759e+01 9.254825e+01 1.395007e+02
      endloop
   endfacet
   facet normal 4.310388e-01 0.000000e+00 9.023334e-01
      outer loop
         vertex 7.122964e+01 8.774825e+01 1.395141e+02
         vertex 7.125759e+01 8.774825e+01 1.395007e+02
         vertex 7.125759e+01 9.254825e+01 1.395007e+02
      endloop
   endfacet
   facet normal 4.705254e-01 0.000000e+00 8.823865e-01
      outer loop
         vertex 7.125759e+01 9.254825e+01 1.395007e+02
         vertex 7.125759e+01 8.774825e+01 1.395007e+02
         vertex 7.161279e+01 8.774825e+01 1.393113e+02
      endloop
   endfacet
   facet normal 4.907162e-01 1.930896e-03 8.713173e-01
      outer loop
         vertex 7.125759e+01 9.254825e+01 1.395007e+02
         vertex 7.161279e+01 8.774825e+01 1.393113e+02
         vertex 7.180468e+01 9.254825e+01 1.391926e+02
      endloop
   endfacet
   facet normal 5.260925e-01 0.000000e+00 8.504274e-01
      outer loop
         vertex 7.161279e+01 8.774825e+01 1.393113e+02
         vertex 7.180468e+01 8.774825e+01 1.391926e+02
         vertex 7.180468e+01 9.254825e+01 1.391926e+02
      endloop
   endfacet
   facet normal 5.631960e-01 0.000000e+00 8.263233e-01
      outer loop
         vertex 7.180468e+01 9.254825e+01 1.391926e+02
         vertex 7.180468e+01 8.774825e+01 1.391926e+02
         vertex 7.197651e+01 8.774825e+01 1.390755e+02
      endloop
   endfacet
   facet normal 5.981094e-01 1.857658e-03 8.014123e-01
      outer loop
         vertex 7.180468e+01 9.254825e+01 1.391926e+02
         vertex 7.197651e+01 8.774825e+01 1.390755e+02
         vertex 7.230788e+01 9.254825e+01 1.388171e+02
      endloop
   endfacet
   facet normal 6.149810e-01 0.000000e+00 7.885419e-01
      outer loop
         vertex 7.230788e+01 9.254825e+01 1.388171e+02
         vertex 7.197651e+01 8.774825e+01 1.390755e+02
         vertex 7.230788e+01 8.774825e+01 1.388171e+02
      endloop
   endfacet
   facet normal 6.956829e-01 0.000000e+00 7.183490e-01
      outer loop
         vertex 7.230788e+01 9.254825e+01 1.388171e+02
         vertex 7.230788e+01 8.774825e+01 1.388171e+02
         vertex 7.275892e+01 9.254825e+01 1.383803e+02
      endloop
   endfacet
   facet normal 6.492568e-01 8.200663e-03 7.605251e-01
      outer loop
         vertex 7.275892e+01 9.254825e+01 1.383803e+02
         vertex 7.230788e+01 8.774825e+01 1.388171e+02
         vertex 7.231798e+01 8.774825e+01 1.388084e+02
      endloop
   endfacet
   facet normal 6.832536e-01 2.370350e-03 7.301773e-01
      outer loop
         vertex 7.275892e+01 9.254825e+01 1.383803e+02
         vertex 7.231798e+01 8.774825e+01 1.388084e+02
         vertex 7.263450e+01 8.774825e+01 1.385123e+02
      endloop
   endfacet
   facet normal 7.976172e-01 -0.000000e+00 6.031641e-01
      outer loop
         vertex 7.315040e+01 8.774825e+01 1.378894e+02
         vertex 7.315040e+01 9.254825e+01 1.378894e+02
         vertex 7.292361e+01 8.774825e+01 1.381893e+02
      endloop
   endfacet
   facet normal 7.818298e-01 2.015870e-03 6.234886e-01
      outer loop
         vertex 7.292361e+01 8.774825e+01 1.381893e+02
         vertex 7.315040e+01 9.254825e+01 1.378894e+02
         vertex 7.275892e+01 9.254825e+01 1.383803e+02
      endloop
   endfacet
   facet normal 7.573327e-01 0.000000e+00 6.530293e-01
      outer loop
         vertex 7.292361e+01 8.774825e+01 1.381893e+02
         vertex 7.275892e+01 9.254825e+01 1.383803e+02
         vertex 7.275892e+01 8.774825e+01 1.383803e+02
      endloop
   endfacet
   facet normal 7.277070e-01 -0.000000e+00 6.858881e-01
      outer loop
         vertex 7.275892e+01 8.774825e+01 1.383803e+02
         vertex 7.275892e+01 9.254825e+01 1.383803e+02
         vertex 7.263450e+01 8.774825e+01 1.385123e+02
      endloop
   endfacet
   facet normal 8.235169e-01 -0.000000e+00 5.672917e-01
      outer loop
         vertex 7.315040e+01 8.774825e+01 1.378894e+02
         vertex 7.318304e+01 8.774825e+01 1.378420e+02
         vertex 7.315040e+01 9.254825e+01 1.378894e+02
      endloop
   endfacet
   facet normal 8.509010e-01 6.003187e-04 5.253257e-01
      outer loop
         vertex 7.315040e+01 9.254825e+01 1.378894e+02
         vertex 7.318304e+01 8.774825e+01 1.378420e+02
         vertex 7.341076e+01 8.774825e+01 1.374731e+02
      endloop
   endfacet
   facet normal 8.551418e-01 1.431563e-03 5.183922e-01
      outer loop
         vertex 7.315040e+01 9.254825e+01 1.378894e+02
         vertex 7.341076e+01 8.774825e+01 1.374731e+02
         vertex 7.347590e+01 9.254825e+01 1.373524e+02
      endloop
   endfacet
   facet normal 9.262375e-01 -0.000000e+00 3.769404e-01
      outer loop
         vertex 7.373006e+01 8.774825e+01 1.367783e+02
         vertex 7.373006e+01 9.254825e+01 1.367783e+02
         vertex 7.360499e+01 8.774825e+01 1.370856e+02
      endloop
   endfacet
   facet normal 9.144106e-01 2.090755e-03 4.047825e-01
      outer loop
         vertex 7.360499e+01 8.774825e+01 1.370856e+02
         vertex 7.373006e+01 9.254825e+01 1.367783e+02
         vertex 7.347590e+01 9.254825e+01 1.373524e+02
      endloop
   endfacet
   facet normal 9.001837e-01 0.000000e+00 4.355104e-01
      outer loop
         vertex 7.360499e+01 8.774825e+01 1.370856e+02
         vertex 7.347590e+01 9.254825e+01 1.373524e+02
         vertex 7.347590e+01 8.774825e+01 1.373524e+02
      endloop
   endfacet
   facet normal 8.800389e-01 -0.000000e+00 4.749017e-01
      outer loop
         vertex 7.347590e+01 8.774825e+01 1.373524e+02
         vertex 7.347590e+01 9.254825e+01 1.373524e+02
         vertex 7.341076e+01 8.774825e+01 1.374731e+02
      endloop
   endfacet
   facet normal 9.420042e-01 -0.000000e+00 3.356012e-01
      outer loop
         vertex 7.373006e+01 8.774825e+01 1.367783e+02
         vertex 7.376421e+01 8.774825e+01 1.366824e+02
         vertex 7.373006e+01 9.254825e+01 1.367783e+02
      endloop
   endfacet
   facet normal 9.589238e-01 1.157730e-03 2.836616e-01
      outer loop
         vertex 7.373006e+01 9.254825e+01 1.367783e+02
         vertex 7.376421e+01 8.774825e+01 1.366824e+02
         vertex 7.388717e+01 8.774825e+01 1.362667e+02
      endloop
   endfacet
   facet normal 9.586673e-01 1.057053e-03 2.845275e-01
      outer loop
         vertex 7.373006e+01 9.254825e+01 1.367783e+02
         vertex 7.388717e+01 8.774825e+01 1.362667e+02
         vertex 7.390871e+01 9.254825e+01 1.361763e+02
      endloop
   endfacet
   facet normal 9.921328e-01 -0.000000e+00 1.251901e-01
      outer loop
         vertex 7.400892e+01 8.774825e+01 1.355565e+02
         vertex 7.400892e+01 9.254825e+01 1.355565e+02
         vertex 7.397292e+01 8.774825e+01 1.358418e+02
      endloop
   endfacet
   facet normal 9.871797e-01 2.082391e-03 1.595992e-01
      outer loop
         vertex 7.397292e+01 8.774825e+01 1.358418e+02
         vertex 7.400892e+01 9.254825e+01 1.355565e+02
         vertex 7.390871e+01 9.254825e+01 1.361763e+02
      endloop
   endfacet
   facet normal 9.820736e-01 0.000000e+00 1.884981e-01
      outer loop
         vertex 7.397292e+01 8.774825e+01 1.358418e+02
         vertex 7.390871e+01 9.254825e+01 1.361763e+02
         vertex 7.390871e+01 8.774825e+01 1.361763e+02
      endloop
   endfacet
   facet normal 9.727742e-01 -0.000000e+00 2.317549e-01
      outer loop
         vertex 7.390871e+01 8.774825e+01 1.361763e+02
         vertex 7.390871e+01 9.254825e+01 1.361763e+02
         vertex 7.388717e+01 8.774825e+01 1.362667e+02
      endloop
   endfacet
   facet normal 9.966993e-01 -0.000000e+00 8.118154e-02
      outer loop
         vertex 7.400892e+01 8.774825e+01 1.355565e+02
         vertex 7.402077e+01 8.774825e+01 1.354110e+02
         vertex 7.400892e+01 9.254825e+01 1.355565e+02
      endloop
   endfacet
   facet normal 9.997537e-01 1.798156e-03 2.212207e-02
      outer loop
         vertex 7.400892e+01 9.254825e+01 1.355565e+02
         vertex 7.402077e+01 8.774825e+01 1.354110e+02
         vertex 7.403036e+01 8.774825e+01 1.349776e+02
      endloop
   endfacet
   facet normal 9.994860e-01 5.994068e-04 3.205150e-02
      outer loop
         vertex 7.400892e+01 9.254825e+01 1.355565e+02
         vertex 7.403036e+01 8.774825e+01 1.349776e+02
         vertex 7.402904e+01 9.254825e+01 1.349289e+02
      endloop
   endfacet
   facet normal 9.996331e-01 0.000000e+00 -2.708684e-02
      outer loop
         vertex 7.403036e+01 8.774825e+01 1.349776e+02
         vertex 7.402904e+01 8.774825e+01 1.349289e+02
         vertex 7.402904e+01 9.254825e+01 1.349289e+02
      endloop
   endfacet
   facet normal 9.974565e-01 0.000000e+00 -7.127730e-02
      outer loop
         vertex 7.402904e+01 9.254825e+01 1.349289e+02
         vertex 7.402904e+01 8.774825e+01 1.349289e+02
         vertex 7.400161e+01 8.774825e+01 1.345450e+02
      endloop
   endfacet
   facet normal 9.953772e-01 1.990880e-03 -9.602263e-02
      outer loop
         vertex 7.402904e+01 9.254825e+01 1.349289e+02
         vertex 7.400161e+01 8.774825e+01 1.345450e+02
         vertex 7.396875e+01 9.254825e+01 1.343039e+02
      endloop
   endfacet
   facet normal 9.908403e-01 0.000000e+00 -1.350388e-01
      outer loop
         vertex 7.400161e+01 8.774825e+01 1.345450e+02
         vertex 7.396875e+01 8.774825e+01 1.343039e+02
         vertex 7.396875e+01 9.254825e+01 1.343039e+02
      endloop
   endfacet
   facet normal 9.838974e-01 0.000000e+00 -1.787342e-01
      outer loop
         vertex 7.396875e+01 9.254825e+01 1.343039e+02
         vertex 7.396875e+01 8.774825e+01 1.343039e+02
         vertex 7.393475e+01 8.774825e+01 1.341168e+02
      endloop
   endfacet
   facet normal 9.749264e-01 1.771122e-03 -2.225204e-01
      outer loop
         vertex 7.396875e+01 9.254825e+01 1.343039e+02
         vertex 7.393475e+01 8.774825e+01 1.341168e+02
         vertex 7.382903e+01 9.254825e+01 1.336918e+02
      endloop
   endfacet
   facet normal 9.705331e-01 4.116259e-05 -2.409679e-01
      outer loop
         vertex 7.393475e+01 8.774825e+01 1.341168e+02
         vertex 7.383029e+01 8.774825e+01 1.336960e+02
         vertex 7.382903e+01 9.254825e+01 1.336918e+02
      endloop
   endfacet
   facet normal 9.454386e-01 -4.038738e-05 -3.258005e-01
      outer loop
         vertex 7.382903e+01 9.254825e+01 1.336918e+02
         vertex 7.383029e+01 8.774825e+01 1.336960e+02
         vertex 7.368906e+01 8.774825e+01 1.332862e+02
      endloop
   endfacet
   facet normal 9.384669e-01 1.816042e-03 -3.453645e-01
      outer loop
         vertex 7.382903e+01 9.254825e+01 1.336918e+02
         vertex 7.368906e+01 8.774825e+01 1.332862e+02
         vertex 7.361218e+01 9.254825e+01 1.331025e+02
      endloop
   endfacet
   facet normal 8.752779e-01 0.000000e+00 -4.836204e-01
      outer loop
         vertex 7.332176e+01 8.774825e+01 1.325459e+02
         vertex 7.332176e+01 9.254825e+01 1.325459e+02
         vertex 7.351216e+01 8.774825e+01 1.328905e+02
      endloop
   endfacet
   facet normal 8.865975e-01 1.962561e-03 -4.625376e-01
      outer loop
         vertex 7.351216e+01 8.774825e+01 1.328905e+02
         vertex 7.332176e+01 9.254825e+01 1.325459e+02
         vertex 7.361218e+01 9.254825e+01 1.331025e+02
      endloop
   endfacet
   facet normal 9.044652e-01 0.000000e+00 -4.265474e-01
      outer loop
         vertex 7.351216e+01 8.774825e+01 1.328905e+02
         vertex 7.361218e+01 9.254825e+01 1.331025e+02
         vertex 7.361218e+01 8.774825e+01 1.331025e+02
      endloop
   endfacet
   facet normal 9.224478e-01 0.000000e+00 -3.861217e-01
      outer loop
         vertex 7.361218e+01 8.774825e+01 1.331025e+02
         vertex 7.361218e+01 9.254825e+01 1.331025e+02
         vertex 7.368906e+01 8.774825e+01 1.332862e+02
      endloop
   endfacet
   facet normal 8.530307e-01 0.000000e+00 -5.218607e-01
      outer loop
         vertex 7.332176e+01 8.774825e+01 1.325459e+02
         vertex 7.330098e+01 8.774825e+01 1.325119e+02
         vertex 7.332176e+01 9.254825e+01 1.325459e+02
      endloop
   endfacet
   facet normal 8.268317e-01 4.006785e-04 -5.624492e-01
      outer loop
         vertex 7.332176e+01 9.254825e+01 1.325459e+02
         vertex 7.330098e+01 8.774825e+01 1.325119e+02
         vertex 7.305716e+01 8.774825e+01 1.321535e+02
      endloop
   endfacet
   facet normal 8.201712e-01 1.558082e-03 -5.721161e-01
      outer loop
         vertex 7.332176e+01 9.254825e+01 1.325459e+02
         vertex 7.305716e+01 8.774825e+01 1.321535e+02
         vertex 7.296254e+01 9.254825e+01 1.320309e+02
      endloop
   endfacet
   facet normal 7.208570e-01 0.000000e+00 -6.930839e-01
      outer loop
         vertex 7.254041e+01 8.774825e+01 1.315661e+02
         vertex 7.254041e+01 9.254825e+01 1.315661e+02
         vertex 7.278263e+01 8.774825e+01 1.318180e+02
      endloop
   endfacet
   facet normal 7.402764e-01 2.070822e-03 -6.722995e-01
      outer loop
         vertex 7.278263e+01 8.774825e+01 1.318180e+02
         vertex 7.254041e+01 9.254825e+01 1.315661e+02
         vertex 7.296254e+01 9.254825e+01 1.320309e+02
      endloop
   endfacet
   facet normal 7.637830e-01 0.000000e+00 -6.454731e-01
      outer loop
         vertex 7.278263e+01 8.774825e+01 1.318180e+02
         vertex 7.296254e+01 9.254825e+01 1.320309e+02
         vertex 7.296254e+01 8.774825e+01 1.320309e+02
      endloop
   endfacet
   facet normal 7.915856e-01 0.000000e+00 -6.110583e-01
      outer loop
         vertex 7.296254e+01 8.774825e+01 1.320309e+02
         vertex 7.296254e+01 9.254825e+01 1.320309e+02
         vertex 7.305716e+01 8.774825e+01 1.321535e+02
      endloop
   endfacet
   facet normal 6.894959e-01 0.000000e+00 -7.242896e-01
      outer loop
         vertex 7.254041e+01 8.774825e+01 1.315661e+02
         vertex 7.247951e+01 8.774825e+01 1.315081e+02
         vertex 7.254041e+01 9.254825e+01 1.315661e+02
      endloop
   endfacet
   facet normal 6.502887e-01 9.248315e-04 -7.596866e-01
      outer loop
         vertex 7.254041e+01 9.254825e+01 1.315661e+02
         vertex 7.247951e+01 8.774825e+01 1.315081e+02
         vertex 7.215020e+01 8.774825e+01 1.312262e+02
      endloop
   endfacet
   facet normal 6.482282e-01 1.216846e-03 -7.614452e-01
      outer loop
         vertex 7.254041e+01 9.254825e+01 1.315661e+02
         vertex 7.215020e+01 8.774825e+01 1.312262e+02
         vertex 7.206230e+01 9.254825e+01 1.311591e+02
      endloop
   endfacet
   facet normal 5.176201e-01 0.000000e+00 -8.556105e-01
      outer loop
         vertex 7.153608e+01 8.774825e+01 1.308165e+02
         vertex 7.153608e+01 9.254825e+01 1.308165e+02
         vertex 7.179726e+01 8.774825e+01 1.309745e+02
      endloop
   endfacet
   facet normal 5.455337e-01 2.095740e-03 -8.380863e-01
      outer loop
         vertex 7.179726e+01 8.774825e+01 1.309745e+02
         vertex 7.153608e+01 9.254825e+01 1.308165e+02
         vertex 7.206230e+01 9.254825e+01 1.311591e+02
      endloop
   endfacet
   facet normal 5.713758e-01 0.000000e+00 -8.206886e-01
      outer loop
         vertex 7.179726e+01 8.774825e+01 1.309745e+02
         vertex 7.206230e+01 9.254825e+01 1.311591e+02
         vertex 7.206230e+01 8.774825e+01 1.311591e+02
      endloop
   endfacet
   facet normal 6.071181e-01 0.000000e+00 -7.946116e-01
      outer loop
         vertex 7.206230e+01 8.774825e+01 1.311591e+02
         vertex 7.206230e+01 9.254825e+01 1.311591e+02
         vertex 7.215020e+01 8.774825e+01 1.312262e+02
      endloop
   endfacet
   facet normal 4.792672e-01 0.000000e+00 -8.776690e-01
      outer loop
         vertex 7.153608e+01 8.774825e+01 1.308165e+02
         vertex 7.142346e+01 8.774825e+01 1.307550e+02
         vertex 7.153608e+01 9.254825e+01 1.308165e+02
      endloop
   endfacet
   facet normal 4.281794e-01 1.532036e-03 -9.036924e-01
      outer loop
         vertex 7.153608e+01 9.254825e+01 1.308165e+02
         vertex 7.142346e+01 8.774825e+01 1.307550e+02
         vertex 7.103172e+01 8.774825e+01 1.305694e+02
      endloop
   endfacet
   facet normal 4.338836e-01 7.924419e-04 -9.009686e-01
      outer loop
         vertex 7.153608e+01 9.254825e+01 1.308165e+02
         vertex 7.103172e+01 8.774825e+01 1.305694e+02
         vertex 7.097037e+01 9.254825e+01 1.305441e+02
      endloop
   endfacet
   facet normal 2.793293e-01 0.000000e+00 -9.601954e-01
      outer loop
         vertex 7.037447e+01 8.774825e+01 1.303462e+02
         vertex 7.037447e+01 9.254825e+01 1.303462e+02
         vertex 7.062511e+01 8.774825e+01 1.304191e+02
      endloop
   endfacet
   facet normal 3.151076e-01 2.037476e-03 -9.490538e-01
      outer loop
         vertex 7.062511e+01 8.774825e+01 1.304191e+02
         vertex 7.037447e+01 9.254825e+01 1.303462e+02
         vertex 7.097037e+01 9.254825e+01 1.305441e+02
      endloop
   endfacet
   facet normal 3.402754e-01 0.000000e+00 -9.403258e-01
      outer loop
         vertex 7.062511e+01 8.774825e+01 1.304191e+02
         vertex 7.097037e+01 9.254825e+01 1.305441e+02
         vertex 7.097037e+01 8.774825e+01 1.305441e+02
      endloop
   endfacet
   facet normal 3.815363e-01 0.000000e+00 -9.243539e-01
      outer loop
         vertex 7.097037e+01 8.774825e+01 1.305441e+02
         vertex 7.097037e+01 9.254825e+01 1.305441e+02
         vertex 7.103172e+01 8.774825e+01 1.305694e+02
      endloop
   endfacet
   facet normal 2.365820e-01 0.000000e+00 -9.716115e-01
      outer loop
         vertex 7.037447e+01 8.774825e+01 1.303462e+02
         vertex 7.020681e+01 8.774825e+01 1.303054e+02
         vertex 7.037447e+01 9.254825e+01 1.303462e+02
      endloop
   endfacet
   facet normal 1.760681e-01 2.222241e-03 -9.843755e-01
      outer loop
         vertex 7.037447e+01 9.254825e+01 1.303462e+02
         vertex 7.020681e+01 8.774825e+01 1.303054e+02
         vertex 6.978009e+01 8.774825e+01 1.302291e+02
      endloop
   endfacet
   facet normal 1.911586e-01 2.848743e-04 -9.815591e-01
      outer loop
         vertex 7.037447e+01 9.254825e+01 1.303462e+02
         vertex 6.978009e+01 8.774825e+01 1.302291e+02
         vertex 6.975816e+01 9.254825e+01 1.302262e+02
      endloop
   endfacet
   facet normal 1.301266e-01 0.000000e+00 -9.914974e-01
      outer loop
         vertex 6.978009e+01 8.774825e+01 1.302291e+02
         vertex 6.975816e+01 8.774825e+01 1.302262e+02
         vertex 6.975816e+01 9.254825e+01 1.302262e+02
      endloop
   endfacet
   facet normal 8.613065e-02 0.000000e+00 -9.962839e-01
      outer loop
         vertex 6.975816e+01 9.254825e+01 1.302262e+02
         vertex 6.975816e+01 8.774825e+01 1.302262e+02
         vertex 6.934830e+01 8.774825e+01 1.301908e+02
      endloop
   endfacet
   facet normal 6.406968e-02 1.895959e-03 -9.979436e-01
      outer loop
         vertex 6.975816e+01 9.254825e+01 1.302262e+02
         vertex 6.934830e+01 8.774825e+01 1.301908e+02
         vertex 6.913156e+01 9.254825e+01 1.301860e+02
      endloop
   endfacet
   facet normal 2.212185e-02 -3.538122e-20 -9.997553e-01
      outer loop
         vertex 6.913156e+01 9.254825e+01 1.301860e+02
         vertex 6.934830e+01 8.774825e+01 1.301908e+02
         vertex 6.913156e+01 8.774825e+01 1.301860e+02
      endloop
   endfacet
   facet normal -2.212185e-02 3.538122e-20 -9.997553e-01
      outer loop
         vertex 6.913156e+01 9.254825e+01 1.301860e+02
         vertex 6.913156e+01 8.774825e+01 1.301860e+02
         vertex 6.891482e+01 8.774825e+01 1.301908e+02
      endloop
   endfacet
   facet normal 0.000000e+00 0.000000e+00 -1.000000e+00
      outer loop
         vertex 7.053156e+01 8.734825e+01 1.362860e+02
         vertex 6.772156e+01 8.734825e+01 1.362860e+02
         vertex 7.051420e+01 8.734977e+01 1.362860e+02
      endloop
   endfacet
   facet normal -0.000000e+00 0.000000e+00 -1.000000e+00
      outer loop
         vertex 7.051420e+01 8.734977e+01 1.362860e+02
         vertex 6.772156e+01 8.734825e+01 1.362860e+02
         vertex 6.773893e+01 8.734977e+01 1.362860e+02
      endloop
   endfacet
   facet normal -0.000000e+00 -0.000000e+00 -1.000000e+00
      outer loop
         vertex 7.045496e+01 8.738397e+01 1.362860e+02
         vertex 7.046728e+01 8.737165e+01 1.362860e+02
         vertex 6.963156e+01 8.744825e+01 1.362860e+02
      endloop
   endfacet
   facet normal 0.000000e+00 0.000000e+00 -1.000000e+00
      outer loop
         vertex 6.963156e+01 8.744825e+01 1.362860e+02
         vertex 7.046728e+01 8.737165e+01 1.362860e+02
         vertex 7.048156e+01 8.736165e+01 1.362860e+02
      endloop
   endfacet
   facet normal 0.000000e+00 0.000000e+00 -1.000000e+00
      outer loop
         vertex 6.963156e+01 8.744825e+01 1.362860e+02
         vertex 7.048156e+01 8.736165e+01 1.362860e+02
         vertex 7.049736e+01 8.735428e+01 1.362860e+02
      endloop
   endfacet
   facet normal 0.000000e+00 0.000000e+00 -1.000000e+00
      outer loop
         vertex 6.777156e+01 8.736165e+01 1.362860e+02
         vertex 6.778584e+01 8.737165e+01 1.362860e+02
         vertex 6.863156e+01 8.744825e+01 1.362860e+02
      endloop
   endfacet
   facet normal -0.000000e+00 -0.000000e+00 -1.000000e+00
      outer loop
         vertex 7.043308e+01 8.743089e+01 1.362860e+02
         vertex 7.043759e+01 8.741405e+01 1.362860e+02
         vertex 6.963156e+01 8.744825e+01 1.362860e+02
      endloop
   endfacet
   facet normal 0.000000e+00 0.000000e+00 -1.000000e+00
      outer loop
         vertex 6.963156e+01 8.744825e+01 1.362860e+02
         vertex 7.043759e+01 8.741405e+01 1.362860e+02
         vertex 7.044496e+01 8.739825e+01 1.362860e+02
      endloop
   endfacet
   facet normal 0.000000e+00 0.000000e+00 -1.000000e+00
      outer loop
         vertex 6.963156e+01 8.744825e+01 1.362860e+02
         vertex 7.044496e+01 8.739825e+01 1.362860e+02
         vertex 7.045496e+01 8.738397e+01 1.362860e+02
      endloop
   endfacet
   facet normal -0.000000e+00 -0.000000e+00 -1.000000e+00
      outer loop
         vertex 7.049736e+01 8.735428e+01 1.362860e+02
         vertex 7.051420e+01 8.734977e+01 1.362860e+02
         vertex 6.963156e+01 8.744825e+01 1.362860e+02
      endloop
   endfacet
   facet normal 0.000000e+00 -0.000000e+00 -1.000000e+00
      outer loop
         vertex 6.963156e+01 8.744825e+01 1.362860e+02
         vertex 7.051420e+01 8.734977e+01 1.362860e+02
         vertex 6.773893e+01 8.734977e+01 1.362860e+02
      endloop
   endfacet
   facet normal -0.000000e+00 0.000000e+00 -1.000000e+00
      outer loop
         vertex 6.963156e+01 8.744825e+01 1.362860e+02
         vertex 6.773893e+01 8.734977e+01 1.362860e+02
         vertex 6.863156e+01 8.744825e+01 1.362860e+02
      endloop
   endfacet
   facet normal 0.000000e+00 0.000000e+00 -1.000000e+00
      outer loop
         vertex 6.863156e+01 8.744825e+01 1.362860e+02
         vertex 6.773893e+01 8.734977e+01 1.362860e+02
         vertex 6.775576e+01 8.735428e+01 1.362860e+02
      endloop
   endfacet
   facet normal 0.000000e+00 0.000000e+00 -1.000000e+00
      outer loop
         vertex 6.863156e+01 8.744825e+01 1.362860e+02
         vertex 6.775576e+01 8.735428e+01 1.362860e+02
         vertex 6.777156e+01 8.736165e+01 1.362860e+02
      endloop
   endfacet
   facet normal 0.000000e+00 0.000000e+00 -1.000000e+00
      outer loop
         vertex 6.778584e+01 8.737165e+01 1.362860e+02
         vertex 6.779817e+01 8.738397e+01 1.362860e+02
         vertex 6.863156e+01 8.744825e+01 1.362860e+02
      endloop
   endfacet
   facet normal 0.000000e+00 0.000000e+00 -1.000000e+00
      outer loop
         vertex 6.863156e+01 8.744825e+01 1.362860e+02
         vertex 6.779817e+01 8.738397e+01 1.362860e+02
         vertex 6.780816e+01 8.739825e+01 1.362860e+02
      endloop
   endfacet
   facet normal 0.000000e+00 0.000000e+00 -1.000000e+00
      outer loop
         vertex 6.863156e+01 8.744825e+01 1.362860e+02
         vertex 6.780816e+01 8.739825e+01 1.362860e+02
         vertex 6.781553e+01 8.741405e+01 1.362860e+02
      endloop
   endfacet
   facet normal 0.000000e+00 0.000000e+00 -1.000000e+00
      outer loop
         vertex 6.781553e+01 8.741405e+01 1.362860e+02
         vertex 6.782004e+01 8.743089e+01 1.362860e+02
         vertex 6.863156e+01 8.744825e+01 1.362860e+02
      endloop
   endfacet
   facet normal -0.000000e+00 0.000000e+00 -1.000000e+00
      outer loop
         vertex 6.863156e+01 8.744825e+01 1.362860e+02
         vertex 6.782004e+01 8.743089e+01 1.362860e+02
         vertex 6.782156e+01 8.744825e+01 1.362860e+02
      endloop
   endfacet
   facet normal 0.000000e+00 0.000000e+00 -1.000000e+00
      outer loop
         vertex 6.863156e+01 8.744825e+01 1.362860e+02
         vertex 6.782156e+01 8.744825e+01 1.362860e+02
         vertex 6.863156e+01 8.984825e+01 1.362860e+02
      endloop
   endfacet
   facet normal -0.000000e+00 0.000000e+00 -1.000000e+00
      outer loop
         vertex 6.863156e+01 8.984825e+01 1.362860e+02
         vertex 6.782156e+01 8.744825e+01 1.362860e+02
         vertex 6.782156e+01 9.074825e+01 1.362860e+02
      endloop
   endfacet
   facet normal 0.000000e+00 0.000000e+00 -1.000000e+00
      outer loop
         vertex 6.863156e+01 8.984825e+01 1.362860e+02
         vertex 6.782156e+01 9.074825e+01 1.362860e+02
         vertex 6.963156e+01 8.984825e+01 1.362860e+02
      endloop
   endfacet
   facet normal 0.000000e+00 0.000000e+00 -1.000000e+00
      outer loop
         vertex 6.963156e+01 8.984825e+01 1.362860e+02
         vertex 6.782156e+01 9.074825e+01 1.362860e+02
         vertex 7.043156e+01 9.074825e+01 1.362860e+02
      endloop
   endfacet
   facet normal 0.000000e+00 0.000000e+00 -1.000000e+00
      outer loop
         vertex 6.963156e+01 8.984825e+01 1.362860e+02
         vertex 7.043156e+01 9.074825e+01 1.362860e+02
         vertex 6.963156e+01 8.744825e+01 1.362860e+02
      endloop
   endfacet
   facet normal 0.000000e+00 0.000000e+00 -1.000000e+00
      outer loop
         vertex 6.963156e+01 8.744825e+01 1.362860e+02
         vertex 7.043156e+01 9.074825e+01 1.362860e+02
         vertex 7.043156e+01 8.744825e+01 1.362860e+02
      endloop
   endfacet
   facet normal 0.000000e+00 0.000000e+00 -1.000000e+00
      outer loop
         vertex 6.963156e+01 8.744825e+01 1.362860e+02
         vertex 7.043156e+01 8.744825e+01 1.362860e+02
         vertex 7.043308e+01 8.743089e+01 1.362860e+02
      endloop
   endfacet
   facet normal 0.000000e+00 0.000000e+00 1.000000e+00
      outer loop
         vertex 6.963156e+01 8.744825e+01 1.369860e+02
         vertex 7.043156e+01 8.744825e+01 1.369860e+02
         vertex 6.963156e+01 8.984825e+01 1.369860e+02
      endloop
   endfacet
   facet normal -0.000000e+00 0.000000e+00 1.000000e+00
      outer loop
         vertex 6.963156e+01 8.984825e+01 1.369860e+02
         vertex 7.043156e+01 8.744825e+01 1.369860e+02
         vertex 7.043156e+01 9.074825e+01 1.369860e+02
      endloop
   endfacet
   facet normal 0.000000e+00 -0.000000e+00 1.000000e+00
      outer loop
         vertex 6.963156e+01 8.984825e+01 1.369860e+02
         vertex 7.043156e+01 9.074825e+01 1.369860e+02
         vertex 6.863156e+01 8.984825e+01 1.369860e+02
      endloop
   endfacet
   facet normal 0.000000e+00 -0.000000e+00 1.000000e+00
      outer loop
         vertex 6.863156e+01 8.984825e+01 1.369860e+02
         vertex 7.043156e+01 9.074825e+01 1.369860e+02
         vertex 6.782156e+01 9.074825e+01 1.369860e+02
      endloop
   endfacet
   facet normal 0.000000e+00 0.000000e+00 1.000000e+00
      outer loop
         vertex 6.863156e+01 8.984825e+01 1.369860e+02
         vertex 6.782156e+01 9.074825e+01 1.369860e+02
         vertex 6.863156e+01 8.744825e+01 1.369860e+02
      endloop
   endfacet
   facet normal 0.000000e+00 0.000000e+00 1.000000e+00
      outer loop
         vertex 6.863156e+01 8.744825e+01 1.369860e+02
         vertex 6.782156e+01 9.074825e+01 1.369860e+02
         vertex 6.782156e+01 8.744825e+01 1.369860e+02
      endloop
   endfacet
   facet normal 0.000000e+00 1.000000e+00 0.000000e+00
      outer loop
         vertex 7.362905e+01 9.254825e+01 1.352363e+02
         vertex 7.402904e+01 9.254825e+01 1.349289e+02
         vertex 7.360896e+01 9.254825e+01 1.346355e+02
      endloop
   endfacet
   facet normal -0.000000e+00 1.000000e+00 0.000000e+00
      outer loop
         vertex 7.360896e+01 9.254825e+01 1.346355e+02
         vertex 7.402904e+01 9.254825e+01 1.349289e+02
         vertex 7.396875e+01 9.254825e+01 1.343039e+02
      endloop
   endfacet
   facet normal 0.000000e+00 1.000000e+00 0.000000e+00
      outer loop
         vertex 7.360896e+01 9.254825e+01 1.346355e+02
         vertex 7.396875e+01 9.254825e+01 1.343039e+02
         vertex 7.350897e+01 9.254825e+01 1.340428e+02
      endloop
   endfacet
   facet normal -0.000000e+00 1.000000e+00 0.000000e+00
      outer loop
         vertex 7.350897e+01 9.254825e+01 1.340428e+02
         vertex 7.396875e+01 9.254825e+01 1.343039e+02
         vertex 7.382903e+01 9.254825e+01 1.336918e+02
      endloop
   endfacet
   facet normal 0.000000e+00 1.000000e+00 0.000000e+00
      outer loop
         vertex 7.350897e+01 9.254825e+01 1.340428e+02
         vertex 7.382903e+01 9.254825e+01 1.336918e+02
         vertex 7.333087e+01 9.254825e+01 1.334686e+02
      endloop
   endfacet
   facet normal -0.000000e+00 1.000000e+00 0.000000e+00
      outer loop
         vertex 7.333087e+01 9.254825e+01 1.334686e+02
         vertex 7.382903e+01 9.254825e+01 1.336918e+02
         vertex 7.361218e+01 9.254825e+01 1.331025e+02
      endloop
   endfacet
   facet normal 0.000000e+00 1.000000e+00 0.000000e+00
      outer loop
         vertex 7.333087e+01 9.254825e+01 1.334686e+02
         vertex 7.361218e+01 9.254825e+01 1.331025e+02
         vertex 7.307784e+01 9.254825e+01 1.329234e+02
      endloop
   endfacet
   facet normal -0.000000e+00 1.000000e+00 0.000000e+00
      outer loop
         vertex 7.307784e+01 9.254825e+01 1.329234e+02
         vertex 7.361218e+01 9.254825e+01 1.331025e+02
         vertex 7.332176e+01 9.254825e+01 1.325459e+02
      endloop
   endfacet
   facet normal 0.000000e+00 1.000000e+00 0.000000e+00
      outer loop
         vertex 7.307784e+01 9.254825e+01 1.329234e+02
         vertex 7.332176e+01 9.254825e+01 1.325459e+02
         vertex 7.275438e+01 9.254825e+01 1.324167e+02
      endloop
   endfacet
   facet normal -0.000000e+00 1.000000e+00 0.000000e+00
      outer loop
         vertex 7.275438e+01 9.254825e+01 1.324167e+02
         vertex 7.332176e+01 9.254825e+01 1.325459e+02
         vertex 7.296254e+01 9.254825e+01 1.320309e+02
      endloop
   endfacet
   facet normal 0.000000e+00 1.000000e+00 0.000000e+00
      outer loop
         vertex 7.275438e+01 9.254825e+01 1.324167e+02
         vertex 7.296254e+01 9.254825e+01 1.320309e+02
         vertex 7.236627e+01 9.254825e+01 1.319576e+02
      endloop
   endfacet
   facet normal -0.000000e+00 1.000000e+00 0.000000e+00
      outer loop
         vertex 7.236627e+01 9.254825e+01 1.319576e+02
         vertex 7.296254e+01 9.254825e+01 1.320309e+02
         vertex 7.254041e+01 9.254825e+01 1.315661e+02
      endloop
   endfacet
   facet normal 0.000000e+00 1.000000e+00 0.000000e+00
      outer loop
         vertex 7.236627e+01 9.254825e+01 1.319576e+02
         vertex 7.254041e+01 9.254825e+01 1.315661e+02
         vertex 7.192044e+01 9.254825e+01 1.315544e+02
      endloop
   endfacet
   facet normal -0.000000e+00 1.000000e+00 0.000000e+00
      outer loop
         vertex 7.192044e+01 9.254825e+01 1.315544e+02
         vertex 7.254041e+01 9.254825e+01 1.315661e+02
         vertex 7.206230e+01 9.254825e+01 1.311591e+02
      endloop
   endfacet
   facet normal 0.000000e+00 1.000000e+00 0.000000e+00
      outer loop
         vertex 7.192044e+01 9.254825e+01 1.315544e+02
         vertex 7.206230e+01 9.254825e+01 1.311591e+02
         vertex 7.142484e+01 9.254825e+01 1.312142e+02
      endloop
   endfacet
   facet normal 0.000000e+00 1.000000e+00 0.000000e+00
      outer loop
         vertex 7.142484e+01 9.254825e+01 1.312142e+02
         vertex 7.206230e+01 9.254825e+01 1.311591e+02
         vertex 7.153608e+01 9.254825e+01 1.308165e+02
      endloop
   endfacet
   facet normal 0.000000e+00 1.000000e+00 0.000000e+00
      outer loop
         vertex 7.142484e+01 9.254825e+01 1.312142e+02
         vertex 7.153608e+01 9.254825e+01 1.308165e+02
         vertex 7.088831e+01 9.254825e+01 1.309431e+02
      endloop
   endfacet
   facet normal 0.000000e+00 1.000000e+00 0.000000e+00
      outer loop
         vertex 7.088831e+01 9.254825e+01 1.309431e+02
         vertex 7.153608e+01 9.254825e+01 1.308165e+02
         vertex 7.097037e+01 9.254825e+01 1.305441e+02
      endloop
   endfacet
   facet normal 0.000000e+00 1.000000e+00 0.000000e+00
      outer loop
         vertex 7.088831e+01 9.254825e+01 1.309431e+02
         vertex 7.097037e+01 9.254825e+01 1.305441e+02
         vertex 7.032044e+01 9.254825e+01 1.307459e+02
      endloop
   endfacet
   facet normal 0.000000e+00 1.000000e+00 0.000000e+00
      outer loop
         vertex 7.032044e+01 9.254825e+01 1.307459e+02
         vertex 7.097037e+01 9.254825e+01 1.305441e+02
         vertex 7.037447e+01 9.254825e+01 1.303462e+02
      endloop
   endfacet
   facet normal 0.000000e+00 1.000000e+00 0.000000e+00
      outer loop
         vertex 7.032044e+01 9.254825e+01 1.307459e+02
         vertex 7.037447e+01 9.254825e+01 1.303462e+02
         vertex 6.973135e+01 9.254825e+01 1.306261e+02
      endloop
   endfacet
   facet normal 0.000000e+00 1.000000e+00 0.000000e+00
      outer loop
         vertex 6.973135e+01 9.254825e+01 1.306261e+02
         vertex 7.037447e+01 9.254825e+01 1.303462e+02
         vertex 6.975816e+01 9.254825e+01 1.302262e+02
      endloop
   endfacet
   facet normal 0.000000e+00 1.000000e+00 0.000000e+00
      outer loop
         vertex 6.973135e+01 9.254825e+01 1.306261e+02
         vertex 6.975816e+01 9.254825e+01 1.302262e+02
         vertex 6.913156e+01 9.254825e+01 1.305860e+02
      endloop
   endfacet
   facet normal 0.000000e+00 1.000000e+00 0.000000e+00
      outer loop
         vertex 6.913156e+01 9.254825e+01 1.305860e+02
         vertex 6.975816e+01 9.254825e+01 1.302262e+02
         vertex 6.913156e+01 9.254825e+01 1.301860e+02
      endloop
   endfacet
   facet normal 0.000000e+00 1.000000e+00 0.000000e+00
      outer loop
         vertex 6.913156e+01 9.254825e+01 1.305860e+02
         vertex 6.913156e+01 9.254825e+01 1.301860e+02
         vertex 6.853177e+01 9.254825e+01 1.306261e+02
      endloop
   endfacet
   facet normal 0.000000e+00 1.000000e+00 0.000000e+00
      outer loop
         vertex 6.853177e+01 9.254825e+01 1.306261e+02
         vertex 6.913156e+01 9.254825e+01 1.301860e+02
         vertex 6.850496e+01 9.254825e+01 1.302262e+02
      endloop
   endfacet
   facet normal 0.000000e+00 1.000000e+00 0.000000e+00
      outer loop
         vertex 6.853177e+01 9.254825e+01 1.306261e+02
         vertex 6.850496e+01 9.254825e+01 1.302262e+02
         vertex 6.794268e+01 9.254825e+01 1.307459e+02
      endloop
   endfacet
   facet normal 0.000000e+00 1.000000e+00 0.000000e+00
      outer loop
         vertex 6.794268e+01 9.254825e+01 1.307459e+02
         vertex 6.850496e+01 9.254825e+01 1.302262e+02
         vertex 6.788865e+01 9.254825e+01 1.303462e+02
      endloop
   endfacet
   facet normal 0.000000e+00 1.000000e+00 0.000000e+00
      outer loop
         vertex 6.794268e+01 9.254825e+01 1.307459e+02
         vertex 6.788865e+01 9.254825e+01 1.303462e+02
         vertex 6.737481e+01 9.254825e+01 1.309431e+02
      endloop
   endfacet
   facet normal 0.000000e+00 1.000000e+00 0.000000e+00
      outer loop
         vertex 6.737481e+01 9.254825e+01 1.309431e+02
         vertex 6.788865e+01 9.254825e+01 1.303462e+02
         vertex 6.729275e+01 9.254825e+01 1.305441e+02
      endloop
   endfacet
   facet normal 0.000000e+00 1.000000e+00 0.000000e+00
      outer loop
         vertex 6.737481e+01 9.254825e+01 1.309431e+02
         vertex 6.729275e+01 9.254825e+01 1.305441e+02
         vertex 6.683829e+01 9.254825e+01 1.312142e+02
      endloop
   endfacet
   facet normal 0.000000e+00 1.000000e+00 0.000000e+00
      outer loop
         vertex 6.683829e+01 9.254825e+01 1.312142e+02
         vertex 6.729275e+01 9.254825e+01 1.305441e+02
         vertex 6.672704e+01 9.254825e+01 1.308165e+02
      endloop
   endfacet
   facet normal 0.000000e+00 1.000000e+00 0.000000e+00
      outer loop
         vertex 6.683829e+01 9.254825e+01 1.312142e+02
         vertex 6.672704e+01 9.254825e+01 1.308165e+02
         vertex 6.634269e+01 9.254825e+01 1.315544e+02
      endloop
   endfacet
   facet normal 0.000000e+00 1.000000e+00 0.000000e+00
      outer loop
         vertex 6.634269e+01 9.254825e+01 1.315544e+02
         vertex 6.672704e+01 9.254825e+01 1.308165e+02
         vertex 6.620082e+01 9.254825e+01 1.311591e+02
      endloop
   endfacet
   facet normal 0.000000e+00 1.000000e+00 0.000000e+00
      outer loop
         vertex 6.634269e+01 9.254825e+01 1.315544e+02
         vertex 6.620082e+01 9.254825e+01 1.311591e+02
         vertex 6.589685e+01 9.254825e+01 1.319576e+02
      endloop
   endfacet
   facet normal 0.000000e+00 1.000000e+00 0.000000e+00
      outer loop
         vertex 6.589685e+01 9.254825e+01 1.319576e+02
         vertex 6.620082e+01 9.254825e+01 1.311591e+02
         vertex 6.572272e+01 9.254825e+01 1.315661e+02
      endloop
   endfacet
   facet normal 0.000000e+00 1.000000e+00 0.000000e+00
      outer loop
         vertex 6.589685e+01 9.254825e+01 1.319576e+02
         vertex 6.572272e+01 9.254825e+01 1.315661e+02
         vertex 6.550875e+01 9.254825e+01 1.324167e+02
      endloop
   endfacet
   facet normal 0.000000e+00 1.000000e+00 0.000000e+00
      outer loop
         vertex 6.550875e+01 9.254825e+01 1.324167e+02
         vertex 6.572272e+01 9.254825e+01 1.315661e+02
         vertex 6.530059e+01 9.254825e+01 1.320309e+02
      endloop
   endfacet
   facet normal 0.000000e+00 1.000000e+00 0.000000e+00
      outer loop
         vertex 6.550875e+01 9.254825e+01 1.324167e+02
         vertex 6.530059e+01 9.254825e+01 1.320309e+02
         vertex 6.518529e+01 9.254825e+01 1.329234e+02
      endloop
   endfacet
   facet normal 0.000000e+00 1.000000e+00 0.000000e+00
      outer loop
         vertex 6.518529e+01 9.254825e+01 1.329234e+02
         vertex 6.530059e+01 9.254825e+01 1.320309e+02
         vertex 6.494136e+01 9.254825e+01 1.325459e+02
      endloop
   endfacet
   facet normal 0.000000e+00 1.000000e+00 0.000000e+00
      outer loop
         vertex 6.518529e+01 9.254825e+01 1.329234e+02
         vertex 6.494136e+01 9.254825e+01 1.325459e+02
         vertex 6.493225e+01 9.254825e+01 1.334686e+02
      endloop
   endfacet
   facet normal 0.000000e+00 1.000000e+00 0.000000e+00
      outer loop
         vertex 6.493225e+01 9.254825e+01 1.334686e+02
         vertex 6.494136e+01 9.254825e+01 1.325459e+02
         vertex 6.465094e+01 9.254825e+01 1.331025e+02
      endloop
   endfacet
   facet normal 0.000000e+00 1.000000e+00 0.000000e+00
      outer loop
         vertex 6.493225e+01 9.254825e+01 1.334686e+02
         vertex 6.465094e+01 9.254825e+01 1.331025e+02
         vertex 6.475415e+01 9.254825e+01 1.340428e+02
      endloop
   endfacet
   facet normal 0.000000e+00 1.000000e+00 0.000000e+00
      outer loop
         vertex 6.475415e+01 9.254825e+01 1.340428e+02
         vertex 6.465094e+01 9.254825e+01 1.331025e+02
         vertex 6.443409e+01 9.254825e+01 1.336918e+02
      endloop
   endfacet
   facet normal 0.000000e+00 1.000000e+00 0.000000e+00
      outer loop
         vertex 6.475415e+01 9.254825e+01 1.340428e+02
         vertex 6.443409e+01 9.254825e+01 1.336918e+02
         vertex 6.465416e+01 9.254825e+01 1.346355e+02
      endloop
   endfacet
   facet normal 0.000000e+00 1.000000e+00 0.000000e+00
      outer loop
         vertex 6.465416e+01 9.254825e+01 1.346355e+02
         vertex 6.443409e+01 9.254825e+01 1.336918e+02
         vertex 6.429437e+01 9.254825e+01 1.343039e+02
      endloop
   endfacet
   facet normal 0.000000e+00 1.000000e+00 0.000000e+00
      outer loop
         vertex 6.465416e+01 9.254825e+01 1.346355e+02
         vertex 6.429437e+01 9.254825e+01 1.343039e+02
         vertex 6.463407e+01 9.254825e+01 1.352363e+02
      endloop
   endfacet
   facet normal 0.000000e+00 1.000000e+00 -0.000000e+00
      outer loop
         vertex 6.429437e+01 9.254825e+01 1.343039e+02
         vertex 6.423408e+01 9.254825e+01 1.349289e+02
         vertex 6.463407e+01 9.254825e+01 1.352363e+02
      endloop
   endfacet
   facet normal 0.000000e+00 1.000000e+00 0.000000e+00
      outer loop
         vertex 6.463407e+01 9.254825e+01 1.352363e+02
         vertex 6.423408e+01 9.254825e+01 1.349289e+02
         vertex 6.425420e+01 9.254825e+01 1.355565e+02
      endloop
   endfacet
   facet normal 0.000000e+00 1.000000e+00 -0.000000e+00
      outer loop
         vertex 6.463407e+01 9.254825e+01 1.352363e+02
         vertex 6.425420e+01 9.254825e+01 1.355565e+02
         vertex 6.469424e+01 9.254825e+01 1.358345e+02
      endloop
   endfacet
   facet normal 0.000000e+00 1.000000e+00 0.000000e+00
      outer loop
         vertex 6.469424e+01 9.254825e+01 1.358345e+02
         vertex 6.425420e+01 9.254825e+01 1.355565e+02
         vertex 6.435441e+01 9.254825e+01 1.361763e+02
      endloop
   endfacet
   facet normal 0.000000e+00 1.000000e+00 -0.000000e+00
      outer loop
         vertex 6.469424e+01 9.254825e+01 1.358345e+02
         vertex 6.435441e+01 9.254825e+01 1.361763e+02
         vertex 6.483360e+01 9.254825e+01 1.364192e+02
      endloop
   endfacet
   facet normal 0.000000e+00 1.000000e+00 0.000000e+00
      outer loop
         vertex 6.483360e+01 9.254825e+01 1.364192e+02
         vertex 6.435441e+01 9.254825e+01 1.361763e+02
         vertex 6.453307e+01 9.254825e+01 1.367783e+02
      endloop
   endfacet
   facet normal 0.000000e+00 1.000000e+00 -0.000000e+00
      outer loop
         vertex 6.483360e+01 9.254825e+01 1.364192e+02
         vertex 6.453307e+01 9.254825e+01 1.367783e+02
         vertex 6.504965e+01 9.254825e+01 1.369802e+02
      endloop
   endfacet
   facet normal 0.000000e+00 1.000000e+00 0.000000e+00
      outer loop
         vertex 6.504965e+01 9.254825e+01 1.369802e+02
         vertex 6.453307e+01 9.254825e+01 1.367783e+02
         vertex 6.478722e+01 9.254825e+01 1.373524e+02
      endloop
   endfacet
   facet normal 0.000000e+00 1.000000e+00 -0.000000e+00
      outer loop
         vertex 6.504965e+01 9.254825e+01 1.369802e+02
         vertex 6.478722e+01 9.254825e+01 1.373524e+02
         vertex 6.533855e+01 9.254825e+01 1.375074e+02
      endloop
   endfacet
   facet normal 0.000000e+00 1.000000e+00 0.000000e+00
      outer loop
         vertex 6.533855e+01 9.254825e+01 1.375074e+02
         vertex 6.478722e+01 9.254825e+01 1.373524e+02
         vertex 6.511272e+01 9.254825e+01 1.378894e+02
      endloop
   endfacet
   facet normal 0.000000e+00 1.000000e+00 -0.000000e+00
      outer loop
         vertex 6.533855e+01 9.254825e+01 1.375074e+02
         vertex 6.511272e+01 9.254825e+01 1.378894e+02
         vertex 6.569513e+01 9.254825e+01 1.379913e+02
      endloop
   endfacet
   facet normal 0.000000e+00 1.000000e+00 0.000000e+00
      outer loop
         vertex 6.569513e+01 9.254825e+01 1.379913e+02
         vertex 6.511272e+01 9.254825e+01 1.378894e+02
         vertex 6.550420e+01 9.254825e+01 1.383803e+02
      endloop
   endfacet
   facet normal 0.000000e+00 1.000000e+00 -0.000000e+00
      outer loop
         vertex 6.569513e+01 9.254825e+01 1.379913e+02
         vertex 6.550420e+01 9.254825e+01 1.383803e+02
         vertex 6.611303e+01 9.254825e+01 1.384234e+02
      endloop
   endfacet
   facet normal 0.000000e+00 1.000000e+00 0.000000e+00
      outer loop
         vertex 6.611303e+01 9.254825e+01 1.384234e+02
         vertex 6.550420e+01 9.254825e+01 1.383803e+02
         vertex 6.595524e+01 9.254825e+01 1.388171e+02
      endloop
   endfacet
   facet normal 0.000000e+00 1.000000e+00 -0.000000e+00
      outer loop
         vertex 6.611303e+01 9.254825e+01 1.384234e+02
         vertex 6.595524e+01 9.254825e+01 1.388171e+02
         vertex 6.658480e+01 9.254825e+01 1.387960e+02
      endloop
   endfacet
   facet normal 0.000000e+00 1.000000e+00 0.000000e+00
      outer loop
         vertex 6.658480e+01 9.254825e+01 1.387960e+02
         vertex 6.595524e+01 9.254825e+01 1.388171e+02
         vertex 6.645844e+01 9.254825e+01 1.391926e+02
      endloop
   endfacet
   facet normal 0.000000e+00 1.000000e+00 -0.000000e+00
      outer loop
         vertex 6.658480e+01 9.254825e+01 1.387960e+02
         vertex 6.645844e+01 9.254825e+01 1.391926e+02
         vertex 6.710202e+01 9.254825e+01 1.391023e+02
      endloop
   endfacet
   facet normal 0.000000e+00 1.000000e+00 0.000000e+00
      outer loop
         vertex 6.710202e+01 9.254825e+01 1.391023e+02
         vertex 6.645844e+01 9.254825e+01 1.391926e+02
         vertex 6.700553e+01 9.254825e+01 1.395007e+02
      endloop
   endfacet
   facet normal 0.000000e+00 1.000000e+00 -0.000000e+00
      outer loop
         vertex 6.710202e+01 9.254825e+01 1.391023e+02
         vertex 6.700553e+01 9.254825e+01 1.395007e+02
         vertex 6.765545e+01 9.254825e+01 1.393370e+02
      endloop
   endfacet
   facet normal 0.000000e+00 1.000000e+00 0.000000e+00
      outer loop
         vertex 6.765545e+01 9.254825e+01 1.393370e+02
         vertex 6.700553e+01 9.254825e+01 1.395007e+02
         vertex 6.758753e+01 9.254825e+01 1.397364e+02
      endloop
   endfacet
   facet normal 0.000000e+00 1.000000e+00 -0.000000e+00
      outer loop
         vertex 6.765545e+01 9.254825e+01 1.393370e+02
         vertex 6.758753e+01 9.254825e+01 1.397364e+02
         vertex 6.823522e+01 9.254825e+01 1.394958e+02
      endloop
   endfacet
   facet normal 0.000000e+00 1.000000e+00 0.000000e+00
      outer loop
         vertex 6.823522e+01 9.254825e+01 1.394958e+02
         vertex 6.758753e+01 9.254825e+01 1.397364e+02
         vertex 6.819488e+01 9.254825e+01 1.398956e+02
      endloop
   endfacet
   facet normal 0.000000e+00 1.000000e+00 -0.000000e+00
      outer loop
         vertex 6.823522e+01 9.254825e+01 1.394958e+02
         vertex 6.819488e+01 9.254825e+01 1.398956e+02
         vertex 6.883099e+01 9.254825e+01 1.395759e+02
      endloop
   endfacet
   facet normal 0.000000e+00 1.000000e+00 0.000000e+00
      outer loop
         vertex 6.883099e+01 9.254825e+01 1.395759e+02
         vertex 6.819488e+01 9.254825e+01 1.398956e+02
         vertex 6.881762e+01 9.254825e+01 1.399759e+02
      endloop
   endfacet
   facet normal 0.000000e+00 1.000000e+00 -0.000000e+00
      outer loop
         vertex 6.883099e+01 9.254825e+01 1.395759e+02
         vertex 6.881762e+01 9.254825e+01 1.399759e+02
         vertex 6.913156e+01 9.254825e+01 1.395860e+02
      endloop
   endfacet
   facet normal 0.000000e+00 1.000000e+00 0.000000e+00
      outer loop
         vertex 6.913156e+01 9.254825e+01 1.395860e+02
         vertex 6.881762e+01 9.254825e+01 1.399759e+02
         vertex 6.913156e+01 9.254825e+01 1.399860e+02
      endloop
   endfacet
   facet normal -0.000000e+00 1.000000e+00 -0.000000e+00
      outer loop
         vertex 6.913156e+01 9.254825e+01 1.395860e+02
         vertex 6.913156e+01 9.254825e+01 1.399860e+02
         vertex 6.943213e+01 9.254825e+01 1.395759e+02
      endloop
   endfacet
   facet normal 0.000000e+00 1.000000e+00 -0.000000e+00
      outer loop
         vertex 6.943213e+01 9.254825e+01 1.395759e+02
         vertex 6.913156e+01 9.254825e+01 1.399860e+02
         vertex 6.944550e+01 9.254825e+01 1.399759e+02
      endloop
   endfacet
   facet normal -0.000000e+00 1.000000e+00 0.000000e+00
      outer loop
         vertex 6.943213e+01 9.254825e+01 1.395759e+02
         vertex 6.944550e+01 9.254825e+01 1.399759e+02
         vertex 7.002790e+01 9.254825e+01 1.394958e+02
      endloop
   endfacet
   facet normal 0.000000e+00 1.000000e+00 -0.000000e+00
      outer loop
         vertex 7.002790e+01 9.254825e+01 1.394958e+02
         vertex 6.944550e+01 9.254825e+01 1.399759e+02
         vertex 7.006824e+01 9.254825e+01 1.398956e+02
      endloop
   endfacet
   facet normal -0.000000e+00 1.000000e+00 0.000000e+00
      outer loop
         vertex 7.002790e+01 9.254825e+01 1.394958e+02
         vertex 7.006824e+01 9.254825e+01 1.398956e+02
         vertex 7.060767e+01 9.254825e+01 1.393370e+02
      endloop
   endfacet
   facet normal 0.000000e+00 1.000000e+00 -0.000000e+00
      outer loop
         vertex 7.060767e+01 9.254825e+01 1.393370e+02
         vertex 7.006824e+01 9.254825e+01 1.398956e+02
         vertex 7.067559e+01 9.254825e+01 1.397364e+02
      endloop
   endfacet
   facet normal -0.000000e+00 1.000000e+00 0.000000e+00
      outer loop
         vertex 7.060767e+01 9.254825e+01 1.393370e+02
         vertex 7.067559e+01 9.254825e+01 1.397364e+02
         vertex 7.116111e+01 9.254825e+01 1.391023e+02
      endloop
   endfacet
   facet normal 0.000000e+00 1.000000e+00 -0.000000e+00
      outer loop
         vertex 7.116111e+01 9.254825e+01 1.391023e+02
         vertex 7.067559e+01 9.254825e+01 1.397364e+02
         vertex 7.125759e+01 9.254825e+01 1.395007e+02
      endloop
   endfacet
   facet normal -0.000000e+00 1.000000e+00 0.000000e+00
      outer loop
         vertex 7.116111e+01 9.254825e+01 1.391023e+02
         vertex 7.125759e+01 9.254825e+01 1.395007e+02
         vertex 7.167832e+01 9.254825e+01 1.387960e+02
      endloop
   endfacet
   facet normal 0.000000e+00 1.000000e+00 -0.000000e+00
      outer loop
         vertex 7.167832e+01 9.254825e+01 1.387960e+02
         vertex 7.125759e+01 9.254825e+01 1.395007e+02
         vertex 7.180468e+01 9.254825e+01 1.391926e+02
      endloop
   endfacet
   facet normal -0.000000e+00 1.000000e+00 0.000000e+00
      outer loop
         vertex 7.167832e+01 9.254825e+01 1.387960e+02
         vertex 7.180468e+01 9.254825e+01 1.391926e+02
         vertex 7.215009e+01 9.254825e+01 1.384234e+02
      endloop
   endfacet
   facet normal 0.000000e+00 1.000000e+00 -0.000000e+00
      outer loop
         vertex 7.215009e+01 9.254825e+01 1.384234e+02
         vertex 7.180468e+01 9.254825e+01 1.391926e+02
         vertex 7.230788e+01 9.254825e+01 1.388171e+02
      endloop
   endfacet
   facet normal -0.000000e+00 1.000000e+00 0.000000e+00
      outer loop
         vertex 7.215009e+01 9.254825e+01 1.384234e+02
         vertex 7.230788e+01 9.254825e+01 1.388171e+02
         vertex 7.256800e+01 9.254825e+01 1.379913e+02
      endloop
   endfacet
   facet normal 0.000000e+00 1.000000e+00 -0.000000e+00
      outer loop
         vertex 7.256800e+01 9.254825e+01 1.379913e+02
         vertex 7.230788e+01 9.254825e+01 1.388171e+02
         vertex 7.275892e+01 9.254825e+01 1.383803e+02
      endloop
   endfacet
   facet normal -0.000000e+00 1.000000e+00 0.000000e+00
      outer loop
         vertex 7.256800e+01 9.254825e+01 1.379913e+02
         vertex 7.275892e+01 9.254825e+01 1.383803e+02
         vertex 7.292458e+01 9.254825e+01 1.375074e+02
      endloop
   endfacet
   facet normal 0.000000e+00 1.000000e+00 -0.000000e+00
      outer loop
         vertex 7.292458e+01 9.254825e+01 1.375074e+02
         vertex 7.275892e+01 9.254825e+01 1.383803e+02
         vertex 7.315040e+01 9.254825e+01 1.378894e+02
      endloop
   endfacet
   facet normal -0.000000e+00 1.000000e+00 0.000000e+00
      outer loop
         vertex 7.292458e+01 9.254825e+01 1.375074e+02
         vertex 7.315040e+01 9.254825e+01 1.378894e+02
         vertex 7.321347e+01 9.254825e+01 1.369802e+02
      endloop
   endfacet
   facet normal 0.000000e+00 1.000000e+00 -0.000000e+00
      outer loop
         vertex 7.321347e+01 9.254825e+01 1.369802e+02
         vertex 7.315040e+01 9.254825e+01 1.378894e+02
         vertex 7.347590e+01 9.254825e+01 1.373524e+02
      endloop
   endfacet
   facet normal -0.000000e+00 1.000000e+00 0.000000e+00
      outer loop
         vertex 7.321347e+01 9.254825e+01 1.369802e+02
         vertex 7.347590e+01 9.254825e+01 1.373524e+02
         vertex 7.342952e+01 9.254825e+01 1.364192e+02
      endloop
   endfacet
   facet normal 0.000000e+00 1.000000e+00 0.000000e+00
      outer loop
         vertex 7.342952e+01 9.254825e+01 1.364192e+02
         vertex 7.347590e+01 9.254825e+01 1.373524e+02
         vertex 7.373006e+01 9.254825e+01 1.367783e+02
      endloop
   endfacet
   facet normal -0.000000e+00 1.000000e+00 0.000000e+00
      outer loop
         vertex 7.342952e+01 9.254825e+01 1.364192e+02
         vertex 7.373006e+01 9.254825e+01 1.367783e+02
         vertex 7.356888e+01 9.254825e+01 1.358345e+02
      endloop
   endfacet
   facet normal 0.000000e+00 1.000000e+00 0.000000e+00
      outer loop
         vertex 7.356888e+01 9.254825e+01 1.358345e+02
         vertex 7.373006e+01 9.254825e+01 1.367783e+02
         vertex 7.390871e+01 9.254825e+01 1.361763e+02
      endloop
   endfacet
   facet normal -0.000000e+00 1.000000e+00 0.000000e+00
      outer loop
         vertex 7.356888e+01 9.254825e+01 1.358345e+02
         vertex 7.390871e+01 9.254825e+01 1.361763e+02
         vertex 7.362905e+01 9.254825e+01 1.352363e+02
      endloop
   endfacet
   facet normal 0.000000e+00 1.000000e+00 0.000000e+00
      outer loop
         vertex 7.362905e+01 9.254825e+01 1.352363e+02
         vertex 7.390871e+01 9.254825e+01 1.361763e+02
         vertex 7.400892e+01 9.254825e+01 1.355565e+02
      endloop
   endfacet
   facet normal -0.000000e+00 1.000000e+00 0.000000e+00
      outer loop
         vertex 7.362905e+01 9.254825e+01 1.352363e+02
         vertex 7.400892e+01 9.254825e+01 1.355565e+02
         vertex 7.402904e+01 9.254825e+01 1.349289e+02
      endloop
   endfacet
   facet normal 0.000000e+00 -1.000000e+00 -0.000000e+00
      outer loop
         vertex 6.752609e+01 8.694825e+01 1.309664e+02
         vertex 6.746035e+01 8.694825e+01 1.309561e+02
         vertex 7.043709e+01 8.694825e+01 1.312887e+02
      endloop
   endfacet
   facet normal 0.000000e+00 -1.000000e+00 0.000000e+00
      outer loop
         vertex 6.677241e+01 8.694825e+01 1.276960e+02
         vertex 6.754476e+01 8.694825e+01 1.274926e+02
         vertex 6.746035e+01 8.694825e+01 1.309561e+02
      endloop
   endfacet
   facet normal 0.000000e+00 -1.000000e+00 0.000000e+00
      outer loop
         vertex 6.943213e+01 8.694825e+01 1.395759e+02
         vertex 6.913156e+01 8.694825e+01 1.428434e+02
         vertex 6.883099e+01 8.694825e+01 1.395759e+02
      endloop
   endfacet
   facet normal 0.000000e+00 -1.000000e+00 0.000000e+00
      outer loop
         vertex 6.883099e+01 8.694825e+01 1.395759e+02
         vertex 6.913156e+01 8.694825e+01 1.428434e+02
         vertex 6.873222e+01 8.694825e+01 1.428331e+02
      endloop
   endfacet
   facet normal -0.000000e+00 -1.000000e+00 0.000000e+00
      outer loop
         vertex 6.883099e+01 8.694825e+01 1.395759e+02
         vertex 6.873222e+01 8.694825e+01 1.428331e+02
         vertex 6.823522e+01 8.694825e+01 1.394958e+02
      endloop
   endfacet
   facet normal 0.000000e+00 -1.000000e+00 0.000000e+00
      outer loop
         vertex 7.060767e+01 8.694825e+01 1.393370e+02
         vertex 7.110716e+01 8.694825e+01 1.425877e+02
         vertex 7.002790e+01 8.694825e+01 1.394958e+02
      endloop
   endfacet
   facet normal 0.000000e+00 -1.000000e+00 0.000000e+00
      outer loop
         vertex 7.002790e+01 8.694825e+01 1.394958e+02
         vertex 7.110716e+01 8.694825e+01 1.425877e+02
         vertex 7.032536e+01 8.694825e+01 1.427510e+02
      endloop
   endfacet
   facet normal 0.000000e+00 -1.000000e+00 0.000000e+00
      outer loop
         vertex 7.002790e+01 8.694825e+01 1.394958e+02
         vertex 7.032536e+01 8.694825e+01 1.427510e+02
         vertex 6.943213e+01 8.694825e+01 1.395759e+02
      endloop
   endfacet
   facet normal 0.000000e+00 -1.000000e+00 0.000000e+00
      outer loop
         vertex 6.943213e+01 8.694825e+01 1.395759e+02
         vertex 7.032536e+01 8.694825e+01 1.427510e+02
         vertex 6.953090e+01 8.694825e+01 1.428331e+02
      endloop
   endfacet
   facet normal 0.000000e+00 -1.000000e+00 0.000000e+00
      outer loop
         vertex 6.943213e+01 8.694825e+01 1.395759e+02
         vertex 6.953090e+01 8.694825e+01 1.428331e+02
         vertex 6.913156e+01 8.694825e+01 1.428434e+02
      endloop
   endfacet
   facet normal 0.000000e+00 -1.000000e+00 -0.000000e+00
      outer loop
         vertex 7.056239e+01 8.694825e+01 1.310591e+02
         vertex 6.754476e+01 8.694825e+01 1.274926e+02
         vertex 7.061516e+01 8.694825e+01 1.310186e+02
      endloop
   endfacet
   facet normal 0.000000e+00 -1.000000e+00 0.000000e+00
      outer loop
         vertex 7.061516e+01 8.694825e+01 1.310186e+02
         vertex 6.754476e+01 8.694825e+01 1.274926e+02
         vertex 6.833393e+01 8.694825e+01 1.273696e+02
      endloop
   endfacet
   facet normal 0.000000e+00 -1.000000e+00 -0.000000e+00
      outer loop
         vertex 7.061516e+01 8.694825e+01 1.310186e+02
         vertex 6.833393e+01 8.694825e+01 1.273696e+02
         vertex 7.067392e+01 8.694825e+01 1.309874e+02
      endloop
   endfacet
   facet normal 0.000000e+00 -1.000000e+00 0.000000e+00
      outer loop
         vertex 7.067392e+01 8.694825e+01 1.309874e+02
         vertex 6.833393e+01 8.694825e+01 1.273696e+02
         vertex 6.913156e+01 8.694825e+01 1.273285e+02
      endloop
   endfacet
   facet normal 0.000000e+00 -1.000000e+00 -0.000000e+00
      outer loop
         vertex 7.067392e+01 8.694825e+01 1.309874e+02
         vertex 6.913156e+01 8.694825e+01 1.273285e+02
         vertex 7.073703e+01 8.694825e+01 1.309664e+02
      endloop
   endfacet
   facet normal 0.000000e+00 -1.000000e+00 0.000000e+00
      outer loop
         vertex 7.073703e+01 8.694825e+01 1.309664e+02
         vertex 6.913156e+01 8.694825e+01 1.273285e+02
         vertex 6.992919e+01 8.694825e+01 1.273696e+02
      endloop
   endfacet
   facet normal 0.000000e+00 -1.000000e+00 -0.000000e+00
      outer loop
         vertex 7.073703e+01 8.694825e+01 1.309664e+02
         vertex 6.992919e+01 8.694825e+01 1.273696e+02
         vertex 7.080277e+01 8.694825e+01 1.309561e+02
      endloop
   endfacet
   facet normal 0.000000e+00 -1.000000e+00 0.000000e+00
      outer loop
         vertex 7.080277e+01 8.694825e+01 1.309561e+02
         vertex 6.992919e+01 8.694825e+01 1.273696e+02
         vertex 7.071836e+01 8.694825e+01 1.274926e+02
      endloop
   endfacet
   facet normal 0.000000e+00 -1.000000e+00 -0.000000e+00
      outer loop
         vertex 7.080277e+01 8.694825e+01 1.309561e+02
         vertex 7.071836e+01 8.694825e+01 1.274926e+02
         vertex 7.086930e+01 8.694825e+01 1.309568e+02
      endloop
   endfacet
   facet normal 0.000000e+00 -1.000000e+00 -0.000000e+00
      outer loop
         vertex 7.086930e+01 8.694825e+01 1.309568e+02
         vertex 7.071836e+01 8.694825e+01 1.274926e+02
         vertex 7.149072e+01 8.694825e+01 1.276960e+02
      endloop
   endfacet
   facet normal 0.000000e+00 -1.000000e+00 0.000000e+00
      outer loop
         vertex 7.086930e+01 8.694825e+01 1.309568e+02
         vertex 7.149072e+01 8.694825e+01 1.276960e+02
         vertex 7.093478e+01 8.694825e+01 1.309686e+02
      endloop
   endfacet
   facet normal 0.000000e+00 -1.000000e+00 0.000000e+00
      outer loop
         vertex 6.569513e+01 8.694825e+01 1.379913e+02
         vertex 6.576617e+01 8.694825e+01 1.380733e+02
         vertex 6.228422e+01 8.694825e+01 1.387318e+02
      endloop
   endfacet
   facet normal 0.000000e+00 -1.000000e+00 0.000000e+00
      outer loop
         vertex 6.431721e+01 8.694825e+01 1.411688e+02
         vertex 6.642856e+01 8.694825e+01 1.386837e+02
         vertex 6.658480e+01 8.694825e+01 1.387960e+02
      endloop
   endfacet
   facet normal 0.000000e+00 -1.000000e+00 0.000000e+00
      outer loop
         vertex 6.873222e+01 8.694825e+01 1.428331e+02
         vertex 6.793776e+01 8.694825e+01 1.427510e+02
         vertex 6.823522e+01 8.694825e+01 1.394958e+02
      endloop
   endfacet
   facet normal 0.000000e+00 -1.000000e+00 0.000000e+00
      outer loop
         vertex 6.823522e+01 8.694825e+01 1.394958e+02
         vertex 6.793776e+01 8.694825e+01 1.427510e+02
         vertex 6.715596e+01 8.694825e+01 1.425877e+02
      endloop
   endfacet
   facet normal -0.000000e+00 -1.000000e+00 0.000000e+00
      outer loop
         vertex 6.823522e+01 8.694825e+01 1.394958e+02
         vertex 6.715596e+01 8.694825e+01 1.425877e+02
         vertex 6.765545e+01 8.694825e+01 1.393370e+02
      endloop
   endfacet
   facet normal 0.000000e+00 -1.000000e+00 0.000000e+00
      outer loop
         vertex 6.765545e+01 8.694825e+01 1.393370e+02
         vertex 6.715596e+01 8.694825e+01 1.425877e+02
         vertex 6.639510e+01 8.694825e+01 1.423448e+02
      endloop
   endfacet
   facet normal -0.000000e+00 -1.000000e+00 0.000000e+00
      outer loop
         vertex 6.765545e+01 8.694825e+01 1.393370e+02
         vertex 6.639510e+01 8.694825e+01 1.423448e+02
         vertex 6.710202e+01 8.694825e+01 1.391023e+02
      endloop
   endfacet
   facet normal 0.000000e+00 -1.000000e+00 0.000000e+00
      outer loop
         vertex 6.710202e+01 8.694825e+01 1.391023e+02
         vertex 6.639510e+01 8.694825e+01 1.423448e+02
         vertex 6.566325e+01 8.694825e+01 1.420249e+02
      endloop
   endfacet
   facet normal -0.000000e+00 -1.000000e+00 0.000000e+00
      outer loop
         vertex 6.710202e+01 8.694825e+01 1.391023e+02
         vertex 6.566325e+01 8.694825e+01 1.420249e+02
         vertex 6.658480e+01 8.694825e+01 1.387960e+02
      endloop
   endfacet
   facet normal 0.000000e+00 -1.000000e+00 0.000000e+00
      outer loop
         vertex 6.658480e+01 8.694825e+01 1.387960e+02
         vertex 6.566325e+01 8.694825e+01 1.420249e+02
         vertex 6.496817e+01 8.694825e+01 1.416315e+02
      endloop
   endfacet
   facet normal 0.000000e+00 -1.000000e+00 0.000000e+00
      outer loop
         vertex 6.658480e+01 8.694825e+01 1.387960e+02
         vertex 6.496817e+01 8.694825e+01 1.416315e+02
         vertex 6.431721e+01 8.694825e+01 1.411688e+02
      endloop
   endfacet
   facet normal 0.000000e+00 -1.000000e+00 -0.000000e+00
      outer loop
         vertex 7.508836e+01 8.694825e+01 1.400554e+02
         vertex 7.183456e+01 8.694825e+01 1.386837e+02
         vertex 7.556774e+01 8.694825e+01 1.394165e+02
      endloop
   endfacet
   facet normal 0.000000e+00 -1.000000e+00 -0.000000e+00
      outer loop
         vertex 7.556774e+01 8.694825e+01 1.394165e+02
         vertex 7.183456e+01 8.694825e+01 1.386837e+02
         vertex 7.597890e+01 8.694825e+01 1.387318e+02
      endloop
   endfacet
   facet normal -0.000000e+00 -1.000000e+00 0.000000e+00
      outer loop
         vertex 7.508836e+01 8.694825e+01 1.400554e+02
         vertex 7.454583e+01 8.694825e+01 1.406415e+02
         vertex 7.183456e+01 8.694825e+01 1.386837e+02
      endloop
   endfacet
   facet normal 0.000000e+00 -1.000000e+00 0.000000e+00
      outer loop
         vertex 7.183456e+01 8.694825e+01 1.386837e+02
         vertex 7.454583e+01 8.694825e+01 1.406415e+02
         vertex 7.394591e+01 8.694825e+01 1.411688e+02
      endloop
   endfacet
   facet normal 0.000000e+00 -1.000000e+00 0.000000e+00
      outer loop
         vertex 7.183456e+01 8.694825e+01 1.386837e+02
         vertex 7.394591e+01 8.694825e+01 1.411688e+02
         vertex 7.167832e+01 8.694825e+01 1.387960e+02
      endloop
   endfacet
   facet normal 0.000000e+00 -1.000000e+00 0.000000e+00
      outer loop
         vertex 7.167832e+01 8.694825e+01 1.387960e+02
         vertex 7.394591e+01 8.694825e+01 1.411688e+02
         vertex 7.329495e+01 8.694825e+01 1.416315e+02
      endloop
   endfacet
   facet normal 0.000000e+00 -1.000000e+00 0.000000e+00
      outer loop
         vertex 7.167832e+01 8.694825e+01 1.387960e+02
         vertex 7.329495e+01 8.694825e+01 1.416315e+02
         vertex 7.116111e+01 8.694825e+01 1.391023e+02
      endloop
   endfacet
   facet normal 0.000000e+00 -1.000000e+00 0.000000e+00
      outer loop
         vertex 7.116111e+01 8.694825e+01 1.391023e+02
         vertex 7.329495e+01 8.694825e+01 1.416315e+02
         vertex 7.259987e+01 8.694825e+01 1.420249e+02
      endloop
   endfacet
   facet normal 0.000000e+00 -1.000000e+00 0.000000e+00
      outer loop
         vertex 7.116111e+01 8.694825e+01 1.391023e+02
         vertex 7.259987e+01 8.694825e+01 1.420249e+02
         vertex 7.060767e+01 8.694825e+01 1.393370e+02
      endloop
   endfacet
   facet normal 0.000000e+00 -1.000000e+00 0.000000e+00
      outer loop
         vertex 7.060767e+01 8.694825e+01 1.393370e+02
         vertex 7.259987e+01 8.694825e+01 1.420249e+02
         vertex 7.186802e+01 8.694825e+01 1.423448e+02
      endloop
   endfacet
   facet normal 0.000000e+00 -1.000000e+00 0.000000e+00
      outer loop
         vertex 7.060767e+01 8.694825e+01 1.393370e+02
         vertex 7.186802e+01 8.694825e+01 1.423448e+02
         vertex 7.110716e+01 8.694825e+01 1.425877e+02
      endloop
   endfacet
   facet normal 0.000000e+00 -1.000000e+00 0.000000e+00
      outer loop
         vertex 6.463407e+01 8.694825e+01 1.352363e+02
         vertex 6.469424e+01 8.694825e+01 1.358345e+02
         vertex 6.149980e+01 8.694825e+01 1.364767e+02
      endloop
   endfacet
   facet normal 0.000000e+00 -1.000000e+00 0.000000e+00
      outer loop
         vertex 6.149980e+01 8.694825e+01 1.364767e+02
         vertex 6.469424e+01 8.694825e+01 1.358345e+02
         vertex 6.168325e+01 8.694825e+01 1.372541e+02
      endloop
   endfacet
   facet normal 0.000000e+00 -1.000000e+00 0.000000e+00
      outer loop
         vertex 6.168325e+01 8.694825e+01 1.372541e+02
         vertex 6.469424e+01 8.694825e+01 1.358345e+02
         vertex 6.483360e+01 8.694825e+01 1.364192e+02
      endloop
   endfacet
   facet normal 0.000000e+00 -1.000000e+00 0.000000e+00
      outer loop
         vertex 6.168325e+01 8.694825e+01 1.372541e+02
         vertex 6.483360e+01 8.694825e+01 1.364192e+02
         vertex 6.194565e+01 8.694825e+01 1.380084e+02
      endloop
   endfacet
   facet normal 0.000000e+00 -1.000000e+00 0.000000e+00
      outer loop
         vertex 6.194565e+01 8.694825e+01 1.380084e+02
         vertex 6.483360e+01 8.694825e+01 1.364192e+02
         vertex 6.504965e+01 8.694825e+01 1.369802e+02
      endloop
   endfacet
   facet normal 0.000000e+00 -1.000000e+00 0.000000e+00
      outer loop
         vertex 6.194565e+01 8.694825e+01 1.380084e+02
         vertex 6.504965e+01 8.694825e+01 1.369802e+02
         vertex 6.228422e+01 8.694825e+01 1.387318e+02
      endloop
   endfacet
   facet normal 0.000000e+00 -1.000000e+00 0.000000e+00
      outer loop
         vertex 6.228422e+01 8.694825e+01 1.387318e+02
         vertex 6.504965e+01 8.694825e+01 1.369802e+02
         vertex 6.533855e+01 8.694825e+01 1.375074e+02
      endloop
   endfacet
   facet normal 0.000000e+00 -1.000000e+00 0.000000e+00
      outer loop
         vertex 6.228422e+01 8.694825e+01 1.387318e+02
         vertex 6.533855e+01 8.694825e+01 1.375074e+02
         vertex 6.569513e+01 8.694825e+01 1.379913e+02
      endloop
   endfacet
   facet normal 0.000000e+00 -1.000000e+00 -0.000000e+00
      outer loop
         vertex 6.431721e+01 8.694825e+01 1.411688e+02
         vertex 6.371729e+01 8.694825e+01 1.406415e+02
         vertex 6.642856e+01 8.694825e+01 1.386837e+02
      endloop
   endfacet
   facet normal 0.000000e+00 -1.000000e+00 0.000000e+00
      outer loop
         vertex 6.642856e+01 8.694825e+01 1.386837e+02
         vertex 6.371729e+01 8.694825e+01 1.406415e+02
         vertex 6.317477e+01 8.694825e+01 1.400554e+02
      endloop
   endfacet
   facet normal 0.000000e+00 -1.000000e+00 0.000000e+00
      outer loop
         vertex 6.642856e+01 8.694825e+01 1.386837e+02
         vertex 6.317477e+01 8.694825e+01 1.400554e+02
         vertex 6.269538e+01 8.694825e+01 1.394165e+02
      endloop
   endfacet
   facet normal -0.000000e+00 -1.000000e+00 0.000000e+00
      outer loop
         vertex 7.056239e+01 8.694825e+01 1.310591e+02
         vertex 7.051707e+01 8.694825e+01 1.311079e+02
         vertex 6.754476e+01 8.694825e+01 1.274926e+02
      endloop
   endfacet
   facet normal 0.000000e+00 -1.000000e+00 0.000000e+00
      outer loop
         vertex 6.754476e+01 8.694825e+01 1.274926e+02
         vertex 7.051707e+01 8.694825e+01 1.311079e+02
         vertex 7.048045e+01 8.694825e+01 1.311634e+02
      endloop
   endfacet
   facet normal 0.000000e+00 -1.000000e+00 0.000000e+00
      outer loop
         vertex 6.754476e+01 8.694825e+01 1.274926e+02
         vertex 7.048045e+01 8.694825e+01 1.311634e+02
         vertex 6.746035e+01 8.694825e+01 1.309561e+02
      endloop
   endfacet
   facet normal 0.000000e+00 -1.000000e+00 0.000000e+00
      outer loop
         vertex 6.746035e+01 8.694825e+01 1.309561e+02
         vertex 7.048045e+01 8.694825e+01 1.311634e+02
         vertex 7.045354e+01 8.694825e+01 1.312243e+02
      endloop
   endfacet
   facet normal 0.000000e+00 -1.000000e+00 0.000000e+00
      outer loop
         vertex 6.746035e+01 8.694825e+01 1.309561e+02
         vertex 7.045354e+01 8.694825e+01 1.312243e+02
         vertex 7.043709e+01 8.694825e+01 1.312887e+02
      endloop
   endfacet
   facet normal 0.000000e+00 -1.000000e+00 -0.000000e+00
      outer loop
         vertex 6.493225e+01 8.694825e+01 1.334686e+02
         vertex 6.210562e+01 8.694825e+01 1.317975e+02
         vertex 6.518529e+01 8.694825e+01 1.329234e+02
      endloop
   endfacet
   facet normal 0.000000e+00 -1.000000e+00 0.000000e+00
      outer loop
         vertex 6.518529e+01 8.694825e+01 1.329234e+02
         vertex 6.210562e+01 8.694825e+01 1.317975e+02
         vertex 6.248098e+01 8.694825e+01 1.310925e+02
      endloop
   endfacet
   facet normal 0.000000e+00 -1.000000e+00 -0.000000e+00
      outer loop
         vertex 6.518529e+01 8.694825e+01 1.329234e+02
         vertex 6.248098e+01 8.694825e+01 1.310925e+02
         vertex 6.550875e+01 8.694825e+01 1.324167e+02
      endloop
   endfacet
   facet normal 0.000000e+00 -1.000000e+00 0.000000e+00
      outer loop
         vertex 6.550875e+01 8.694825e+01 1.324167e+02
         vertex 6.248098e+01 8.694825e+01 1.310925e+02
         vertex 6.292685e+01 8.694825e+01 1.304298e+02
      endloop
   endfacet
   facet normal 0.000000e+00 -1.000000e+00 -0.000000e+00
      outer loop
         vertex 6.550875e+01 8.694825e+01 1.324167e+02
         vertex 6.292685e+01 8.694825e+01 1.304298e+02
         vertex 6.589685e+01 8.694825e+01 1.319576e+02
      endloop
   endfacet
   facet normal 0.000000e+00 -1.000000e+00 -0.000000e+00
      outer loop
         vertex 6.149980e+01 8.694825e+01 1.364767e+02
         vertex 6.139725e+01 8.694825e+01 1.356847e+02
         vertex 6.463407e+01 8.694825e+01 1.352363e+02
      endloop
   endfacet
   facet normal -0.000000e+00 -1.000000e+00 0.000000e+00
      outer loop
         vertex 6.463407e+01 8.694825e+01 1.352363e+02
         vertex 6.139725e+01 8.694825e+01 1.356847e+02
         vertex 6.137668e+01 8.694825e+01 1.348862e+02
      endloop
   endfacet
   facet normal 0.000000e+00 -1.000000e+00 -0.000000e+00
      outer loop
         vertex 6.463407e+01 8.694825e+01 1.352363e+02
         vertex 6.137668e+01 8.694825e+01 1.348862e+02
         vertex 6.465416e+01 8.694825e+01 1.346355e+02
      endloop
   endfacet
   facet normal -0.000000e+00 -1.000000e+00 0.000000e+00
      outer loop
         vertex 6.465416e+01 8.694825e+01 1.346355e+02
         vertex 6.137668e+01 8.694825e+01 1.348862e+02
         vertex 6.143832e+01 8.694825e+01 1.340899e+02
      endloop
   endfacet
   facet normal 0.000000e+00 -1.000000e+00 -0.000000e+00
      outer loop
         vertex 6.465416e+01 8.694825e+01 1.346355e+02
         vertex 6.143832e+01 8.694825e+01 1.340899e+02
         vertex 6.475415e+01 8.694825e+01 1.340428e+02
      endloop
   endfacet
   facet normal -0.000000e+00 -1.000000e+00 0.000000e+00
      outer loop
         vertex 6.475415e+01 8.694825e+01 1.340428e+02
         vertex 6.143832e+01 8.694825e+01 1.340899e+02
         vertex 6.158151e+01 8.694825e+01 1.333042e+02
      endloop
   endfacet
   facet normal 0.000000e+00 -1.000000e+00 -0.000000e+00
      outer loop
         vertex 6.475415e+01 8.694825e+01 1.340428e+02
         vertex 6.158151e+01 8.694825e+01 1.333042e+02
         vertex 6.493225e+01 8.694825e+01 1.334686e+02
      endloop
   endfacet
   facet normal 0.000000e+00 -1.000000e+00 0.000000e+00
      outer loop
         vertex 6.493225e+01 8.694825e+01 1.334686e+02
         vertex 6.158151e+01 8.694825e+01 1.333042e+02
         vertex 6.180473e+01 8.694825e+01 1.325373e+02
      endloop
   endfacet
   facet normal 0.000000e+00 -1.000000e+00 0.000000e+00
      outer loop
         vertex 6.493225e+01 8.694825e+01 1.334686e+02
         vertex 6.180473e+01 8.694825e+01 1.325373e+02
         vertex 6.210562e+01 8.694825e+01 1.317975e+02
      endloop
   endfacet
   facet normal 0.000000e+00 -1.000000e+00 -0.000000e+00
      outer loop
         vertex 6.269538e+01 8.694825e+01 1.394165e+02
         vertex 6.228422e+01 8.694825e+01 1.387318e+02
         vertex 6.642856e+01 8.694825e+01 1.386837e+02
      endloop
   endfacet
   facet normal -0.000000e+00 -1.000000e+00 0.000000e+00
      outer loop
         vertex 6.642856e+01 8.694825e+01 1.386837e+02
         vertex 6.228422e+01 8.694825e+01 1.387318e+02
         vertex 6.576617e+01 8.694825e+01 1.380733e+02
      endloop
   endfacet
   facet normal 0.000000e+00 -1.000000e+00 -0.000000e+00
      outer loop
         vertex 6.642856e+01 8.694825e+01 1.386837e+02
         vertex 6.576617e+01 8.694825e+01 1.380733e+02
         vertex 6.793156e+01 8.694825e+01 1.371807e+02
      endloop
   endfacet
   facet normal -0.000000e+00 -1.000000e+00 0.000000e+00
      outer loop
         vertex 6.793156e+01 8.694825e+01 1.371807e+02
         vertex 6.576617e+01 8.694825e+01 1.380733e+02
         vertex 6.755877e+01 8.694825e+01 1.362807e+02
      endloop
   endfacet
   facet normal 0.000000e+00 -1.000000e+00 -0.000000e+00
      outer loop
         vertex 6.793156e+01 8.694825e+01 1.371807e+02
         vertex 6.755877e+01 8.694825e+01 1.362807e+02
         vertex 7.033156e+01 8.694825e+01 1.371807e+02
      endloop
   endfacet
   facet normal 0.000000e+00 -1.000000e+00 -0.000000e+00
      outer loop
         vertex 7.033156e+01 8.694825e+01 1.371807e+02
         vertex 6.755877e+01 8.694825e+01 1.362807e+02
         vertex 7.070435e+01 8.694825e+01 1.362807e+02
      endloop
   endfacet
   facet normal 0.000000e+00 -1.000000e+00 0.000000e+00
      outer loop
         vertex 7.033156e+01 8.694825e+01 1.371807e+02
         vertex 7.070435e+01 8.694825e+01 1.362807e+02
         vertex 7.183456e+01 8.694825e+01 1.386837e+02
      endloop
   endfacet
   facet normal 0.000000e+00 -1.000000e+00 -0.000000e+00
      outer loop
         vertex 7.183456e+01 8.694825e+01 1.386837e+02
         vertex 7.070435e+01 8.694825e+01 1.362807e+02
         vertex 7.249695e+01 8.694825e+01 1.380733e+02
      endloop
   endfacet
   facet normal 0.000000e+00 -1.000000e+00 0.000000e+00
      outer loop
         vertex 7.183456e+01 8.694825e+01 1.386837e+02
         vertex 7.249695e+01 8.694825e+01 1.380733e+02
         vertex 7.597890e+01 8.694825e+01 1.387318e+02
      endloop
   endfacet
   facet normal 0.000000e+00 -1.000000e+00 -0.000000e+00
      outer loop
         vertex 6.780958e+01 8.694825e+01 1.312243e+02
         vertex 6.778267e+01 8.694825e+01 1.311634e+02
         vertex 7.043709e+01 8.694825e+01 1.312887e+02
      endloop
   endfacet
   facet normal 0.000000e+00 -1.000000e+00 0.000000e+00
      outer loop
         vertex 7.043709e+01 8.694825e+01 1.312887e+02
         vertex 6.778267e+01 8.694825e+01 1.311634e+02
         vertex 6.774605e+01 8.694825e+01 1.311079e+02
      endloop
   endfacet
   facet normal 0.000000e+00 -1.000000e+00 0.000000e+00
      outer loop
         vertex 7.043709e+01 8.694825e+01 1.312887e+02
         vertex 6.774605e+01 8.694825e+01 1.311079e+02
         vertex 6.770073e+01 8.694825e+01 1.310591e+02
      endloop
   endfacet
   facet normal 0.000000e+00 -1.000000e+00 -0.000000e+00
      outer loop
         vertex 6.770073e+01 8.694825e+01 1.310591e+02
         vertex 6.764796e+01 8.694825e+01 1.310186e+02
         vertex 7.043709e+01 8.694825e+01 1.312887e+02
      endloop
   endfacet
   facet normal 0.000000e+00 -1.000000e+00 0.000000e+00
      outer loop
         vertex 7.043709e+01 8.694825e+01 1.312887e+02
         vertex 6.764796e+01 8.694825e+01 1.310186e+02
         vertex 6.758920e+01 8.694825e+01 1.309874e+02
      endloop
   endfacet
   facet normal 0.000000e+00 -1.000000e+00 0.000000e+00
      outer loop
         vertex 7.043709e+01 8.694825e+01 1.312887e+02
         vertex 6.758920e+01 8.694825e+01 1.309874e+02
         vertex 6.752609e+01 8.694825e+01 1.309664e+02
      endloop
   endfacet
   facet normal -0.000000e+00 -1.000000e+00 0.000000e+00
      outer loop
         vertex 6.746035e+01 8.694825e+01 1.309561e+02
         vertex 6.739382e+01 8.694825e+01 1.309568e+02
         vertex 6.677241e+01 8.694825e+01 1.276960e+02
      endloop
   endfacet
   facet normal 0.000000e+00 -1.000000e+00 0.000000e+00
      outer loop
         vertex 6.677241e+01 8.694825e+01 1.276960e+02
         vertex 6.739382e+01 8.694825e+01 1.309568e+02
         vertex 6.732834e+01 8.694825e+01 1.309686e+02
      endloop
   endfacet
   facet normal 0.000000e+00 -1.000000e+00 0.000000e+00
      outer loop
         vertex 6.677241e+01 8.694825e+01 1.276960e+02
         vertex 6.732834e+01 8.694825e+01 1.309686e+02
         vertex 6.602506e+01 8.694825e+01 1.279777e+02
      endloop
   endfacet
   facet normal 0.000000e+00 -1.000000e+00 0.000000e+00
      outer loop
         vertex 6.602506e+01 8.694825e+01 1.279777e+02
         vertex 6.732834e+01 8.694825e+01 1.309686e+02
         vertex 6.726571e+01 8.694825e+01 1.309910e+02
      endloop
   endfacet
   facet normal 0.000000e+00 -1.000000e+00 0.000000e+00
      outer loop
         vertex 6.602506e+01 8.694825e+01 1.279777e+02
         vertex 6.726571e+01 8.694825e+01 1.309910e+02
         vertex 6.531064e+01 8.694825e+01 1.283348e+02
      endloop
   endfacet
   facet normal 0.000000e+00 -1.000000e+00 0.000000e+00
      outer loop
         vertex 6.531064e+01 8.694825e+01 1.283348e+02
         vertex 6.726571e+01 8.694825e+01 1.309910e+02
         vertex 6.683829e+01 8.694825e+01 1.312142e+02
      endloop
   endfacet
   facet normal 0.000000e+00 -1.000000e+00 0.000000e+00
      outer loop
         vertex 6.531064e+01 8.694825e+01 1.283348e+02
         vertex 6.683829e+01 8.694825e+01 1.312142e+02
         vertex 6.463673e+01 8.694825e+01 1.287634e+02
      endloop
   endfacet
   facet normal 0.000000e+00 -1.000000e+00 0.000000e+00
      outer loop
         vertex 6.463673e+01 8.694825e+01 1.287634e+02
         vertex 6.683829e+01 8.694825e+01 1.312142e+02
         vertex 6.634269e+01 8.694825e+01 1.315544e+02
      endloop
   endfacet
   facet normal 0.000000e+00 -1.000000e+00 0.000000e+00
      outer loop
         vertex 6.463673e+01 8.694825e+01 1.287634e+02
         vertex 6.634269e+01 8.694825e+01 1.315544e+02
         vertex 6.401046e+01 8.694825e+01 1.292591e+02
      endloop
   endfacet
   facet normal 0.000000e+00 -1.000000e+00 0.000000e+00
      outer loop
         vertex 6.401046e+01 8.694825e+01 1.292591e+02
         vertex 6.634269e+01 8.694825e+01 1.315544e+02
         vertex 6.589685e+01 8.694825e+01 1.319576e+02
      endloop
   endfacet
   facet normal 0.000000e+00 -1.000000e+00 0.000000e+00
      outer loop
         vertex 6.401046e+01 8.694825e+01 1.292591e+02
         vertex 6.589685e+01 8.694825e+01 1.319576e+02
         vertex 6.343848e+01 8.694825e+01 1.298166e+02
      endloop
   endfacet
   facet normal 0.000000e+00 -1.000000e+00 0.000000e+00
      outer loop
         vertex 6.343848e+01 8.694825e+01 1.298166e+02
         vertex 6.589685e+01 8.694825e+01 1.319576e+02
         vertex 6.292685e+01 8.694825e+01 1.304298e+02
      endloop
   endfacet
   facet normal 0.000000e+00 -1.000000e+00 0.000000e+00
      outer loop
         vertex 7.307784e+01 8.694825e+01 1.329234e+02
         vertex 7.615750e+01 8.694825e+01 1.317975e+02
         vertex 7.333087e+01 8.694825e+01 1.334686e+02
      endloop
   endfacet
   facet normal 0.000000e+00 -1.000000e+00 0.000000e+00
      outer loop
         vertex 7.333087e+01 8.694825e+01 1.334686e+02
         vertex 7.615750e+01 8.694825e+01 1.317975e+02
         vertex 7.645839e+01 8.694825e+01 1.325373e+02
      endloop
   endfacet
   facet normal 0.000000e+00 -1.000000e+00 0.000000e+00
      outer loop
         vertex 7.333087e+01 8.694825e+01 1.334686e+02
         vertex 7.645839e+01 8.694825e+01 1.325373e+02
         vertex 7.350897e+01 8.694825e+01 1.340428e+02
      endloop
   endfacet
   facet normal 0.000000e+00 -1.000000e+00 0.000000e+00
      outer loop
         vertex 7.350897e+01 8.694825e+01 1.340428e+02
         vertex 7.645839e+01 8.694825e+01 1.325373e+02
         vertex 7.668161e+01 8.694825e+01 1.333042e+02
      endloop
   endfacet
   facet normal 0.000000e+00 -1.000000e+00 0.000000e+00
      outer loop
         vertex 7.350897e+01 8.694825e+01 1.340428e+02
         vertex 7.668161e+01 8.694825e+01 1.333042e+02
         vertex 7.360896e+01 8.694825e+01 1.346355e+02
      endloop
   endfacet
   facet normal 0.000000e+00 -1.000000e+00 0.000000e+00
      outer loop
         vertex 7.093478e+01 8.694825e+01 1.309686e+02
         vertex 7.149072e+01 8.694825e+01 1.276960e+02
         vertex 7.099741e+01 8.694825e+01 1.309910e+02
      endloop
   endfacet
   facet normal 0.000000e+00 -1.000000e+00 0.000000e+00
      outer loop
         vertex 7.099741e+01 8.694825e+01 1.309910e+02
         vertex 7.149072e+01 8.694825e+01 1.276960e+02
         vertex 7.223806e+01 8.694825e+01 1.279777e+02
      endloop
   endfacet
   facet normal 0.000000e+00 -1.000000e+00 0.000000e+00
      outer loop
         vertex 7.099741e+01 8.694825e+01 1.309910e+02
         vertex 7.223806e+01 8.694825e+01 1.279777e+02
         vertex 7.142484e+01 8.694825e+01 1.312142e+02
      endloop
   endfacet
   facet normal 0.000000e+00 -1.000000e+00 0.000000e+00
      outer loop
         vertex 7.142484e+01 8.694825e+01 1.312142e+02
         vertex 7.223806e+01 8.694825e+01 1.279777e+02
         vertex 7.295248e+01 8.694825e+01 1.283348e+02
      endloop
   endfacet
   facet normal 0.000000e+00 -1.000000e+00 0.000000e+00
      outer loop
         vertex 7.142484e+01 8.694825e+01 1.312142e+02
         vertex 7.295248e+01 8.694825e+01 1.283348e+02
         vertex 7.192044e+01 8.694825e+01 1.315544e+02
      endloop
   endfacet
   facet normal 0.000000e+00 -1.000000e+00 0.000000e+00
      outer loop
         vertex 7.668161e+01 8.694825e+01 1.333042e+02
         vertex 7.682480e+01 8.694825e+01 1.340899e+02
         vertex 7.360896e+01 8.694825e+01 1.346355e+02
      endloop
   endfacet
   facet normal 0.000000e+00 -1.000000e+00 0.000000e+00
      outer loop
         vertex 7.360896e+01 8.694825e+01 1.346355e+02
         vertex 7.682480e+01 8.694825e+01 1.340899e+02
         vertex 7.688644e+01 8.694825e+01 1.348862e+02
      endloop
   endfacet
   facet normal 0.000000e+00 -1.000000e+00 0.000000e+00
      outer loop
         vertex 7.360896e+01 8.694825e+01 1.346355e+02
         vertex 7.688644e+01 8.694825e+01 1.348862e+02
         vertex 7.362905e+01 8.694825e+01 1.352363e+02
      endloop
   endfacet
   facet normal 0.000000e+00 -1.000000e+00 0.000000e+00
      outer loop
         vertex 7.362905e+01 8.694825e+01 1.352363e+02
         vertex 7.688644e+01 8.694825e+01 1.348862e+02
         vertex 7.686588e+01 8.694825e+01 1.356847e+02
      endloop
   endfacet
   facet normal 0.000000e+00 -1.000000e+00 0.000000e+00
      outer loop
         vertex 7.362905e+01 8.694825e+01 1.352363e+02
         vertex 7.686588e+01 8.694825e+01 1.356847e+02
         vertex 7.356888e+01 8.694825e+01 1.358345e+02
      endloop
   endfacet
   facet normal 0.000000e+00 -1.000000e+00 0.000000e+00
      outer loop
         vertex 7.356888e+01 8.694825e+01 1.358345e+02
         vertex 7.686588e+01 8.694825e+01 1.356847e+02
         vertex 7.676332e+01 8.694825e+01 1.364767e+02
      endloop
   endfacet
   facet normal 0.000000e+00 -1.000000e+00 0.000000e+00
      outer loop
         vertex 7.356888e+01 8.694825e+01 1.358345e+02
         vertex 7.676332e+01 8.694825e+01 1.364767e+02
         vertex 7.342952e+01 8.694825e+01 1.364192e+02
      endloop
   endfacet
   facet normal 0.000000e+00 -1.000000e+00 0.000000e+00
      outer loop
         vertex 7.342952e+01 8.694825e+01 1.364192e+02
         vertex 7.676332e+01 8.694825e+01 1.364767e+02
         vertex 7.657988e+01 8.694825e+01 1.372541e+02
      endloop
   endfacet
   facet normal 0.000000e+00 -1.000000e+00 0.000000e+00
      outer loop
         vertex 7.342952e+01 8.694825e+01 1.364192e+02
         vertex 7.657988e+01 8.694825e+01 1.372541e+02
         vertex 7.321347e+01 8.694825e+01 1.369802e+02
      endloop
   endfacet
   facet normal 0.000000e+00 -1.000000e+00 0.000000e+00
      outer loop
         vertex 7.321347e+01 8.694825e+01 1.369802e+02
         vertex 7.657988e+01 8.694825e+01 1.372541e+02
         vertex 7.631747e+01 8.694825e+01 1.380084e+02
      endloop
   endfacet
   facet normal 0.000000e+00 -1.000000e+00 0.000000e+00
      outer loop
         vertex 7.321347e+01 8.694825e+01 1.369802e+02
         vertex 7.631747e+01 8.694825e+01 1.380084e+02
         vertex 7.292458e+01 8.694825e+01 1.375074e+02
      endloop
   endfacet
   facet normal 0.000000e+00 -1.000000e+00 0.000000e+00
      outer loop
         vertex 7.292458e+01 8.694825e+01 1.375074e+02
         vertex 7.631747e+01 8.694825e+01 1.380084e+02
         vertex 7.597890e+01 8.694825e+01 1.387318e+02
      endloop
   endfacet
   facet normal 0.000000e+00 -1.000000e+00 0.000000e+00
      outer loop
         vertex 7.292458e+01 8.694825e+01 1.375074e+02
         vertex 7.597890e+01 8.694825e+01 1.387318e+02
         vertex 7.256800e+01 8.694825e+01 1.379913e+02
      endloop
   endfacet
   facet normal 0.000000e+00 -1.000000e+00 0.000000e+00
      outer loop
         vertex 7.256800e+01 8.694825e+01 1.379913e+02
         vertex 7.597890e+01 8.694825e+01 1.387318e+02
         vertex 7.249695e+01 8.694825e+01 1.380733e+02
      endloop
   endfacet
   facet normal -0.000000e+00 -1.000000e+00 -0.000000e+00
      outer loop
         vertex 7.043156e+01 8.694825e+01 1.319860e+02
         vertex 6.783156e+01 8.694825e+01 1.319860e+02
         vertex 7.043156e+01 8.694825e+01 1.313550e+02
      endloop
   endfacet
   facet normal 0.000000e+00 -1.000000e+00 0.000000e+00
      outer loop
         vertex 7.043156e+01 8.694825e+01 1.313550e+02
         vertex 6.783156e+01 8.694825e+01 1.319860e+02
         vertex 6.783156e+01 8.694825e+01 1.313550e+02
      endloop
   endfacet
   facet normal -0.000000e+00 -1.000000e+00 -0.000000e+00
      outer loop
         vertex 7.043156e+01 8.694825e+01 1.313550e+02
         vertex 6.783156e+01 8.694825e+01 1.313550e+02
         vertex 7.043709e+01 8.694825e+01 1.312887e+02
      endloop
   endfacet
   facet normal 0.000000e+00 -1.000000e+00 0.000000e+00
      outer loop
         vertex 7.043709e+01 8.694825e+01 1.312887e+02
         vertex 6.783156e+01 8.694825e+01 1.313550e+02
         vertex 6.782603e+01 8.694825e+01 1.312887e+02
      endloop
   endfacet
   facet normal -0.000000e+00 -1.000000e+00 0.000000e+00
      outer loop
         vertex 7.043709e+01 8.694825e+01 1.312887e+02
         vertex 6.782603e+01 8.694825e+01 1.312887e+02
         vertex 6.780958e+01 8.694825e+01 1.312243e+02
      endloop
   endfacet
   facet normal 0.000000e+00 -1.000000e+00 0.000000e+00
      outer loop
         vertex 7.295248e+01 8.694825e+01 1.283348e+02
         vertex 7.362639e+01 8.694825e+01 1.287634e+02
         vertex 7.192044e+01 8.694825e+01 1.315544e+02
      endloop
   endfacet
   facet normal 0.000000e+00 -1.000000e+00 0.000000e+00
      outer loop
         vertex 7.192044e+01 8.694825e+01 1.315544e+02
         vertex 7.362639e+01 8.694825e+01 1.287634e+02
         vertex 7.425266e+01 8.694825e+01 1.292591e+02
      endloop
   endfacet
   facet normal 0.000000e+00 -1.000000e+00 0.000000e+00
      outer loop
         vertex 7.192044e+01 8.694825e+01 1.315544e+02
         vertex 7.425266e+01 8.694825e+01 1.292591e+02
         vertex 7.236627e+01 8.694825e+01 1.319576e+02
      endloop
   endfacet
   facet normal 0.000000e+00 -1.000000e+00 0.000000e+00
      outer loop
         vertex 7.236627e+01 8.694825e+01 1.319576e+02
         vertex 7.425266e+01 8.694825e+01 1.292591e+02
         vertex 7.482464e+01 8.694825e+01 1.298166e+02
      endloop
   endfacet
   facet normal 0.000000e+00 -1.000000e+00 0.000000e+00
      outer loop
         vertex 7.236627e+01 8.694825e+01 1.319576e+02
         vertex 7.482464e+01 8.694825e+01 1.298166e+02
         vertex 7.275438e+01 8.694825e+01 1.324167e+02
      endloop
   endfacet
   facet normal 0.000000e+00 -1.000000e+00 0.000000e+00
      outer loop
         vertex 7.275438e+01 8.694825e+01 1.324167e+02
         vertex 7.482464e+01 8.694825e+01 1.298166e+02
         vertex 7.533627e+01 8.694825e+01 1.304298e+02
      endloop
   endfacet
   facet normal 0.000000e+00 -1.000000e+00 0.000000e+00
      outer loop
         vertex 7.275438e+01 8.694825e+01 1.324167e+02
         vertex 7.533627e+01 8.694825e+01 1.304298e+02
         vertex 7.307784e+01 8.694825e+01 1.329234e+02
      endloop
   endfacet
   facet normal 0.000000e+00 -1.000000e+00 0.000000e+00
      outer loop
         vertex 7.307784e+01 8.694825e+01 1.329234e+02
         vertex 7.533627e+01 8.694825e+01 1.304298e+02
         vertex 7.578214e+01 8.694825e+01 1.310925e+02
      endloop
   endfacet
   facet normal 0.000000e+00 -1.000000e+00 0.000000e+00
      outer loop
         vertex 7.307784e+01 8.694825e+01 1.329234e+02
         vertex 7.578214e+01 8.694825e+01 1.310925e+02
         vertex 7.615750e+01 8.694825e+01 1.317975e+02
      endloop
   endfacet
   facet normal 0.000000e+00 0.000000e+00 -1.000000e+00
      outer loop
         vertex 6.755877e+01 8.734825e+01 1.362807e+02
         vertex 7.070435e+01 8.734825e+01 1.362807e+02
         vertex 6.755877e+01 8.694825e+01 1.362807e+02
      endloop
   endfacet
   facet normal 0.000000e+00 0.000000e+00 -1.000000e+00
      outer loop
         vertex 6.755877e+01 8.694825e+01 1.362807e+02
         vertex 7.070435e+01 8.734825e+01 1.362807e+02
         vertex 7.070435e+01 8.694825e+01 1.362807e+02
      endloop
   endfacet
   facet normal 0.000000e+00 0.000000e+00 1.000000e+00
      outer loop
         vertex 7.033156e+01 8.734825e+01 1.371807e+02
         vertex 6.793156e+01 8.734825e+01 1.371807e+02
         vertex 7.033156e+01 8.694825e+01 1.371807e+02
      endloop
   endfacet
   facet normal 0.000000e+00 0.000000e+00 1.000000e+00
      outer loop
         vertex 7.033156e+01 8.694825e+01 1.371807e+02
         vertex 6.793156e+01 8.734825e+01 1.371807e+02
         vertex 6.793156e+01 8.694825e+01 1.371807e+02
      endloop
   endfacet
   facet normal 0.000000e+00 1.000000e+00 0.000000e+00
      outer loop
         vertex 7.215009e+01 8.734825e+01 1.384234e+02
         vertex 7.249695e+01 8.734825e+01 1.380733e+02
         vertex 7.070435e+01 8.734825e+01 1.362807e+02
      endloop
   endfacet
   facet normal -0.000000e+00 1.000000e+00 0.000000e+00
      outer loop
         vertex 6.576617e+01 8.734825e+01 1.380733e+02
         vertex 6.611303e+01 8.734825e+01 1.384234e+02
         vertex 6.755877e+01 8.734825e+01 1.362807e+02
      endloop
   endfacet
   facet normal 0.000000e+00 1.000000e+00 -0.000000e+00
      outer loop
         vertex 6.755877e+01 8.734825e+01 1.362807e+02
         vertex 6.611303e+01 8.734825e+01 1.384234e+02
         vertex 6.772156e+01 8.734825e+01 1.370860e+02
      endloop
   endfacet
   facet normal -0.000000e+00 1.000000e+00 0.000000e+00
      outer loop
         vertex 6.611303e+01 8.734825e+01 1.384234e+02
         vertex 6.642856e+01 8.734825e+01 1.386837e+02
         vertex 6.772156e+01 8.734825e+01 1.370860e+02
      endloop
   endfacet
   facet normal 0.000000e+00 1.000000e+00 -0.000000e+00
      outer loop
         vertex 6.772156e+01 8.734825e+01 1.370860e+02
         vertex 6.642856e+01 8.734825e+01 1.386837e+02
         vertex 6.793156e+01 8.734825e+01 1.371807e+02
      endloop
   endfacet
   facet normal 0.000000e+00 1.000000e+00 0.000000e+00
      outer loop
         vertex 6.772156e+01 8.734825e+01 1.370860e+02
         vertex 6.793156e+01 8.734825e+01 1.371807e+02
         vertex 7.053156e+01 8.734825e+01 1.370860e+02
      endloop
   endfacet
   facet normal 0.000000e+00 1.000000e+00 0.000000e+00
      outer loop
         vertex 7.053156e+01 8.734825e+01 1.370860e+02
         vertex 6.793156e+01 8.734825e+01 1.371807e+02
         vertex 7.033156e+01 8.734825e+01 1.371807e+02
      endloop
   endfacet
   facet normal 0.000000e+00 1.000000e+00 0.000000e+00
      outer loop
         vertex 6.772156e+01 8.734825e+01 1.370860e+02
         vertex 6.772156e+01 8.734825e+01 1.362860e+02
         vertex 6.755877e+01 8.734825e+01 1.362807e+02
      endloop
   endfacet
   facet normal 0.000000e+00 1.000000e+00 0.000000e+00
      outer loop
         vertex 6.755877e+01 8.734825e+01 1.362807e+02
         vertex 6.772156e+01 8.734825e+01 1.362860e+02
         vertex 7.053156e+01 8.734825e+01 1.362860e+02
      endloop
   endfacet
   facet normal 0.000000e+00 1.000000e+00 0.000000e+00
      outer loop
         vertex 6.755877e+01 8.734825e+01 1.362807e+02
         vertex 7.053156e+01 8.734825e+01 1.362860e+02
         vertex 7.070435e+01 8.734825e+01 1.362807e+02
      endloop
   endfacet
   facet normal 0.000000e+00 1.000000e+00 0.000000e+00
      outer loop
         vertex 7.070435e+01 8.734825e+01 1.362807e+02
         vertex 7.053156e+01 8.734825e+01 1.362860e+02
         vertex 7.053156e+01 8.734825e+01 1.370860e+02
      endloop
   endfacet
   facet normal 0.000000e+00 1.000000e+00 -0.000000e+00
      outer loop
         vertex 7.070435e+01 8.734825e+01 1.362807e+02
         vertex 7.053156e+01 8.734825e+01 1.370860e+02
         vertex 7.215009e+01 8.734825e+01 1.384234e+02
      endloop
   endfacet
   facet normal 0.000000e+00 1.000000e+00 0.000000e+00
      outer loop
         vertex 7.215009e+01 8.734825e+01 1.384234e+02
         vertex 7.053156e+01 8.734825e+01 1.370860e+02
         vertex 7.033156e+01 8.734825e+01 1.371807e+02
      endloop
   endfacet
   facet normal 0.000000e+00 1.000000e+00 0.000000e+00
      outer loop
         vertex 7.215009e+01 8.734825e+01 1.384234e+02
         vertex 7.033156e+01 8.734825e+01 1.371807e+02
         vertex 7.183456e+01 8.734825e+01 1.386837e+02
      endloop
   endfacet
   facet normal -7.071067e-01 -0.000000e+00 -7.071068e-01
      outer loop
         vertex 6.576617e+01 8.734825e+01 1.380733e+02
         vertex 6.755877e+01 8.734825e+01 1.362807e+02
         vertex 6.576617e+01 8.694825e+01 1.380733e+02
      endloop
   endfacet
   facet normal -7.071067e-01 0.000000e+00 -7.071068e-01
      outer loop
         vertex 6.576617e+01 8.694825e+01 1.380733e+02
         vertex 6.755877e+01 8.734825e+01 1.362807e+02
         vertex 6.755877e+01 8.694825e+01 1.362807e+02
      endloop
   endfacet
   facet normal -7.071068e-01 0.000000e+00 7.071067e-01
      outer loop
         vertex 7.183456e+01 8.734825e+01 1.386837e+02
         vertex 7.033156e+01 8.734825e+01 1.371807e+02
         vertex 7.183456e+01 8.694825e+01 1.386837e+02
      endloop
   endfacet
   facet normal -7.071068e-01 0.000000e+00 7.071067e-01
      outer loop
         vertex 7.183456e+01 8.694825e+01 1.386837e+02
         vertex 7.033156e+01 8.734825e+01 1.371807e+02
         vertex 7.033156e+01 8.694825e+01 1.371807e+02
      endloop
   endfacet
   facet normal 7.071067e-01 0.000000e+00 -7.071068e-01
      outer loop
         vertex 7.070435e+01 8.734825e+01 1.362807e+02
         vertex 7.249695e+01 8.734825e+01 1.380733e+02
         vertex 7.070435e+01 8.694825e+01 1.362807e+02
      endloop
   endfacet
   facet normal 7.071067e-01 0.000000e+00 -7.071068e-01
      outer loop
         vertex 7.070435e+01 8.694825e+01 1.362807e+02
         vertex 7.249695e+01 8.734825e+01 1.380733e+02
         vertex 7.249695e+01 8.694825e+01 1.380733e+02
      endloop
   endfacet
   facet normal 7.071068e-01 0.000000e+00 7.071067e-01
      outer loop
         vertex 6.793156e+01 8.734825e+01 1.371807e+02
         vertex 6.642856e+01 8.734825e+01 1.386837e+02
         vertex 6.793156e+01 8.694825e+01 1.371807e+02
      endloop
   endfacet
   facet normal 7.071068e-01 0.000000e+00 7.071067e-01
      outer loop
         vertex 6.793156e+01 8.694825e+01 1.371807e+02
         vertex 6.642856e+01 8.734825e+01 1.386837e+02
         vertex 6.642856e+01 8.694825e+01 1.386837e+02
      endloop
   endfacet
   facet normal 0.000000e+00 1.000000e+00 0.000000e+00
      outer loop
         vertex 7.657988e+01 8.734825e+01 1.372541e+02
         vertex 7.414239e+01 8.734825e+01 1.368127e+02
         vertex 7.631747e+01 8.734825e+01 1.380084e+02
      endloop
   endfacet
   facet normal 0.000000e+00 1.000000e+00 0.000000e+00
      outer loop
         vertex 7.631747e+01 8.734825e+01 1.380084e+02
         vertex 7.414239e+01 8.734825e+01 1.368127e+02
         vertex 7.397017e+01 8.734825e+01 1.372488e+02
      endloop
   endfacet
   facet normal 0.000000e+00 1.000000e+00 0.000000e+00
      outer loop
         vertex 7.631747e+01 8.734825e+01 1.380084e+02
         vertex 7.397017e+01 8.734825e+01 1.372488e+02
         vertex 7.597890e+01 8.734825e+01 1.387318e+02
      endloop
   endfacet
   facet normal 0.000000e+00 1.000000e+00 0.000000e+00
      outer loop
         vertex 7.597890e+01 8.734825e+01 1.387318e+02
         vertex 7.397017e+01 8.734825e+01 1.372488e+02
         vertex 7.376008e+01 8.734825e+01 1.376680e+02
      endloop
   endfacet
   facet normal 0.000000e+00 1.000000e+00 0.000000e+00
      outer loop
         vertex 7.597890e+01 8.734825e+01 1.387318e+02
         vertex 7.376008e+01 8.734825e+01 1.376680e+02
         vertex 7.556774e+01 8.734825e+01 1.394165e+02
      endloop
   endfacet
   facet normal 0.000000e+00 1.000000e+00 0.000000e+00
      outer loop
         vertex 7.556774e+01 8.734825e+01 1.394165e+02
         vertex 7.376008e+01 8.734825e+01 1.376680e+02
         vertex 7.351377e+01 8.734825e+01 1.380670e+02
      endloop
   endfacet
   facet normal 0.000000e+00 1.000000e+00 0.000000e+00
      outer loop
         vertex 7.556774e+01 8.734825e+01 1.394165e+02
         vertex 7.351377e+01 8.734825e+01 1.380670e+02
         vertex 7.508836e+01 8.734825e+01 1.400554e+02
      endloop
   endfacet
   facet normal 0.000000e+00 1.000000e+00 0.000000e+00
      outer loop
         vertex 7.508836e+01 8.734825e+01 1.400554e+02
         vertex 7.351377e+01 8.734825e+01 1.380670e+02
         vertex 7.323316e+01 8.734825e+01 1.384426e+02
      endloop
   endfacet
   facet normal 0.000000e+00 1.000000e+00 0.000000e+00
      outer loop
         vertex 7.508836e+01 8.734825e+01 1.400554e+02
         vertex 7.323316e+01 8.734825e+01 1.384426e+02
         vertex 7.454583e+01 8.734825e+01 1.406415e+02
      endloop
   endfacet
   facet normal 0.000000e+00 1.000000e+00 0.000000e+00
      outer loop
         vertex 7.454583e+01 8.734825e+01 1.406415e+02
         vertex 7.323316e+01 8.734825e+01 1.384426e+02
         vertex 7.292045e+01 8.734825e+01 1.387920e+02
      endloop
   endfacet
   facet normal 0.000000e+00 1.000000e+00 0.000000e+00
      outer loop
         vertex 7.454583e+01 8.734825e+01 1.406415e+02
         vertex 7.292045e+01 8.734825e+01 1.387920e+02
         vertex 7.394591e+01 8.734825e+01 1.411688e+02
      endloop
   endfacet
   facet normal -0.000000e+00 1.000000e+00 0.000000e+00
      outer loop
         vertex 6.463673e+01 8.734825e+01 1.287634e+02
         vertex 6.624825e+01 8.734825e+01 1.306389e+02
         vertex 6.531064e+01 8.734825e+01 1.283348e+02
      endloop
   endfacet
   facet normal 0.000000e+00 1.000000e+00 0.000000e+00
      outer loop
         vertex 6.531064e+01 8.734825e+01 1.283348e+02
         vertex 6.624825e+01 8.734825e+01 1.306389e+02
         vertex 6.665257e+01 8.734825e+01 1.304015e+02
      endloop
   endfacet
   facet normal -0.000000e+00 1.000000e+00 0.000000e+00
      outer loop
         vertex 6.531064e+01 8.734825e+01 1.283348e+02
         vertex 6.665257e+01 8.734825e+01 1.304015e+02
         vertex 6.602506e+01 8.734825e+01 1.279777e+02
      endloop
   endfacet
   facet normal 0.000000e+00 1.000000e+00 0.000000e+00
      outer loop
         vertex 6.602506e+01 8.734825e+01 1.279777e+02
         vertex 6.665257e+01 8.734825e+01 1.304015e+02
         vertex 6.707629e+01 8.734825e+01 1.302007e+02
      endloop
   endfacet
   facet normal -0.000000e+00 1.000000e+00 0.000000e+00
      outer loop
         vertex 6.602506e+01 8.734825e+01 1.279777e+02
         vertex 6.707629e+01 8.734825e+01 1.302007e+02
         vertex 6.677241e+01 8.734825e+01 1.276960e+02
      endloop
   endfacet
   facet normal 0.000000e+00 1.000000e+00 0.000000e+00
      outer loop
         vertex 6.677241e+01 8.734825e+01 1.276960e+02
         vertex 6.707629e+01 8.734825e+01 1.302007e+02
         vertex 6.751609e+01 8.734825e+01 1.300382e+02
      endloop
   endfacet
   facet normal -0.000000e+00 1.000000e+00 0.000000e+00
      outer loop
         vertex 6.677241e+01 8.734825e+01 1.276960e+02
         vertex 6.751609e+01 8.734825e+01 1.300382e+02
         vertex 6.754476e+01 8.734825e+01 1.274926e+02
      endloop
   endfacet
   facet normal 0.000000e+00 1.000000e+00 -0.000000e+00
      outer loop
         vertex 6.754476e+01 8.734825e+01 1.274926e+02
         vertex 6.751609e+01 8.734825e+01 1.300382e+02
         vertex 6.796854e+01 8.734825e+01 1.299152e+02
      endloop
   endfacet
   facet normal -0.000000e+00 1.000000e+00 0.000000e+00
      outer loop
         vertex 6.754476e+01 8.734825e+01 1.274926e+02
         vertex 6.796854e+01 8.734825e+01 1.299152e+02
         vertex 6.833393e+01 8.734825e+01 1.273696e+02
      endloop
   endfacet
   facet normal 0.000000e+00 1.000000e+00 -0.000000e+00
      outer loop
         vertex 6.833393e+01 8.734825e+01 1.273696e+02
         vertex 6.796854e+01 8.734825e+01 1.299152e+02
         vertex 6.843009e+01 8.734825e+01 1.298326e+02
      endloop
   endfacet
   facet normal -0.000000e+00 1.000000e+00 0.000000e+00
      outer loop
         vertex 6.833393e+01 8.734825e+01 1.273696e+02
         vertex 6.843009e+01 8.734825e+01 1.298326e+02
         vertex 6.913156e+01 8.734825e+01 1.273285e+02
      endloop
   endfacet
   facet normal 0.000000e+00 1.000000e+00 0.000000e+00
      outer loop
         vertex 6.843009e+01 8.734825e+01 1.298326e+02
         vertex 6.889712e+01 8.734825e+01 1.297912e+02
         vertex 6.913156e+01 8.734825e+01 1.273285e+02
      endloop
   endfacet
   facet normal 0.000000e+00 1.000000e+00 -0.000000e+00
      outer loop
         vertex 6.913156e+01 8.734825e+01 1.273285e+02
         vertex 6.889712e+01 8.734825e+01 1.297912e+02
         vertex 6.936600e+01 8.734825e+01 1.297912e+02
      endloop
   endfacet
   facet normal 0.000000e+00 1.000000e+00 0.000000e+00
      outer loop
         vertex 6.913156e+01 8.734825e+01 1.273285e+02
         vertex 6.936600e+01 8.734825e+01 1.297912e+02
         vertex 6.992919e+01 8.734825e+01 1.273696e+02
      endloop
   endfacet
   facet normal 0.000000e+00 1.000000e+00 0.000000e+00
      outer loop
         vertex 6.992919e+01 8.734825e+01 1.273696e+02
         vertex 6.936600e+01 8.734825e+01 1.297912e+02
         vertex 6.983304e+01 8.734825e+01 1.298326e+02
      endloop
   endfacet
   facet normal 0.000000e+00 1.000000e+00 -0.000000e+00
      outer loop
         vertex 6.992919e+01 8.734825e+01 1.273696e+02
         vertex 6.983304e+01 8.734825e+01 1.298326e+02
         vertex 7.071836e+01 8.734825e+01 1.274926e+02
      endloop
   endfacet
   facet normal 0.000000e+00 1.000000e+00 0.000000e+00
      outer loop
         vertex 7.071836e+01 8.734825e+01 1.274926e+02
         vertex 6.983304e+01 8.734825e+01 1.298326e+02
         vertex 7.029458e+01 8.734825e+01 1.299152e+02
      endloop
   endfacet
   facet normal 0.000000e+00 1.000000e+00 -0.000000e+00
      outer loop
         vertex 7.071836e+01 8.734825e+01 1.274926e+02
         vertex 7.029458e+01 8.734825e+01 1.299152e+02
         vertex 7.149072e+01 8.734825e+01 1.276960e+02
      endloop
   endfacet
   facet normal 0.000000e+00 1.000000e+00 0.000000e+00
      outer loop
         vertex 7.149072e+01 8.734825e+01 1.276960e+02
         vertex 7.029458e+01 8.734825e+01 1.299152e+02
         vertex 7.074703e+01 8.734825e+01 1.300382e+02
      endloop
   endfacet
   facet normal 0.000000e+00 1.000000e+00 -0.000000e+00
      outer loop
         vertex 7.149072e+01 8.734825e+01 1.276960e+02
         vertex 7.074703e+01 8.734825e+01 1.300382e+02
         vertex 7.223806e+01 8.734825e+01 1.279777e+02
      endloop
   endfacet
   facet normal 0.000000e+00 1.000000e+00 0.000000e+00
      outer loop
         vertex 7.223806e+01 8.734825e+01 1.279777e+02
         vertex 7.074703e+01 8.734825e+01 1.300382e+02
         vertex 7.118683e+01 8.734825e+01 1.302007e+02
      endloop
   endfacet
   facet normal 0.000000e+00 1.000000e+00 -0.000000e+00
      outer loop
         vertex 7.223806e+01 8.734825e+01 1.279777e+02
         vertex 7.118683e+01 8.734825e+01 1.302007e+02
         vertex 7.295248e+01 8.734825e+01 1.283348e+02
      endloop
   endfacet
   facet normal 0.000000e+00 1.000000e+00 0.000000e+00
      outer loop
         vertex 7.295248e+01 8.734825e+01 1.283348e+02
         vertex 7.118683e+01 8.734825e+01 1.302007e+02
         vertex 7.161055e+01 8.734825e+01 1.304015e+02
      endloop
   endfacet
   facet normal 0.000000e+00 1.000000e+00 -0.000000e+00
      outer loop
         vertex 7.295248e+01 8.734825e+01 1.283348e+02
         vertex 7.161055e+01 8.734825e+01 1.304015e+02
         vertex 7.362639e+01 8.734825e+01 1.287634e+02
      endloop
   endfacet
   facet normal -0.000000e+00 1.000000e+00 0.000000e+00
      outer loop
         vertex 7.161055e+01 8.734825e+01 1.304015e+02
         vertex 7.201487e+01 8.734825e+01 1.306389e+02
         vertex 7.362639e+01 8.734825e+01 1.287634e+02
      endloop
   endfacet
   facet normal 0.000000e+00 1.000000e+00 0.000000e+00
      outer loop
         vertex 7.362639e+01 8.734825e+01 1.287634e+02
         vertex 7.201487e+01 8.734825e+01 1.306389e+02
         vertex 7.239662e+01 8.734825e+01 1.309111e+02
      endloop
   endfacet
   facet normal 0.000000e+00 1.000000e+00 -0.000000e+00
      outer loop
         vertex 7.362639e+01 8.734825e+01 1.287634e+02
         vertex 7.239662e+01 8.734825e+01 1.309111e+02
         vertex 7.425266e+01 8.734825e+01 1.292591e+02
      endloop
   endfacet
   facet normal 0.000000e+00 1.000000e+00 0.000000e+00
      outer loop
         vertex 7.425266e+01 8.734825e+01 1.292591e+02
         vertex 7.239662e+01 8.734825e+01 1.309111e+02
         vertex 7.275282e+01 8.734825e+01 1.312160e+02
      endloop
   endfacet
   facet normal 0.000000e+00 1.000000e+00 -0.000000e+00
      outer loop
         vertex 7.425266e+01 8.734825e+01 1.292591e+02
         vertex 7.275282e+01 8.734825e+01 1.312160e+02
         vertex 7.482464e+01 8.734825e+01 1.298166e+02
      endloop
   endfacet
   facet normal 0.000000e+00 1.000000e+00 0.000000e+00
      outer loop
         vertex 7.482464e+01 8.734825e+01 1.298166e+02
         vertex 7.275282e+01 8.734825e+01 1.312160e+02
         vertex 7.308067e+01 8.734825e+01 1.315512e+02
      endloop
   endfacet
   facet normal 0.000000e+00 1.000000e+00 -0.000000e+00
      outer loop
         vertex 7.482464e+01 8.734825e+01 1.298166e+02
         vertex 7.308067e+01 8.734825e+01 1.315512e+02
         vertex 7.533627e+01 8.734825e+01 1.304298e+02
      endloop
   endfacet
   facet normal 0.000000e+00 1.000000e+00 0.000000e+00
      outer loop
         vertex 7.533627e+01 8.734825e+01 1.304298e+02
         vertex 7.308067e+01 8.734825e+01 1.315512e+02
         vertex 7.337762e+01 8.734825e+01 1.319141e+02
      endloop
   endfacet
   facet normal 0.000000e+00 1.000000e+00 -0.000000e+00
      outer loop
         vertex 7.533627e+01 8.734825e+01 1.304298e+02
         vertex 7.337762e+01 8.734825e+01 1.319141e+02
         vertex 7.578214e+01 8.734825e+01 1.310925e+02
      endloop
   endfacet
   facet normal 0.000000e+00 1.000000e+00 0.000000e+00
      outer loop
         vertex 7.578214e+01 8.734825e+01 1.310925e+02
         vertex 7.337762e+01 8.734825e+01 1.319141e+02
         vertex 7.364134e+01 8.734825e+01 1.323018e+02
      endloop
   endfacet
   facet normal 0.000000e+00 1.000000e+00 -0.000000e+00
      outer loop
         vertex 7.578214e+01 8.734825e+01 1.310925e+02
         vertex 7.364134e+01 8.734825e+01 1.323018e+02
         vertex 7.615750e+01 8.734825e+01 1.317975e+02
      endloop
   endfacet
   facet normal 0.000000e+00 1.000000e+00 0.000000e+00
      outer loop
         vertex 7.615750e+01 8.734825e+01 1.317975e+02
         vertex 7.364134e+01 8.734825e+01 1.323018e+02
         vertex 7.386976e+01 8.734825e+01 1.327112e+02
      endloop
   endfacet
   facet normal 0.000000e+00 1.000000e+00 -0.000000e+00
      outer loop
         vertex 7.615750e+01 8.734825e+01 1.317975e+02
         vertex 7.386976e+01 8.734825e+01 1.327112e+02
         vertex 7.645839e+01 8.734825e+01 1.325373e+02
      endloop
   endfacet
   facet normal 0.000000e+00 1.000000e+00 -0.000000e+00
      outer loop
         vertex 7.292045e+01 8.734825e+01 1.387920e+02
         vertex 7.257809e+01 8.734825e+01 1.391123e+02
         vertex 7.394591e+01 8.734825e+01 1.411688e+02
      endloop
   endfacet
   facet normal 0.000000e+00 1.000000e+00 0.000000e+00
      outer loop
         vertex 7.394591e+01 8.734825e+01 1.411688e+02
         vertex 7.257809e+01 8.734825e+01 1.391123e+02
         vertex 7.220876e+01 8.734825e+01 1.394012e+02
      endloop
   endfacet
   facet normal 0.000000e+00 1.000000e+00 0.000000e+00
      outer loop
         vertex 7.394591e+01 8.734825e+01 1.411688e+02
         vertex 7.220876e+01 8.734825e+01 1.394012e+02
         vertex 7.329495e+01 8.734825e+01 1.416315e+02
      endloop
   endfacet
   facet normal 0.000000e+00 1.000000e+00 0.000000e+00
      outer loop
         vertex 7.329495e+01 8.734825e+01 1.416315e+02
         vertex 7.220876e+01 8.734825e+01 1.394012e+02
         vertex 7.181534e+01 8.734825e+01 1.396562e+02
      endloop
   endfacet
   facet normal 0.000000e+00 1.000000e+00 0.000000e+00
      outer loop
         vertex 7.329495e+01 8.734825e+01 1.416315e+02
         vertex 7.181534e+01 8.734825e+01 1.396562e+02
         vertex 7.259987e+01 8.734825e+01 1.420249e+02
      endloop
   endfacet
   facet normal 0.000000e+00 1.000000e+00 0.000000e+00
      outer loop
         vertex 7.259987e+01 8.734825e+01 1.420249e+02
         vertex 7.181534e+01 8.734825e+01 1.396562e+02
         vertex 7.140091e+01 8.734825e+01 1.398756e+02
      endloop
   endfacet
   facet normal 0.000000e+00 1.000000e+00 0.000000e+00
      outer loop
         vertex 7.259987e+01 8.734825e+01 1.420249e+02
         vertex 7.140091e+01 8.734825e+01 1.398756e+02
         vertex 7.186802e+01 8.734825e+01 1.423448e+02
      endloop
   endfacet
   facet normal 0.000000e+00 1.000000e+00 0.000000e+00
      outer loop
         vertex 7.186802e+01 8.734825e+01 1.423448e+02
         vertex 7.140091e+01 8.734825e+01 1.398756e+02
         vertex 7.096873e+01 8.734825e+01 1.400574e+02
      endloop
   endfacet
   facet normal 0.000000e+00 1.000000e+00 0.000000e+00
      outer loop
         vertex 7.186802e+01 8.734825e+01 1.423448e+02
         vertex 7.096873e+01 8.734825e+01 1.400574e+02
         vertex 7.110716e+01 8.734825e+01 1.425877e+02
      endloop
   endfacet
   facet normal 0.000000e+00 1.000000e+00 0.000000e+00
      outer loop
         vertex 7.110716e+01 8.734825e+01 1.425877e+02
         vertex 7.096873e+01 8.734825e+01 1.400574e+02
         vertex 7.052217e+01 8.734825e+01 1.402003e+02
      endloop
   endfacet
   facet normal 0.000000e+00 1.000000e+00 0.000000e+00
      outer loop
         vertex 7.110716e+01 8.734825e+01 1.425877e+02
         vertex 7.052217e+01 8.734825e+01 1.402003e+02
         vertex 7.032536e+01 8.734825e+01 1.427510e+02
      endloop
   endfacet
   facet normal 0.000000e+00 1.000000e+00 0.000000e+00
      outer loop
         vertex 7.032536e+01 8.734825e+01 1.427510e+02
         vertex 7.052217e+01 8.734825e+01 1.402003e+02
         vertex 7.006472e+01 8.734825e+01 1.403032e+02
      endloop
   endfacet
   facet normal 0.000000e+00 1.000000e+00 0.000000e+00
      outer loop
         vertex 7.032536e+01 8.734825e+01 1.427510e+02
         vertex 7.006472e+01 8.734825e+01 1.403032e+02
         vertex 6.953090e+01 8.734825e+01 1.428331e+02
      endloop
   endfacet
   facet normal 0.000000e+00 1.000000e+00 0.000000e+00
      outer loop
         vertex 6.953090e+01 8.734825e+01 1.428331e+02
         vertex 7.006472e+01 8.734825e+01 1.403032e+02
         vertex 6.959998e+01 8.734825e+01 1.403652e+02
      endloop
   endfacet
   facet normal 0.000000e+00 1.000000e+00 0.000000e+00
      outer loop
         vertex 6.953090e+01 8.734825e+01 1.428331e+02
         vertex 6.959998e+01 8.734825e+01 1.403652e+02
         vertex 6.913156e+01 8.734825e+01 1.428434e+02
      endloop
   endfacet
   facet normal 0.000000e+00 1.000000e+00 0.000000e+00
      outer loop
         vertex 6.913156e+01 8.734825e+01 1.428434e+02
         vertex 6.959998e+01 8.734825e+01 1.403652e+02
         vertex 6.913156e+01 8.734825e+01 1.403860e+02
      endloop
   endfacet
   facet normal 0.000000e+00 1.000000e+00 0.000000e+00
      outer loop
         vertex 6.913156e+01 8.734825e+01 1.428434e+02
         vertex 6.913156e+01 8.734825e+01 1.403860e+02
         vertex 6.873222e+01 8.734825e+01 1.428331e+02
      endloop
   endfacet
   facet normal 0.000000e+00 1.000000e+00 0.000000e+00
      outer loop
         vertex 6.873222e+01 8.734825e+01 1.428331e+02
         vertex 6.913156e+01 8.734825e+01 1.403860e+02
         vertex 6.866315e+01 8.734825e+01 1.403652e+02
      endloop
   endfacet
   facet normal 0.000000e+00 1.000000e+00 0.000000e+00
      outer loop
         vertex 6.873222e+01 8.734825e+01 1.428331e+02
         vertex 6.866315e+01 8.734825e+01 1.403652e+02
         vertex 6.793776e+01 8.734825e+01 1.427510e+02
      endloop
   endfacet
   facet normal 0.000000e+00 1.000000e+00 0.000000e+00
      outer loop
         vertex 6.793776e+01 8.734825e+01 1.427510e+02
         vertex 6.866315e+01 8.734825e+01 1.403652e+02
         vertex 6.819840e+01 8.734825e+01 1.403032e+02
      endloop
   endfacet
   facet normal 0.000000e+00 1.000000e+00 0.000000e+00
      outer loop
         vertex 6.793776e+01 8.734825e+01 1.427510e+02
         vertex 6.819840e+01 8.734825e+01 1.403032e+02
         vertex 6.715596e+01 8.734825e+01 1.425877e+02
      endloop
   endfacet
   facet normal 0.000000e+00 1.000000e+00 0.000000e+00
      outer loop
         vertex 6.715596e+01 8.734825e+01 1.425877e+02
         vertex 6.819840e+01 8.734825e+01 1.403032e+02
         vertex 6.774095e+01 8.734825e+01 1.402003e+02
      endloop
   endfacet
   facet normal 0.000000e+00 1.000000e+00 0.000000e+00
      outer loop
         vertex 6.715596e+01 8.734825e+01 1.425877e+02
         vertex 6.774095e+01 8.734825e+01 1.402003e+02
         vertex 6.639510e+01 8.734825e+01 1.423448e+02
      endloop
   endfacet
   facet normal 0.000000e+00 1.000000e+00 0.000000e+00
      outer loop
         vertex 6.639510e+01 8.734825e+01 1.423448e+02
         vertex 6.774095e+01 8.734825e+01 1.402003e+02
         vertex 6.729439e+01 8.734825e+01 1.400574e+02
      endloop
   endfacet
   facet normal 0.000000e+00 1.000000e+00 0.000000e+00
      outer loop
         vertex 6.639510e+01 8.734825e+01 1.423448e+02
         vertex 6.729439e+01 8.734825e+01 1.400574e+02
         vertex 6.566325e+01 8.734825e+01 1.420249e+02
      endloop
   endfacet
   facet normal 0.000000e+00 1.000000e+00 0.000000e+00
      outer loop
         vertex 6.566325e+01 8.734825e+01 1.420249e+02
         vertex 6.729439e+01 8.734825e+01 1.400574e+02
         vertex 6.686221e+01 8.734825e+01 1.398756e+02
      endloop
   endfacet
   facet normal 0.000000e+00 1.000000e+00 0.000000e+00
      outer loop
         vertex 6.566325e+01 8.734825e+01 1.420249e+02
         vertex 6.686221e+01 8.734825e+01 1.398756e+02
         vertex 6.496817e+01 8.734825e+01 1.416315e+02
      endloop
   endfacet
   facet normal 0.000000e+00 1.000000e+00 0.000000e+00
      outer loop
         vertex 6.496817e+01 8.734825e+01 1.416315e+02
         vertex 6.686221e+01 8.734825e+01 1.398756e+02
         vertex 6.644778e+01 8.734825e+01 1.396562e+02
      endloop
   endfacet
   facet normal 0.000000e+00 1.000000e+00 0.000000e+00
      outer loop
         vertex 6.496817e+01 8.734825e+01 1.416315e+02
         vertex 6.644778e+01 8.734825e+01 1.396562e+02
         vertex 6.431721e+01 8.734825e+01 1.411688e+02
      endloop
   endfacet
   facet normal -0.000000e+00 1.000000e+00 0.000000e+00
      outer loop
         vertex 7.386976e+01 8.734825e+01 1.327112e+02
         vertex 7.406110e+01 8.734825e+01 1.331393e+02
         vertex 7.645839e+01 8.734825e+01 1.325373e+02
      endloop
   endfacet
   facet normal 0.000000e+00 1.000000e+00 0.000000e+00
      outer loop
         vertex 7.645839e+01 8.734825e+01 1.325373e+02
         vertex 7.406110e+01 8.734825e+01 1.331393e+02
         vertex 7.421386e+01 8.734825e+01 1.335826e+02
      endloop
   endfacet
   facet normal 0.000000e+00 1.000000e+00 -0.000000e+00
      outer loop
         vertex 7.645839e+01 8.734825e+01 1.325373e+02
         vertex 7.421386e+01 8.734825e+01 1.335826e+02
         vertex 7.668161e+01 8.734825e+01 1.333042e+02
      endloop
   endfacet
   facet normal 0.000000e+00 1.000000e+00 0.000000e+00
      outer loop
         vertex 7.668161e+01 8.734825e+01 1.333042e+02
         vertex 7.421386e+01 8.734825e+01 1.335826e+02
         vertex 7.432684e+01 8.734825e+01 1.340376e+02
      endloop
   endfacet
   facet normal 0.000000e+00 1.000000e+00 -0.000000e+00
      outer loop
         vertex 7.668161e+01 8.734825e+01 1.333042e+02
         vertex 7.432684e+01 8.734825e+01 1.340376e+02
         vertex 7.682480e+01 8.734825e+01 1.340899e+02
      endloop
   endfacet
   facet normal 0.000000e+00 1.000000e+00 0.000000e+00
      outer loop
         vertex 7.682480e+01 8.734825e+01 1.340899e+02
         vertex 7.432684e+01 8.734825e+01 1.340376e+02
         vertex 7.439917e+01 8.734825e+01 1.345009e+02
      endloop
   endfacet
   facet normal 0.000000e+00 1.000000e+00 -0.000000e+00
      outer loop
         vertex 7.682480e+01 8.734825e+01 1.340899e+02
         vertex 7.439917e+01 8.734825e+01 1.345009e+02
         vertex 7.688644e+01 8.734825e+01 1.348862e+02
      endloop
   endfacet
   facet normal 0.000000e+00 1.000000e+00 0.000000e+00
      outer loop
         vertex 7.688644e+01 8.734825e+01 1.348862e+02
         vertex 7.439917e+01 8.734825e+01 1.345009e+02
         vertex 7.443026e+01 8.734825e+01 1.349687e+02
      endloop
   endfacet
   facet normal 0.000000e+00 1.000000e+00 0.000000e+00
      outer loop
         vertex 7.688644e+01 8.734825e+01 1.348862e+02
         vertex 7.443026e+01 8.734825e+01 1.349687e+02
         vertex 7.686588e+01 8.734825e+01 1.356847e+02
      endloop
   endfacet
   facet normal 0.000000e+00 1.000000e+00 0.000000e+00
      outer loop
         vertex 7.686588e+01 8.734825e+01 1.356847e+02
         vertex 7.443026e+01 8.734825e+01 1.349687e+02
         vertex 7.441989e+01 8.734825e+01 1.354375e+02
      endloop
   endfacet
   facet normal 0.000000e+00 1.000000e+00 0.000000e+00
      outer loop
         vertex 7.686588e+01 8.734825e+01 1.356847e+02
         vertex 7.441989e+01 8.734825e+01 1.354375e+02
         vertex 7.676332e+01 8.734825e+01 1.364767e+02
      endloop
   endfacet
   facet normal 0.000000e+00 1.000000e+00 0.000000e+00
      outer loop
         vertex 7.676332e+01 8.734825e+01 1.364767e+02
         vertex 7.441989e+01 8.734825e+01 1.354375e+02
         vertex 7.436813e+01 8.734825e+01 1.359035e+02
      endloop
   endfacet
   facet normal 0.000000e+00 1.000000e+00 0.000000e+00
      outer loop
         vertex 7.676332e+01 8.734825e+01 1.364767e+02
         vertex 7.436813e+01 8.734825e+01 1.359035e+02
         vertex 7.657988e+01 8.734825e+01 1.372541e+02
      endloop
   endfacet
   facet normal 0.000000e+00 1.000000e+00 0.000000e+00
      outer loop
         vertex 7.657988e+01 8.734825e+01 1.372541e+02
         vertex 7.436813e+01 8.734825e+01 1.359035e+02
         vertex 7.427539e+01 8.734825e+01 1.363631e+02
      endloop
   endfacet
   facet normal 0.000000e+00 1.000000e+00 0.000000e+00
      outer loop
         vertex 7.657988e+01 8.734825e+01 1.372541e+02
         vertex 7.427539e+01 8.734825e+01 1.363631e+02
         vertex 7.414239e+01 8.734825e+01 1.368127e+02
      endloop
   endfacet
   facet normal 0.000000e+00 1.000000e+00 0.000000e+00
      outer loop
         vertex 6.644778e+01 8.734825e+01 1.396562e+02
         vertex 6.605437e+01 8.734825e+01 1.394012e+02
         vertex 6.431721e+01 8.734825e+01 1.411688e+02
      endloop
   endfacet
   facet normal 0.000000e+00 1.000000e+00 0.000000e+00
      outer loop
         vertex 6.431721e+01 8.734825e+01 1.411688e+02
         vertex 6.605437e+01 8.734825e+01 1.394012e+02
         vertex 6.568503e+01 8.734825e+01 1.391123e+02
      endloop
   endfacet
   facet normal 0.000000e+00 1.000000e+00 0.000000e+00
      outer loop
         vertex 6.431721e+01 8.734825e+01 1.411688e+02
         vertex 6.568503e+01 8.734825e+01 1.391123e+02
         vertex 6.371729e+01 8.734825e+01 1.406415e+02
      endloop
   endfacet
   facet normal 0.000000e+00 1.000000e+00 0.000000e+00
      outer loop
         vertex 6.371729e+01 8.734825e+01 1.406415e+02
         vertex 6.568503e+01 8.734825e+01 1.391123e+02
         vertex 6.534267e+01 8.734825e+01 1.387920e+02
      endloop
   endfacet
   facet normal 0.000000e+00 1.000000e+00 0.000000e+00
      outer loop
         vertex 6.371729e+01 8.734825e+01 1.406415e+02
         vertex 6.534267e+01 8.734825e+01 1.387920e+02
         vertex 6.317477e+01 8.734825e+01 1.400554e+02
      endloop
   endfacet
   facet normal 0.000000e+00 1.000000e+00 0.000000e+00
      outer loop
         vertex 6.317477e+01 8.734825e+01 1.400554e+02
         vertex 6.534267e+01 8.734825e+01 1.387920e+02
         vertex 6.502996e+01 8.734825e+01 1.384426e+02
      endloop
   endfacet
   facet normal 0.000000e+00 1.000000e+00 0.000000e+00
      outer loop
         vertex 6.317477e+01 8.734825e+01 1.400554e+02
         vertex 6.502996e+01 8.734825e+01 1.384426e+02
         vertex 6.269538e+01 8.734825e+01 1.394165e+02
      endloop
   endfacet
   facet normal 0.000000e+00 1.000000e+00 0.000000e+00
      outer loop
         vertex 6.269538e+01 8.734825e+01 1.394165e+02
         vertex 6.502996e+01 8.734825e+01 1.384426e+02
         vertex 6.474935e+01 8.734825e+01 1.380670e+02
      endloop
   endfacet
   facet normal 0.000000e+00 1.000000e+00 0.000000e+00
      outer loop
         vertex 6.269538e+01 8.734825e+01 1.394165e+02
         vertex 6.474935e+01 8.734825e+01 1.380670e+02
         vertex 6.228422e+01 8.734825e+01 1.387318e+02
      endloop
   endfacet
   facet normal 0.000000e+00 1.000000e+00 0.000000e+00
      outer loop
         vertex 6.228422e+01 8.734825e+01 1.387318e+02
         vertex 6.474935e+01 8.734825e+01 1.380670e+02
         vertex 6.450304e+01 8.734825e+01 1.376680e+02
      endloop
   endfacet
   facet normal 0.000000e+00 1.000000e+00 0.000000e+00
      outer loop
         vertex 6.228422e+01 8.734825e+01 1.387318e+02
         vertex 6.450304e+01 8.734825e+01 1.376680e+02
         vertex 6.194565e+01 8.734825e+01 1.380084e+02
      endloop
   endfacet
   facet normal 0.000000e+00 1.000000e+00 0.000000e+00
      outer loop
         vertex 6.194565e+01 8.734825e+01 1.380084e+02
         vertex 6.450304e+01 8.734825e+01 1.376680e+02
         vertex 6.429295e+01 8.734825e+01 1.372488e+02
      endloop
   endfacet
   facet normal 0.000000e+00 1.000000e+00 0.000000e+00
      outer loop
         vertex 6.194565e+01 8.734825e+01 1.380084e+02
         vertex 6.429295e+01 8.734825e+01 1.372488e+02
         vertex 6.168325e+01 8.734825e+01 1.372541e+02
      endloop
   endfacet
   facet normal 0.000000e+00 1.000000e+00 0.000000e+00
      outer loop
         vertex 6.429295e+01 8.734825e+01 1.372488e+02
         vertex 6.412074e+01 8.734825e+01 1.368127e+02
         vertex 6.168325e+01 8.734825e+01 1.372541e+02
      endloop
   endfacet
   facet normal 0.000000e+00 1.000000e+00 0.000000e+00
      outer loop
         vertex 6.168325e+01 8.734825e+01 1.372541e+02
         vertex 6.412074e+01 8.734825e+01 1.368127e+02
         vertex 6.398774e+01 8.734825e+01 1.363631e+02
      endloop
   endfacet
   facet normal 0.000000e+00 1.000000e+00 0.000000e+00
      outer loop
         vertex 6.168325e+01 8.734825e+01 1.372541e+02
         vertex 6.398774e+01 8.734825e+01 1.363631e+02
         vertex 6.149980e+01 8.734825e+01 1.364767e+02
      endloop
   endfacet
   facet normal 0.000000e+00 1.000000e+00 0.000000e+00
      outer loop
         vertex 6.149980e+01 8.734825e+01 1.364767e+02
         vertex 6.398774e+01 8.734825e+01 1.363631e+02
         vertex 6.389499e+01 8.734825e+01 1.359035e+02
      endloop
   endfacet
   facet normal 0.000000e+00 1.000000e+00 0.000000e+00
      outer loop
         vertex 6.149980e+01 8.734825e+01 1.364767e+02
         vertex 6.389499e+01 8.734825e+01 1.359035e+02
         vertex 6.139725e+01 8.734825e+01 1.356847e+02
      endloop
   endfacet
   facet normal -0.000000e+00 1.000000e+00 0.000000e+00
      outer loop
         vertex 6.139725e+01 8.734825e+01 1.356847e+02
         vertex 6.389499e+01 8.734825e+01 1.359035e+02
         vertex 6.384323e+01 8.734825e+01 1.354375e+02
      endloop
   endfacet
   facet normal 0.000000e+00 1.000000e+00 0.000000e+00
      outer loop
         vertex 6.139725e+01 8.734825e+01 1.356847e+02
         vertex 6.384323e+01 8.734825e+01 1.354375e+02
         vertex 6.137668e+01 8.734825e+01 1.348862e+02
      endloop
   endfacet
   facet normal 0.000000e+00 1.000000e+00 0.000000e+00
      outer loop
         vertex 6.137668e+01 8.734825e+01 1.348862e+02
         vertex 6.384323e+01 8.734825e+01 1.354375e+02
         vertex 6.383286e+01 8.734825e+01 1.349687e+02
      endloop
   endfacet
   facet normal -0.000000e+00 1.000000e+00 0.000000e+00
      outer loop
         vertex 6.137668e+01 8.734825e+01 1.348862e+02
         vertex 6.383286e+01 8.734825e+01 1.349687e+02
         vertex 6.143832e+01 8.734825e+01 1.340899e+02
      endloop
   endfacet
   facet normal 0.000000e+00 1.000000e+00 0.000000e+00
      outer loop
         vertex 6.143832e+01 8.734825e+01 1.340899e+02
         vertex 6.383286e+01 8.734825e+01 1.349687e+02
         vertex 6.386395e+01 8.734825e+01 1.345009e+02
      endloop
   endfacet
   facet normal -0.000000e+00 1.000000e+00 0.000000e+00
      outer loop
         vertex 6.143832e+01 8.734825e+01 1.340899e+02
         vertex 6.386395e+01 8.734825e+01 1.345009e+02
         vertex 6.158151e+01 8.734825e+01 1.333042e+02
      endloop
   endfacet
   facet normal 0.000000e+00 1.000000e+00 0.000000e+00
      outer loop
         vertex 6.158151e+01 8.734825e+01 1.333042e+02
         vertex 6.386395e+01 8.734825e+01 1.345009e+02
         vertex 6.393628e+01 8.734825e+01 1.340376e+02
      endloop
   endfacet
   facet normal -0.000000e+00 1.000000e+00 0.000000e+00
      outer loop
         vertex 6.158151e+01 8.734825e+01 1.333042e+02
         vertex 6.393628e+01 8.734825e+01 1.340376e+02
         vertex 6.180473e+01 8.734825e+01 1.325373e+02
      endloop
   endfacet
   facet normal 0.000000e+00 1.000000e+00 0.000000e+00
      outer loop
         vertex 6.393628e+01 8.734825e+01 1.340376e+02
         vertex 6.404926e+01 8.734825e+01 1.335826e+02
         vertex 6.180473e+01 8.734825e+01 1.325373e+02
      endloop
   endfacet
   facet normal 0.000000e+00 1.000000e+00 0.000000e+00
      outer loop
         vertex 6.180473e+01 8.734825e+01 1.325373e+02
         vertex 6.404926e+01 8.734825e+01 1.335826e+02
         vertex 6.420202e+01 8.734825e+01 1.331393e+02
      endloop
   endfacet
   facet normal -0.000000e+00 1.000000e+00 0.000000e+00
      outer loop
         vertex 6.180473e+01 8.734825e+01 1.325373e+02
         vertex 6.420202e+01 8.734825e+01 1.331393e+02
         vertex 6.210562e+01 8.734825e+01 1.317975e+02
      endloop
   endfacet
   facet normal 0.000000e+00 1.000000e+00 0.000000e+00
      outer loop
         vertex 6.210562e+01 8.734825e+01 1.317975e+02
         vertex 6.420202e+01 8.734825e+01 1.331393e+02
         vertex 6.439336e+01 8.734825e+01 1.327112e+02
      endloop
   endfacet
   facet normal -0.000000e+00 1.000000e+00 0.000000e+00
      outer loop
         vertex 6.210562e+01 8.734825e+01 1.317975e+02
         vertex 6.439336e+01 8.734825e+01 1.327112e+02
         vertex 6.248098e+01 8.734825e+01 1.310925e+02
      endloop
   endfacet
   facet normal 0.000000e+00 1.000000e+00 0.000000e+00
      outer loop
         vertex 6.248098e+01 8.734825e+01 1.310925e+02
         vertex 6.439336e+01 8.734825e+01 1.327112e+02
         vertex 6.462178e+01 8.734825e+01 1.323018e+02
      endloop
   endfacet
   facet normal -0.000000e+00 1.000000e+00 0.000000e+00
      outer loop
         vertex 6.248098e+01 8.734825e+01 1.310925e+02
         vertex 6.462178e+01 8.734825e+01 1.323018e+02
         vertex 6.292685e+01 8.734825e+01 1.304298e+02
      endloop
   endfacet
   facet normal 0.000000e+00 1.000000e+00 0.000000e+00
      outer loop
         vertex 6.292685e+01 8.734825e+01 1.304298e+02
         vertex 6.462178e+01 8.734825e+01 1.323018e+02
         vertex 6.488550e+01 8.734825e+01 1.319141e+02
      endloop
   endfacet
   facet normal -0.000000e+00 1.000000e+00 0.000000e+00
      outer loop
         vertex 6.292685e+01 8.734825e+01 1.304298e+02
         vertex 6.488550e+01 8.734825e+01 1.319141e+02
         vertex 6.343848e+01 8.734825e+01 1.298166e+02
      endloop
   endfacet
   facet normal 0.000000e+00 1.000000e+00 0.000000e+00
      outer loop
         vertex 6.343848e+01 8.734825e+01 1.298166e+02
         vertex 6.488550e+01 8.734825e+01 1.319141e+02
         vertex 6.518245e+01 8.734825e+01 1.315512e+02
      endloop
   endfacet
   facet normal -0.000000e+00 1.000000e+00 0.000000e+00
      outer loop
         vertex 6.343848e+01 8.734825e+01 1.298166e+02
         vertex 6.518245e+01 8.734825e+01 1.315512e+02
         vertex 6.401046e+01 8.734825e+01 1.292591e+02
      endloop
   endfacet
   facet normal 0.000000e+00 1.000000e+00 0.000000e+00
      outer loop
         vertex 6.401046e+01 8.734825e+01 1.292591e+02
         vertex 6.518245e+01 8.734825e+01 1.315512e+02
         vertex 6.551030e+01 8.734825e+01 1.312160e+02
      endloop
   endfacet
   facet normal -0.000000e+00 1.000000e+00 0.000000e+00
      outer loop
         vertex 6.401046e+01 8.734825e+01 1.292591e+02
         vertex 6.551030e+01 8.734825e+01 1.312160e+02
         vertex 6.463673e+01 8.734825e+01 1.287634e+02
      endloop
   endfacet
   facet normal 0.000000e+00 1.000000e+00 0.000000e+00
      outer loop
         vertex 6.463673e+01 8.734825e+01 1.287634e+02
         vertex 6.551030e+01 8.734825e+01 1.312160e+02
         vertex 6.586650e+01 8.734825e+01 1.309111e+02
      endloop
   endfacet
   facet normal 0.000000e+00 1.000000e+00 0.000000e+00
      outer loop
         vertex 6.463673e+01 8.734825e+01 1.287634e+02
         vertex 6.586650e+01 8.734825e+01 1.309111e+02
         vertex 6.624825e+01 8.734825e+01 1.306389e+02
      endloop
   endfacet
   facet normal 2.574752e-02 -1.225832e-16 9.996685e-01
      outer loop
         vertex 6.953090e+01 8.734825e+01 1.428331e+02
         vertex 6.913156e+01 8.734825e+01 1.428434e+02
         vertex 6.913156e+01 8.694825e+01 1.428434e+02
      endloop
   endfacet
   facet normal -2.574752e-02 1.223025e-16 9.996685e-01
      outer loop
         vertex 6.913156e+01 8.694825e+01 1.428434e+02
         vertex 6.913156e+01 8.734825e+01 1.428434e+02
         vertex 6.873222e+01 8.694825e+01 1.428331e+02
      endloop
   endfacet
   facet normal -2.574752e-02 0.000000e+00 9.996685e-01
      outer loop
         vertex 6.913156e+01 8.734825e+01 1.428434e+02
         vertex 6.873222e+01 8.734825e+01 1.428331e+02
         vertex 6.873222e+01 8.694825e+01 1.428331e+02
      endloop
   endfacet
   facet normal -1.028209e-01 0.000000e+00 9.946999e-01
      outer loop
         vertex 6.873222e+01 8.694825e+01 1.428331e+02
         vertex 6.873222e+01 8.734825e+01 1.428331e+02
         vertex 6.793776e+01 8.734825e+01 1.427510e+02
      endloop
   endfacet
   facet normal -1.028209e-01 0.000000e+00 9.946999e-01
      outer loop
         vertex 6.873222e+01 8.694825e+01 1.428331e+02
         vertex 6.793776e+01 8.734825e+01 1.427510e+02
         vertex 6.793776e+01 8.694825e+01 1.427510e+02
      endloop
   endfacet
   facet normal -2.045522e-01 0.000000e+00 9.788557e-01
      outer loop
         vertex 6.793776e+01 8.694825e+01 1.427510e+02
         vertex 6.793776e+01 8.734825e+01 1.427510e+02
         vertex 6.715596e+01 8.734825e+01 1.425877e+02
      endloop
   endfacet
   facet normal -2.045522e-01 0.000000e+00 9.788557e-01
      outer loop
         vertex 6.793776e+01 8.694825e+01 1.427510e+02
         vertex 6.715596e+01 8.734825e+01 1.425877e+02
         vertex 6.715596e+01 8.694825e+01 1.425877e+02
      endloop
   endfacet
   facet normal -3.041147e-01 0.000000e+00 9.526354e-01
      outer loop
         vertex 6.715596e+01 8.694825e+01 1.425877e+02
         vertex 6.715596e+01 8.734825e+01 1.425877e+02
         vertex 6.639510e+01 8.734825e+01 1.423448e+02
      endloop
   endfacet
   facet normal -3.041147e-01 0.000000e+00 9.526354e-01
      outer loop
         vertex 6.715596e+01 8.694825e+01 1.425877e+02
         vertex 6.639510e+01 8.734825e+01 1.423448e+02
         vertex 6.639510e+01 8.694825e+01 1.423448e+02
      endloop
   endfacet
   facet normal -4.004539e-01 0.000000e+00 9.163169e-01
      outer loop
         vertex 6.639510e+01 8.694825e+01 1.423448e+02
         vertex 6.639510e+01 8.734825e+01 1.423448e+02
         vertex 6.566325e+01 8.734825e+01 1.420249e+02
      endloop
   endfacet
   facet normal -4.004539e-01 0.000000e+00 9.163169e-01
      outer loop
         vertex 6.639510e+01 8.694825e+01 1.423448e+02
         vertex 6.566325e+01 8.734825e+01 1.420249e+02
         vertex 6.566325e+01 8.694825e+01 1.420249e+02
      endloop
   endfacet
   facet normal -4.925482e-01 0.000000e+00 8.702851e-01
      outer loop
         vertex 6.566325e+01 8.694825e+01 1.420249e+02
         vertex 6.566325e+01 8.734825e+01 1.420249e+02
         vertex 6.496817e+01 8.734825e+01 1.416315e+02
      endloop
   endfacet
   facet normal -4.925482e-01 0.000000e+00 8.702851e-01
      outer loop
         vertex 6.566325e+01 8.694825e+01 1.420249e+02
         vertex 6.496817e+01 8.734825e+01 1.416315e+02
         vertex 6.496817e+01 8.694825e+01 1.416315e+02
      endloop
   endfacet
   facet normal -5.794211e-01 0.000000e+00 8.150283e-01
      outer loop
         vertex 6.496817e+01 8.694825e+01 1.416315e+02
         vertex 6.496817e+01 8.734825e+01 1.416315e+02
         vertex 6.431721e+01 8.734825e+01 1.411688e+02
      endloop
   endfacet
   facet normal -5.794211e-01 0.000000e+00 8.150283e-01
      outer loop
         vertex 6.496817e+01 8.694825e+01 1.416315e+02
         vertex 6.431721e+01 8.734825e+01 1.411688e+02
         vertex 6.431721e+01 8.694825e+01 1.411688e+02
      endloop
   endfacet
   facet normal -6.601521e-01 0.000000e+00 7.511319e-01
      outer loop
         vertex 6.431721e+01 8.694825e+01 1.411688e+02
         vertex 6.431721e+01 8.734825e+01 1.411688e+02
         vertex 6.371729e+01 8.734825e+01 1.406415e+02
      endloop
   endfacet
   facet normal -6.601521e-01 0.000000e+00 7.511319e-01
      outer loop
         vertex 6.431721e+01 8.694825e+01 1.411688e+02
         vertex 6.371729e+01 8.734825e+01 1.406415e+02
         vertex 6.371729e+01 8.694825e+01 1.406415e+02
      endloop
   endfacet
   facet normal -7.338853e-01 0.000000e+00 6.792734e-01
      outer loop
         vertex 6.371729e+01 8.694825e+01 1.406415e+02
         vertex 6.371729e+01 8.734825e+01 1.406415e+02
         vertex 6.317477e+01 8.734825e+01 1.400554e+02
      endloop
   endfacet
   facet normal -7.338853e-01 0.000000e+00 6.792734e-01
      outer loop
         vertex 6.371729e+01 8.694825e+01 1.406415e+02
         vertex 6.317477e+01 8.734825e+01 1.400554e+02
         vertex 6.317477e+01 8.694825e+01 1.400554e+02
      endloop
   endfacet
   facet normal -7.998390e-01 0.000000e+00 6.002146e-01
      outer loop
         vertex 6.317477e+01 8.694825e+01 1.400554e+02
         vertex 6.317477e+01 8.734825e+01 1.400554e+02
         vertex 6.269538e+01 8.734825e+01 1.394165e+02
      endloop
   endfacet
   facet normal -7.998390e-01 0.000000e+00 6.002146e-01
      outer loop
         vertex 6.317477e+01 8.694825e+01 1.400554e+02
         vertex 6.269538e+01 8.734825e+01 1.394165e+02
         vertex 6.269538e+01 8.694825e+01 1.394165e+02
      endloop
   endfacet
   facet normal -8.573147e-01 0.000000e+00 5.147927e-01
      outer loop
         vertex 6.269538e+01 8.694825e+01 1.394165e+02
         vertex 6.269538e+01 8.734825e+01 1.394165e+02
         vertex 6.228422e+01 8.734825e+01 1.387318e+02
      endloop
   endfacet
   facet normal -8.573147e-01 0.000000e+00 5.147927e-01
      outer loop
         vertex 6.269538e+01 8.694825e+01 1.394165e+02
         vertex 6.228422e+01 8.734825e+01 1.387318e+02
         vertex 6.228422e+01 8.694825e+01 1.387318e+02
      endloop
   endfacet
   facet normal -9.057022e-01 0.000000e+00 4.239145e-01
      outer loop
         vertex 6.228422e+01 8.694825e+01 1.387318e+02
         vertex 6.228422e+01 8.734825e+01 1.387318e+02
         vertex 6.194565e+01 8.734825e+01 1.380084e+02
      endloop
   endfacet
   facet normal -9.057022e-01 0.000000e+00 4.239145e-01
      outer loop
         vertex 6.228422e+01 8.694825e+01 1.387318e+02
         vertex 6.194565e+01 8.734825e+01 1.380084e+02
         vertex 6.194565e+01 8.694825e+01 1.380084e+02
      endloop
   endfacet
   facet normal -9.444893e-01 0.000000e+00 3.285423e-01
      outer loop
         vertex 6.194565e+01 8.694825e+01 1.380084e+02
         vertex 6.194565e+01 8.734825e+01 1.380084e+02
         vertex 6.168325e+01 8.734825e+01 1.372541e+02
      endloop
   endfacet
   facet normal -9.444893e-01 0.000000e+00 3.285423e-01
      outer loop
         vertex 6.194565e+01 8.694825e+01 1.380084e+02
         vertex 6.168325e+01 8.734825e+01 1.372541e+02
         vertex 6.168325e+01 8.694825e+01 1.372541e+02
      endloop
   endfacet
   facet normal -9.732645e-01 0.000000e+00 2.296870e-01
      outer loop
         vertex 6.168325e+01 8.694825e+01 1.372541e+02
         vertex 6.168325e+01 8.734825e+01 1.372541e+02
         vertex 6.149980e+01 8.734825e+01 1.364767e+02
      endloop
   endfacet
   facet normal -9.732645e-01 0.000000e+00 2.296870e-01
      outer loop
         vertex 6.168325e+01 8.694825e+01 1.372541e+02
         vertex 6.149980e+01 8.734825e+01 1.364767e+02
         vertex 6.149980e+01 8.694825e+01 1.364767e+02
      endloop
   endfacet
   facet normal -9.917226e-01 0.000000e+00 1.283988e-01
      outer loop
         vertex 6.149980e+01 8.694825e+01 1.364767e+02
         vertex 6.149980e+01 8.734825e+01 1.364767e+02
         vertex 6.139725e+01 8.734825e+01 1.356847e+02
      endloop
   endfacet
   facet normal -9.917226e-01 0.000000e+00 1.283988e-01
      outer loop
         vertex 6.149980e+01 8.694825e+01 1.364767e+02
         vertex 6.139725e+01 8.734825e+01 1.356847e+02
         vertex 6.139725e+01 8.694825e+01 1.356847e+02
      endloop
   endfacet
   facet normal -9.996685e-01 0.000000e+00 2.574767e-02
      outer loop
         vertex 6.139725e+01 8.694825e+01 1.356847e+02
         vertex 6.139725e+01 8.734825e+01 1.356847e+02
         vertex 6.137668e+01 8.734825e+01 1.348862e+02
      endloop
   endfacet
   facet normal -9.996685e-01 0.000000e+00 2.574767e-02
      outer loop
         vertex 6.139725e+01 8.694825e+01 1.356847e+02
         vertex 6.137668e+01 8.734825e+01 1.348862e+02
         vertex 6.137668e+01 8.694825e+01 1.348862e+02
      endloop
   endfacet
   facet normal -9.970176e-01 0.000000e+00 -7.717491e-02
      outer loop
         vertex 6.137668e+01 8.694825e+01 1.348862e+02
         vertex 6.137668e+01 8.734825e+01 1.348862e+02
         vertex 6.143832e+01 8.734825e+01 1.340899e+02
      endloop
   endfacet
   facet normal -9.970176e-01 0.000000e+00 -7.717491e-02
      outer loop
         vertex 6.137668e+01 8.694825e+01 1.348862e+02
         vertex 6.143832e+01 8.734825e+01 1.340899e+02
         vertex 6.143832e+01 8.694825e+01 1.340899e+02
      endloop
   endfacet
   facet normal -9.837979e-01 0.000000e+00 -1.792812e-01
      outer loop
         vertex 6.143832e+01 8.694825e+01 1.340899e+02
         vertex 6.143832e+01 8.734825e+01 1.340899e+02
         vertex 6.158151e+01 8.734825e+01 1.333042e+02
      endloop
   endfacet
   facet normal -9.837979e-01 0.000000e+00 -1.792812e-01
      outer loop
         vertex 6.143832e+01 8.694825e+01 1.340899e+02
         vertex 6.158151e+01 8.734825e+01 1.333042e+02
         vertex 6.158151e+01 8.694825e+01 1.333042e+02
      endloop
   endfacet
   facet normal -9.601499e-01 0.000000e+00 -2.794854e-01
      outer loop
         vertex 6.158151e+01 8.694825e+01 1.333042e+02
         vertex 6.158151e+01 8.734825e+01 1.333042e+02
         vertex 6.180473e+01 8.734825e+01 1.325373e+02
      endloop
   endfacet
   facet normal -9.601499e-01 0.000000e+00 -2.794854e-01
      outer loop
         vertex 6.158151e+01 8.694825e+01 1.333042e+02
         vertex 6.180473e+01 8.734825e+01 1.325373e+02
         vertex 6.180473e+01 8.694825e+01 1.325373e+02
      endloop
   endfacet
   facet normal -9.263240e-01 0.000000e+00 -3.767278e-01
      outer loop
         vertex 6.180473e+01 8.694825e+01 1.325373e+02
         vertex 6.180473e+01 8.734825e+01 1.325373e+02
         vertex 6.210562e+01 8.734825e+01 1.317975e+02
      endloop
   endfacet
   facet normal -9.263240e-01 0.000000e+00 -3.767278e-01
      outer loop
         vertex 6.180473e+01 8.694825e+01 1.325373e+02
         vertex 6.210562e+01 8.734825e+01 1.317975e+02
         vertex 6.210562e+01 8.694825e+01 1.317975e+02
      endloop
   endfacet
   facet normal -8.826788e-01 0.000000e+00 -4.699768e-01
      outer loop
         vertex 6.210562e+01 8.694825e+01 1.317975e+02
         vertex 6.210562e+01 8.734825e+01 1.317975e+02
         vertex 6.248098e+01 8.734825e+01 1.310925e+02
      endloop
   endfacet
   facet normal -8.826788e-01 0.000000e+00 -4.699768e-01
      outer loop
         vertex 6.210562e+01 8.694825e+01 1.317975e+02
         vertex 6.248098e+01 8.734825e+01 1.310925e+02
         vertex 6.248098e+01 8.694825e+01 1.310925e+02
      endloop
   endfacet
   facet normal -8.296769e-01 0.000000e+00 -5.582438e-01
      outer loop
         vertex 6.248098e+01 8.694825e+01 1.310925e+02
         vertex 6.248098e+01 8.734825e+01 1.310925e+02
         vertex 6.292685e+01 8.734825e+01 1.304298e+02
      endloop
   endfacet
   facet normal -8.296769e-01 0.000000e+00 -5.582438e-01
      outer loop
         vertex 6.248098e+01 8.694825e+01 1.310925e+02
         vertex 6.292685e+01 8.734825e+01 1.304298e+02
         vertex 6.292685e+01 8.694825e+01 1.304298e+02
      endloop
   endfacet
   facet normal -7.678805e-01 0.000000e+00 -6.405932e-01
      outer loop
         vertex 6.292685e+01 8.694825e+01 1.304298e+02
         vertex 6.292685e+01 8.734825e+01 1.304298e+02
         vertex 6.343848e+01 8.734825e+01 1.298166e+02
      endloop
   endfacet
   facet normal -7.678805e-01 0.000000e+00 -6.405932e-01
      outer loop
         vertex 6.292685e+01 8.694825e+01 1.304298e+02
         vertex 6.343848e+01 8.734825e+01 1.298166e+02
         vertex 6.343848e+01 8.694825e+01 1.298166e+02
      endloop
   endfacet
   facet normal -6.979442e-01 0.000000e+00 -7.161521e-01
      outer loop
         vertex 6.343848e+01 8.694825e+01 1.298166e+02
         vertex 6.343848e+01 8.734825e+01 1.298166e+02
         vertex 6.401046e+01 8.734825e+01 1.292591e+02
      endloop
   endfacet
   facet normal -6.979442e-01 0.000000e+00 -7.161521e-01
      outer loop
         vertex 6.343848e+01 8.694825e+01 1.298166e+02
         vertex 6.401046e+01 8.734825e+01 1.292591e+02
         vertex 6.401046e+01 8.694825e+01 1.292591e+02
      endloop
   endfacet
   facet normal -6.206092e-01 0.000000e+00 -7.841201e-01
      outer loop
         vertex 6.401046e+01 8.694825e+01 1.292591e+02
         vertex 6.401046e+01 8.734825e+01 1.292591e+02
         vertex 6.463673e+01 8.734825e+01 1.287634e+02
      endloop
   endfacet
   facet normal -6.206092e-01 0.000000e+00 -7.841201e-01
      outer loop
         vertex 6.401046e+01 8.694825e+01 1.292591e+02
         vertex 6.463673e+01 8.734825e+01 1.287634e+02
         vertex 6.463673e+01 8.694825e+01 1.287634e+02
      endloop
   endfacet
   facet normal -5.366963e-01 0.000000e+00 -8.437755e-01
      outer loop
         vertex 6.463673e+01 8.694825e+01 1.287634e+02
         vertex 6.463673e+01 8.734825e+01 1.287634e+02
         vertex 6.531064e+01 8.734825e+01 1.283348e+02
      endloop
   endfacet
   facet normal -5.366963e-01 0.000000e+00 -8.437755e-01
      outer loop
         vertex 6.463673e+01 8.694825e+01 1.287634e+02
         vertex 6.531064e+01 8.734825e+01 1.283348e+02
         vertex 6.531064e+01 8.694825e+01 1.283348e+02
      endloop
   endfacet
   facet normal -4.470939e-01 0.000000e+00 -8.944870e-01
      outer loop
         vertex 6.531064e+01 8.694825e+01 1.283348e+02
         vertex 6.531064e+01 8.734825e+01 1.283348e+02
         vertex 6.602506e+01 8.734825e+01 1.279777e+02
      endloop
   endfacet
   facet normal -4.470939e-01 0.000000e+00 -8.944870e-01
      outer loop
         vertex 6.531064e+01 8.694825e+01 1.283348e+02
         vertex 6.602506e+01 8.734825e+01 1.279777e+02
         vertex 6.602506e+01 8.694825e+01 1.279777e+02
      endloop
   endfacet
   facet normal -3.527525e-01 0.000000e+00 -9.357167e-01
      outer loop
         vertex 6.602506e+01 8.694825e+01 1.279777e+02
         vertex 6.602506e+01 8.734825e+01 1.279777e+02
         vertex 6.677241e+01 8.734825e+01 1.276960e+02
      endloop
   endfacet
   facet normal -3.527525e-01 0.000000e+00 -9.357167e-01
      outer loop
         vertex 6.602506e+01 8.694825e+01 1.279777e+02
         vertex 6.677241e+01 8.734825e+01 1.276960e+02
         vertex 6.677241e+01 8.694825e+01 1.276960e+02
      endloop
   endfacet
   facet normal -2.546707e-01 0.000000e+00 -9.670278e-01
      outer loop
         vertex 6.677241e+01 8.694825e+01 1.276960e+02
         vertex 6.677241e+01 8.734825e+01 1.276960e+02
         vertex 6.754476e+01 8.734825e+01 1.274926e+02
      endloop
   endfacet
   facet normal -2.546707e-01 0.000000e+00 -9.670278e-01
      outer loop
         vertex 6.677241e+01 8.694825e+01 1.276960e+02
         vertex 6.754476e+01 8.734825e+01 1.274926e+02
         vertex 6.754476e+01 8.694825e+01 1.274926e+02
      endloop
   endfacet
   facet normal -1.538908e-01 0.000000e+00 -9.880879e-01
      outer loop
         vertex 6.754476e+01 8.694825e+01 1.274926e+02
         vertex 6.754476e+01 8.734825e+01 1.274926e+02
         vertex 6.833393e+01 8.734825e+01 1.273696e+02
      endloop
   endfacet
   facet normal -1.538908e-01 0.000000e+00 -9.880879e-01
      outer loop
         vertex 6.754476e+01 8.694825e+01 1.274926e+02
         vertex 6.833393e+01 8.734825e+01 1.273696e+02
         vertex 6.833393e+01 8.694825e+01 1.273696e+02
      endloop
   endfacet
   facet normal -5.147854e-02 0.000000e+00 -9.986741e-01
      outer loop
         vertex 6.833393e+01 8.694825e+01 1.273696e+02
         vertex 6.833393e+01 8.734825e+01 1.273696e+02
         vertex 6.913156e+01 8.734825e+01 1.273285e+02
      endloop
   endfacet
   facet normal -5.147854e-02 0.000000e+00 -9.986741e-01
      outer loop
         vertex 6.833393e+01 8.694825e+01 1.273696e+02
         vertex 6.913156e+01 8.734825e+01 1.273285e+02
         vertex 6.913156e+01 8.694825e+01 1.273285e+02
      endloop
   endfacet
   facet normal 5.147854e-02 0.000000e+00 -9.986741e-01
      outer loop
         vertex 6.913156e+01 8.694825e+01 1.273285e+02
         vertex 6.913156e+01 8.734825e+01 1.273285e+02
         vertex 6.992919e+01 8.734825e+01 1.273696e+02
      endloop
   endfacet
   facet normal 5.147854e-02 0.000000e+00 -9.986741e-01
      outer loop
         vertex 6.913156e+01 8.694825e+01 1.273285e+02
         vertex 6.992919e+01 8.734825e+01 1.273696e+02
         vertex 6.992919e+01 8.694825e+01 1.273696e+02
      endloop
   endfacet
   facet normal 1.538908e-01 0.000000e+00 -9.880879e-01
      outer loop
         vertex 6.992919e+01 8.694825e+01 1.273696e+02
         vertex 6.992919e+01 8.734825e+01 1.273696e+02
         vertex 7.071836e+01 8.734825e+01 1.274926e+02
      endloop
   endfacet
   facet normal 1.538908e-01 0.000000e+00 -9.880879e-01
      outer loop
         vertex 6.992919e+01 8.694825e+01 1.273696e+02
         vertex 7.071836e+01 8.734825e+01 1.274926e+02
         vertex 7.071836e+01 8.694825e+01 1.274926e+02
      endloop
   endfacet
   facet normal 2.546707e-01 0.000000e+00 -9.670278e-01
      outer loop
         vertex 7.071836e+01 8.694825e+01 1.274926e+02
         vertex 7.071836e+01 8.734825e+01 1.274926e+02
         vertex 7.149072e+01 8.734825e+01 1.276960e+02
      endloop
   endfacet
   facet normal 2.546707e-01 0.000000e+00 -9.670278e-01
      outer loop
         vertex 7.071836e+01 8.694825e+01 1.274926e+02
         vertex 7.149072e+01 8.734825e+01 1.276960e+02
         vertex 7.149072e+01 8.694825e+01 1.276960e+02
      endloop
   endfacet
   facet normal 3.527525e-01 0.000000e+00 -9.357167e-01
      outer loop
         vertex 7.149072e+01 8.694825e+01 1.276960e+02
         vertex 7.149072e+01 8.734825e+01 1.276960e+02
         vertex 7.223806e+01 8.734825e+01 1.279777e+02
      endloop
   endfacet
   facet normal 3.527525e-01 0.000000e+00 -9.357167e-01
      outer loop
         vertex 7.149072e+01 8.694825e+01 1.276960e+02
         vertex 7.223806e+01 8.734825e+01 1.279777e+02
         vertex 7.223806e+01 8.694825e+01 1.279777e+02
      endloop
   endfacet
   facet normal 4.470939e-01 0.000000e+00 -8.944870e-01
      outer loop
         vertex 7.223806e+01 8.694825e+01 1.279777e+02
         vertex 7.223806e+01 8.734825e+01 1.279777e+02
         vertex 7.295248e+01 8.734825e+01 1.283348e+02
      endloop
   endfacet
   facet normal 4.470939e-01 0.000000e+00 -8.944870e-01
      outer loop
         vertex 7.223806e+01 8.694825e+01 1.279777e+02
         vertex 7.295248e+01 8.734825e+01 1.283348e+02
         vertex 7.295248e+01 8.694825e+01 1.283348e+02
      endloop
   endfacet
   facet normal 5.366963e-01 0.000000e+00 -8.437755e-01
      outer loop
         vertex 7.295248e+01 8.694825e+01 1.283348e+02
         vertex 7.295248e+01 8.734825e+01 1.283348e+02
         vertex 7.362639e+01 8.734825e+01 1.287634e+02
      endloop
   endfacet
   facet normal 5.366963e-01 0.000000e+00 -8.437755e-01
      outer loop
         vertex 7.295248e+01 8.694825e+01 1.283348e+02
         vertex 7.362639e+01 8.734825e+01 1.287634e+02
         vertex 7.362639e+01 8.694825e+01 1.287634e+02
      endloop
   endfacet
   facet normal 6.206092e-01 0.000000e+00 -7.841201e-01
      outer loop
         vertex 7.362639e+01 8.694825e+01 1.287634e+02
         vertex 7.362639e+01 8.734825e+01 1.287634e+02
         vertex 7.425266e+01 8.734825e+01 1.292591e+02
      endloop
   endfacet
   facet normal 6.206092e-01 0.000000e+00 -7.841201e-01
      outer loop
         vertex 7.362639e+01 8.694825e+01 1.287634e+02
         vertex 7.425266e+01 8.734825e+01 1.292591e+02
         vertex 7.425266e+01 8.694825e+01 1.292591e+02
      endloop
   endfacet
   facet normal 6.979442e-01 0.000000e+00 -7.161521e-01
      outer loop
         vertex 7.425266e+01 8.694825e+01 1.292591e+02
         vertex 7.425266e+01 8.734825e+01 1.292591e+02
         vertex 7.482464e+01 8.734825e+01 1.298166e+02
      endloop
   endfacet
   facet normal 6.979442e-01 0.000000e+00 -7.161521e-01
      outer loop
         vertex 7.425266e+01 8.694825e+01 1.292591e+02
         vertex 7.482464e+01 8.734825e+01 1.298166e+02
         vertex 7.482464e+01 8.694825e+01 1.298166e+02
      endloop
   endfacet
   facet normal 7.678805e-01 0.000000e+00 -6.405932e-01
      outer loop
         vertex 7.482464e+01 8.694825e+01 1.298166e+02
         vertex 7.482464e+01 8.734825e+01 1.298166e+02
         vertex 7.533627e+01 8.734825e+01 1.304298e+02
      endloop
   endfacet
   facet normal 7.678805e-01 0.000000e+00 -6.405932e-01
      outer loop
         vertex 7.482464e+01 8.694825e+01 1.298166e+02
         vertex 7.533627e+01 8.734825e+01 1.304298e+02
         vertex 7.533627e+01 8.694825e+01 1.304298e+02
      endloop
   endfacet
   facet normal 8.296769e-01 0.000000e+00 -5.582438e-01
      outer loop
         vertex 7.533627e+01 8.694825e+01 1.304298e+02
         vertex 7.533627e+01 8.734825e+01 1.304298e+02
         vertex 7.578214e+01 8.734825e+01 1.310925e+02
      endloop
   endfacet
   facet normal 8.296769e-01 0.000000e+00 -5.582438e-01
      outer loop
         vertex 7.533627e+01 8.694825e+01 1.304298e+02
         vertex 7.578214e+01 8.734825e+01 1.310925e+02
         vertex 7.578214e+01 8.694825e+01 1.310925e+02
      endloop
   endfacet
   facet normal 8.826788e-01 0.000000e+00 -4.699768e-01
      outer loop
         vertex 7.578214e+01 8.694825e+01 1.310925e+02
         vertex 7.578214e+01 8.734825e+01 1.310925e+02
         vertex 7.615750e+01 8.734825e+01 1.317975e+02
      endloop
   endfacet
   facet normal 8.826788e-01 0.000000e+00 -4.699768e-01
      outer loop
         vertex 7.578214e+01 8.694825e+01 1.310925e+02
         vertex 7.615750e+01 8.734825e+01 1.317975e+02
         vertex 7.615750e+01 8.694825e+01 1.317975e+02
      endloop
   endfacet
   facet normal 9.263240e-01 0.000000e+00 -3.767278e-01
      outer loop
         vertex 7.615750e+01 8.694825e+01 1.317975e+02
         vertex 7.615750e+01 8.734825e+01 1.317975e+02
         vertex 7.645839e+01 8.734825e+01 1.325373e+02
      endloop
   endfacet
   facet normal 9.263240e-01 0.000000e+00 -3.767278e-01
      outer loop
         vertex 7.615750e+01 8.694825e+01 1.317975e+02
         vertex 7.645839e+01 8.734825e+01 1.325373e+02
         vertex 7.645839e+01 8.694825e+01 1.325373e+02
      endloop
   endfacet
   facet normal 9.601499e-01 0.000000e+00 -2.794854e-01
      outer loop
         vertex 7.645839e+01 8.694825e+01 1.325373e+02
         vertex 7.645839e+01 8.734825e+01 1.325373e+02
         vertex 7.668161e+01 8.734825e+01 1.333042e+02
      endloop
   endfacet
   facet normal 9.601499e-01 0.000000e+00 -2.794854e-01
      outer loop
         vertex 7.645839e+01 8.694825e+01 1.325373e+02
         vertex 7.668161e+01 8.734825e+01 1.333042e+02
         vertex 7.668161e+01 8.694825e+01 1.333042e+02
      endloop
   endfacet
   facet normal 9.837979e-01 0.000000e+00 -1.792812e-01
      outer loop
         vertex 7.668161e+01 8.694825e+01 1.333042e+02
         vertex 7.668161e+01 8.734825e+01 1.333042e+02
         vertex 7.682480e+01 8.734825e+01 1.340899e+02
      endloop
   endfacet
   facet normal 9.837979e-01 0.000000e+00 -1.792812e-01
      outer loop
         vertex 7.668161e+01 8.694825e+01 1.333042e+02
         vertex 7.682480e+01 8.734825e+01 1.340899e+02
         vertex 7.682480e+01 8.694825e+01 1.340899e+02
      endloop
   endfacet
   facet normal 9.970176e-01 0.000000e+00 -7.717491e-02
      outer loop
         vertex 7.682480e+01 8.694825e+01 1.340899e+02
         vertex 7.682480e+01 8.734825e+01 1.340899e+02
         vertex 7.688644e+01 8.734825e+01 1.348862e+02
      endloop
   endfacet
   facet normal 9.970176e-01 0.000000e+00 -7.717491e-02
      outer loop
         vertex 7.682480e+01 8.694825e+01 1.340899e+02
         vertex 7.688644e+01 8.734825e+01 1.348862e+02
         vertex 7.688644e+01 8.694825e+01 1.348862e+02
      endloop
   endfacet
   facet normal 9.996685e-01 -0.000000e+00 2.574767e-02
      outer loop
         vertex 7.688644e+01 8.694825e+01 1.348862e+02
         vertex 7.688644e+01 8.734825e+01 1.348862e+02
         vertex 7.686588e+01 8.734825e+01 1.356847e+02
      endloop
   endfacet
   facet normal 9.996685e-01 0.000000e+00 2.574767e-02
      outer loop
         vertex 7.688644e+01 8.694825e+01 1.348862e+02
         vertex 7.686588e+01 8.734825e+01 1.356847e+02
         vertex 7.686588e+01 8.694825e+01 1.356847e+02
      endloop
   endfacet
   facet normal 9.917226e-01 -0.000000e+00 1.283988e-01
      outer loop
         vertex 7.686588e+01 8.694825e+01 1.356847e+02
         vertex 7.686588e+01 8.734825e+01 1.356847e+02
         vertex 7.676332e+01 8.734825e+01 1.364767e+02
      endloop
   endfacet
   facet normal 9.917226e-01 0.000000e+00 1.283988e-01
      outer loop
         vertex 7.686588e+01 8.694825e+01 1.356847e+02
         vertex 7.676332e+01 8.734825e+01 1.364767e+02
         vertex 7.676332e+01 8.694825e+01 1.364767e+02
      endloop
   endfacet
   facet normal 9.732645e-01 -0.000000e+00 2.296870e-01
      outer loop
         vertex 7.676332e+01 8.694825e+01 1.364767e+02
         vertex 7.676332e+01 8.734825e+01 1.364767e+02
         vertex 7.657988e+01 8.734825e+01 1.372541e+02
      endloop
   endfacet
   facet normal 9.732645e-01 0.000000e+00 2.296870e-01
      outer loop
         vertex 7.676332e+01 8.694825e+01 1.364767e+02
         vertex 7.657988e+01 8.734825e+01 1.372541e+02
         vertex 7.657988e+01 8.694825e+01 1.372541e+02
      endloop
   endfacet
   facet normal 9.444893e-01 -0.000000e+00 3.285423e-01
      outer loop
         vertex 7.657988e+01 8.694825e+01 1.372541e+02
         vertex 7.657988e+01 8.734825e+01 1.372541e+02
         vertex 7.631747e+01 8.734825e+01 1.380084e+02
      endloop
   endfacet
   facet normal 9.444893e-01 0.000000e+00 3.285423e-01
      outer loop
         vertex 7.657988e+01 8.694825e+01 1.372541e+02
         vertex 7.631747e+01 8.734825e+01 1.380084e+02
         vertex 7.631747e+01 8.694825e+01 1.380084e+02
      endloop
   endfacet
   facet normal 9.057022e-01 -0.000000e+00 4.239145e-01
      outer loop
         vertex 7.631747e+01 8.694825e+01 1.380084e+02
         vertex 7.631747e+01 8.734825e+01 1.380084e+02
         vertex 7.597890e+01 8.734825e+01 1.387318e+02
      endloop
   endfacet
   facet normal 9.057022e-01 0.000000e+00 4.239145e-01
      outer loop
         vertex 7.631747e+01 8.694825e+01 1.380084e+02
         vertex 7.597890e+01 8.734825e+01 1.387318e+02
         vertex 7.597890e+01 8.694825e+01 1.387318e+02
      endloop
   endfacet
   facet normal 8.573147e-01 -0.000000e+00 5.147927e-01
      outer loop
         vertex 7.597890e+01 8.694825e+01 1.387318e+02
         vertex 7.597890e+01 8.734825e+01 1.387318e+02
         vertex 7.556774e+01 8.734825e+01 1.394165e+02
      endloop
   endfacet
   facet normal 8.573147e-01 0.000000e+00 5.147927e-01
      outer loop
         vertex 7.597890e+01 8.694825e+01 1.387318e+02
         vertex 7.556774e+01 8.734825e+01 1.394165e+02
         vertex 7.556774e+01 8.694825e+01 1.394165e+02
      endloop
   endfacet
   facet normal 7.998390e-01 -0.000000e+00 6.002146e-01
      outer loop
         vertex 7.556774e+01 8.694825e+01 1.394165e+02
         vertex 7.556774e+01 8.734825e+01 1.394165e+02
         vertex 7.508836e+01 8.734825e+01 1.400554e+02
      endloop
   endfacet
   facet normal 7.998390e-01 0.000000e+00 6.002146e-01
      outer loop
         vertex 7.556774e+01 8.694825e+01 1.394165e+02
         vertex 7.508836e+01 8.734825e+01 1.400554e+02
         vertex 7.508836e+01 8.694825e+01 1.400554e+02
      endloop
   endfacet
   facet normal 7.338853e-01 -0.000000e+00 6.792734e-01
      outer loop
         vertex 7.508836e+01 8.694825e+01 1.400554e+02
         vertex 7.508836e+01 8.734825e+01 1.400554e+02
         vertex 7.454583e+01 8.734825e+01 1.406415e+02
      endloop
   endfacet
   facet normal 7.338853e-01 0.000000e+00 6.792734e-01
      outer loop
         vertex 7.508836e+01 8.694825e+01 1.400554e+02
         vertex 7.454583e+01 8.734825e+01 1.406415e+02
         vertex 7.454583e+01 8.694825e+01 1.406415e+02
      endloop
   endfacet
   facet normal 6.601521e-01 -0.000000e+00 7.511319e-01
      outer loop
         vertex 7.454583e+01 8.694825e+01 1.406415e+02
         vertex 7.454583e+01 8.734825e+01 1.406415e+02
         vertex 7.394591e+01 8.734825e+01 1.411688e+02
      endloop
   endfacet
   facet normal 6.601521e-01 0.000000e+00 7.511319e-01
      outer loop
         vertex 7.454583e+01 8.694825e+01 1.406415e+02
         vertex 7.394591e+01 8.734825e+01 1.411688e+02
         vertex 7.394591e+01 8.694825e+01 1.411688e+02
      endloop
   endfacet
   facet normal 5.794211e-01 -0.000000e+00 8.150283e-01
      outer loop
         vertex 7.394591e+01 8.694825e+01 1.411688e+02
         vertex 7.394591e+01 8.734825e+01 1.411688e+02
         vertex 7.329495e+01 8.734825e+01 1.416315e+02
      endloop
   endfacet
   facet normal 5.794211e-01 0.000000e+00 8.150283e-01
      outer loop
         vertex 7.394591e+01 8.694825e+01 1.411688e+02
         vertex 7.329495e+01 8.734825e+01 1.416315e+02
         vertex 7.329495e+01 8.694825e+01 1.416315e+02
      endloop
   endfacet
   facet normal 4.925482e-01 -0.000000e+00 8.702851e-01
      outer loop
         vertex 7.329495e+01 8.694825e+01 1.416315e+02
         vertex 7.329495e+01 8.734825e+01 1.416315e+02
         vertex 7.259987e+01 8.734825e+01 1.420249e+02
      endloop
   endfacet
   facet normal 4.925482e-01 0.000000e+00 8.702851e-01
      outer loop
         vertex 7.329495e+01 8.694825e+01 1.416315e+02
         vertex 7.259987e+01 8.734825e+01 1.420249e+02
         vertex 7.259987e+01 8.694825e+01 1.420249e+02
      endloop
   endfacet
   facet normal 4.004539e-01 -0.000000e+00 9.163169e-01
      outer loop
         vertex 7.259987e+01 8.694825e+01 1.420249e+02
         vertex 7.259987e+01 8.734825e+01 1.420249e+02
         vertex 7.186802e+01 8.734825e+01 1.423448e+02
      endloop
   endfacet
   facet normal 4.004539e-01 0.000000e+00 9.163169e-01
      outer loop
         vertex 7.259987e+01 8.694825e+01 1.420249e+02
         vertex 7.186802e+01 8.734825e+01 1.423448e+02
         vertex 7.186802e+01 8.694825e+01 1.423448e+02
      endloop
   endfacet
   facet normal 3.041147e-01 -0.000000e+00 9.526354e-01
      outer loop
         vertex 7.186802e+01 8.694825e+01 1.423448e+02
         vertex 7.186802e+01 8.734825e+01 1.423448e+02
         vertex 7.110716e+01 8.734825e+01 1.425877e+02
      endloop
   endfacet
   facet normal 3.041147e-01 0.000000e+00 9.526354e-01
      outer loop
         vertex 7.186802e+01 8.694825e+01 1.423448e+02
         vertex 7.110716e+01 8.734825e+01 1.425877e+02
         vertex 7.110716e+01 8.694825e+01 1.425877e+02
      endloop
   endfacet
   facet normal 2.045522e-01 -0.000000e+00 9.788557e-01
      outer loop
         vertex 7.110716e+01 8.694825e+01 1.425877e+02
         vertex 7.110716e+01 8.734825e+01 1.425877e+02
         vertex 7.032536e+01 8.734825e+01 1.427510e+02
      endloop
   endfacet
   facet normal 2.045522e-01 0.000000e+00 9.788557e-01
      outer loop
         vertex 7.110716e+01 8.694825e+01 1.425877e+02
         vertex 7.032536e+01 8.734825e+01 1.427510e+02
         vertex 7.032536e+01 8.694825e+01 1.427510e+02
      endloop
   endfacet
   facet normal 1.028209e-01 -0.000000e+00 9.946999e-01
      outer loop
         vertex 7.032536e+01 8.694825e+01 1.427510e+02
         vertex 7.032536e+01 8.734825e+01 1.427510e+02
         vertex 6.953090e+01 8.734825e+01 1.428331e+02
      endloop
   endfacet
   facet normal 1.028209e-01 0.000000e+00 9.946999e-01
      outer loop
         vertex 7.032536e+01 8.694825e+01 1.427510e+02
         vertex 6.953090e+01 8.734825e+01 1.428331e+02
         vertex 6.953090e+01 8.694825e+01 1.428331e+02
      endloop
   endfacet
   facet normal 2.574752e-02 -0.000000e+00 9.996685e-01
      outer loop
         vertex 6.953090e+01 8.694825e+01 1.428331e+02
         vertex 6.953090e+01 8.734825e+01 1.428331e+02
         vertex 6.913156e+01 8.694825e+01 1.428434e+02
      endloop
   endfacet
   facet normal 1.000000e+00 0.000000e+00 0.000000e+00
      outer loop
         vertex 7.043156e+01 8.744825e+01 1.362860e+02
         vertex 7.043156e+01 9.074825e+01 1.362860e+02
         vertex 7.043156e+01 8.744825e+01 1.369860e+02
      endloop
   endfacet
   facet normal 1.000000e+00 -0.000000e+00 0.000000e+00
      outer loop
         vertex 7.043156e+01 8.744825e+01 1.369860e+02
         vertex 7.043156e+01 9.074825e+01 1.362860e+02
         vertex 7.043156e+01 9.074825e+01 1.369860e+02
      endloop
   endfacet
   facet normal -1.000000e+00 0.000000e+00 0.000000e+00
      outer loop
         vertex 6.782156e+01 8.744825e+01 1.369860e+02
         vertex 6.782156e+01 9.074825e+01 1.369860e+02
         vertex 6.782156e+01 8.744825e+01 1.362860e+02
      endloop
   endfacet
   facet normal -1.000000e+00 0.000000e+00 0.000000e+00
      outer loop
         vertex 6.782156e+01 8.744825e+01 1.362860e+02
         vertex 6.782156e+01 9.074825e+01 1.369860e+02
         vertex 6.782156e+01 9.074825e+01 1.362860e+02
      endloop
   endfacet
   facet normal 9.965356e-01 0.000000e+00 8.316688e-02
      outer loop
         vertex 7.043156e+01 9.074825e+01 1.313550e+02
         vertex 7.043156e+01 8.694825e+01 1.313550e+02
         vertex 7.043709e+01 9.074825e+01 1.312887e+02
      endloop
   endfacet
   facet normal 9.965356e-01 0.000000e+00 8.316688e-02
      outer loop
         vertex 7.043709e+01 9.074825e+01 1.312887e+02
         vertex 7.043156e+01 8.694825e+01 1.313550e+02
         vertex 7.043709e+01 8.694825e+01 1.312887e+02
      endloop
   endfacet
   facet normal 9.689637e-01 0.000000e+00 2.472031e-01
      outer loop
         vertex 7.043709e+01 9.074825e+01 1.312887e+02
         vertex 7.043709e+01 8.694825e+01 1.312887e+02
         vertex 7.045354e+01 9.074825e+01 1.312243e+02
      endloop
   endfacet
   facet normal 9.689637e-01 0.000000e+00 2.472031e-01
      outer loop
         vertex 7.045354e+01 9.074825e+01 1.312243e+02
         vertex 7.043709e+01 8.694825e+01 1.312887e+02
         vertex 7.045354e+01 8.694825e+01 1.312243e+02
      endloop
   endfacet
   facet normal 9.145829e-01 0.000000e+00 4.043986e-01
      outer loop
         vertex 7.045354e+01 9.074825e+01 1.312243e+02
         vertex 7.045354e+01 8.694825e+01 1.312243e+02
         vertex 7.048045e+01 9.074825e+01 1.311634e+02
      endloop
   endfacet
   facet normal 9.145829e-01 0.000000e+00 4.043986e-01
      outer loop
         vertex 7.048045e+01 9.074825e+01 1.311634e+02
         vertex 7.045354e+01 8.694825e+01 1.312243e+02
         vertex 7.048045e+01 8.694825e+01 1.311634e+02
      endloop
   endfacet
   facet normal 8.348999e-01 0.000000e+00 5.504018e-01
      outer loop
         vertex 7.048045e+01 9.074825e+01 1.311634e+02
         vertex 7.048045e+01 8.694825e+01 1.311634e+02
         vertex 7.051707e+01 9.074825e+01 1.311079e+02
      endloop
   endfacet
   facet normal 8.348999e-01 0.000000e+00 5.504018e-01
      outer loop
         vertex 7.051707e+01 9.074825e+01 1.311079e+02
         vertex 7.048045e+01 8.694825e+01 1.311634e+02
         vertex 7.051707e+01 8.694825e+01 1.311079e+02
      endloop
   endfacet
   facet normal 7.321120e-01 0.000000e+00 6.811843e-01
      outer loop
         vertex 7.051707e+01 9.074825e+01 1.311079e+02
         vertex 7.051707e+01 8.694825e+01 1.311079e+02
         vertex 7.056239e+01 9.074825e+01 1.310591e+02
      endloop
   endfacet
   facet normal 7.321120e-01 0.000000e+00 6.811843e-01
      outer loop
         vertex 7.056239e+01 9.074825e+01 1.310591e+02
         vertex 7.051707e+01 8.694825e+01 1.311079e+02
         vertex 7.056239e+01 8.694825e+01 1.310591e+02
      endloop
   endfacet
   facet normal 6.090750e-01 0.000000e+00 7.931127e-01
      outer loop
         vertex 7.056239e+01 9.074825e+01 1.310591e+02
         vertex 7.056239e+01 8.694825e+01 1.310591e+02
         vertex 7.061516e+01 9.074825e+01 1.310186e+02
      endloop
   endfacet
   facet normal 6.090750e-01 0.000000e+00 7.931127e-01
      outer loop
         vertex 7.061516e+01 9.074825e+01 1.310186e+02
         vertex 7.056239e+01 8.694825e+01 1.310591e+02
         vertex 7.061516e+01 8.694825e+01 1.310186e+02
      endloop
   endfacet
   facet normal 4.691788e-01 0.000000e+00 8.831032e-01
      outer loop
         vertex 7.061516e+01 9.074825e+01 1.310186e+02
         vertex 7.061516e+01 8.694825e+01 1.310186e+02
         vertex 7.067392e+01 9.074825e+01 1.309874e+02
      endloop
   endfacet
   facet normal 4.691788e-01 0.000000e+00 8.831032e-01
      outer loop
         vertex 7.067392e+01 9.074825e+01 1.309874e+02
         vertex 7.061516e+01 8.694825e+01 1.310186e+02
         vertex 7.067392e+01 8.694825e+01 1.309874e+02
      endloop
   endfacet
   facet normal 3.163126e-01 0.000000e+00 9.486550e-01
      outer loop
         vertex 7.067392e+01 9.074825e+01 1.309874e+02
         vertex 7.067392e+01 8.694825e+01 1.309874e+02
         vertex 7.073703e+01 9.074825e+01 1.309664e+02
      endloop
   endfacet
   facet normal 3.163126e-01 0.000000e+00 9.486550e-01
      outer loop
         vertex 7.073703e+01 9.074825e+01 1.309664e+02
         vertex 7.067392e+01 8.694825e+01 1.309874e+02
         vertex 7.073703e+01 8.694825e+01 1.309664e+02
      endloop
   endfacet
   facet normal 1.546850e-01 0.000000e+00 9.879638e-01
      outer loop
         vertex 7.073703e+01 9.074825e+01 1.309664e+02
         vertex 7.073703e+01 8.694825e+01 1.309664e+02
         vertex 7.080277e+01 9.074825e+01 1.309561e+02
      endloop
   endfacet
   facet normal 1.546850e-01 0.000000e+00 9.879638e-01
      outer loop
         vertex 7.080277e+01 9.074825e+01 1.309561e+02
         vertex 7.073703e+01 8.694825e+01 1.309664e+02
         vertex 7.080277e+01 8.694825e+01 1.309561e+02
      endloop
   endfacet
   facet normal -1.122050e-02 0.000000e+00 9.999370e-01
      outer loop
         vertex 7.080277e+01 9.074825e+01 1.309561e+02
         vertex 7.080277e+01 8.694825e+01 1.309561e+02
         vertex 7.086930e+01 9.074825e+01 1.309568e+02
      endloop
   endfacet
   facet normal -1.122050e-02 0.000000e+00 9.999370e-01
      outer loop
         vertex 7.086930e+01 9.074825e+01 1.309568e+02
         vertex 7.080277e+01 8.694825e+01 1.309561e+02
         vertex 7.086930e+01 8.694825e+01 1.309568e+02
      endloop
   endfacet
   facet normal -1.768181e-01 0.000000e+00 9.842435e-01
      outer loop
         vertex 7.086930e+01 9.074825e+01 1.309568e+02
         vertex 7.086930e+01 8.694825e+01 1.309568e+02
         vertex 7.093478e+01 9.074825e+01 1.309686e+02
      endloop
   endfacet
   facet normal -1.768181e-01 0.000000e+00 9.842435e-01
      outer loop
         vertex 7.093478e+01 9.074825e+01 1.309686e+02
         vertex 7.086930e+01 8.694825e+01 1.309568e+02
         vertex 7.093478e+01 8.694825e+01 1.309686e+02
      endloop
   endfacet
   facet normal -3.375160e-01 0.000000e+00 9.413198e-01
      outer loop
         vertex 7.093478e+01 9.074825e+01 1.309686e+02
         vertex 7.093478e+01 8.694825e+01 1.309686e+02
         vertex 7.099741e+01 9.074825e+01 1.309910e+02
      endloop
   endfacet
   facet normal -3.375160e-01 0.000000e+00 9.413198e-01
      outer loop
         vertex 7.099741e+01 9.074825e+01 1.309910e+02
         vertex 7.093478e+01 8.694825e+01 1.309686e+02
         vertex 7.099741e+01 8.694825e+01 1.309910e+02
      endloop
   endfacet
   facet normal 3.375160e-01 0.000000e+00 9.413198e-01
      outer loop
         vertex 6.726571e+01 9.074825e+01 1.309910e+02
         vertex 6.726571e+01 8.694825e+01 1.309910e+02
         vertex 6.732834e+01 9.074825e+01 1.309686e+02
      endloop
   endfacet
   facet normal 3.375160e-01 0.000000e+00 9.413198e-01
      outer loop
         vertex 6.732834e+01 9.074825e+01 1.309686e+02
         vertex 6.726571e+01 8.694825e+01 1.309910e+02
         vertex 6.732834e+01 8.694825e+01 1.309686e+02
      endloop
   endfacet
   facet normal 1.768181e-01 0.000000e+00 9.842435e-01
      outer loop
         vertex 6.732834e+01 9.074825e+01 1.309686e+02
         vertex 6.732834e+01 8.694825e+01 1.309686e+02
         vertex 6.739382e+01 9.074825e+01 1.309568e+02
      endloop
   endfacet
   facet normal 1.768181e-01 0.000000e+00 9.842435e-01
      outer loop
         vertex 6.739382e+01 9.074825e+01 1.309568e+02
         vertex 6.732834e+01 8.694825e+01 1.309686e+02
         vertex 6.739382e+01 8.694825e+01 1.309568e+02
      endloop
   endfacet
   facet normal 1.122050e-02 0.000000e+00 9.999370e-01
      outer loop
         vertex 6.739382e+01 9.074825e+01 1.309568e+02
         vertex 6.739382e+01 8.694825e+01 1.309568e+02
         vertex 6.746035e+01 9.074825e+01 1.309561e+02
      endloop
   endfacet
   facet normal 1.122050e-02 0.000000e+00 9.999370e-01
      outer loop
         vertex 6.746035e+01 9.074825e+01 1.309561e+02
         vertex 6.739382e+01 8.694825e+01 1.309568e+02
         vertex 6.746035e+01 8.694825e+01 1.309561e+02
      endloop
   endfacet
   facet normal -1.546850e-01 0.000000e+00 9.879638e-01
      outer loop
         vertex 6.746035e+01 9.074825e+01 1.309561e+02
         vertex 6.746035e+01 8.694825e+01 1.309561e+02
         vertex 6.752609e+01 9.074825e+01 1.309664e+02
      endloop
   endfacet
   facet normal -1.546850e-01 0.000000e+00 9.879638e-01
      outer loop
         vertex 6.752609e+01 9.074825e+01 1.309664e+02
         vertex 6.746035e+01 8.694825e+01 1.309561e+02
         vertex 6.752609e+01 8.694825e+01 1.309664e+02
      endloop
   endfacet
   facet normal -3.163126e-01 0.000000e+00 9.486550e-01
      outer loop
         vertex 6.752609e+01 9.074825e+01 1.309664e+02
         vertex 6.752609e+01 8.694825e+01 1.309664e+02
         vertex 6.758920e+01 9.074825e+01 1.309874e+02
      endloop
   endfacet
   facet normal -3.163126e-01 0.000000e+00 9.486550e-01
      outer loop
         vertex 6.758920e+01 9.074825e+01 1.309874e+02
         vertex 6.752609e+01 8.694825e+01 1.309664e+02
         vertex 6.758920e+01 8.694825e+01 1.309874e+02
      endloop
   endfacet
   facet normal -4.691788e-01 0.000000e+00 8.831032e-01
      outer loop
         vertex 6.758920e+01 9.074825e+01 1.309874e+02
         vertex 6.758920e+01 8.694825e+01 1.309874e+02
         vertex 6.764796e+01 9.074825e+01 1.310186e+02
      endloop
   endfacet
   facet normal -4.691788e-01 0.000000e+00 8.831032e-01
      outer loop
         vertex 6.764796e+01 9.074825e+01 1.310186e+02
         vertex 6.758920e+01 8.694825e+01 1.309874e+02
         vertex 6.764796e+01 8.694825e+01 1.310186e+02
      endloop
   endfacet
   facet normal -6.090750e-01 0.000000e+00 7.931127e-01
      outer loop
         vertex 6.764796e+01 9.074825e+01 1.310186e+02
         vertex 6.764796e+01 8.694825e+01 1.310186e+02
         vertex 6.770073e+01 9.074825e+01 1.310591e+02
      endloop
   endfacet
   facet normal -6.090750e-01 0.000000e+00 7.931127e-01
      outer loop
         vertex 6.770073e+01 9.074825e+01 1.310591e+02
         vertex 6.764796e+01 8.694825e+01 1.310186e+02
         vertex 6.770073e+01 8.694825e+01 1.310591e+02
      endloop
   endfacet
   facet normal -7.321120e-01 0.000000e+00 6.811843e-01
      outer loop
         vertex 6.770073e+01 9.074825e+01 1.310591e+02
         vertex 6.770073e+01 8.694825e+01 1.310591e+02
         vertex 6.774605e+01 9.074825e+01 1.311079e+02
      endloop
   endfacet
   facet normal -7.321120e-01 0.000000e+00 6.811843e-01
      outer loop
         vertex 6.774605e+01 9.074825e+01 1.311079e+02
         vertex 6.770073e+01 8.694825e+01 1.310591e+02
         vertex 6.774605e+01 8.694825e+01 1.311079e+02
      endloop
   endfacet
   facet normal -8.348999e-01 0.000000e+00 5.504018e-01
      outer loop
         vertex 6.774605e+01 9.074825e+01 1.311079e+02
         vertex 6.774605e+01 8.694825e+01 1.311079e+02
         vertex 6.778267e+01 9.074825e+01 1.311634e+02
      endloop
   endfacet
   facet normal -8.348999e-01 0.000000e+00 5.504018e-01
      outer loop
         vertex 6.778267e+01 9.074825e+01 1.311634e+02
         vertex 6.774605e+01 8.694825e+01 1.311079e+02
         vertex 6.778267e+01 8.694825e+01 1.311634e+02
      endloop
   endfacet
   facet normal -9.145829e-01 0.000000e+00 4.043986e-01
      outer loop
         vertex 6.778267e+01 9.074825e+01 1.311634e+02
         vertex 6.778267e+01 8.694825e+01 1.311634e+02
         vertex 6.780958e+01 9.074825e+01 1.312243e+02
      endloop
   endfacet
   facet normal -9.145829e-01 0.000000e+00 4.043986e-01
      outer loop
         vertex 6.780958e+01 9.074825e+01 1.312243e+02
         vertex 6.778267e+01 8.694825e+01 1.311634e+02
         vertex 6.780958e+01 8.694825e+01 1.312243e+02
      endloop
   endfacet
   facet normal -9.689637e-01 0.000000e+00 2.472031e-01
      outer loop
         vertex 6.780958e+01 9.074825e+01 1.312243e+02
         vertex 6.780958e+01 8.694825e+01 1.312243e+02
         vertex 6.782603e+01 9.074825e+01 1.312887e+02
      endloop
   endfacet
   facet normal -9.689637e-01 0.000000e+00 2.472031e-01
      outer loop
         vertex 6.782603e+01 9.074825e+01 1.312887e+02
         vertex 6.780958e+01 8.694825e+01 1.312243e+02
         vertex 6.782603e+01 8.694825e+01 1.312887e+02
      endloop
   endfacet
   facet normal -9.965356e-01 0.000000e+00 8.316688e-02
      outer loop
         vertex 6.782603e+01 9.074825e+01 1.312887e+02
         vertex 6.782603e+01 8.694825e+01 1.312887e+02
         vertex 6.783156e+01 9.074825e+01 1.313550e+02
      endloop
   endfacet
   facet normal -9.965356e-01 0.000000e+00 8.316688e-02
      outer loop
         vertex 6.783156e+01 9.074825e+01 1.313550e+02
         vertex 6.782603e+01 8.694825e+01 1.312887e+02
         vertex 6.783156e+01 8.694825e+01 1.313550e+02
      endloop
   endfacet
   facet normal -1.000000e+00 -0.000000e+00 -0.000000e+00
      outer loop
         vertex 6.783156e+01 9.074825e+01 1.319860e+02
         vertex 6.783156e+01 9.074825e+01 1.313550e+02
         vertex 6.783156e+01 8.694825e+01 1.319860e+02
      endloop
   endfacet
   facet normal -1.000000e+00 0.000000e+00 0.000000e+00
      outer loop
         vertex 6.783156e+01 8.694825e+01 1.319860e+02
         vertex 6.783156e+01 9.074825e+01 1.313550e+02
         vertex 6.783156e+01 8.694825e+01 1.313550e+02
      endloop
   endfacet
   facet normal 0.000000e+00 0.000000e+00 1.000000e+00
      outer loop
         vertex 7.043156e+01 9.074825e+01 1.319860e+02
         vertex 6.783156e+01 9.074825e+01 1.319860e+02
         vertex 7.043156e+01 8.694825e+01 1.319860e+02
      endloop
   endfacet
   facet normal 0.000000e+00 0.000000e+00 1.000000e+00
      outer loop
         vertex 7.043156e+01 8.694825e+01 1.319860e+02
         vertex 6.783156e+01 9.074825e+01 1.319860e+02
         vertex 6.783156e+01 8.694825e+01 1.319860e+02
      endloop
   endfacet
   facet normal 1.000000e+00 0.000000e+00 -0.000000e+00
      outer loop
         vertex 7.043156e+01 9.074825e+01 1.313550e+02
         vertex 7.043156e+01 9.074825e+01 1.319860e+02
         vertex 7.043156e+01 8.694825e+01 1.313550e+02
      endloop
   endfacet
   facet normal 1.000000e+00 0.000000e+00 0.000000e+00
      outer loop
         vertex 7.043156e+01 8.694825e+01 1.313550e+02
         vertex 7.043156e+01 9.074825e+01 1.319860e+02
         vertex 7.043156e+01 8.694825e+01 1.319860e+02
      endloop
   endfacet
   facet normal 0.000000e+00 1.000000e+00 0.000000e+00
      outer loop
         vertex 6.963156e+01 8.744825e+01 1.369860e+02
         vertex 6.963156e+01 8.744825e+01 1.362860e+02
         vertex 6.863156e+01 8.744825e+01 1.369860e+02
      endloop
   endfacet
   facet normal 0.000000e+00 1.000000e+00 0.000000e+00
      outer loop
         vertex 6.863156e+01 8.744825e+01 1.369860e+02
         vertex 6.963156e+01 8.744825e+01 1.362860e+02
         vertex 6.863156e+01 8.744825e+01 1.362860e+02
      endloop
   endfacet
   facet normal 1.000000e+00 -0.000000e+00 0.000000e+00
      outer loop
         vertex 6.863156e+01 8.744825e+01 1.369860e+02
         vertex 6.863156e+01 8.744825e+01 1.362860e+02
         vertex 6.863156e+01 8.984825e+01 1.369860e+02
      endloop
   endfacet
   facet normal 1.000000e+00 0.000000e+00 0.000000e+00
      outer loop
         vertex 6.863156e+01 8.984825e+01 1.369860e+02
         vertex 6.863156e+01 8.744825e+01 1.362860e+02
         vertex 6.863156e+01 8.984825e+01 1.362860e+02
      endloop
   endfacet
   facet normal 0.000000e+00 -1.000000e+00 0.000000e+00
      outer loop
         vertex 6.863156e+01 8.984825e+01 1.369860e+02
         vertex 6.863156e+01 8.984825e+01 1.362860e+02
         vertex 6.963156e+01 8.984825e+01 1.369860e+02
      endloop
   endfacet
   facet normal 0.000000e+00 -1.000000e+00 -0.000000e+00
      outer loop
         vertex 6.963156e+01 8.984825e+01 1.369860e+02
         vertex 6.863156e+01 8.984825e+01 1.362860e+02
         vertex 6.963156e+01 8.984825e+01 1.362860e+02
      endloop
   endfacet
   facet normal -1.000000e+00 -0.000000e+00 -0.000000e+00
      outer loop
         vertex 6.963156e+01 8.984825e+01 1.369860e+02
         vertex 6.963156e+01 8.984825e+01 1.362860e+02
         vertex 6.963156e+01 8.744825e+01 1.369860e+02
      endloop
   endfacet
   facet normal -1.000000e+00 0.000000e+00 0.000000e+00
      outer loop
         vertex 6.963156e+01 8.744825e+01 1.369860e+02
         vertex 6.963156e+01 8.984825e+01 1.362860e+02
         vertex 6.963156e+01 8.744825e+01 1.362860e+02
      endloop
   endfacet
   facet normal 5.735765e-01 8.191520e-01 0.000000e+00
      outer loop
         vertex 6.893156e+01 8.780184e+01 1.399819e+02
         vertex 6.893156e+01 8.780184e+01 1.395815e+02
         vertex 6.887445e+01 8.784184e+01 1.395786e+02
      endloop
   endfacet
   facet normal 5.735765e-01 8.191520e-01 0.000000e+00
      outer loop
         vertex 6.893156e+01 8.780184e+01 1.399819e+02
         vertex 6.887445e+01 8.784184e+01 1.395786e+02
         vertex 6.887445e+01 8.784184e+01 1.399792e+02
      endloop
   endfacet
   facet normal 7.071068e-01 7.071068e-01 0.000000e+00
      outer loop
         vertex 6.887445e+01 8.784184e+01 1.399792e+02
         vertex 6.887445e+01 8.784184e+01 1.395786e+02
         vertex 6.882514e+01 8.789114e+01 1.395755e+02
      endloop
   endfacet
   facet normal 7.071068e-01 7.071068e-01 0.000000e+00
      outer loop
         vertex 6.887445e+01 8.784184e+01 1.399792e+02
         vertex 6.882514e+01 8.789114e+01 1.395755e+02
         vertex 6.882514e+01 8.789114e+01 1.399764e+02
      endloop
   endfacet
   facet normal 8.191520e-01 5.735765e-01 0.000000e+00
      outer loop
         vertex 6.882514e+01 8.789114e+01 1.399764e+02
         vertex 6.882514e+01 8.789114e+01 1.395755e+02
         vertex 6.878515e+01 8.794825e+01 1.395726e+02
      endloop
   endfacet
   facet normal 8.191520e-01 5.735765e-01 0.000000e+00
      outer loop
         vertex 6.882514e+01 8.789114e+01 1.399764e+02
         vertex 6.878515e+01 8.794825e+01 1.395726e+02
         vertex 6.878515e+01 8.794825e+01 1.399737e+02
      endloop
   endfacet
   facet normal 8.869492e-01 4.618670e-01 0.000000e+00
      outer loop
         vertex 6.878515e+01 8.794825e+01 1.399737e+02
         vertex 6.878515e+01 8.794825e+01 1.395726e+02
         vertex 6.876908e+01 8.797911e+01 1.399726e+02
      endloop
   endfacet
   facet normal 8.869489e-01 4.618676e-01 -6.001261e-08
      outer loop
         vertex 6.876908e+01 8.797911e+01 1.399726e+02
         vertex 6.878515e+01 8.794825e+01 1.395726e+02
         vertex 6.876908e+01 8.797911e+01 1.395714e+02
      endloop
   endfacet
   facet normal 9.238283e-01 3.828070e-01 -1.688621e-08
      outer loop
         vertex 6.876908e+01 8.797911e+01 1.399726e+02
         vertex 6.876908e+01 8.797911e+01 1.395714e+02
         vertex 6.875568e+01 8.801145e+01 1.399715e+02
      endloop
   endfacet
   facet normal 9.238284e-01 3.828068e-01 0.000000e+00
      outer loop
         vertex 6.875568e+01 8.801145e+01 1.399715e+02
         vertex 6.876908e+01 8.797911e+01 1.395714e+02
         vertex 6.875568e+01 8.801145e+01 1.395703e+02
      endloop
   endfacet
   facet normal 9.537679e-01 3.005442e-01 0.000000e+00
      outer loop
         vertex 6.875568e+01 8.801145e+01 1.399715e+02
         vertex 6.875568e+01 8.801145e+01 1.395703e+02
         vertex 6.874516e+01 8.804486e+01 1.399707e+02
      endloop
   endfacet
   facet normal 9.537677e-01 3.005447e-01 -4.323112e-08
      outer loop
         vertex 6.874516e+01 8.804486e+01 1.399707e+02
         vertex 6.875568e+01 8.801145e+01 1.395703e+02
         vertex 6.874516e+01 8.804486e+01 1.395694e+02
      endloop
   endfacet
   facet normal 9.763329e-01 2.162732e-01 1.935917e-08
      outer loop
         vertex 6.874516e+01 8.804486e+01 1.399707e+02
         vertex 6.874516e+01 8.804486e+01 1.395694e+02
         vertex 6.873764e+01 8.807879e+01 1.399701e+02
      endloop
   endfacet
   facet normal 9.763328e-01 2.162735e-01 0.000000e+00
      outer loop
         vertex 6.873764e+01 8.807879e+01 1.399701e+02
         vertex 6.874516e+01 8.804486e+01 1.395694e+02
         vertex 6.873764e+01 8.807879e+01 1.395687e+02
      endloop
   endfacet
   facet normal 9.914093e-01 1.307959e-01 0.000000e+00
      outer loop
         vertex 6.873764e+01 8.807879e+01 1.399701e+02
         vertex 6.873764e+01 8.807879e+01 1.395687e+02
         vertex 6.873310e+01 8.811317e+01 1.399698e+02
      endloop
   endfacet
   facet normal 9.914243e-01 1.306824e-01 9.900326e-06
      outer loop
         vertex 6.873310e+01 8.811317e+01 1.399698e+02
         vertex 6.873764e+01 8.807879e+01 1.395687e+02
         vertex 6.873309e+01 8.811327e+01 1.395683e+02
      endloop
   endfacet
   facet normal 9.990261e-01 4.412209e-02 -9.910804e-06
      outer loop
         vertex 6.873310e+01 8.811317e+01 1.399698e+02
         vertex 6.873309e+01 8.811327e+01 1.395683e+02
         vertex 6.873156e+01 8.814807e+01 1.399696e+02
      endloop
   endfacet
   facet normal 9.990413e-01 4.377665e-02 2.010371e-05
      outer loop
         vertex 6.873156e+01 8.814807e+01 1.399696e+02
         vertex 6.873309e+01 8.811327e+01 1.395683e+02
         vertex 6.873156e+01 8.814825e+01 1.395682e+02
      endloop
   endfacet
   facet normal 9.990614e-01 -4.331575e-02 -2.012260e-05
      outer loop
         vertex 6.873156e+01 8.814807e+01 1.399696e+02
         vertex 6.873156e+01 8.814825e+01 1.395682e+02
         vertex 6.873308e+01 8.818306e+01 1.399698e+02
      endloop
   endfacet
   facet normal 9.990463e-01 -4.366317e-02 1.004464e-05
      outer loop
         vertex 6.873308e+01 8.818306e+01 1.399698e+02
         vertex 6.873156e+01 8.814825e+01 1.395682e+02
         vertex 6.873309e+01 8.818315e+01 1.395683e+02
      endloop
   endfacet
   facet normal 9.914544e-01 -1.304539e-01 -1.022314e-05
      outer loop
         vertex 6.873308e+01 8.818306e+01 1.399698e+02
         vertex 6.873309e+01 8.818315e+01 1.395683e+02
         vertex 6.873764e+01 8.821771e+01 1.399701e+02
      endloop
   endfacet
   facet normal 9.914390e-01 -1.305708e-01 0.000000e+00
      outer loop
         vertex 6.873764e+01 8.821771e+01 1.399701e+02
         vertex 6.873309e+01 8.818315e+01 1.395683e+02
         vertex 6.873764e+01 8.821771e+01 1.395687e+02
      endloop
   endfacet
   facet normal 9.762576e-01 -2.166129e-01 0.000000e+00
      outer loop
         vertex 6.873764e+01 8.821771e+01 1.399701e+02
         vertex 6.873764e+01 8.821771e+01 1.395687e+02
         vertex 6.874523e+01 8.825192e+01 1.399707e+02
      endloop
   endfacet
   facet normal 9.762578e-01 -2.166117e-01 -1.075945e-07
      outer loop
         vertex 6.874523e+01 8.825192e+01 1.399707e+02
         vertex 6.873764e+01 8.821771e+01 1.395687e+02
         vertex 6.874523e+01 8.825192e+01 1.395694e+02
      endloop
   endfacet
   facet normal 9.536637e-01 -3.008747e-01 6.062181e-08
      outer loop
         vertex 6.874523e+01 8.825192e+01 1.399707e+02
         vertex 6.874523e+01 8.825192e+01 1.395694e+02
         vertex 6.875568e+01 8.828506e+01 1.399715e+02
      endloop
   endfacet
   facet normal 9.536639e-01 -3.008740e-01 0.000000e+00
      outer loop
         vertex 6.875568e+01 8.828506e+01 1.399715e+02
         vertex 6.874523e+01 8.825192e+01 1.395694e+02
         vertex 6.875568e+01 8.828506e+01 1.395703e+02
      endloop
   endfacet
   facet normal 9.239150e-01 -3.825978e-01 0.000000e+00
      outer loop
         vertex 6.875568e+01 8.828506e+01 1.399715e+02
         vertex 6.875568e+01 8.828506e+01 1.395703e+02
         vertex 6.876901e+01 8.831723e+01 1.399725e+02
      endloop
   endfacet
   facet normal 9.239135e-01 -3.826014e-01 3.348723e-07
      outer loop
         vertex 6.876901e+01 8.831723e+01 1.399725e+02
         vertex 6.875568e+01 8.828506e+01 1.395703e+02
         vertex 6.876901e+01 8.831724e+01 1.395714e+02
      endloop
   endfacet
   facet normal 8.870533e-01 -4.616669e-01 -2.040225e-07
      outer loop
         vertex 6.876901e+01 8.831723e+01 1.399725e+02
         vertex 6.876901e+01 8.831724e+01 1.395714e+02
         vertex 6.878515e+01 8.834825e+01 1.399737e+02
      endloop
   endfacet
   facet normal 8.870523e-01 -4.616690e-01 0.000000e+00
      outer loop
         vertex 6.876901e+01 8.831724e+01 1.395714e+02
         vertex 6.878515e+01 8.834825e+01 1.395726e+02
         vertex 6.878515e+01 8.834825e+01 1.399737e+02
      endloop
   endfacet
   facet normal 8.191520e-01 -5.735765e-01 0.000000e+00
      outer loop
         vertex 6.878515e+01 8.834825e+01 1.399737e+02
         vertex 6.878515e+01 8.834825e+01 1.395726e+02
         vertex 6.882514e+01 8.840537e+01 1.395755e+02
      endloop
   endfacet
   facet normal 8.191520e-01 -5.735765e-01 0.000000e+00
      outer loop
         vertex 6.878515e+01 8.834825e+01 1.399737e+02
         vertex 6.882514e+01 8.840537e+01 1.395755e+02
         vertex 6.882514e+01 8.840537e+01 1.399764e+02
      endloop
   endfacet
   facet normal 7.593326e-01 -6.507027e-01 0.000000e+00
      outer loop
         vertex 6.882514e+01 8.840537e+01 1.399764e+02
         vertex 6.882514e+01 8.840537e+01 1.395755e+02
         vertex 6.883054e+01 8.841167e+01 1.395759e+02
      endloop
   endfacet
   facet normal 7.071517e-01 -7.070601e-01 -1.590885e-03
      outer loop
         vertex 6.882514e+01 8.840537e+01 1.399764e+02
         vertex 6.883054e+01 8.841167e+01 1.395759e+02
         vertex 6.887445e+01 8.845467e+01 1.399792e+02
      endloop
   endfacet
   facet normal 6.997311e-01 -7.144063e-01 0.000000e+00
      outer loop
         vertex 6.883054e+01 8.841167e+01 1.395759e+02
         vertex 6.887445e+01 8.845467e+01 1.395786e+02
         vertex 6.887445e+01 8.845467e+01 1.399792e+02
      endloop
   endfacet
   facet normal 5.735765e-01 -8.191520e-01 0.000000e+00
      outer loop
         vertex 6.887445e+01 8.845467e+01 1.399792e+02
         vertex 6.887445e+01 8.845467e+01 1.395786e+02
         vertex 6.893156e+01 8.849466e+01 1.395815e+02
      endloop
   endfacet
   facet normal 5.735765e-01 -8.191520e-01 0.000000e+00
      outer loop
         vertex 6.887445e+01 8.845467e+01 1.399792e+02
         vertex 6.893156e+01 8.849466e+01 1.395815e+02
         vertex 6.893156e+01 8.849466e+01 1.399819e+02
      endloop
   endfacet
   facet normal 4.618759e-01 -8.869446e-01 0.000000e+00
      outer loop
         vertex 6.893156e+01 8.849466e+01 1.399819e+02
         vertex 6.893156e+01 8.849466e+01 1.395815e+02
         vertex 6.896241e+01 8.851073e+01 1.399831e+02
      endloop
   endfacet
   facet normal 4.618734e-01 -8.869459e-01 2.394469e-07
      outer loop
         vertex 6.896241e+01 8.851073e+01 1.399831e+02
         vertex 6.893156e+01 8.849466e+01 1.395815e+02
         vertex 6.896241e+01 8.851073e+01 1.395828e+02
      endloop
   endfacet
   facet normal 3.828137e-01 -9.238256e-01 -6.497923e-08
      outer loop
         vertex 6.896241e+01 8.851073e+01 1.399831e+02
         vertex 6.896241e+01 8.851073e+01 1.395828e+02
         vertex 6.899475e+01 8.852413e+01 1.399841e+02
      endloop
   endfacet
   facet normal 3.828130e-01 -9.238258e-01 0.000000e+00
      outer loop
         vertex 6.899475e+01 8.852413e+01 1.399841e+02
         vertex 6.896241e+01 8.851073e+01 1.395828e+02
         vertex 6.899475e+01 8.852413e+01 1.395839e+02
      endloop
   endfacet
   facet normal 3.005517e-01 -9.537655e-01 0.000000e+00
      outer loop
         vertex 6.899475e+01 8.852413e+01 1.399841e+02
         vertex 6.899475e+01 8.852413e+01 1.395839e+02
         vertex 6.902816e+01 8.853466e+01 1.399849e+02
      endloop
   endfacet
   facet normal 3.005505e-01 -9.537659e-01 1.069140e-07
      outer loop
         vertex 6.902816e+01 8.853466e+01 1.399849e+02
         vertex 6.899475e+01 8.852413e+01 1.395839e+02
         vertex 6.902816e+01 8.853466e+01 1.395848e+02
      endloop
   endfacet
   facet normal 2.162771e-01 -9.763320e-01 -5.807298e-08
      outer loop
         vertex 6.902816e+01 8.853466e+01 1.399849e+02
         vertex 6.902816e+01 8.853466e+01 1.395848e+02
         vertex 6.906210e+01 8.854218e+01 1.399855e+02
      endloop
   endfacet
   facet normal 2.162764e-01 -9.763322e-01 0.000000e+00
      outer loop
         vertex 6.906210e+01 8.854218e+01 1.399855e+02
         vertex 6.902816e+01 8.853466e+01 1.395848e+02
         vertex 6.906210e+01 8.854218e+01 1.395854e+02
      endloop
   endfacet
   facet normal 1.306951e-01 -9.914226e-01 0.000000e+00
      outer loop
         vertex 6.906210e+01 8.854218e+01 1.399855e+02
         vertex 6.906210e+01 8.854218e+01 1.395854e+02
         vertex 6.909657e+01 8.854672e+01 1.399859e+02
      endloop
   endfacet
   facet normal 1.306914e-01 -9.914231e-01 3.232987e-07
      outer loop
         vertex 6.909657e+01 8.854672e+01 1.399859e+02
         vertex 6.906210e+01 8.854218e+01 1.395854e+02
         vertex 6.909657e+01 8.854672e+01 1.395858e+02
      endloop
   endfacet
   facet normal 4.378507e-02 -9.990410e-01 1.083136e-07
      outer loop
         vertex 6.909657e+01 8.854672e+01 1.399859e+02
         vertex 6.909657e+01 8.854672e+01 1.395858e+02
         vertex 6.913156e+01 8.854825e+01 1.399860e+02
      endloop
   endfacet
   facet normal 4.378630e-02 -9.990409e-01 3.889008e-17
      outer loop
         vertex 6.913156e+01 8.854825e+01 1.399860e+02
         vertex 6.909657e+01 8.854672e+01 1.395858e+02
         vertex 6.913156e+01 8.854825e+01 1.395860e+02
      endloop
   endfacet
   facet normal -4.376685e-02 -9.990418e-01 -3.887280e-17
      outer loop
         vertex 6.913156e+01 8.854825e+01 1.399860e+02
         vertex 6.913156e+01 8.854825e+01 1.395860e+02
         vertex 6.916654e+01 8.854672e+01 1.399859e+02
      endloop
   endfacet
   facet normal -4.376991e-02 -9.990416e-01 2.683945e-07
      outer loop
         vertex 6.916654e+01 8.854672e+01 1.399859e+02
         vertex 6.913156e+01 8.854825e+01 1.395860e+02
         vertex 6.916654e+01 8.854672e+01 1.395858e+02
      endloop
   endfacet
   facet normal -1.306755e-01 -9.914252e-01 -1.259160e-07
      outer loop
         vertex 6.916654e+01 8.854672e+01 1.399859e+02
         vertex 6.916654e+01 8.854672e+01 1.395858e+02
         vertex 6.920102e+01 8.854218e+01 1.399855e+02
      endloop
   endfacet
   facet normal -1.306769e-01 -9.914250e-01 -0.000000e+00
      outer loop
         vertex 6.920102e+01 8.854218e+01 1.399855e+02
         vertex 6.916654e+01 8.854672e+01 1.395858e+02
         vertex 6.920102e+01 8.854218e+01 1.395854e+02
      endloop
   endfacet
   facet normal -2.162679e-01 -9.763341e-01 -0.000000e+00
      outer loop
         vertex 6.920102e+01 8.854218e+01 1.399855e+02
         vertex 6.920102e+01 8.854218e+01 1.395854e+02
         vertex 6.923495e+01 8.853466e+01 1.399849e+02
      endloop
   endfacet
   facet normal -2.162690e-01 -9.763338e-01 1.021378e-07
      outer loop
         vertex 6.923495e+01 8.853466e+01 1.399849e+02
         vertex 6.920102e+01 8.854218e+01 1.395854e+02
         vertex 6.923495e+01 8.853466e+01 1.395848e+02
      endloop
   endfacet
   facet normal -3.005416e-01 -9.537687e-01 -4.568288e-08
      outer loop
         vertex 6.923495e+01 8.853466e+01 1.399849e+02
         vertex 6.923495e+01 8.853466e+01 1.395848e+02
         vertex 6.926837e+01 8.852413e+01 1.399841e+02
      endloop
   endfacet
   facet normal -3.005421e-01 -9.537685e-01 -0.000000e+00
      outer loop
         vertex 6.926837e+01 8.852413e+01 1.399841e+02
         vertex 6.923495e+01 8.853466e+01 1.395848e+02
         vertex 6.926837e+01 8.852413e+01 1.395839e+02
      endloop
   endfacet
   facet normal -3.827969e-01 -9.238325e-01 -0.000000e+00
      outer loop
         vertex 6.926837e+01 8.852413e+01 1.399841e+02
         vertex 6.926837e+01 8.852413e+01 1.395839e+02
         vertex 6.930070e+01 8.851073e+01 1.399831e+02
      endloop
   endfacet
   facet normal -3.828010e-01 -9.238308e-01 3.904336e-07
      outer loop
         vertex 6.930070e+01 8.851073e+01 1.399831e+02
         vertex 6.926837e+01 8.852413e+01 1.395839e+02
         vertex 6.930070e+01 8.851073e+01 1.395828e+02
      endloop
   endfacet
   facet normal -4.618603e-01 -8.869527e-01 -5.868519e-08
      outer loop
         vertex 6.930070e+01 8.851073e+01 1.399831e+02
         vertex 6.930070e+01 8.851073e+01 1.395828e+02
         vertex 6.933156e+01 8.849466e+01 1.399819e+02
      endloop
   endfacet
   facet normal -4.618609e-01 -8.869524e-01 0.000000e+00
      outer loop
         vertex 6.930070e+01 8.851073e+01 1.395828e+02
         vertex 6.933156e+01 8.849466e+01 1.395815e+02
         vertex 6.933156e+01 8.849466e+01 1.399819e+02
      endloop
   endfacet
   facet normal -5.735765e-01 -8.191520e-01 -0.000000e+00
      outer loop
         vertex 6.933156e+01 8.849466e+01 1.399819e+02
         vertex 6.933156e+01 8.849466e+01 1.395815e+02
         vertex 6.938868e+01 8.845467e+01 1.395786e+02
      endloop
   endfacet
   facet normal -5.735765e-01 -8.191520e-01 0.000000e+00
      outer loop
         vertex 6.933156e+01 8.849466e+01 1.399819e+02
         vertex 6.938868e+01 8.845467e+01 1.395786e+02
         vertex 6.938868e+01 8.845467e+01 1.399792e+02
      endloop
   endfacet
   facet normal -7.071068e-01 -7.071068e-01 -0.000000e+00
      outer loop
         vertex 6.938868e+01 8.845467e+01 1.399792e+02
         vertex 6.938868e+01 8.845467e+01 1.395786e+02
         vertex 6.943798e+01 8.840537e+01 1.395755e+02
      endloop
   endfacet
   facet normal -7.071068e-01 -7.071068e-01 0.000000e+00
      outer loop
         vertex 6.938868e+01 8.845467e+01 1.399792e+02
         vertex 6.943798e+01 8.840537e+01 1.395755e+02
         vertex 6.943798e+01 8.840537e+01 1.399764e+02
      endloop
   endfacet
   facet normal -8.191520e-01 -5.735765e-01 -0.000000e+00
      outer loop
         vertex 6.943798e+01 8.840537e+01 1.399764e+02
         vertex 6.943798e+01 8.840537e+01 1.395755e+02
         vertex 6.947797e+01 8.834825e+01 1.395726e+02
      endloop
   endfacet
   facet normal -8.191520e-01 -5.735765e-01 0.000000e+00
      outer loop
         vertex 6.943798e+01 8.840537e+01 1.399764e+02
         vertex 6.947797e+01 8.834825e+01 1.395726e+02
         vertex 6.947797e+01 8.834825e+01 1.399737e+02
      endloop
   endfacet
   facet normal -8.870449e-01 -4.616831e-01 -0.000000e+00
      outer loop
         vertex 6.947797e+01 8.834825e+01 1.399737e+02
         vertex 6.947797e+01 8.834825e+01 1.395726e+02
         vertex 6.949411e+01 8.831725e+01 1.399725e+02
      endloop
   endfacet
   facet normal -8.870454e-01 -4.616822e-01 8.520261e-08
      outer loop
         vertex 6.949411e+01 8.831725e+01 1.399725e+02
         vertex 6.947797e+01 8.834825e+01 1.395726e+02
         vertex 6.949411e+01 8.831725e+01 1.395714e+02
      endloop
   endfacet
   facet normal -9.239077e-01 -3.826154e-01 -9.372027e-08
      outer loop
         vertex 6.949411e+01 8.831725e+01 1.399725e+02
         vertex 6.949411e+01 8.831725e+01 1.395714e+02
         vertex 6.950744e+01 8.828506e+01 1.399715e+02
      endloop
   endfacet
   facet normal -9.239081e-01 -3.826144e-01 -0.000000e+00
      outer loop
         vertex 6.950744e+01 8.828506e+01 1.399715e+02
         vertex 6.949411e+01 8.831725e+01 1.395714e+02
         vertex 6.950744e+01 8.828506e+01 1.395703e+02
      endloop
   endfacet
   facet normal -9.536751e-01 -3.008384e-01 -0.000000e+00
      outer loop
         vertex 6.950744e+01 8.828506e+01 1.399715e+02
         vertex 6.950744e+01 8.828506e+01 1.395703e+02
         vertex 6.951790e+01 8.825189e+01 1.399707e+02
      endloop
   endfacet
   facet normal -9.536744e-01 -3.008408e-01 -2.198834e-07
      outer loop
         vertex 6.951790e+01 8.825189e+01 1.399707e+02
         vertex 6.950744e+01 8.828506e+01 1.395703e+02
         vertex 6.951790e+01 8.825189e+01 1.395694e+02
      endloop
   endfacet
   facet normal -9.762660e-01 -2.165750e-01 1.778379e-07
      outer loop
         vertex 6.951790e+01 8.825189e+01 1.399707e+02
         vertex 6.951790e+01 8.825189e+01 1.395694e+02
         vertex 6.952548e+01 8.821771e+01 1.399701e+02
      endloop
   endfacet
   facet normal -9.762656e-01 -2.165769e-01 -0.000000e+00
      outer loop
         vertex 6.952548e+01 8.821771e+01 1.399701e+02
         vertex 6.951790e+01 8.825189e+01 1.395694e+02
         vertex 6.952548e+01 8.821771e+01 1.395687e+02
      endloop
   endfacet
   facet normal -9.914516e-01 -1.304752e-01 -0.000000e+00
      outer loop
         vertex 6.952548e+01 8.821771e+01 1.399701e+02
         vertex 6.952548e+01 8.821771e+01 1.395687e+02
         vertex 6.953004e+01 8.818307e+01 1.399698e+02
      endloop
   endfacet
   facet normal -9.914517e-01 -1.304744e-01 7.268087e-08
      outer loop
         vertex 6.953004e+01 8.818307e+01 1.399698e+02
         vertex 6.952548e+01 8.821771e+01 1.395687e+02
         vertex 6.953004e+01 8.818307e+01 1.395683e+02
      endloop
   endfacet
   facet normal -9.990504e-01 -4.356889e-02 -1.306947e-07
      outer loop
         vertex 6.953004e+01 8.818307e+01 1.399698e+02
         vertex 6.953004e+01 8.818307e+01 1.395683e+02
         vertex 6.953156e+01 8.814825e+01 1.399696e+02
      endloop
   endfacet
   facet normal -9.990505e-01 -4.356739e-02 -0.000000e+00
      outer loop
         vertex 6.953156e+01 8.814825e+01 1.399696e+02
         vertex 6.953004e+01 8.818307e+01 1.395683e+02
         vertex 6.953156e+01 8.814825e+01 1.395682e+02
      endloop
   endfacet
   facet normal -9.990524e-01 4.352330e-02 0.000000e+00
      outer loop
         vertex 6.953156e+01 8.814825e+01 1.399696e+02
         vertex 6.953156e+01 8.814825e+01 1.395682e+02
         vertex 6.953005e+01 8.811347e+01 1.399698e+02
      endloop
   endfacet
   facet normal -9.990525e-01 4.352138e-02 -1.659184e-07
      outer loop
         vertex 6.953005e+01 8.811347e+01 1.399698e+02
         vertex 6.953156e+01 8.814825e+01 1.395682e+02
         vertex 6.953005e+01 8.811347e+01 1.395683e+02
      endloop
   endfacet
   facet normal -9.914574e-01 1.304305e-01 1.996428e-07
      outer loop
         vertex 6.953005e+01 8.811347e+01 1.399698e+02
         vertex 6.953005e+01 8.811347e+01 1.395683e+02
         vertex 6.952548e+01 8.807879e+01 1.399701e+02
      endloop
   endfacet
   facet normal -9.914577e-01 1.304283e-01 0.000000e+00
      outer loop
         vertex 6.952548e+01 8.807879e+01 1.399701e+02
         vertex 6.953005e+01 8.811347e+01 1.395683e+02
         vertex 6.952548e+01 8.807879e+01 1.395687e+02
      endloop
   endfacet
   facet normal -9.762892e-01 2.164705e-01 0.000000e+00
      outer loop
         vertex 6.952548e+01 8.807879e+01 1.399701e+02
         vertex 6.952548e+01 8.807879e+01 1.395687e+02
         vertex 6.951792e+01 8.804470e+01 1.399707e+02
      endloop
   endfacet
   facet normal -9.762887e-01 2.164728e-01 2.029282e-07
      outer loop
         vertex 6.951792e+01 8.804470e+01 1.399707e+02
         vertex 6.952548e+01 8.807879e+01 1.395687e+02
         vertex 6.951792e+01 8.804470e+01 1.395694e+02
      endloop
   endfacet
   facet normal -9.537069e-01 3.007377e-01 -9.177223e-08
      outer loop
         vertex 6.951792e+01 8.804470e+01 1.399707e+02
         vertex 6.951792e+01 8.804470e+01 1.395694e+02
         vertex 6.950744e+01 8.801145e+01 1.399715e+02
      endloop
   endfacet
   facet normal -9.537066e-01 3.007387e-01 0.000000e+00
      outer loop
         vertex 6.950744e+01 8.801145e+01 1.399715e+02
         vertex 6.951792e+01 8.804470e+01 1.395694e+02
         vertex 6.950744e+01 8.801145e+01 1.395703e+02
      endloop
   endfacet
   facet normal -9.238982e-01 3.826383e-01 0.000000e+00
      outer loop
         vertex 6.950744e+01 8.801145e+01 1.399715e+02
         vertex 6.950744e+01 8.801145e+01 1.395703e+02
         vertex 6.949410e+01 8.797924e+01 1.399725e+02
      endloop
   endfacet
   facet normal -9.238992e-01 3.826360e-01 -2.073776e-07
      outer loop
         vertex 6.949410e+01 8.797924e+01 1.399725e+02
         vertex 6.950744e+01 8.801145e+01 1.395703e+02
         vertex 6.949410e+01 8.797924e+01 1.395714e+02
      endloop
   endfacet
   facet normal -8.870325e-01 4.617070e-01 2.388882e-07
      outer loop
         vertex 6.949410e+01 8.797924e+01 1.399725e+02
         vertex 6.949410e+01 8.797924e+01 1.395714e+02
         vertex 6.947797e+01 8.794825e+01 1.399737e+02
      endloop
   endfacet
   facet normal -8.870338e-01 4.617045e-01 0.000000e+00
      outer loop
         vertex 6.949410e+01 8.797924e+01 1.395714e+02
         vertex 6.947797e+01 8.794825e+01 1.395726e+02
         vertex 6.947797e+01 8.794825e+01 1.399737e+02
      endloop
   endfacet
   facet normal -8.191520e-01 5.735765e-01 0.000000e+00
      outer loop
         vertex 6.947797e+01 8.794825e+01 1.399737e+02
         vertex 6.947797e+01 8.794825e+01 1.395726e+02
         vertex 6.943798e+01 8.789114e+01 1.395755e+02
      endloop
   endfacet
   facet normal -8.191520e-01 5.735765e-01 0.000000e+00
      outer loop
         vertex 6.947797e+01 8.794825e+01 1.399737e+02
         vertex 6.943798e+01 8.789114e+01 1.395755e+02
         vertex 6.943798e+01 8.789114e+01 1.399764e+02
      endloop
   endfacet
   facet normal -7.593326e-01 6.507027e-01 0.000000e+00
      outer loop
         vertex 6.943798e+01 8.789114e+01 1.399764e+02
         vertex 6.943798e+01 8.789114e+01 1.395755e+02
         vertex 6.943258e+01 8.788483e+01 1.395759e+02
      endloop
   endfacet
   facet normal -7.071517e-01 7.070601e-01 -1.590885e-03
      outer loop
         vertex 6.943798e+01 8.789114e+01 1.399764e+02
         vertex 6.943258e+01 8.788483e+01 1.395759e+02
         vertex 6.938868e+01 8.784184e+01 1.399792e+02
      endloop
   endfacet
   facet normal -6.997311e-01 7.144063e-01 0.000000e+00
      outer loop
         vertex 6.938868e+01 8.784184e+01 1.399792e+02
         vertex 6.943258e+01 8.788483e+01 1.395759e+02
         vertex 6.938868e+01 8.784184e+01 1.395786e+02
      endloop
   endfacet
   facet normal -5.735765e-01 8.191520e-01 0.000000e+00
      outer loop
         vertex 6.938868e+01 8.784184e+01 1.399792e+02
         vertex 6.938868e+01 8.784184e+01 1.395786e+02
         vertex 6.933156e+01 8.780184e+01 1.395815e+02
      endloop
   endfacet
   facet normal 4.616755e-01 8.870489e-01 -0.000000e+00
      outer loop
         vertex 6.893156e+01 8.780184e+01 1.395815e+02
         vertex 6.893156e+01 8.780184e+01 1.399819e+02
         vertex 6.896257e+01 8.778570e+01 1.395828e+02
      endloop
   endfacet
   facet normal 4.616746e-01 8.870494e-01 -8.749613e-08
      outer loop
         vertex 6.896257e+01 8.778570e+01 1.395828e+02
         vertex 6.893156e+01 8.780184e+01 1.399819e+02
         vertex 6.896257e+01 8.778570e+01 1.399831e+02
      endloop
   endfacet
   facet normal 3.826088e-01 9.239105e-01 1.031859e-07
      outer loop
         vertex 6.896257e+01 8.778570e+01 1.395828e+02
         vertex 6.896257e+01 8.778570e+01 1.399831e+02
         vertex 6.899475e+01 8.777238e+01 1.395839e+02
      endloop
   endfacet
   facet normal 3.826077e-01 9.239109e-01 -0.000000e+00
      outer loop
         vertex 6.899475e+01 8.777238e+01 1.395839e+02
         vertex 6.896257e+01 8.778570e+01 1.399831e+02
         vertex 6.899475e+01 8.777238e+01 1.399841e+02
      endloop
   endfacet
   facet normal 3.008538e-01 9.536703e-01 -0.000000e+00
      outer loop
         vertex 6.899475e+01 8.777238e+01 1.395839e+02
         vertex 6.899475e+01 8.777238e+01 1.399841e+02
         vertex 6.902791e+01 8.776191e+01 1.395848e+02
      endloop
   endfacet
   facet normal 3.008531e-01 9.536705e-01 -7.003078e-08
      outer loop
         vertex 6.902791e+01 8.776191e+01 1.395848e+02
         vertex 6.899475e+01 8.777238e+01 1.399841e+02
         vertex 6.902791e+01 8.776191e+01 1.399849e+02
      endloop
   endfacet
   facet normal 2.165877e-01 9.762632e-01 -5.041598e-08
      outer loop
         vertex 6.902791e+01 8.776191e+01 1.395848e+02
         vertex 6.902791e+01 8.776191e+01 1.399849e+02
         vertex 6.906210e+01 8.775433e+01 1.395854e+02
      endloop
   endfacet
   facet normal 2.165882e-01 9.762630e-01 -0.000000e+00
      outer loop
         vertex 6.906210e+01 8.775433e+01 1.395854e+02
         vertex 6.902791e+01 8.776191e+01 1.399849e+02
         vertex 6.906210e+01 8.775433e+01 1.399855e+02
      endloop
   endfacet
   facet normal 1.304655e-01 9.914528e-01 -0.000000e+00
      outer loop
         vertex 6.906210e+01 8.775433e+01 1.395854e+02
         vertex 6.906210e+01 8.775433e+01 1.399855e+02
         vertex 6.909675e+01 8.774977e+01 1.395858e+02
      endloop
   endfacet
   facet normal 1.304636e-01 9.914531e-01 -1.689615e-07
      outer loop
         vertex 6.909675e+01 8.774977e+01 1.395858e+02
         vertex 6.906210e+01 8.775433e+01 1.399855e+02
         vertex 6.909675e+01 8.774977e+01 1.399859e+02
      endloop
   endfacet
   facet normal 4.355652e-02 9.990510e-01 -5.640940e-08
      outer loop
         vertex 6.909675e+01 8.774977e+01 1.395858e+02
         vertex 6.909675e+01 8.774977e+01 1.399859e+02
         vertex 6.913156e+01 8.774825e+01 1.395860e+02
      endloop
   endfacet
   facet normal 4.355716e-02 9.990509e-01 -0.000000e+00
      outer loop
         vertex 6.913156e+01 8.774825e+01 1.395860e+02
         vertex 6.909675e+01 8.774977e+01 1.399859e+02
         vertex 6.913156e+01 8.774825e+01 1.399860e+02
      endloop
   endfacet
   facet normal -4.350189e-02 9.990533e-01 0.000000e+00
      outer loop
         vertex 6.913156e+01 8.774825e+01 1.395860e+02
         vertex 6.913156e+01 8.774825e+01 1.399860e+02
         vertex 6.916633e+01 8.774977e+01 1.395858e+02
      endloop
   endfacet
   facet normal -4.350020e-02 9.990534e-01 1.471497e-07
      outer loop
         vertex 6.916633e+01 8.774977e+01 1.395858e+02
         vertex 6.913156e+01 8.774825e+01 1.399860e+02
         vertex 6.916633e+01 8.774977e+01 1.399859e+02
      endloop
   endfacet
   facet normal -1.304106e-01 9.914601e-01 -2.534969e-08
      outer loop
         vertex 6.916633e+01 8.774977e+01 1.395858e+02
         vertex 6.916633e+01 8.774977e+01 1.399859e+02
         vertex 6.920102e+01 8.775433e+01 1.395854e+02
      endloop
   endfacet
   facet normal -1.304103e-01 9.914601e-01 0.000000e+00
      outer loop
         vertex 6.920102e+01 8.775433e+01 1.395854e+02
         vertex 6.916633e+01 8.774977e+01 1.399859e+02
         vertex 6.920102e+01 8.775433e+01 1.399855e+02
      endloop
   endfacet
   facet normal -2.164808e-01 9.762869e-01 0.000000e+00
      outer loop
         vertex 6.920102e+01 8.775433e+01 1.395854e+02
         vertex 6.920102e+01 8.775433e+01 1.399855e+02
         vertex 6.923512e+01 8.776189e+01 1.395848e+02
      endloop
   endfacet
   facet normal -2.164798e-01 9.762871e-01 9.448288e-08
      outer loop
         vertex 6.923512e+01 8.776189e+01 1.395848e+02
         vertex 6.920102e+01 8.775433e+01 1.399855e+02
         vertex 6.923512e+01 8.776189e+01 1.399849e+02
      endloop
   endfacet
   facet normal -3.007458e-01 9.537043e-01 1.312609e-07
      outer loop
         vertex 6.923512e+01 8.776189e+01 1.395848e+02
         vertex 6.923512e+01 8.776189e+01 1.399849e+02
         vertex 6.926837e+01 8.777238e+01 1.395839e+02
      endloop
   endfacet
   facet normal -3.007473e-01 9.537039e-01 0.000000e+00
      outer loop
         vertex 6.926837e+01 8.777238e+01 1.395839e+02
         vertex 6.923512e+01 8.776189e+01 1.399849e+02
         vertex 6.926837e+01 8.777238e+01 1.399841e+02
      endloop
   endfacet
   facet normal -3.826235e-01 9.239044e-01 0.000000e+00
      outer loop
         vertex 6.926837e+01 8.777238e+01 1.395839e+02
         vertex 6.926837e+01 8.777238e+01 1.399841e+02
         vertex 6.930056e+01 8.778571e+01 1.395828e+02
      endloop
   endfacet
   facet normal -3.826210e-01 9.239054e-01 2.356356e-07
      outer loop
         vertex 6.930056e+01 8.778571e+01 1.395828e+02
         vertex 6.926837e+01 8.777238e+01 1.399841e+02
         vertex 6.930056e+01 8.778571e+01 1.399831e+02
      endloop
   endfacet
   facet normal -4.616914e-01 8.870406e-01 -2.457001e-07
      outer loop
         vertex 6.930056e+01 8.778571e+01 1.395828e+02
         vertex 6.930056e+01 8.778571e+01 1.399831e+02
         vertex 6.933156e+01 8.780184e+01 1.395815e+02
      endloop
   endfacet
   facet normal -4.616889e-01 8.870419e-01 0.000000e+00
      outer loop
         vertex 6.933156e+01 8.780184e+01 1.395815e+02
         vertex 6.930056e+01 8.778571e+01 1.399831e+02
         vertex 6.933156e+01 8.780184e+01 1.399819e+02
      endloop
   endfacet
   facet normal -5.735765e-01 8.191520e-01 0.000000e+00
      outer loop
         vertex 6.933156e+01 8.780184e+01 1.395815e+02
         vertex 6.933156e+01 8.780184e+01 1.399819e+02
         vertex 6.938868e+01 8.784184e+01 1.399792e+02
      endloop
   endfacet
   facet normal -2.191879e-01 4.774801e-02 9.745136e-01
      outer loop
         vertex 6.826776e+01 8.767879e+01 1.399154e+02
         vertex 6.819488e+01 8.774825e+01 1.398956e+02
         vertex 6.784431e+01 8.767879e+01 1.398202e+02
      endloop
   endfacet
   facet normal -2.260585e-01 8.709789e-02 9.702121e-01
      outer loop
         vertex 6.784431e+01 8.767879e+01 1.398202e+02
         vertex 6.819488e+01 8.774825e+01 1.398956e+02
         vertex 6.784590e+01 8.774825e+01 1.398143e+02
      endloop
   endfacet
   facet normal -3.036484e-01 8.707115e-02 9.487973e-01
      outer loop
         vertex 6.784431e+01 8.767879e+01 1.398202e+02
         vertex 6.784590e+01 8.774825e+01 1.398143e+02
         vertex 6.743094e+01 8.767879e+01 1.396879e+02
      endloop
   endfacet
   facet normal -2.888121e-01 -1.692467e-02 9.572362e-01
      outer loop
         vertex 6.784590e+01 8.774825e+01 1.398143e+02
         vertex 6.758753e+01 8.774825e+01 1.397364e+02
         vertex 6.743094e+01 8.767879e+01 1.396879e+02
      endloop
   endfacet
   facet normal -3.296591e-01 8.714277e-02 9.400697e-01
      outer loop
         vertex 6.743094e+01 8.767879e+01 1.396879e+02
         vertex 6.758753e+01 8.774825e+01 1.397364e+02
         vertex 6.743304e+01 8.774825e+01 1.396822e+02
      endloop
   endfacet
   facet normal -3.863142e-01 8.707020e-02 9.182484e-01
      outer loop
         vertex 6.743094e+01 8.767879e+01 1.396879e+02
         vertex 6.743304e+01 8.774825e+01 1.396822e+02
         vertex 6.703088e+01 8.767879e+01 1.395196e+02
      endloop
   endfacet
   facet normal -3.863145e-01 8.707285e-02 9.182480e-01
      outer loop
         vertex 6.743304e+01 8.774825e+01 1.396822e+02
         vertex 6.703348e+01 8.774825e+01 1.395141e+02
         vertex 6.703088e+01 8.767879e+01 1.395196e+02
      endloop
   endfacet
   facet normal -4.293985e-01 8.715698e-02 8.988996e-01
      outer loop
         vertex 6.703088e+01 8.767879e+01 1.395196e+02
         vertex 6.703348e+01 8.774825e+01 1.395141e+02
         vertex 6.700553e+01 8.774825e+01 1.395007e+02
      endloop
   endfacet
   facet normal -4.666222e-01 6.892608e-02 8.817669e-01
      outer loop
         vertex 6.703088e+01 8.767879e+01 1.395196e+02
         vertex 6.700553e+01 8.774825e+01 1.395007e+02
         vertex 6.664726e+01 8.767879e+01 1.393166e+02
      endloop
   endfacet
   facet normal -4.687378e-01 8.708423e-02 8.790342e-01
      outer loop
         vertex 6.664726e+01 8.767879e+01 1.393166e+02
         vertex 6.700553e+01 8.774825e+01 1.395007e+02
         vertex 6.665033e+01 8.774825e+01 1.393113e+02
      endloop
   endfacet
   facet normal -5.419542e-01 8.707238e-02 8.358852e-01
      outer loop
         vertex 6.664726e+01 8.767879e+01 1.393166e+02
         vertex 6.665033e+01 8.774825e+01 1.393113e+02
         vertex 6.628308e+01 8.767879e+01 1.390804e+02
      endloop
   endfacet
   facet normal -5.255575e-01 -4.508531e-02 8.495626e-01
      outer loop
         vertex 6.665033e+01 8.774825e+01 1.393113e+02
         vertex 6.645844e+01 8.774825e+01 1.391926e+02
         vertex 6.628308e+01 8.767879e+01 1.390804e+02
      endloop
   endfacet
   facet normal -5.610539e-01 8.713535e-02 8.231804e-01
      outer loop
         vertex 6.628308e+01 8.767879e+01 1.390804e+02
         vertex 6.645844e+01 8.774825e+01 1.391926e+02
         vertex 6.628661e+01 8.774825e+01 1.390755e+02
      endloop
   endfacet
   facet normal -6.137091e-01 8.707037e-02 7.847165e-01
      outer loop
         vertex 6.628308e+01 8.767879e+01 1.390804e+02
         vertex 6.628661e+01 8.774825e+01 1.390755e+02
         vertex 6.594119e+01 8.767879e+01 1.388131e+02
      endloop
   endfacet
   facet normal -6.130737e-01 7.869722e-02 7.860963e-01
      outer loop
         vertex 6.628661e+01 8.774825e+01 1.390755e+02
         vertex 6.595524e+01 8.774825e+01 1.388171e+02
         vertex 6.594119e+01 8.767879e+01 1.388131e+02
      endloop
   endfacet
   facet normal -6.468078e-01 8.715837e-02 7.576563e-01
      outer loop
         vertex 6.594119e+01 8.767879e+01 1.388131e+02
         vertex 6.595524e+01 8.774825e+01 1.388171e+02
         vertex 6.594515e+01 8.774825e+01 1.388084e+02
      endloop
   endfacet
   facet normal -6.806608e-01 8.707372e-02 7.274057e-01
      outer loop
         vertex 6.594119e+01 8.767879e+01 1.388131e+02
         vertex 6.594515e+01 8.774825e+01 1.388084e+02
         vertex 6.562428e+01 8.767879e+01 1.385165e+02
      endloop
   endfacet
   facet normal -6.806606e-01 8.707088e-02 7.274062e-01
      outer loop
         vertex 6.594515e+01 8.774825e+01 1.388084e+02
         vertex 6.562862e+01 8.774825e+01 1.385123e+02
         vertex 6.562428e+01 8.767879e+01 1.385165e+02
      endloop
   endfacet
   facet normal -7.249388e-01 8.714091e-02 6.832790e-01
      outer loop
         vertex 6.562428e+01 8.767879e+01 1.385165e+02
         vertex 6.562862e+01 8.774825e+01 1.385123e+02
         vertex 6.550420e+01 8.774825e+01 1.383803e+02
      endloop
   endfacet
   facet normal -7.449633e-01 2.019544e-02 6.667997e-01
      outer loop
         vertex 6.562428e+01 8.767879e+01 1.385165e+02
         vertex 6.550420e+01 8.774825e+01 1.383803e+02
         vertex 6.533481e+01 8.767879e+01 1.381931e+02
      endloop
   endfacet
   facet normal -7.544526e-01 8.712808e-02 6.505459e-01
      outer loop
         vertex 6.533481e+01 8.767879e+01 1.381931e+02
         vertex 6.550420e+01 8.774825e+01 1.383803e+02
         vertex 6.533951e+01 8.774825e+01 1.381893e+02
      endloop
   endfacet
   facet normal -7.981011e-01 8.707194e-02 5.961990e-01
      outer loop
         vertex 6.533481e+01 8.767879e+01 1.381931e+02
         vertex 6.533951e+01 8.774825e+01 1.381893e+02
         vertex 6.507506e+01 8.767879e+01 1.378454e+02
      endloop
   endfacet
   facet normal -7.965921e-01 5.068274e-02 6.023889e-01
      outer loop
         vertex 6.533951e+01 8.774825e+01 1.381893e+02
         vertex 6.511272e+01 8.774825e+01 1.378894e+02
         vertex 6.507506e+01 8.767879e+01 1.378454e+02
      endloop
   endfacet
   facet normal -8.203832e-01 8.715543e-02 5.651330e-01
      outer loop
         vertex 6.507506e+01 8.767879e+01 1.378454e+02
         vertex 6.511272e+01 8.774825e+01 1.378894e+02
         vertex 6.508009e+01 8.774825e+01 1.378420e+02
      endloop
   endfacet
   facet normal -8.476695e-01 8.707230e-02 5.233305e-01
      outer loop
         vertex 6.507506e+01 8.767879e+01 1.378454e+02
         vertex 6.508009e+01 8.774825e+01 1.378420e+02
         vertex 6.484706e+01 8.767879e+01 1.374761e+02
      endloop
   endfacet
   facet normal -8.476695e-01 8.707168e-02 5.233306e-01
      outer loop
         vertex 6.508009e+01 8.774825e+01 1.378420e+02
         vertex 6.485236e+01 8.774825e+01 1.374731e+02
         vertex 6.484706e+01 8.767879e+01 1.374761e+02
      endloop
   endfacet
   facet normal -8.766907e-01 8.714790e-02 4.730948e-01
      outer loop
         vertex 6.484706e+01 8.767879e+01 1.374761e+02
         vertex 6.485236e+01 8.774825e+01 1.374731e+02
         vertex 6.478722e+01 8.774825e+01 1.373524e+02
      endloop
   endfacet
   facet normal -8.936581e-01 2.766447e-02 4.478949e-01
      outer loop
         vertex 6.484706e+01 8.767879e+01 1.374761e+02
         vertex 6.478722e+01 8.774825e+01 1.373524e+02
         vertex 6.465258e+01 8.767879e+01 1.370881e+02
      endloop
   endfacet
   facet normal -8.967615e-01 8.711424e-02 4.338547e-01
      outer loop
         vertex 6.465258e+01 8.767879e+01 1.370881e+02
         vertex 6.478722e+01 8.774825e+01 1.373524e+02
         vertex 6.465813e+01 8.774825e+01 1.370856e+02
      endloop
   endfacet
   facet normal -9.265697e-01 8.706904e-02 3.659066e-01
      outer loop
         vertex 6.465258e+01 8.767879e+01 1.370881e+02
         vertex 6.465813e+01 8.774825e+01 1.370856e+02
         vertex 6.449317e+01 8.767879e+01 1.366844e+02
      endloop
   endfacet
   facet normal -9.260022e-01 2.254178e-02 3.768446e-01
      outer loop
         vertex 6.465813e+01 8.774825e+01 1.370856e+02
         vertex 6.453307e+01 8.774825e+01 1.367783e+02
         vertex 6.449317e+01 8.767879e+01 1.366844e+02
      endloop
   endfacet
   facet normal -9.384202e-01 8.714824e-02 3.343244e-01
      outer loop
         vertex 6.449317e+01 8.767879e+01 1.366844e+02
         vertex 6.453307e+01 8.774825e+01 1.367783e+02
         vertex 6.449891e+01 8.774825e+01 1.366824e+02
      endloop
   endfacet
   facet normal -9.552826e-01 8.706823e-02 2.825850e-01
      outer loop
         vertex 6.449317e+01 8.767879e+01 1.366844e+02
         vertex 6.449891e+01 8.774825e+01 1.366824e+02
         vertex 6.437005e+01 8.767879e+01 1.362682e+02
      endloop
   endfacet
   facet normal -9.552825e-01 8.707164e-02 2.825844e-01
      outer loop
         vertex 6.449891e+01 8.774825e+01 1.366824e+02
         vertex 6.437595e+01 8.774825e+01 1.362667e+02
         vertex 6.437005e+01 8.767879e+01 1.362682e+02
      endloop
   endfacet
   facet normal -9.690728e-01 8.715243e-02 2.308730e-01
      outer loop
         vertex 6.437005e+01 8.767879e+01 1.362682e+02
         vertex 6.437595e+01 8.774825e+01 1.362667e+02
         vertex 6.435441e+01 8.774825e+01 1.361763e+02
      endloop
   endfacet
   facet normal -9.794230e-01 4.087026e-02 1.976365e-01
      outer loop
         vertex 6.437005e+01 8.767879e+01 1.362682e+02
         vertex 6.435441e+01 8.774825e+01 1.361763e+02
         vertex 6.428420e+01 8.767879e+01 1.358427e+02
      endloop
   endfacet
   facet normal -9.783407e-01 8.710703e-02 1.877816e-01
      outer loop
         vertex 6.428420e+01 8.767879e+01 1.358427e+02
         vertex 6.435441e+01 8.774825e+01 1.361763e+02
         vertex 6.429020e+01 8.774825e+01 1.358418e+02
      endloop
   endfacet
   facet normal -9.901129e-01 8.707466e-02 1.099744e-01
      outer loop
         vertex 6.428420e+01 8.767879e+01 1.358427e+02
         vertex 6.429020e+01 8.774825e+01 1.358418e+02
         vertex 6.423629e+01 8.767879e+01 1.354114e+02
      endloop
   endfacet
   facet normal -9.921169e-01 -5.647875e-03 1.251881e-01
      outer loop
         vertex 6.429020e+01 8.774825e+01 1.358418e+02
         vertex 6.425420e+01 8.774825e+01 1.355565e+02
         vertex 6.423629e+01 8.767879e+01 1.354114e+02
      endloop
   endfacet
   facet normal -9.929073e-01 8.714804e-02 8.087268e-02
      outer loop
         vertex 6.423629e+01 8.767879e+01 1.354114e+02
         vertex 6.425420e+01 8.774825e+01 1.355565e+02
         vertex 6.424235e+01 8.774825e+01 1.354110e+02
      endloop
   endfacet
   facet normal -9.959581e-01 8.707299e-02 2.203815e-02
      outer loop
         vertex 6.423629e+01 8.767879e+01 1.354114e+02
         vertex 6.424235e+01 8.774825e+01 1.354110e+02
         vertex 6.422668e+01 8.767879e+01 1.349774e+02
      endloop
   endfacet
   facet normal -9.959581e-01 8.707339e-02 2.203809e-02
      outer loop
         vertex 6.424235e+01 8.774825e+01 1.354110e+02
         vertex 6.423276e+01 8.774825e+01 1.349776e+02
         vertex 6.422668e+01 8.767879e+01 1.349774e+02
      endloop
   endfacet
   facet normal -9.958291e-01 8.715699e-02 -2.698376e-02
      outer loop
         vertex 6.422668e+01 8.767879e+01 1.349774e+02
         vertex 6.423276e+01 8.774825e+01 1.349776e+02
         vertex 6.423408e+01 8.774825e+01 1.349289e+02
      endloop
   endfacet
   facet normal -9.960138e-01 5.977966e-02 -6.620414e-02
      outer loop
         vertex 6.422668e+01 8.767879e+01 1.349774e+02
         vertex 6.423408e+01 8.774825e+01 1.349289e+02
         vertex 6.425547e+01 8.767879e+01 1.345444e+02
      endloop
   endfacet
   facet normal -9.936667e-01 8.708978e-02 -7.100648e-02
      outer loop
         vertex 6.425547e+01 8.767879e+01 1.345444e+02
         vertex 6.423408e+01 8.774825e+01 1.349289e+02
         vertex 6.426151e+01 8.774825e+01 1.345450e+02
      endloop
   endfacet
   facet normal -9.842795e-01 8.707181e-02 -1.536634e-01
      outer loop
         vertex 6.425547e+01 8.767879e+01 1.345444e+02
         vertex 6.426151e+01 8.774825e+01 1.345450e+02
         vertex 6.432242e+01 8.767879e+01 1.341155e+02
      endloop
   endfacet
   facet normal -9.902733e-01 -3.382711e-02 -1.349615e-01
      outer loop
         vertex 6.426151e+01 8.774825e+01 1.345450e+02
         vertex 6.429437e+01 8.774825e+01 1.343039e+02
         vertex 6.432242e+01 8.767879e+01 1.341155e+02
      endloop
   endfacet
   facet normal -9.801549e-01 8.713797e-02 -1.780544e-01
      outer loop
         vertex 6.432242e+01 8.767879e+01 1.341155e+02
         vertex 6.429437e+01 8.774825e+01 1.343039e+02
         vertex 6.432837e+01 8.774825e+01 1.341168e+02
      endloop
   endfacet
   facet normal -9.668474e-01 8.706958e-02 -2.400521e-01
      outer loop
         vertex 6.432242e+01 8.767879e+01 1.341155e+02
         vertex 6.432837e+01 8.774825e+01 1.341168e+02
         vertex 6.442700e+01 8.767879e+01 1.336943e+02
      endloop
   endfacet
   facet normal -9.668469e-01 8.707362e-02 -2.400527e-01
      outer loop
         vertex 6.442700e+01 8.767879e+01 1.336943e+02
         vertex 6.432837e+01 8.774825e+01 1.341168e+02
         vertex 6.443283e+01 8.774825e+01 1.336960e+02
      endloop
   endfacet
   facet normal -9.418474e-01 8.707355e-02 -3.245637e-01
      outer loop
         vertex 6.442700e+01 8.767879e+01 1.336943e+02
         vertex 6.443283e+01 8.774825e+01 1.336960e+02
         vertex 6.456841e+01 8.767879e+01 1.332840e+02
      endloop
   endfacet
   facet normal -9.418480e-01 8.706916e-02 -3.245632e-01
      outer loop
         vertex 6.443283e+01 8.774825e+01 1.336960e+02
         vertex 6.457406e+01 8.774825e+01 1.332862e+02
         vertex 6.456841e+01 8.767879e+01 1.332840e+02
      endloop
   endfacet
   facet normal -9.189392e-01 8.713597e-02 -3.846531e-01
      outer loop
         vertex 6.456841e+01 8.767879e+01 1.332840e+02
         vertex 6.457406e+01 8.774825e+01 1.332862e+02
         vertex 6.465094e+01 8.774825e+01 1.331025e+02
      endloop
   endfacet
   facet normal -9.127831e-01 1.880926e-02 -4.080114e-01
      outer loop
         vertex 6.456841e+01 8.767879e+01 1.332840e+02
         vertex 6.465094e+01 8.774825e+01 1.331025e+02
         vertex 6.474553e+01 8.767879e+01 1.328877e+02
      endloop
   endfacet
   facet normal -9.010256e-01 8.712867e-02 -4.249252e-01
      outer loop
         vertex 6.474553e+01 8.767879e+01 1.328877e+02
         vertex 6.465094e+01 8.774825e+01 1.331025e+02
         vertex 6.475096e+01 8.774825e+01 1.328905e+02
      endloop
   endfacet
   facet normal -8.699891e-01 8.706881e-02 -4.853226e-01
      outer loop
         vertex 6.474553e+01 8.767879e+01 1.328877e+02
         vertex 6.475096e+01 8.774825e+01 1.328905e+02
         vertex 6.495697e+01 8.767879e+01 1.325087e+02
      endloop
   endfacet
   facet normal -8.735990e-01 6.190791e-02 -4.826927e-01
      outer loop
         vertex 6.475096e+01 8.774825e+01 1.328905e+02
         vertex 6.494136e+01 8.774825e+01 1.325459e+02
         vertex 6.495697e+01 8.767879e+01 1.325087e+02
      endloop
   endfacet
   facet normal -8.497848e-01 8.715360e-02 -5.198750e-01
      outer loop
         vertex 6.495697e+01 8.767879e+01 1.325087e+02
         vertex 6.494136e+01 8.774825e+01 1.325459e+02
         vertex 6.496214e+01 8.774825e+01 1.325119e+02
      endloop
   endfacet
   facet normal -8.236916e-01 8.706973e-02 -5.603133e-01
      outer loop
         vertex 6.495697e+01 8.767879e+01 1.325087e+02
         vertex 6.496214e+01 8.774825e+01 1.325119e+02
         vertex 6.520109e+01 8.767879e+01 1.321498e+02
      endloop
   endfacet
   facet normal -8.236917e-01 8.706917e-02 -5.603132e-01
      outer loop
         vertex 6.496214e+01 8.774825e+01 1.325119e+02
         vertex 6.520596e+01 8.774825e+01 1.321535e+02
         vertex 6.520109e+01 8.767879e+01 1.321498e+02
      endloop
   endfacet
   facet normal -7.885742e-01 8.714326e-02 -6.087337e-01
      outer loop
         vertex 6.520109e+01 8.767879e+01 1.321498e+02
         vertex 6.520596e+01 8.774825e+01 1.321535e+02
         vertex 6.530059e+01 8.774825e+01 1.320309e+02
      endloop
   endfacet
   facet normal -7.736640e-01 2.398629e-02 -6.331419e-01
      outer loop
         vertex 6.520109e+01 8.767879e+01 1.321498e+02
         vertex 6.530059e+01 8.774825e+01 1.320309e+02
         vertex 6.547597e+01 8.767879e+01 1.318139e+02
      endloop
   endfacet
   facet normal -7.608792e-01 8.711631e-02 -6.430191e-01
      outer loop
         vertex 6.547597e+01 8.767879e+01 1.318139e+02
         vertex 6.530059e+01 8.774825e+01 1.320309e+02
         vertex 6.548050e+01 8.774825e+01 1.318180e+02
      endloop
   endfacet
   facet normal -7.121710e-01 8.706672e-02 -6.965859e-01
      outer loop
         vertex 6.547597e+01 8.767879e+01 1.318139e+02
         vertex 6.548050e+01 8.774825e+01 1.318180e+02
         vertex 6.577946e+01 8.767879e+01 1.315037e+02
      endloop
   endfacet
   facet normal -7.204447e-01 3.381378e-02 -6.926875e-01
      outer loop
         vertex 6.548050e+01 8.774825e+01 1.318180e+02
         vertex 6.572272e+01 8.774825e+01 1.315661e+02
         vertex 6.577946e+01 8.767879e+01 1.315037e+02
      endloop
   endfacet
   facet normal -6.868723e-01 8.715350e-02 -7.215336e-01
      outer loop
         vertex 6.577946e+01 8.767879e+01 1.315037e+02
         vertex 6.572272e+01 8.774825e+01 1.315661e+02
         vertex 6.578361e+01 8.774825e+01 1.315081e+02
      endloop
   endfacet
   facet normal -6.478189e-01 8.707194e-02 -7.568019e-01
      outer loop
         vertex 6.577946e+01 8.767879e+01 1.315037e+02
         vertex 6.578361e+01 8.774825e+01 1.315081e+02
         vertex 6.610918e+01 8.767879e+01 1.312214e+02
      endloop
   endfacet
   facet normal -6.478193e-01 8.706953e-02 -7.568018e-01
      outer loop
         vertex 6.578361e+01 8.774825e+01 1.315081e+02
         vertex 6.611292e+01 8.774825e+01 1.312262e+02
         vertex 6.610918e+01 8.767879e+01 1.312214e+02
      endloop
   endfacet
   facet normal -6.048082e-01 8.714854e-02 -7.915884e-01
      outer loop
         vertex 6.610918e+01 8.767879e+01 1.312214e+02
         vertex 6.611292e+01 8.774825e+01 1.312262e+02
         vertex 6.620082e+01 8.774825e+01 1.311591e+02
      endloop
   endfacet
   facet normal -5.802490e-01 3.489903e-02 -8.136911e-01
      outer loop
         vertex 6.610918e+01 8.767879e+01 1.312214e+02
         vertex 6.620082e+01 8.774825e+01 1.311591e+02
         vertex 6.646255e+01 8.767879e+01 1.309694e+02
      endloop
   endfacet
   facet normal -5.692040e-01 8.710588e-02 -8.175692e-01
      outer loop
         vertex 6.646255e+01 8.767879e+01 1.309694e+02
         vertex 6.620082e+01 8.774825e+01 1.311591e+02
         vertex 6.646586e+01 8.774825e+01 1.309745e+02
      endloop
   endfacet
   facet normal -5.044501e-01 8.706824e-02 -8.590397e-01
      outer loop
         vertex 6.646255e+01 8.767879e+01 1.309694e+02
         vertex 6.646586e+01 8.774825e+01 1.309745e+02
         vertex 6.683682e+01 8.767879e+01 1.307497e+02
      endloop
   endfacet
   facet normal -5.176119e-01 5.629350e-03 -8.555970e-01
      outer loop
         vertex 6.646586e+01 8.774825e+01 1.309745e+02
         vertex 6.672704e+01 8.774825e+01 1.308165e+02
         vertex 6.683682e+01 8.767879e+01 1.307497e+02
      endloop
   endfacet
   facet normal -4.774439e-01 8.714644e-02 -8.743299e-01
      outer loop
         vertex 6.683682e+01 8.767879e+01 1.307497e+02
         vertex 6.672704e+01 8.774825e+01 1.308165e+02
         vertex 6.683966e+01 8.774825e+01 1.307550e+02
      endloop
   endfacet
   facet normal -4.265539e-01 8.706929e-02 -9.002615e-01
      outer loop
         vertex 6.683682e+01 8.767879e+01 1.307497e+02
         vertex 6.683966e+01 8.774825e+01 1.307550e+02
         vertex 6.722905e+01 8.767879e+01 1.305638e+02
      endloop
   endfacet
   facet normal -4.265538e-01 8.707001e-02 -9.002615e-01
      outer loop
         vertex 6.683966e+01 8.774825e+01 1.307550e+02
         vertex 6.723140e+01 8.774825e+01 1.305694e+02
         vertex 6.722905e+01 8.767879e+01 1.305638e+02
      endloop
   endfacet
   facet normal -3.800845e-01 8.715275e-02 -9.208367e-01
      outer loop
         vertex 6.722905e+01 8.767879e+01 1.305638e+02
         vertex 6.723140e+01 8.774825e+01 1.305694e+02
         vertex 6.729275e+01 8.774825e+01 1.305441e+02
      endloop
   endfacet
   facet normal -3.461754e-01 5.153258e-02 -9.367534e-01
      outer loop
         vertex 6.722905e+01 8.767879e+01 1.305638e+02
         vertex 6.729275e+01 8.774825e+01 1.305441e+02
         vertex 6.763616e+01 8.767879e+01 1.304134e+02
      endloop
   endfacet
   facet normal -3.389824e-01 8.709360e-02 -9.367527e-01
      outer loop
         vertex 6.763616e+01 8.767879e+01 1.304134e+02
         vertex 6.729275e+01 8.774825e+01 1.305441e+02
         vertex 6.763801e+01 8.774825e+01 1.304191e+02
      endloop
   endfacet
   facet normal -2.613823e-01 8.706959e-02 -9.613002e-01
      outer loop
         vertex 6.763616e+01 8.767879e+01 1.304134e+02
         vertex 6.763801e+01 8.774825e+01 1.304191e+02
         vertex 6.805498e+01 8.767879e+01 1.302995e+02
      endloop
   endfacet
   facet normal -2.792582e-01 -2.256440e-02 -9.599509e-01
      outer loop
         vertex 6.763801e+01 8.774825e+01 1.304191e+02
         vertex 6.788865e+01 8.774825e+01 1.303462e+02
         vertex 6.805498e+01 8.767879e+01 1.302995e+02
      endloop
   endfacet
   facet normal -2.356820e-01 8.714273e-02 -9.679154e-01
      outer loop
         vertex 6.805498e+01 8.767879e+01 1.302995e+02
         vertex 6.788865e+01 8.774825e+01 1.303462e+02
         vertex 6.805631e+01 8.774825e+01 1.303054e+02
      endloop
   endfacet
   facet normal -1.753997e-01 8.707143e-02 -9.806393e-01
      outer loop
         vertex 6.805498e+01 8.767879e+01 1.302995e+02
         vertex 6.805631e+01 8.774825e+01 1.303054e+02
         vertex 6.848222e+01 8.767879e+01 1.302231e+02
      endloop
   endfacet
   facet normal -1.753998e-01 8.707081e-02 -9.806394e-01
      outer loop
         vertex 6.805631e+01 8.774825e+01 1.303054e+02
         vertex 6.848303e+01 8.774825e+01 1.302291e+02
         vertex 6.848222e+01 8.767879e+01 1.302231e+02
      endloop
   endfacet
   facet normal -1.296314e-01 8.715525e-02 -9.877245e-01
      outer loop
         vertex 6.848222e+01 8.767879e+01 1.302231e+02
         vertex 6.848303e+01 8.774825e+01 1.302291e+02
         vertex 6.850496e+01 8.774825e+01 1.302262e+02
      endloop
   endfacet
   facet normal -8.813936e-02 7.382682e-02 -9.933685e-01
      outer loop
         vertex 6.848222e+01 8.767879e+01 1.302231e+02
         vertex 6.850496e+01 8.774825e+01 1.302262e+02
         vertex 6.891455e+01 8.767879e+01 1.301847e+02
      endloop
   endfacet
   facet normal -8.580345e-02 8.708167e-02 -9.924991e-01
      outer loop
         vertex 6.850496e+01 8.774825e+01 1.302262e+02
         vertex 6.891482e+01 8.774825e+01 1.301908e+02
         vertex 6.891455e+01 8.767879e+01 1.301847e+02
      endloop
   endfacet
   facet normal -2.203771e-02 8.713675e-02 -9.959526e-01
      outer loop
         vertex 6.891455e+01 8.767879e+01 1.301847e+02
         vertex 6.891482e+01 8.774825e+01 1.301908e+02
         vertex 6.913156e+01 8.774825e+01 1.301860e+02
      endloop
   endfacet
   facet normal 0.000000e+00 1.835538e-02 -9.998315e-01
      outer loop
         vertex 6.891455e+01 8.767879e+01 1.301847e+02
         vertex 6.913156e+01 8.774825e+01 1.301860e+02
         vertex 6.934857e+01 8.767879e+01 1.301847e+02
      endloop
   endfacet
   facet normal 2.203771e-02 8.713675e-02 -9.959526e-01
      outer loop
         vertex 6.934857e+01 8.767879e+01 1.301847e+02
         vertex 6.913156e+01 8.774825e+01 1.301860e+02
         vertex 6.934830e+01 8.774825e+01 1.301908e+02
      endloop
   endfacet
   facet normal 8.804487e-02 8.707325e-02 -9.923036e-01
      outer loop
         vertex 6.934857e+01 8.767879e+01 1.301847e+02
         vertex 6.934830e+01 8.774825e+01 1.301908e+02
         vertex 6.978090e+01 8.767879e+01 1.302231e+02
      endloop
   endfacet
   facet normal 8.590019e-02 7.310504e-02 -9.936180e-01
      outer loop
         vertex 6.934830e+01 8.774825e+01 1.301908e+02
         vertex 6.975816e+01 8.774825e+01 1.302262e+02
         vertex 6.978090e+01 8.767879e+01 1.302231e+02
      endloop
   endfacet
   facet normal 1.296314e-01 8.715525e-02 -9.877245e-01
      outer loop
         vertex 6.978090e+01 8.767879e+01 1.302231e+02
         vertex 6.975816e+01 8.774825e+01 1.302262e+02
         vertex 6.978009e+01 8.774825e+01 1.302291e+02
      endloop
   endfacet
   facet normal 1.753997e-01 8.707081e-02 -9.806394e-01
      outer loop
         vertex 6.978090e+01 8.767879e+01 1.302231e+02
         vertex 6.978009e+01 8.774825e+01 1.302291e+02
         vertex 7.020814e+01 8.767879e+01 1.302995e+02
      endloop
   endfacet
   facet normal 1.753998e-01 8.707143e-02 -9.806393e-01
      outer loop
         vertex 6.978009e+01 8.774825e+01 1.302291e+02
         vertex 7.020681e+01 8.774825e+01 1.303054e+02
         vertex 7.020814e+01 8.767879e+01 1.302995e+02
      endloop
   endfacet
   facet normal 2.356820e-01 8.714273e-02 -9.679154e-01
      outer loop
         vertex 7.020814e+01 8.767879e+01 1.302995e+02
         vertex 7.020681e+01 8.774825e+01 1.303054e+02
         vertex 7.037447e+01 8.774825e+01 1.303462e+02
      endloop
   endfacet
   facet normal 2.623197e-01 2.122470e-02 -9.647476e-01
      outer loop
         vertex 7.020814e+01 8.767879e+01 1.302995e+02
         vertex 7.037447e+01 8.774825e+01 1.303462e+02
         vertex 7.062696e+01 8.767879e+01 1.304134e+02
      endloop
   endfacet
   facet normal 2.782672e-01 8.712358e-02 -9.565442e-01
      outer loop
         vertex 7.062696e+01 8.767879e+01 1.304134e+02
         vertex 7.037447e+01 8.774825e+01 1.303462e+02
         vertex 7.062511e+01 8.774825e+01 1.304191e+02
      endloop
   endfacet
   facet normal 3.453195e-01 8.706968e-02 -9.344374e-01
      outer loop
         vertex 7.062696e+01 8.767879e+01 1.304134e+02
         vertex 7.062511e+01 8.774825e+01 1.304191e+02
         vertex 7.103408e+01 8.767879e+01 1.305638e+02
      endloop
   endfacet
   facet normal 3.399298e-01 4.506105e-02 -9.393707e-01
      outer loop
         vertex 7.062511e+01 8.774825e+01 1.304191e+02
         vertex 7.097037e+01 8.774825e+01 1.305441e+02
         vertex 7.103408e+01 8.767879e+01 1.305638e+02
      endloop
   endfacet
   facet normal 3.800845e-01 8.715275e-02 -9.208367e-01
      outer loop
         vertex 7.103408e+01 8.767879e+01 1.305638e+02
         vertex 7.097037e+01 8.774825e+01 1.305441e+02
         vertex 7.103172e+01 8.774825e+01 1.305694e+02
      endloop
   endfacet
   facet normal 4.265539e-01 8.707001e-02 -9.002614e-01
      outer loop
         vertex 7.103408e+01 8.767879e+01 1.305638e+02
         vertex 7.103172e+01 8.774825e+01 1.305694e+02
         vertex 7.142630e+01 8.767879e+01 1.307497e+02
      endloop
   endfacet
   facet normal 4.265538e-01 8.706929e-02 -9.002615e-01
      outer loop
         vertex 7.103172e+01 8.774825e+01 1.305694e+02
         vertex 7.142346e+01 8.774825e+01 1.307550e+02
         vertex 7.142630e+01 8.767879e+01 1.307497e+02
      endloop
   endfacet
   facet normal 4.774439e-01 8.714644e-02 -8.743299e-01
      outer loop
         vertex 7.142630e+01 8.767879e+01 1.307497e+02
         vertex 7.142346e+01 8.774825e+01 1.307550e+02
         vertex 7.153608e+01 8.774825e+01 1.308165e+02
      endloop
   endfacet
   facet normal 5.061476e-01 2.984508e-02 -8.619303e-01
      outer loop
         vertex 7.142630e+01 8.767879e+01 1.307497e+02
         vertex 7.153608e+01 8.774825e+01 1.308165e+02
         vertex 7.180057e+01 8.767879e+01 1.309694e+02
      endloop
   endfacet
   facet normal 5.156525e-01 8.711092e-02 -8.523580e-01
      outer loop
         vertex 7.180057e+01 8.767879e+01 1.309694e+02
         vertex 7.153608e+01 8.774825e+01 1.308165e+02
         vertex 7.179726e+01 8.774825e+01 1.309745e+02
      endloop
   endfacet
   facet normal 5.783977e-01 8.706820e-02 -8.110951e-01
      outer loop
         vertex 7.180057e+01 8.767879e+01 1.309694e+02
         vertex 7.179726e+01 8.774825e+01 1.309745e+02
         vertex 7.215394e+01 8.767879e+01 1.312214e+02
      endloop
   endfacet
   facet normal 5.712941e-01 1.690630e-02 -8.205713e-01
      outer loop
         vertex 7.179726e+01 8.774825e+01 1.309745e+02
         vertex 7.206230e+01 8.774825e+01 1.311591e+02
         vertex 7.215394e+01 8.767879e+01 1.312214e+02
      endloop
   endfacet
   facet normal 6.048082e-01 8.714854e-02 -7.915884e-01
      outer loop
         vertex 7.215394e+01 8.767879e+01 1.312214e+02
         vertex 7.206230e+01 8.774825e+01 1.311591e+02
         vertex 7.215020e+01 8.774825e+01 1.312262e+02
      endloop
   endfacet
   facet normal 6.478190e-01 8.706953e-02 -7.568021e-01
      outer loop
         vertex 7.215394e+01 8.767879e+01 1.312214e+02
         vertex 7.215020e+01 8.774825e+01 1.312262e+02
         vertex 7.248367e+01 8.767879e+01 1.315037e+02
      endloop
   endfacet
   facet normal 6.478192e-01 8.707194e-02 -7.568017e-01
      outer loop
         vertex 7.215020e+01 8.774825e+01 1.312262e+02
         vertex 7.247951e+01 8.774825e+01 1.315081e+02
         vertex 7.248367e+01 8.767879e+01 1.315037e+02
      endloop
   endfacet
   facet normal 6.868723e-01 8.715350e-02 -7.215336e-01
      outer loop
         vertex 7.248367e+01 8.767879e+01 1.315037e+02
         vertex 7.247951e+01 8.774825e+01 1.315081e+02
         vertex 7.254041e+01 8.774825e+01 1.315661e+02
      endloop
   endfacet
   facet normal 7.141871e-01 4.419946e-02 -6.985579e-01
      outer loop
         vertex 7.248367e+01 8.767879e+01 1.315037e+02
         vertex 7.254041e+01 8.774825e+01 1.315661e+02
         vertex 7.278715e+01 8.767879e+01 1.318139e+02
      endloop
   endfacet
   facet normal 7.181176e-01 8.709635e-02 -6.904501e-01
      outer loop
         vertex 7.278715e+01 8.767879e+01 1.318139e+02
         vertex 7.254041e+01 8.774825e+01 1.315661e+02
         vertex 7.278263e+01 8.774825e+01 1.318180e+02
      endloop
   endfacet
   facet normal 7.709479e-01 8.706664e-02 -6.309190e-01
      outer loop
         vertex 7.278715e+01 8.767879e+01 1.318139e+02
         vertex 7.278263e+01 8.774825e+01 1.318180e+02
         vertex 7.306203e+01 8.767879e+01 1.321498e+02
      endloop
   endfacet
   facet normal 7.637343e-01 -1.128445e-02 -6.454320e-01
      outer loop
         vertex 7.278263e+01 8.774825e+01 1.318180e+02
         vertex 7.296254e+01 8.774825e+01 1.320309e+02
         vertex 7.306203e+01 8.767879e+01 1.321498e+02
      endloop
   endfacet
   facet normal 7.885742e-01 8.714326e-02 -6.087337e-01
      outer loop
         vertex 7.306203e+01 8.767879e+01 1.321498e+02
         vertex 7.296254e+01 8.774825e+01 1.320309e+02
         vertex 7.305716e+01 8.774825e+01 1.321535e+02
      endloop
   endfacet
   facet normal 8.236917e-01 8.706917e-02 -5.603133e-01
      outer loop
         vertex 7.306203e+01 8.767879e+01 1.321498e+02
         vertex 7.305716e+01 8.774825e+01 1.321535e+02
         vertex 7.330615e+01 8.767879e+01 1.325087e+02
      endloop
   endfacet
   facet normal 8.236917e-01 8.706973e-02 -5.603132e-01
      outer loop
         vertex 7.305716e+01 8.774825e+01 1.321535e+02
         vertex 7.330098e+01 8.774825e+01 1.325119e+02
         vertex 7.330615e+01 8.767879e+01 1.325087e+02
      endloop
   endfacet
   facet normal 8.497848e-01 8.715360e-02 -5.198750e-01
      outer loop
         vertex 7.330615e+01 8.767879e+01 1.325087e+02
         vertex 7.330098e+01 8.774825e+01 1.325119e+02
         vertex 7.332176e+01 8.774825e+01 1.325459e+02
      endloop
   endfacet
   facet normal 8.715019e-01 6.423780e-02 -4.861665e-01
      outer loop
         vertex 7.330615e+01 8.767879e+01 1.325087e+02
         vertex 7.332176e+01 8.774825e+01 1.325459e+02
         vertex 7.351759e+01 8.767879e+01 1.328877e+02
      endloop
   endfacet
   facet normal 8.719527e-01 8.708364e-02 -4.817831e-01
      outer loop
         vertex 7.351759e+01 8.767879e+01 1.328877e+02
         vertex 7.332176e+01 8.774825e+01 1.325459e+02
         vertex 7.351216e+01 8.774825e+01 1.328905e+02
      endloop
   endfacet
   facet normal 9.094775e-01 8.706877e-02 -4.065338e-01
      outer loop
         vertex 7.351759e+01 8.767879e+01 1.328877e+02
         vertex 7.351216e+01 8.774825e+01 1.328905e+02
         vertex 7.369471e+01 8.767879e+01 1.332840e+02
      endloop
   endfacet
   facet normal 9.037608e-01 -3.945921e-02 -4.262152e-01
      outer loop
         vertex 7.351216e+01 8.774825e+01 1.328905e+02
         vertex 7.361218e+01 8.774825e+01 1.331025e+02
         vertex 7.369471e+01 8.767879e+01 1.332840e+02
      endloop
   endfacet
   facet normal 9.189392e-01 8.713597e-02 -3.846531e-01
      outer loop
         vertex 7.369471e+01 8.767879e+01 1.332840e+02
         vertex 7.361218e+01 8.774825e+01 1.331025e+02
         vertex 7.368906e+01 8.774825e+01 1.332862e+02
      endloop
   endfacet
   facet normal 9.418478e-01 8.706916e-02 -3.245638e-01
      outer loop
         vertex 7.369471e+01 8.767879e+01 1.332840e+02
         vertex 7.368906e+01 8.774825e+01 1.332862e+02
         vertex 7.383612e+01 8.767879e+01 1.336943e+02
      endloop
   endfacet
   facet normal 9.418477e-01 8.707355e-02 -3.245630e-01
      outer loop
         vertex 7.383612e+01 8.767879e+01 1.336943e+02
         vertex 7.368906e+01 8.774825e+01 1.332862e+02
         vertex 7.383029e+01 8.774825e+01 1.336960e+02
      endloop
   endfacet
   facet normal 9.668470e-01 8.707361e-02 -2.400520e-01
      outer loop
         vertex 7.383612e+01 8.767879e+01 1.336943e+02
         vertex 7.383029e+01 8.774825e+01 1.336960e+02
         vertex 7.394070e+01 8.767879e+01 1.341155e+02
      endloop
   endfacet
   facet normal 9.668472e-01 8.706958e-02 -2.400528e-01
      outer loop
         vertex 7.383029e+01 8.774825e+01 1.336960e+02
         vertex 7.393475e+01 8.774825e+01 1.341168e+02
         vertex 7.394070e+01 8.767879e+01 1.341155e+02
      endloop
   endfacet
   facet normal 9.801549e-01 8.713797e-02 -1.780544e-01
      outer loop
         vertex 7.394070e+01 8.767879e+01 1.341155e+02
         vertex 7.393475e+01 8.774825e+01 1.341168e+02
         vertex 7.396875e+01 8.774825e+01 1.343039e+02
      endloop
   endfacet
   facet normal 9.878463e-01 1.938772e-02 -1.542203e-01
      outer loop
         vertex 7.394070e+01 8.767879e+01 1.341155e+02
         vertex 7.396875e+01 8.774825e+01 1.343039e+02
         vertex 7.400765e+01 8.767879e+01 1.345444e+02
      endloop
   endfacet
   facet normal 9.870721e-01 8.712981e-02 -1.345252e-01
      outer loop
         vertex 7.400765e+01 8.767879e+01 1.345444e+02
         vertex 7.396875e+01 8.774825e+01 1.343039e+02
         vertex 7.400161e+01 8.774825e+01 1.345450e+02
      endloop
   endfacet
   facet normal 9.940086e-01 8.707184e-02 -6.607086e-02
      outer loop
         vertex 7.400765e+01 8.767879e+01 1.345444e+02
         vertex 7.400161e+01 8.774825e+01 1.345450e+02
         vertex 7.403644e+01 8.767879e+01 1.349774e+02
      endloop
   endfacet
   facet normal 9.958745e-01 5.630000e-02 -7.116424e-02
      outer loop
         vertex 7.400161e+01 8.774825e+01 1.345450e+02
         vertex 7.402904e+01 8.774825e+01 1.349289e+02
         vertex 7.403644e+01 8.767879e+01 1.349774e+02
      endloop
   endfacet
   facet normal 9.958291e-01 8.715699e-02 -2.698376e-02
      outer loop
         vertex 7.403644e+01 8.767879e+01 1.349774e+02
         vertex 7.402904e+01 8.774825e+01 1.349289e+02
         vertex 7.403036e+01 8.774825e+01 1.349776e+02
      endloop
   endfacet
   facet normal 9.959581e-01 8.707339e-02 2.203815e-02
      outer loop
         vertex 7.403644e+01 8.767879e+01 1.349774e+02
         vertex 7.403036e+01 8.774825e+01 1.349776e+02
         vertex 7.402684e+01 8.767879e+01 1.354114e+02
      endloop
   endfacet
   facet normal 9.959581e-01 8.707299e-02 2.203809e-02
      outer loop
         vertex 7.403036e+01 8.774825e+01 1.349776e+02
         vertex 7.402077e+01 8.774825e+01 1.354110e+02
         vertex 7.402684e+01 8.767879e+01 1.354114e+02
      endloop
   endfacet
   facet normal 9.929073e-01 8.714804e-02 8.087268e-02
      outer loop
         vertex 7.402684e+01 8.767879e+01 1.354114e+02
         vertex 7.402077e+01 8.774825e+01 1.354110e+02
         vertex 7.400892e+01 8.774825e+01 1.355565e+02
      endloop
   endfacet
   facet normal 9.935594e-01 2.571165e-02 1.103572e-01
      outer loop
         vertex 7.402684e+01 8.767879e+01 1.354114e+02
         vertex 7.400892e+01 8.774825e+01 1.355565e+02
         vertex 7.397892e+01 8.767879e+01 1.358427e+02
      endloop
   endfacet
   facet normal 9.883603e-01 8.712207e-02 1.247141e-01
      outer loop
         vertex 7.397892e+01 8.767879e+01 1.358427e+02
         vertex 7.400892e+01 8.774825e+01 1.355565e+02
         vertex 7.397292e+01 8.774825e+01 1.358418e+02
      endloop
   endfacet
   facet normal 9.765189e-01 8.707463e-02 1.970505e-01
      outer loop
         vertex 7.397892e+01 8.767879e+01 1.358427e+02
         vertex 7.397292e+01 8.774825e+01 1.358418e+02
         vertex 7.389307e+01 8.767879e+01 1.362682e+02
      endloop
   endfacet
   facet normal 9.816836e-01 2.817760e-02 1.884232e-01
      outer loop
         vertex 7.397292e+01 8.774825e+01 1.358418e+02
         vertex 7.390871e+01 8.774825e+01 1.361763e+02
         vertex 7.389307e+01 8.767879e+01 1.362682e+02
      endloop
   endfacet
   facet normal 9.690728e-01 8.715243e-02 2.308730e-01
      outer loop
         vertex 7.389307e+01 8.767879e+01 1.362682e+02
         vertex 7.390871e+01 8.774825e+01 1.361763e+02
         vertex 7.388717e+01 8.774825e+01 1.362667e+02
      endloop
   endfacet
   facet normal 9.552823e-01 8.707163e-02 2.825849e-01
      outer loop
         vertex 7.389307e+01 8.767879e+01 1.362682e+02
         vertex 7.388717e+01 8.774825e+01 1.362667e+02
         vertex 7.376995e+01 8.767879e+01 1.366844e+02
      endloop
   endfacet
   facet normal 9.552827e-01 8.706823e-02 2.825845e-01
      outer loop
         vertex 7.388717e+01 8.774825e+01 1.362667e+02
         vertex 7.376421e+01 8.774825e+01 1.366824e+02
         vertex 7.376995e+01 8.767879e+01 1.366844e+02
      endloop
   endfacet
   facet normal 9.384202e-01 8.714824e-02 3.343244e-01
      outer loop
         vertex 7.376995e+01 8.767879e+01 1.366844e+02
         vertex 7.376421e+01 8.774825e+01 1.366824e+02
         vertex 7.373006e+01 8.774825e+01 1.367783e+02
      endloop
   endfacet
   facet normal 9.294383e-01 3.776889e-02 3.670394e-01
      outer loop
         vertex 7.376995e+01 8.767879e+01 1.366844e+02
         vertex 7.373006e+01 8.774825e+01 1.367783e+02
         vertex 7.361054e+01 8.767879e+01 1.370881e+02
      endloop
   endfacet
   facet normal 9.227171e-01 8.710412e-02 3.755077e-01
      outer loop
         vertex 7.361054e+01 8.767879e+01 1.370881e+02
         vertex 7.373006e+01 8.774825e+01 1.367783e+02
         vertex 7.360499e+01 8.774825e+01 1.370856e+02
      endloop
   endfacet
   facet normal 8.906051e-01 8.706917e-02 4.463647e-01
      outer loop
         vertex 7.361054e+01 8.767879e+01 1.370881e+02
         vertex 7.360499e+01 8.774825e+01 1.370856e+02
         vertex 7.341607e+01 8.767879e+01 1.374761e+02
      endloop
   endfacet
   facet normal 9.001837e-01 -6.935221e-06 4.355104e-01
      outer loop
         vertex 7.360499e+01 8.774825e+01 1.370856e+02
         vertex 7.347590e+01 8.774825e+01 1.373524e+02
         vertex 7.341607e+01 8.767879e+01 1.374761e+02
      endloop
   endfacet
   facet normal 8.766907e-01 8.714790e-02 4.730948e-01
      outer loop
         vertex 7.341607e+01 8.767879e+01 1.374761e+02
         vertex 7.347590e+01 8.774825e+01 1.373524e+02
         vertex 7.341076e+01 8.774825e+01 1.374731e+02
      endloop
   endfacet
   facet normal 8.476695e-01 8.707168e-02 5.233305e-01
      outer loop
         vertex 7.341607e+01 8.767879e+01 1.374761e+02
         vertex 7.341076e+01 8.774825e+01 1.374731e+02
         vertex 7.318806e+01 8.767879e+01 1.378454e+02
      endloop
   endfacet
   facet normal 8.476695e-01 8.707230e-02 5.233306e-01
      outer loop
         vertex 7.341076e+01 8.774825e+01 1.374731e+02
         vertex 7.318304e+01 8.774825e+01 1.378420e+02
         vertex 7.318806e+01 8.767879e+01 1.378454e+02
      endloop
   endfacet
   facet normal 8.203832e-01 8.715543e-02 5.651330e-01
      outer loop
         vertex 7.318806e+01 8.767879e+01 1.378454e+02
         vertex 7.318304e+01 8.774825e+01 1.378420e+02
         vertex 7.315040e+01 8.774825e+01 1.378894e+02
      endloop
   endfacet
   facet normal 7.999070e-01 5.554306e-02 5.975481e-01
      outer loop
         vertex 7.318806e+01 8.767879e+01 1.378454e+02
         vertex 7.315040e+01 8.774825e+01 1.378894e+02
         vertex 7.292831e+01 8.767879e+01 1.381931e+02
      endloop
   endfacet
   facet normal 7.945864e-01 8.709292e-02 6.008721e-01
      outer loop
         vertex 7.292831e+01 8.767879e+01 1.381931e+02
         vertex 7.315040e+01 8.774825e+01 1.378894e+02
         vertex 7.292361e+01 8.774825e+01 1.381893e+02
      endloop
   endfacet
   facet normal 7.422853e-01 8.707210e-02 6.644027e-01
      outer loop
         vertex 7.292831e+01 8.767879e+01 1.381931e+02
         vertex 7.292361e+01 8.774825e+01 1.381893e+02
         vertex 7.263884e+01 8.767879e+01 1.385165e+02
      endloop
   endfacet
   facet normal 7.570317e-01 -2.819092e-02 6.527697e-01
      outer loop
         vertex 7.292361e+01 8.774825e+01 1.381893e+02
         vertex 7.275892e+01 8.774825e+01 1.383803e+02
         vertex 7.263884e+01 8.767879e+01 1.385165e+02
      endloop
   endfacet
   facet normal 7.249388e-01 8.714091e-02 6.832790e-01
      outer loop
         vertex 7.263884e+01 8.767879e+01 1.385165e+02
         vertex 7.275892e+01 8.774825e+01 1.383803e+02
         vertex 7.263450e+01 8.774825e+01 1.385123e+02
      endloop
   endfacet
   facet normal 6.806610e-01 8.707088e-02 7.274059e-01
      outer loop
         vertex 7.263884e+01 8.767879e+01 1.385165e+02
         vertex 7.263450e+01 8.774825e+01 1.385123e+02
         vertex 7.232193e+01 8.767879e+01 1.388131e+02
      endloop
   endfacet
   facet normal 6.806605e-01 8.707372e-02 7.274060e-01
      outer loop
         vertex 7.263450e+01 8.774825e+01 1.385123e+02
         vertex 7.231798e+01 8.774825e+01 1.388084e+02
         vertex 7.232193e+01 8.767879e+01 1.388131e+02
      endloop
   endfacet
   facet normal 6.468078e-01 8.715837e-02 7.576563e-01
      outer loop
         vertex 7.232193e+01 8.767879e+01 1.388131e+02
         vertex 7.231798e+01 8.774825e+01 1.388084e+02
         vertex 7.230788e+01 8.774825e+01 1.388171e+02
      endloop
   endfacet
   facet normal 6.141253e-01 7.895875e-02 7.852487e-01
      outer loop
         vertex 7.232193e+01 8.767879e+01 1.388131e+02
         vertex 7.230788e+01 8.774825e+01 1.388171e+02
         vertex 7.198004e+01 8.767879e+01 1.390804e+02
      endloop
   endfacet
   facet normal 6.126451e-01 8.707547e-02 7.855468e-01
      outer loop
         vertex 7.230788e+01 8.774825e+01 1.388171e+02
         vertex 7.197651e+01 8.774825e+01 1.390755e+02
         vertex 7.198004e+01 8.767879e+01 1.390804e+02
      endloop
   endfacet
   facet normal 5.610539e-01 8.713535e-02 8.231804e-01
      outer loop
         vertex 7.198004e+01 8.767879e+01 1.390804e+02
         vertex 7.197651e+01 8.774825e+01 1.390755e+02
         vertex 7.180468e+01 8.774825e+01 1.391926e+02
      endloop
   endfacet
   facet normal 5.439276e-01 1.846526e-02 8.389289e-01
      outer loop
         vertex 7.198004e+01 8.767879e+01 1.390804e+02
         vertex 7.180468e+01 8.774825e+01 1.391926e+02
         vertex 7.161587e+01 8.767879e+01 1.393166e+02
      endloop
   endfacet
   facet normal 5.240915e-01 8.713416e-02 8.471928e-01
      outer loop
         vertex 7.161587e+01 8.767879e+01 1.393166e+02
         vertex 7.180468e+01 8.774825e+01 1.391926e+02
         vertex 7.161279e+01 8.774825e+01 1.393113e+02
      endloop
   endfacet
   facet normal 4.659581e-01 8.707258e-02 8.805120e-01
      outer loop
         vertex 7.161587e+01 8.767879e+01 1.393166e+02
         vertex 7.161279e+01 8.774825e+01 1.393113e+02
         vertex 7.123224e+01 8.767879e+01 1.395196e+02
      endloop
   endfacet
   facet normal 4.694517e-01 6.751542e-02 8.803731e-01
      outer loop
         vertex 7.161279e+01 8.774825e+01 1.393113e+02
         vertex 7.125759e+01 8.774825e+01 1.395007e+02
         vertex 7.123224e+01 8.767879e+01 1.395196e+02
      endloop
   endfacet
   facet normal 4.293985e-01 8.715698e-02 8.988996e-01
      outer loop
         vertex 7.123224e+01 8.767879e+01 1.395196e+02
         vertex 7.125759e+01 8.774825e+01 1.395007e+02
         vertex 7.122964e+01 8.774825e+01 1.395141e+02
      endloop
   endfacet
   facet normal 3.863141e-01 8.707284e-02 9.182482e-01
      outer loop
         vertex 7.123224e+01 8.767879e+01 1.395196e+02
         vertex 7.122964e+01 8.774825e+01 1.395141e+02
         vertex 7.083218e+01 8.767879e+01 1.396879e+02
      endloop
   endfacet
   facet normal 3.863146e-01 8.707020e-02 9.182482e-01
      outer loop
         vertex 7.122964e+01 8.774825e+01 1.395141e+02
         vertex 7.083008e+01 8.774825e+01 1.396822e+02
         vertex 7.083218e+01 8.767879e+01 1.396879e+02
      endloop
   endfacet
   facet normal 3.296591e-01 8.714277e-02 9.400697e-01
      outer loop
         vertex 7.083218e+01 8.767879e+01 1.396879e+02
         vertex 7.083008e+01 8.774825e+01 1.396822e+02
         vertex 7.067559e+01 8.774825e+01 1.397364e+02
      endloop
   endfacet
   facet normal 3.047290e-01 2.249202e-02 9.521735e-01
      outer loop
         vertex 7.083218e+01 8.767879e+01 1.396879e+02
         vertex 7.067559e+01 8.774825e+01 1.397364e+02
         vertex 7.041881e+01 8.767879e+01 1.398202e+02
      endloop
   endfacet
   facet normal 2.877552e-01 8.712298e-02 9.537330e-01
      outer loop
         vertex 7.041881e+01 8.767879e+01 1.398202e+02
         vertex 7.067559e+01 8.774825e+01 1.397364e+02
         vertex 7.041722e+01 8.774825e+01 1.398143e+02
      endloop
   endfacet
   facet normal 2.186048e-01 8.707106e-02 9.719211e-01
      outer loop
         vertex 7.041881e+01 8.767879e+01 1.398202e+02
         vertex 7.041722e+01 8.774825e+01 1.398143e+02
         vertex 6.999537e+01 8.767879e+01 1.399154e+02
      endloop
   endfacet
   facet normal 2.267444e-01 3.943331e-02 9.731557e-01
      outer loop
         vertex 7.041722e+01 8.774825e+01 1.398143e+02
         vertex 7.006824e+01 8.774825e+01 1.398956e+02
         vertex 6.999537e+01 8.767879e+01 1.399154e+02
      endloop
   endfacet
   facet normal 1.829199e-01 8.714956e-02 9.792575e-01
      outer loop
         vertex 6.999537e+01 8.767879e+01 1.399154e+02
         vertex 7.006824e+01 8.774825e+01 1.398956e+02
         vertex 6.999430e+01 8.774825e+01 1.399094e+02
      endloop
   endfacet
   facet normal 1.318519e-01 8.706739e-02 9.874383e-01
      outer loop
         vertex 6.999537e+01 8.767879e+01 1.399154e+02
         vertex 6.999430e+01 8.774825e+01 1.399094e+02
         vertex 6.956516e+01 8.767879e+01 1.399729e+02
      endloop
   endfacet
   facet normal 1.318510e-01 8.707249e-02 9.874379e-01
      outer loop
         vertex 6.956516e+01 8.767879e+01 1.399729e+02
         vertex 6.999430e+01 8.774825e+01 1.399094e+02
         vertex 6.956462e+01 8.774825e+01 1.399668e+02
      endloop
   endfacet
   facet normal 4.406519e-02 8.707253e-02 9.952269e-01
      outer loop
         vertex 6.956516e+01 8.767879e+01 1.399729e+02
         vertex 6.956462e+01 8.774825e+01 1.399668e+02
         vertex 6.913156e+01 8.767879e+01 1.399921e+02
      endloop
   endfacet
   facet normal 4.406504e-02 8.707343e-02 9.952269e-01
      outer loop
         vertex 6.913156e+01 8.767879e+01 1.399921e+02
         vertex 6.956462e+01 8.774825e+01 1.399668e+02
         vertex 6.913156e+01 8.774825e+01 1.399860e+02
      endloop
   endfacet
   facet normal -4.406519e-02 8.707343e-02 9.952268e-01
      outer loop
         vertex 6.913156e+01 8.767879e+01 1.399921e+02
         vertex 6.913156e+01 8.774825e+01 1.399860e+02
         vertex 6.869796e+01 8.767879e+01 1.399729e+02
      endloop
   endfacet
   facet normal -4.406505e-02 8.707253e-02 9.952269e-01
      outer loop
         vertex 6.869796e+01 8.767879e+01 1.399729e+02
         vertex 6.913156e+01 8.774825e+01 1.399860e+02
         vertex 6.869850e+01 8.774825e+01 1.399668e+02
      endloop
   endfacet
   facet normal -1.318518e-01 8.707248e-02 9.874378e-01
      outer loop
         vertex 6.869796e+01 8.767879e+01 1.399729e+02
         vertex 6.869850e+01 8.774825e+01 1.399668e+02
         vertex 6.826776e+01 8.767879e+01 1.399154e+02
      endloop
   endfacet
   facet normal -1.318511e-01 8.706738e-02 9.874384e-01
      outer loop
         vertex 6.826776e+01 8.767879e+01 1.399154e+02
         vertex 6.869850e+01 8.774825e+01 1.399668e+02
         vertex 6.826883e+01 8.774825e+01 1.399094e+02
      endloop
   endfacet
   facet normal -1.829199e-01 8.714956e-02 9.792575e-01
      outer loop
         vertex 6.826776e+01 8.767879e+01 1.399154e+02
         vertex 6.826883e+01 8.774825e+01 1.399094e+02
         vertex 6.819488e+01 8.774825e+01 1.398956e+02
      endloop
   endfacet
   facet normal 1.278531e-01 2.585805e-01 9.574914e-01
      outer loop
         vertex 6.956516e+01 8.767879e+01 1.399729e+02
         vertex 6.956676e+01 8.761145e+01 1.399908e+02
         vertex 6.999537e+01 8.767879e+01 1.399154e+02
      endloop
   endfacet
   facet normal 1.278519e-01 2.585864e-01 9.574899e-01
      outer loop
         vertex 6.999537e+01 8.767879e+01 1.399154e+02
         vertex 6.956676e+01 8.761145e+01 1.399908e+02
         vertex 6.999854e+01 8.761145e+01 1.399332e+02
      endloop
   endfacet
   facet normal 2.119747e-01 2.585863e-01 9.424436e-01
      outer loop
         vertex 6.999537e+01 8.767879e+01 1.399154e+02
         vertex 6.999854e+01 8.761145e+01 1.399332e+02
         vertex 7.041881e+01 8.767879e+01 1.398202e+02
      endloop
   endfacet
   facet normal 2.119753e-01 2.585833e-01 9.424442e-01
      outer loop
         vertex 7.041881e+01 8.767879e+01 1.398202e+02
         vertex 6.999854e+01 8.761145e+01 1.399332e+02
         vertex 7.042355e+01 8.761145e+01 1.398376e+02
      endloop
   endfacet
   facet normal 2.944393e-01 2.585832e-01 9.200219e-01
      outer loop
         vertex 7.041881e+01 8.767879e+01 1.398202e+02
         vertex 7.042355e+01 8.761145e+01 1.398376e+02
         vertex 7.083218e+01 8.767879e+01 1.396879e+02
      endloop
   endfacet
   facet normal 2.944389e-01 2.585850e-01 9.200215e-01
      outer loop
         vertex 7.083218e+01 8.767879e+01 1.396879e+02
         vertex 7.042355e+01 8.761145e+01 1.398376e+02
         vertex 7.083844e+01 8.761145e+01 1.397048e+02
      endloop
   endfacet
   facet normal 3.745977e-01 2.585851e-01 8.903989e-01
      outer loop
         vertex 7.083218e+01 8.767879e+01 1.396879e+02
         vertex 7.083844e+01 8.761145e+01 1.397048e+02
         vertex 7.123224e+01 8.767879e+01 1.395196e+02
      endloop
   endfacet
   facet normal 3.745992e-01 2.585796e-01 8.904000e-01
      outer loop
         vertex 7.123224e+01 8.767879e+01 1.395196e+02
         vertex 7.083844e+01 8.761145e+01 1.397048e+02
         vertex 7.123997e+01 8.761145e+01 1.395359e+02
      endloop
   endfacet
   facet normal 4.518269e-01 2.585797e-01 8.538085e-01
      outer loop
         vertex 7.123224e+01 8.767879e+01 1.395196e+02
         vertex 7.123997e+01 8.761145e+01 1.395359e+02
         vertex 7.161587e+01 8.767879e+01 1.393166e+02
      endloop
   endfacet
   facet normal 4.518262e-01 2.585823e-01 8.538081e-01
      outer loop
         vertex 7.161587e+01 8.767879e+01 1.393166e+02
         vertex 7.123997e+01 8.761145e+01 1.395359e+02
         vertex 7.162500e+01 8.761145e+01 1.393321e+02
      endloop
   endfacet
   facet normal 5.255178e-01 2.585824e-01 8.105345e-01
      outer loop
         vertex 7.161587e+01 8.767879e+01 1.393166e+02
         vertex 7.162500e+01 8.761145e+01 1.393321e+02
         vertex 7.198004e+01 8.767879e+01 1.390804e+02
      endloop
   endfacet
   facet normal 5.255176e-01 2.585832e-01 8.105344e-01
      outer loop
         vertex 7.198004e+01 8.767879e+01 1.390804e+02
         vertex 7.162500e+01 8.761145e+01 1.393321e+02
         vertex 7.199052e+01 8.761145e+01 1.390951e+02
      endloop
   endfacet
   facet normal 5.950963e-01 2.585831e-01 7.609173e-01
      outer loop
         vertex 7.198004e+01 8.767879e+01 1.390804e+02
         vertex 7.199052e+01 8.761145e+01 1.390951e+02
         vertex 7.232193e+01 8.767879e+01 1.388131e+02
      endloop
   endfacet
   facet normal 5.950964e-01 2.585827e-01 7.609174e-01
      outer loop
         vertex 7.232193e+01 8.767879e+01 1.388131e+02
         vertex 7.199052e+01 8.761145e+01 1.390951e+02
         vertex 7.233366e+01 8.761145e+01 1.388268e+02
      endloop
   endfacet
   facet normal 6.600178e-01 2.585826e-01 7.053450e-01
      outer loop
         vertex 7.232193e+01 8.767879e+01 1.388131e+02
         vertex 7.233366e+01 8.761145e+01 1.388268e+02
         vertex 7.263884e+01 8.767879e+01 1.385165e+02
      endloop
   endfacet
   facet normal 6.600179e-01 2.585823e-01 7.053450e-01
      outer loop
         vertex 7.263884e+01 8.767879e+01 1.385165e+02
         vertex 7.233366e+01 8.761145e+01 1.388268e+02
         vertex 7.265174e+01 8.761145e+01 1.385291e+02
      endloop
   endfacet
   facet normal 7.197734e-01 2.585820e-01 6.442528e-01
      outer loop
         vertex 7.263884e+01 8.767879e+01 1.385165e+02
         vertex 7.265174e+01 8.761145e+01 1.385291e+02
         vertex 7.292831e+01 8.767879e+01 1.381931e+02
      endloop
   endfacet
   facet normal 7.197744e-01 2.585788e-01 6.442530e-01
      outer loop
         vertex 7.292831e+01 8.767879e+01 1.381931e+02
         vertex 7.265174e+01 8.761145e+01 1.385291e+02
         vertex 7.294228e+01 8.761145e+01 1.382045e+02
      endloop
   endfacet
   facet normal 7.738970e-01 2.585787e-01 5.781180e-01
      outer loop
         vertex 7.292831e+01 8.767879e+01 1.381931e+02
         vertex 7.294228e+01 8.761145e+01 1.382045e+02
         vertex 7.318806e+01 8.767879e+01 1.378454e+02
      endloop
   endfacet
   facet normal 7.738947e-01 2.585861e-01 5.781178e-01
      outer loop
         vertex 7.318806e+01 8.767879e+01 1.378454e+02
         vertex 7.294228e+01 8.761145e+01 1.382045e+02
         vertex 7.320298e+01 8.761145e+01 1.378555e+02
      endloop
   endfacet
   facet normal 8.219605e-01 2.585862e-01 5.074584e-01
      outer loop
         vertex 7.318806e+01 8.767879e+01 1.378454e+02
         vertex 7.320298e+01 8.761145e+01 1.378555e+02
         vertex 7.341607e+01 8.767879e+01 1.374761e+02
      endloop
   endfacet
   facet normal 8.219626e-01 2.585795e-01 5.074584e-01
      outer loop
         vertex 7.341607e+01 8.767879e+01 1.374761e+02
         vertex 7.320298e+01 8.761145e+01 1.378555e+02
         vertex 7.343182e+01 8.761145e+01 1.374849e+02
      endloop
   endfacet
   facet normal 8.635953e-01 2.585794e-01 4.328276e-01
      outer loop
         vertex 7.341607e+01 8.767879e+01 1.374761e+02
         vertex 7.343182e+01 8.761145e+01 1.374849e+02
         vertex 7.361054e+01 8.767879e+01 1.370881e+02
      endloop
   endfacet
   facet normal 8.635944e-01 2.585824e-01 4.328277e-01
      outer loop
         vertex 7.361054e+01 8.767879e+01 1.370881e+02
         vertex 7.343182e+01 8.761145e+01 1.374849e+02
         vertex 7.362701e+01 8.761145e+01 1.370954e+02
      endloop
   endfacet
   facet normal 8.984684e-01 2.585826e-01 3.548093e-01
      outer loop
         vertex 7.361054e+01 8.767879e+01 1.370881e+02
         vertex 7.362701e+01 8.761145e+01 1.370954e+02
         vertex 7.376995e+01 8.767879e+01 1.366844e+02
      endloop
   endfacet
   facet normal 8.984682e-01 2.585831e-01 3.548093e-01
      outer loop
         vertex 7.376995e+01 8.767879e+01 1.366844e+02
         vertex 7.362701e+01 8.761145e+01 1.370954e+02
         vertex 7.378702e+01 8.761145e+01 1.366903e+02
      endloop
   endfacet
   facet normal 9.263103e-01 2.585831e-01 2.740146e-01
      outer loop
         vertex 7.376995e+01 8.767879e+01 1.366844e+02
         vertex 7.378702e+01 8.761145e+01 1.366903e+02
         vertex 7.389307e+01 8.767879e+01 1.362682e+02
      endloop
   endfacet
   facet normal 9.263112e-01 2.585800e-01 2.740144e-01
      outer loop
         vertex 7.389307e+01 8.767879e+01 1.362682e+02
         vertex 7.378702e+01 8.761145e+01 1.366903e+02
         vertex 7.391059e+01 8.761145e+01 1.362725e+02
      endloop
   endfacet
   facet normal 9.469039e-01 2.585799e-01 1.910745e-01
      outer loop
         vertex 7.389307e+01 8.767879e+01 1.362682e+02
         vertex 7.391059e+01 8.761145e+01 1.362725e+02
         vertex 7.397892e+01 8.767879e+01 1.358427e+02
      endloop
   endfacet
   facet normal 9.469034e-01 2.585815e-01 1.910747e-01
      outer loop
         vertex 7.397892e+01 8.767879e+01 1.358427e+02
         vertex 7.391059e+01 8.761145e+01 1.362725e+02
         vertex 7.399675e+01 8.761145e+01 1.358455e+02
      endloop
   endfacet
   facet normal 9.600853e-01 2.585814e-01 1.066392e-01
      outer loop
         vertex 7.397892e+01 8.767879e+01 1.358427e+02
         vertex 7.399675e+01 8.761145e+01 1.358455e+02
         vertex 7.402684e+01 8.767879e+01 1.354114e+02
      endloop
   endfacet
   facet normal 9.600854e-01 2.585810e-01 1.066391e-01
      outer loop
         vertex 7.402684e+01 8.767879e+01 1.354114e+02
         vertex 7.399675e+01 8.761145e+01 1.358455e+02
         vertex 7.404484e+01 8.761145e+01 1.354126e+02
      endloop
   endfacet
   facet normal 9.657532e-01 2.585810e-01 2.136979e-02
      outer loop
         vertex 7.402684e+01 8.767879e+01 1.354114e+02
         vertex 7.404484e+01 8.761145e+01 1.354126e+02
         vertex 7.403644e+01 8.767879e+01 1.349774e+02
      endloop
   endfacet
   facet normal 9.657529e-01 2.585819e-01 2.136994e-02
      outer loop
         vertex 7.403644e+01 8.767879e+01 1.349774e+02
         vertex 7.404484e+01 8.761145e+01 1.354126e+02
         vertex 7.405448e+01 8.761145e+01 1.349770e+02
      endloop
   endfacet
   facet normal 9.638624e-01 2.585819e-01 -6.406707e-02
      outer loop
         vertex 7.403644e+01 8.767879e+01 1.349774e+02
         vertex 7.405448e+01 8.761145e+01 1.349770e+02
         vertex 7.400765e+01 8.767879e+01 1.345444e+02
      endloop
   endfacet
   facet normal 9.638621e-01 2.585831e-01 -6.406686e-02
      outer loop
         vertex 7.400765e+01 8.767879e+01 1.345444e+02
         vertex 7.405448e+01 8.761145e+01 1.349770e+02
         vertex 7.402559e+01 8.761145e+01 1.345424e+02
      endloop
   endfacet
   facet normal 9.544280e-01 2.585831e-01 -1.490031e-01
      outer loop
         vertex 7.400765e+01 8.767879e+01 1.345444e+02
         vertex 7.402559e+01 8.761145e+01 1.345424e+02
         vertex 7.394070e+01 8.767879e+01 1.341155e+02
      endloop
   endfacet
   facet normal 9.544280e-01 2.585833e-01 -1.490030e-01
      outer loop
         vertex 7.394070e+01 8.767879e+01 1.341155e+02
         vertex 7.402559e+01 8.761145e+01 1.345424e+02
         vertex 7.395839e+01 8.761145e+01 1.341120e+02
      endloop
   endfacet
   facet normal 9.375244e-01 2.585833e-01 -2.327717e-01
      outer loop
         vertex 7.394070e+01 8.767879e+01 1.341155e+02
         vertex 7.395839e+01 8.761145e+01 1.341120e+02
         vertex 7.383612e+01 8.767879e+01 1.336943e+02
      endloop
   endfacet
   facet normal 9.375247e-01 2.585818e-01 -2.327721e-01
      outer loop
         vertex 7.383612e+01 8.767879e+01 1.336943e+02
         vertex 7.395839e+01 8.761145e+01 1.341120e+02
         vertex 7.385342e+01 8.761145e+01 1.336892e+02
      endloop
   endfacet
   facet normal 9.132834e-01 2.585818e-01 -3.147204e-01
      outer loop
         vertex 7.383612e+01 8.767879e+01 1.336943e+02
         vertex 7.385342e+01 8.761145e+01 1.336892e+02
         vertex 7.369471e+01 8.767879e+01 1.332840e+02
      endloop
   endfacet
   facet normal 9.132831e-01 2.585830e-01 -3.147201e-01
      outer loop
         vertex 7.369471e+01 8.767879e+01 1.332840e+02
         vertex 7.385342e+01 8.761145e+01 1.336892e+02
         vertex 7.371150e+01 8.761145e+01 1.332773e+02
      endloop
   endfacet
   facet normal 8.818944e-01 2.585830e-01 -3.942042e-01
      outer loop
         vertex 7.369471e+01 8.767879e+01 1.332840e+02
         vertex 7.371150e+01 8.761145e+01 1.332773e+02
         vertex 7.351759e+01 8.767879e+01 1.328877e+02
      endloop
   endfacet
   facet normal 8.818945e-01 2.585825e-01 -3.942044e-01
      outer loop
         vertex 7.351759e+01 8.767879e+01 1.328877e+02
         vertex 7.371150e+01 8.761145e+01 1.332773e+02
         vertex 7.353373e+01 8.761145e+01 1.328796e+02
      endloop
   endfacet
   facet normal 8.436038e-01 2.585826e-01 -4.706036e-01
      outer loop
         vertex 7.351759e+01 8.767879e+01 1.328877e+02
         vertex 7.353373e+01 8.761145e+01 1.328796e+02
         vertex 7.330615e+01 8.767879e+01 1.325087e+02
      endloop
   endfacet
   facet normal 8.436039e-01 2.585815e-01 -4.706039e-01
      outer loop
         vertex 7.330615e+01 8.767879e+01 1.325087e+02
         vertex 7.353373e+01 8.761145e+01 1.328796e+02
         vertex 7.332150e+01 8.761145e+01 1.324992e+02
      endloop
   endfacet
   facet normal 7.987107e-01 2.585817e-01 -5.433201e-01
      outer loop
         vertex 7.330615e+01 8.767879e+01 1.325087e+02
         vertex 7.332150e+01 8.761145e+01 1.324992e+02
         vertex 7.306203e+01 8.767879e+01 1.321498e+02
      endloop
   endfacet
   facet normal 7.987106e-01 2.585822e-01 -5.433200e-01
      outer loop
         vertex 7.306203e+01 8.767879e+01 1.321498e+02
         vertex 7.332150e+01 8.761145e+01 1.324992e+02
         vertex 7.307649e+01 8.761145e+01 1.321390e+02
      endloop
   endfacet
   facet normal 7.475663e-01 2.585821e-01 -6.117843e-01
      outer loop
         vertex 7.306203e+01 8.767879e+01 1.321498e+02
         vertex 7.307649e+01 8.761145e+01 1.321390e+02
         vertex 7.278715e+01 8.767879e+01 1.318139e+02
      endloop
   endfacet
   facet normal 7.475661e-01 2.585841e-01 -6.117837e-01
      outer loop
         vertex 7.278715e+01 8.767879e+01 1.318139e+02
         vertex 7.307649e+01 8.761145e+01 1.321390e+02
         vertex 7.280060e+01 8.761145e+01 1.318019e+02
      endloop
   endfacet
   facet normal 6.905716e-01 2.585842e-01 -6.754592e-01
      outer loop
         vertex 7.278715e+01 8.767879e+01 1.318139e+02
         vertex 7.280060e+01 8.761145e+01 1.318019e+02
         vertex 7.248367e+01 8.767879e+01 1.315037e+02
      endloop
   endfacet
   facet normal 6.905719e-01 2.585805e-01 -6.754603e-01
      outer loop
         vertex 7.248367e+01 8.767879e+01 1.315037e+02
         vertex 7.280060e+01 8.761145e+01 1.318019e+02
         vertex 7.249600e+01 8.761145e+01 1.314905e+02
      endloop
   endfacet
   facet normal 6.281722e-01 2.585805e-01 -7.338500e-01
      outer loop
         vertex 7.248367e+01 8.767879e+01 1.315037e+02
         vertex 7.249600e+01 8.761145e+01 1.314905e+02
         vertex 7.215394e+01 8.767879e+01 1.312214e+02
      endloop
   endfacet
   facet normal 6.281721e-01 2.585817e-01 -7.338497e-01
      outer loop
         vertex 7.215394e+01 8.767879e+01 1.312214e+02
         vertex 7.249600e+01 8.761145e+01 1.314905e+02
         vertex 7.216506e+01 8.761145e+01 1.312072e+02
      endloop
   endfacet
   facet normal 5.608560e-01 2.585817e-01 -7.864961e-01
      outer loop
         vertex 7.215394e+01 8.767879e+01 1.312214e+02
         vertex 7.216506e+01 8.761145e+01 1.312072e+02
         vertex 7.180057e+01 8.767879e+01 1.309694e+02
      endloop
   endfacet
   facet normal 5.608559e-01 2.585856e-01 -7.864948e-01
      outer loop
         vertex 7.180057e+01 8.767879e+01 1.309694e+02
         vertex 7.216506e+01 8.761145e+01 1.312072e+02
         vertex 7.181038e+01 8.761145e+01 1.309543e+02
      endloop
   endfacet
   facet normal 4.891506e-01 2.585857e-01 -8.329857e-01
      outer loop
         vertex 7.180057e+01 8.767879e+01 1.309694e+02
         vertex 7.181038e+01 8.761145e+01 1.309543e+02
         vertex 7.142630e+01 8.767879e+01 1.307497e+02
      endloop
   endfacet
   facet normal 4.891505e-01 2.585810e-01 -8.329872e-01
      outer loop
         vertex 7.142630e+01 8.767879e+01 1.307497e+02
         vertex 7.181038e+01 8.761145e+01 1.309543e+02
         vertex 7.143474e+01 8.761145e+01 1.307337e+02
      endloop
   endfacet
   facet normal 4.136174e-01 2.585810e-01 -8.729585e-01
      outer loop
         vertex 7.142630e+01 8.767879e+01 1.307497e+02
         vertex 7.143474e+01 8.761145e+01 1.307337e+02
         vertex 7.103408e+01 8.767879e+01 1.305638e+02
      endloop
   endfacet
   facet normal 4.136175e-01 2.585817e-01 -8.729582e-01
      outer loop
         vertex 7.103408e+01 8.767879e+01 1.305638e+02
         vertex 7.143474e+01 8.761145e+01 1.307337e+02
         vertex 7.104107e+01 8.761145e+01 1.305472e+02
      endloop
   endfacet
   facet normal 3.348467e-01 2.585815e-01 -9.060978e-01
      outer loop
         vertex 7.103408e+01 8.767879e+01 1.305638e+02
         vertex 7.104107e+01 8.761145e+01 1.305472e+02
         vertex 7.062696e+01 8.767879e+01 1.304134e+02
      endloop
   endfacet
   facet normal 3.348468e-01 2.585835e-01 -9.060972e-01
      outer loop
         vertex 7.062696e+01 8.767879e+01 1.304134e+02
         vertex 7.104107e+01 8.761145e+01 1.305472e+02
         vertex 7.063246e+01 8.761145e+01 1.303962e+02
      endloop
   endfacet
   facet normal 2.534550e-01 2.585835e-01 -9.321455e-01
      outer loop
         vertex 7.062696e+01 8.767879e+01 1.304134e+02
         vertex 7.063246e+01 8.761145e+01 1.303962e+02
         vertex 7.020814e+01 8.767879e+01 1.302995e+02
      endloop
   endfacet
   facet normal 2.534552e-01 2.585860e-01 -9.321447e-01
      outer loop
         vertex 7.020814e+01 8.767879e+01 1.302995e+02
         vertex 7.063246e+01 8.761145e+01 1.303962e+02
         vertex 7.021210e+01 8.761145e+01 1.302819e+02
      endloop
   endfacet
   facet normal 1.700800e-01 2.585861e-01 -9.508975e-01
      outer loop
         vertex 7.020814e+01 8.767879e+01 1.302995e+02
         vertex 7.021210e+01 8.761145e+01 1.302819e+02
         vertex 6.978090e+01 8.767879e+01 1.302231e+02
      endloop
   endfacet
   facet normal 1.700797e-01 2.585835e-01 -9.508982e-01
      outer loop
         vertex 6.978090e+01 8.767879e+01 1.302231e+02
         vertex 7.021210e+01 8.761145e+01 1.302819e+02
         vertex 6.978329e+01 8.761145e+01 1.302052e+02
      endloop
   endfacet
   facet normal 8.537463e-02 2.585835e-01 -9.622088e-01
      outer loop
         vertex 6.978090e+01 8.767879e+01 1.302231e+02
         vertex 6.978329e+01 8.761145e+01 1.302052e+02
         vertex 6.934857e+01 8.767879e+01 1.301847e+02
      endloop
   endfacet
   facet normal 8.537410e-02 2.585798e-01 -9.622098e-01
      outer loop
         vertex 6.934857e+01 8.767879e+01 1.301847e+02
         vertex 6.978329e+01 8.761145e+01 1.302052e+02
         vertex 6.934937e+01 8.761145e+01 1.301667e+02
      endloop
   endfacet
   facet normal 0.000000e+00 2.585798e-01 -9.659899e-01
      outer loop
         vertex 6.934857e+01 8.767879e+01 1.301847e+02
         vertex 6.934937e+01 8.761145e+01 1.301667e+02
         vertex 6.891455e+01 8.767879e+01 1.301847e+02
      endloop
   endfacet
   facet normal 0.000000e+00 2.585798e-01 -9.659899e-01
      outer loop
         vertex 6.891455e+01 8.767879e+01 1.301847e+02
         vertex 6.934937e+01 8.761145e+01 1.301667e+02
         vertex 6.891375e+01 8.761145e+01 1.301667e+02
      endloop
   endfacet
   facet normal -8.537472e-02 2.585798e-01 -9.622098e-01
      outer loop
         vertex 6.891455e+01 8.767879e+01 1.301847e+02
         vertex 6.891375e+01 8.761145e+01 1.301667e+02
         vertex 6.848222e+01 8.767879e+01 1.302231e+02
      endloop
   endfacet
   facet normal -8.537401e-02 2.585835e-01 -9.622088e-01
      outer loop
         vertex 6.848222e+01 8.767879e+01 1.302231e+02
         vertex 6.891375e+01 8.761145e+01 1.301667e+02
         vertex 6.847983e+01 8.761145e+01 1.302052e+02
      endloop
   endfacet
   facet normal -1.700801e-01 2.585835e-01 -9.508982e-01
      outer loop
         vertex 6.848222e+01 8.767879e+01 1.302231e+02
         vertex 6.847983e+01 8.761145e+01 1.302052e+02
         vertex 6.805498e+01 8.767879e+01 1.302995e+02
      endloop
   endfacet
   facet normal -1.700796e-01 2.585861e-01 -9.508976e-01
      outer loop
         vertex 6.805498e+01 8.767879e+01 1.302995e+02
         vertex 6.847983e+01 8.761145e+01 1.302052e+02
         vertex 6.805102e+01 8.761145e+01 1.302819e+02
      endloop
   endfacet
   facet normal -2.534548e-01 2.585860e-01 -9.321448e-01
      outer loop
         vertex 6.805498e+01 8.767879e+01 1.302995e+02
         vertex 6.805102e+01 8.761145e+01 1.302819e+02
         vertex 6.763616e+01 8.767879e+01 1.304134e+02
      endloop
   endfacet
   facet normal -2.534554e-01 2.585835e-01 -9.321454e-01
      outer loop
         vertex 6.763616e+01 8.767879e+01 1.304134e+02
         vertex 6.805102e+01 8.761145e+01 1.302819e+02
         vertex 6.763066e+01 8.761145e+01 1.303962e+02
      endloop
   endfacet
   facet normal -3.348465e-01 2.585835e-01 -9.060973e-01
      outer loop
         vertex 6.763616e+01 8.767879e+01 1.304134e+02
         vertex 6.763066e+01 8.761145e+01 1.303962e+02
         vertex 6.722905e+01 8.767879e+01 1.305638e+02
      endloop
   endfacet
   facet normal -3.348470e-01 2.585815e-01 -9.060977e-01
      outer loop
         vertex 6.722905e+01 8.767879e+01 1.305638e+02
         vertex 6.763066e+01 8.761145e+01 1.303962e+02
         vertex 6.722205e+01 8.761145e+01 1.305472e+02
      endloop
   endfacet
   facet normal -4.136174e-01 2.585817e-01 -8.729583e-01
      outer loop
         vertex 6.722905e+01 8.767879e+01 1.305638e+02
         vertex 6.722205e+01 8.761145e+01 1.305472e+02
         vertex 6.683682e+01 8.767879e+01 1.307497e+02
      endloop
   endfacet
   facet normal -4.136176e-01 2.585810e-01 -8.729584e-01
      outer loop
         vertex 6.683682e+01 8.767879e+01 1.307497e+02
         vertex 6.722205e+01 8.761145e+01 1.305472e+02
         vertex 6.682838e+01 8.761145e+01 1.307337e+02
      endloop
   endfacet
   facet normal -4.891512e-01 2.585810e-01 -8.329868e-01
      outer loop
         vertex 6.683682e+01 8.767879e+01 1.307497e+02
         vertex 6.682838e+01 8.761145e+01 1.307337e+02
         vertex 6.646255e+01 8.767879e+01 1.309694e+02
      endloop
   endfacet
   facet normal -4.891499e-01 2.585857e-01 -8.329861e-01
      outer loop
         vertex 6.646255e+01 8.767879e+01 1.309694e+02
         vertex 6.682838e+01 8.761145e+01 1.307337e+02
         vertex 6.645274e+01 8.761145e+01 1.309543e+02
      endloop
   endfacet
   facet normal -5.608554e-01 2.585856e-01 -7.864952e-01
      outer loop
         vertex 6.646255e+01 8.767879e+01 1.309694e+02
         vertex 6.645274e+01 8.761145e+01 1.309543e+02
         vertex 6.610918e+01 8.767879e+01 1.312214e+02
      endloop
   endfacet
   facet normal -5.608565e-01 2.585817e-01 -7.864957e-01
      outer loop
         vertex 6.610918e+01 8.767879e+01 1.312214e+02
         vertex 6.645274e+01 8.761145e+01 1.309543e+02
         vertex 6.609806e+01 8.761145e+01 1.312072e+02
      endloop
   endfacet
   facet normal -6.281720e-01 2.585817e-01 -7.338498e-01
      outer loop
         vertex 6.610918e+01 8.767879e+01 1.312214e+02
         vertex 6.609806e+01 8.761145e+01 1.312072e+02
         vertex 6.577946e+01 8.767879e+01 1.315037e+02
      endloop
   endfacet
   facet normal -6.281723e-01 2.585805e-01 -7.338499e-01
      outer loop
         vertex 6.577946e+01 8.767879e+01 1.315037e+02
         vertex 6.609806e+01 8.761145e+01 1.312072e+02
         vertex 6.576713e+01 8.761145e+01 1.314905e+02
      endloop
   endfacet
   facet normal -6.905723e-01 2.585805e-01 -6.754599e-01
      outer loop
         vertex 6.577946e+01 8.767879e+01 1.315037e+02
         vertex 6.576713e+01 8.761145e+01 1.314905e+02
         vertex 6.547597e+01 8.767879e+01 1.318139e+02
      endloop
   endfacet
   facet normal -6.905712e-01 2.585842e-01 -6.754596e-01
      outer loop
         vertex 6.547597e+01 8.767879e+01 1.318139e+02
         vertex 6.576713e+01 8.761145e+01 1.314905e+02
         vertex 6.546252e+01 8.761145e+01 1.318019e+02
      endloop
   endfacet
   facet normal -7.475658e-01 2.585841e-01 -6.117839e-01
      outer loop
         vertex 6.547597e+01 8.767879e+01 1.318139e+02
         vertex 6.546252e+01 8.761145e+01 1.318019e+02
         vertex 6.520109e+01 8.767879e+01 1.321498e+02
      endloop
   endfacet
   facet normal -7.475665e-01 2.585821e-01 -6.117840e-01
      outer loop
         vertex 6.520109e+01 8.767879e+01 1.321498e+02
         vertex 6.546252e+01 8.761145e+01 1.318019e+02
         vertex 6.518663e+01 8.761145e+01 1.321390e+02
      endloop
   endfacet
   facet normal -7.987106e-01 2.585822e-01 -5.433200e-01
      outer loop
         vertex 6.520109e+01 8.767879e+01 1.321498e+02
         vertex 6.518663e+01 8.761145e+01 1.321390e+02
         vertex 6.495697e+01 8.767879e+01 1.325087e+02
      endloop
   endfacet
   facet normal -7.987107e-01 2.585817e-01 -5.433200e-01
      outer loop
         vertex 6.495697e+01 8.767879e+01 1.325087e+02
         vertex 6.518663e+01 8.761145e+01 1.321390e+02
         vertex 6.494162e+01 8.761145e+01 1.324992e+02
      endloop
   endfacet
   facet normal -8.436040e-01 2.585815e-01 -4.706037e-01
      outer loop
         vertex 6.495697e+01 8.767879e+01 1.325087e+02
         vertex 6.494162e+01 8.761145e+01 1.324992e+02
         vertex 6.474553e+01 8.767879e+01 1.328877e+02
      endloop
   endfacet
   facet normal -8.436037e-01 2.585826e-01 -4.706037e-01
      outer loop
         vertex 6.474553e+01 8.767879e+01 1.328877e+02
         vertex 6.494162e+01 8.761145e+01 1.324992e+02
         vertex 6.472939e+01 8.761145e+01 1.328796e+02
      endloop
   endfacet
   facet normal -8.818946e-01 2.585825e-01 -3.942043e-01
      outer loop
         vertex 6.474553e+01 8.767879e+01 1.328877e+02
         vertex 6.472939e+01 8.761145e+01 1.328796e+02
         vertex 6.456841e+01 8.767879e+01 1.332840e+02
      endloop
   endfacet
   facet normal -8.818944e-01 2.585830e-01 -3.942043e-01
      outer loop
         vertex 6.456841e+01 8.767879e+01 1.332840e+02
         vertex 6.472939e+01 8.761145e+01 1.328796e+02
         vertex 6.455162e+01 8.761145e+01 1.332773e+02
      endloop
   endfacet
   facet normal -9.132831e-01 2.585830e-01 -3.147203e-01
      outer loop
         vertex 6.456841e+01 8.767879e+01 1.332840e+02
         vertex 6.455162e+01 8.761145e+01 1.332773e+02
         vertex 6.442700e+01 8.767879e+01 1.336943e+02
      endloop
   endfacet
   facet normal -9.132834e-01 2.585818e-01 -3.147202e-01
      outer loop
         vertex 6.442700e+01 8.767879e+01 1.336943e+02
         vertex 6.455162e+01 8.761145e+01 1.332773e+02
         vertex 6.440970e+01 8.761145e+01 1.336892e+02
      endloop
   endfacet
   facet normal -9.375248e-01 2.585818e-01 -2.327718e-01
      outer loop
         vertex 6.442700e+01 8.767879e+01 1.336943e+02
         vertex 6.440970e+01 8.761145e+01 1.336892e+02
         vertex 6.432242e+01 8.767879e+01 1.341155e+02
      endloop
   endfacet
   facet normal -9.375243e-01 2.585833e-01 -2.327720e-01
      outer loop
         vertex 6.432242e+01 8.767879e+01 1.341155e+02
         vertex 6.440970e+01 8.761145e+01 1.336892e+02
         vertex 6.430473e+01 8.761145e+01 1.341120e+02
      endloop
   endfacet
   facet normal -9.544280e-01 2.585833e-01 -1.490031e-01
      outer loop
         vertex 6.432242e+01 8.767879e+01 1.341155e+02
         vertex 6.430473e+01 8.761145e+01 1.341120e+02
         vertex 6.425547e+01 8.767879e+01 1.345444e+02
      endloop
   endfacet
   facet normal -9.544280e-01 2.585831e-01 -1.490030e-01
      outer loop
         vertex 6.425547e+01 8.767879e+01 1.345444e+02
         vertex 6.430473e+01 8.761145e+01 1.341120e+02
         vertex 6.423753e+01 8.761145e+01 1.345424e+02
      endloop
   endfacet
   facet normal -9.638621e-01 2.585831e-01 -6.406705e-02
      outer loop
         vertex 6.425547e+01 8.767879e+01 1.345444e+02
         vertex 6.423753e+01 8.761145e+01 1.345424e+02
         vertex 6.422668e+01 8.767879e+01 1.349774e+02
      endloop
   endfacet
   facet normal -9.638624e-01 2.585820e-01 -6.406688e-02
      outer loop
         vertex 6.422668e+01 8.767879e+01 1.349774e+02
         vertex 6.423753e+01 8.761145e+01 1.345424e+02
         vertex 6.420864e+01 8.761145e+01 1.349770e+02
      endloop
   endfacet
   facet normal -9.657529e-01 2.585820e-01 2.136978e-02
      outer loop
         vertex 6.422668e+01 8.767879e+01 1.349774e+02
         vertex 6.420864e+01 8.761145e+01 1.349770e+02
         vertex 6.423629e+01 8.767879e+01 1.354114e+02
      endloop
   endfacet
   facet normal -9.657532e-01 2.585810e-01 2.136995e-02
      outer loop
         vertex 6.423629e+01 8.767879e+01 1.354114e+02
         vertex 6.420864e+01 8.761145e+01 1.349770e+02
         vertex 6.421828e+01 8.761145e+01 1.354126e+02
      endloop
   endfacet
   facet normal -9.600854e-01 2.585810e-01 1.066392e-01
      outer loop
         vertex 6.423629e+01 8.767879e+01 1.354114e+02
         vertex 6.421828e+01 8.761145e+01 1.354126e+02
         vertex 6.428420e+01 8.767879e+01 1.358427e+02
      endloop
   endfacet
   facet normal -9.600853e-01 2.585814e-01 1.066391e-01
      outer loop
         vertex 6.428420e+01 8.767879e+01 1.358427e+02
         vertex 6.421828e+01 8.761145e+01 1.354126e+02
         vertex 6.426637e+01 8.761145e+01 1.358455e+02
      endloop
   endfacet
   facet normal -9.469035e-01 2.585815e-01 1.910745e-01
      outer loop
         vertex 6.428420e+01 8.767879e+01 1.358427e+02
         vertex 6.426637e+01 8.761145e+01 1.358455e+02
         vertex 6.437005e+01 8.767879e+01 1.362682e+02
      endloop
   endfacet
   facet normal -9.469038e-01 2.585799e-01 1.910748e-01
      outer loop
         vertex 6.437005e+01 8.767879e+01 1.362682e+02
         vertex 6.426637e+01 8.761145e+01 1.358455e+02
         vertex 6.435254e+01 8.761145e+01 1.362725e+02
      endloop
   endfacet
   facet normal -9.263111e-01 2.585800e-01 2.740149e-01
      outer loop
         vertex 6.437005e+01 8.767879e+01 1.362682e+02
         vertex 6.435254e+01 8.761145e+01 1.362725e+02
         vertex 6.449317e+01 8.767879e+01 1.366844e+02
      endloop
   endfacet
   facet normal -9.263104e-01 2.585831e-01 2.740142e-01
      outer loop
         vertex 6.449317e+01 8.767879e+01 1.366844e+02
         vertex 6.435254e+01 8.761145e+01 1.362725e+02
         vertex 6.447611e+01 8.761145e+01 1.366903e+02
      endloop
   endfacet
   facet normal -8.984682e-01 2.585831e-01 3.548092e-01
      outer loop
         vertex 6.449317e+01 8.767879e+01 1.366844e+02
         vertex 6.447611e+01 8.761145e+01 1.366903e+02
         vertex 6.465258e+01 8.767879e+01 1.370881e+02
      endloop
   endfacet
   facet normal -8.984683e-01 2.585826e-01 3.548093e-01
      outer loop
         vertex 6.465258e+01 8.767879e+01 1.370881e+02
         vertex 6.447611e+01 8.761145e+01 1.366903e+02
         vertex 6.463611e+01 8.761145e+01 1.370954e+02
      endloop
   endfacet
   facet normal -8.635946e-01 2.585824e-01 4.328273e-01
      outer loop
         vertex 6.465258e+01 8.767879e+01 1.370881e+02
         vertex 6.463611e+01 8.761145e+01 1.370954e+02
         vertex 6.484706e+01 8.767879e+01 1.374761e+02
      endloop
   endfacet
   facet normal -8.635951e-01 2.585794e-01 4.328281e-01
      outer loop
         vertex 6.484706e+01 8.767879e+01 1.374761e+02
         vertex 6.463611e+01 8.761145e+01 1.370954e+02
         vertex 6.483130e+01 8.761145e+01 1.374849e+02
      endloop
   endfacet
   facet normal -8.219621e-01 2.585795e-01 5.074594e-01
      outer loop
         vertex 6.484706e+01 8.767879e+01 1.374761e+02
         vertex 6.483130e+01 8.761145e+01 1.374849e+02
         vertex 6.507506e+01 8.767879e+01 1.378454e+02
      endloop
   endfacet
   facet normal -8.219611e-01 2.585861e-01 5.074575e-01
      outer loop
         vertex 6.507506e+01 8.767879e+01 1.378454e+02
         vertex 6.483130e+01 8.761145e+01 1.374849e+02
         vertex 6.506014e+01 8.761145e+01 1.378555e+02
      endloop
   endfacet
   facet normal -7.738954e-01 2.585861e-01 5.781168e-01
      outer loop
         vertex 6.507506e+01 8.767879e+01 1.378454e+02
         vertex 6.506014e+01 8.761145e+01 1.378555e+02
         vertex 6.533481e+01 8.767879e+01 1.381931e+02
      endloop
   endfacet
   facet normal -7.738963e-01 2.585788e-01 5.781190e-01
      outer loop
         vertex 6.533481e+01 8.767879e+01 1.381931e+02
         vertex 6.506014e+01 8.761145e+01 1.378555e+02
         vertex 6.532085e+01 8.761145e+01 1.382045e+02
      endloop
   endfacet
   facet normal -7.197740e-01 2.585788e-01 6.442534e-01
      outer loop
         vertex 6.533481e+01 8.767879e+01 1.381931e+02
         vertex 6.532085e+01 8.761145e+01 1.382045e+02
         vertex 6.562428e+01 8.767879e+01 1.385165e+02
      endloop
   endfacet
   facet normal -7.197737e-01 2.585820e-01 6.442524e-01
      outer loop
         vertex 6.562428e+01 8.767879e+01 1.385165e+02
         vertex 6.532085e+01 8.761145e+01 1.382045e+02
         vertex 6.561138e+01 8.761145e+01 1.385291e+02
      endloop
   endfacet
   facet normal -6.600178e-01 2.585823e-01 7.053451e-01
      outer loop
         vertex 6.562428e+01 8.767879e+01 1.385165e+02
         vertex 6.561138e+01 8.761145e+01 1.385291e+02
         vertex 6.594119e+01 8.767879e+01 1.388131e+02
      endloop
   endfacet
   facet normal -6.600178e-01 2.585825e-01 7.053450e-01
      outer loop
         vertex 6.594119e+01 8.767879e+01 1.388131e+02
         vertex 6.561138e+01 8.761145e+01 1.385291e+02
         vertex 6.592946e+01 8.761145e+01 1.388268e+02
      endloop
   endfacet
   facet normal -5.950964e-01 2.585827e-01 7.609174e-01
      outer loop
         vertex 6.594119e+01 8.767879e+01 1.388131e+02
         vertex 6.592946e+01 8.761145e+01 1.388268e+02
         vertex 6.628308e+01 8.767879e+01 1.390804e+02
      endloop
   endfacet
   facet normal -5.950964e-01 2.585831e-01 7.609173e-01
      outer loop
         vertex 6.628308e+01 8.767879e+01 1.390804e+02
         vertex 6.592946e+01 8.761145e+01 1.388268e+02
         vertex 6.627260e+01 8.761145e+01 1.390951e+02
      endloop
   endfacet
   facet normal -5.255177e-01 2.585832e-01 8.105343e-01
      outer loop
         vertex 6.628308e+01 8.767879e+01 1.390804e+02
         vertex 6.627260e+01 8.761145e+01 1.390951e+02
         vertex 6.664726e+01 8.767879e+01 1.393166e+02
      endloop
   endfacet
   facet normal -5.255177e-01 2.585824e-01 8.105346e-01
      outer loop
         vertex 6.664726e+01 8.767879e+01 1.393166e+02
         vertex 6.627260e+01 8.761145e+01 1.390951e+02
         vertex 6.663812e+01 8.761145e+01 1.393321e+02
      endloop
   endfacet
   facet normal -4.518265e-01 2.585823e-01 8.538079e-01
      outer loop
         vertex 6.664726e+01 8.767879e+01 1.393166e+02
         vertex 6.663812e+01 8.761145e+01 1.393321e+02
         vertex 6.703088e+01 8.767879e+01 1.395196e+02
      endloop
   endfacet
   facet normal -4.518265e-01 2.585797e-01 8.538087e-01
      outer loop
         vertex 6.703088e+01 8.767879e+01 1.395196e+02
         vertex 6.663812e+01 8.761145e+01 1.393321e+02
         vertex 6.702315e+01 8.761145e+01 1.395359e+02
      endloop
   endfacet
   facet normal -3.745983e-01 2.585796e-01 8.904003e-01
      outer loop
         vertex 6.703088e+01 8.767879e+01 1.395196e+02
         vertex 6.702315e+01 8.761145e+01 1.395359e+02
         vertex 6.743094e+01 8.767879e+01 1.396879e+02
      endloop
   endfacet
   facet normal -3.745986e-01 2.585851e-01 8.903986e-01
      outer loop
         vertex 6.743094e+01 8.767879e+01 1.396879e+02
         vertex 6.702315e+01 8.761145e+01 1.395359e+02
         vertex 6.742468e+01 8.761145e+01 1.397048e+02
      endloop
   endfacet
   facet normal -2.944391e-01 2.585851e-01 9.200214e-01
      outer loop
         vertex 6.743094e+01 8.767879e+01 1.396879e+02
         vertex 6.742468e+01 8.761145e+01 1.397048e+02
         vertex 6.784431e+01 8.767879e+01 1.398202e+02
      endloop
   endfacet
   facet normal -2.944390e-01 2.585832e-01 9.200219e-01
      outer loop
         vertex 6.784431e+01 8.767879e+01 1.398202e+02
         vertex 6.742468e+01 8.761145e+01 1.397048e+02
         vertex 6.783957e+01 8.761145e+01 1.398376e+02
      endloop
   endfacet
   facet normal -2.119749e-01 2.585833e-01 9.424443e-01
      outer loop
         vertex 6.784431e+01 8.767879e+01 1.398202e+02
         vertex 6.783957e+01 8.761145e+01 1.398376e+02
         vertex 6.826776e+01 8.767879e+01 1.399154e+02
      endloop
   endfacet
   facet normal -2.119752e-01 2.585863e-01 9.424435e-01
      outer loop
         vertex 6.826776e+01 8.767879e+01 1.399154e+02
         vertex 6.783957e+01 8.761145e+01 1.398376e+02
         vertex 6.826458e+01 8.761145e+01 1.399332e+02
      endloop
   endfacet
   facet normal -1.278529e-01 2.585864e-01 9.574898e-01
      outer loop
         vertex 6.826776e+01 8.767879e+01 1.399154e+02
         vertex 6.826458e+01 8.761145e+01 1.399332e+02
         vertex 6.869796e+01 8.767879e+01 1.399729e+02
      endloop
   endfacet
   facet normal -1.278521e-01 2.585806e-01 9.574915e-01
      outer loop
         vertex 6.869796e+01 8.767879e+01 1.399729e+02
         vertex 6.826458e+01 8.761145e+01 1.399332e+02
         vertex 6.869637e+01 8.761145e+01 1.399908e+02
      endloop
   endfacet
   facet normal -4.272881e-02 2.585805e-01 9.650442e-01
      outer loop
         vertex 6.869796e+01 8.767879e+01 1.399729e+02
         vertex 6.869637e+01 8.761145e+01 1.399908e+02
         vertex 6.913156e+01 8.767879e+01 1.399921e+02
      endloop
   endfacet
   facet normal -4.272914e-02 2.585827e-01 9.650436e-01
      outer loop
         vertex 6.913156e+01 8.767879e+01 1.399921e+02
         vertex 6.869637e+01 8.761145e+01 1.399908e+02
         vertex 6.913156e+01 8.761145e+01 1.400101e+02
      endloop
   endfacet
   facet normal 4.272878e-02 2.585827e-01 9.650437e-01
      outer loop
         vertex 6.913156e+01 8.767879e+01 1.399921e+02
         vertex 6.913156e+01 8.761145e+01 1.400101e+02
         vertex 6.956516e+01 8.767879e+01 1.399729e+02
      endloop
   endfacet
   facet normal 4.272917e-02 2.585805e-01 9.650442e-01
      outer loop
         vertex 6.956516e+01 8.767879e+01 1.399729e+02
         vertex 6.913156e+01 8.761145e+01 1.400101e+02
         vertex 6.956676e+01 8.761145e+01 1.399908e+02
      endloop
   endfacet
   facet normal 1.199740e-01 4.222781e-01 8.984918e-01
      outer loop
         vertex 6.956676e+01 8.761145e+01 1.399908e+02
         vertex 6.956936e+01 8.754825e+01 1.400202e+02
         vertex 6.999854e+01 8.761145e+01 1.399332e+02
      endloop
   endfacet
   facet normal 1.199738e-01 4.222789e-01 8.984914e-01
      outer loop
         vertex 6.999854e+01 8.761145e+01 1.399332e+02
         vertex 6.956936e+01 8.754825e+01 1.400202e+02
         vertex 7.000373e+01 8.754825e+01 1.399622e+02
      endloop
   endfacet
   facet normal 1.989137e-01 4.222789e-01 8.843720e-01
      outer loop
         vertex 6.999854e+01 8.761145e+01 1.399332e+02
         vertex 7.000373e+01 8.754825e+01 1.399622e+02
         vertex 7.042355e+01 8.761145e+01 1.398376e+02
      endloop
   endfacet
   facet normal 1.989142e-01 4.222772e-01 8.843727e-01
      outer loop
         vertex 7.042355e+01 8.761145e+01 1.398376e+02
         vertex 7.000373e+01 8.754825e+01 1.399622e+02
         vertex 7.043128e+01 8.754825e+01 1.398660e+02
      endloop
   endfacet
   facet normal 2.762963e-01 4.222773e-01 8.633321e-01
      outer loop
         vertex 7.042355e+01 8.761145e+01 1.398376e+02
         vertex 7.043128e+01 8.754825e+01 1.398660e+02
         vertex 7.083844e+01 8.761145e+01 1.397048e+02
      endloop
   endfacet
   facet normal 2.762965e-01 4.222764e-01 8.633324e-01
      outer loop
         vertex 7.083844e+01 8.761145e+01 1.397048e+02
         vertex 7.043128e+01 8.754825e+01 1.398660e+02
         vertex 7.084865e+01 8.754825e+01 1.397324e+02
      endloop
   endfacet
   facet normal 3.515169e-01 4.222763e-01 8.355349e-01
      outer loop
         vertex 7.083844e+01 8.761145e+01 1.397048e+02
         vertex 7.084865e+01 8.754825e+01 1.397324e+02
         vertex 7.123997e+01 8.761145e+01 1.395359e+02
      endloop
   endfacet
   facet normal 3.515161e-01 4.222787e-01 8.355340e-01
      outer loop
         vertex 7.123997e+01 8.761145e+01 1.395359e+02
         vertex 7.084865e+01 8.754825e+01 1.397324e+02
         vertex 7.125259e+01 8.754825e+01 1.395625e+02
      endloop
   endfacet
   facet normal 4.239852e-01 4.222785e-01 8.011975e-01
      outer loop
         vertex 7.123997e+01 8.761145e+01 1.395359e+02
         vertex 7.125259e+01 8.754825e+01 1.395625e+02
         vertex 7.162500e+01 8.761145e+01 1.393321e+02
      endloop
   endfacet
   facet normal 4.239851e-01 4.222786e-01 8.011975e-01
      outer loop
         vertex 7.162500e+01 8.761145e+01 1.393321e+02
         vertex 7.125259e+01 8.754825e+01 1.395625e+02
         vertex 7.163992e+01 8.754825e+01 1.393575e+02
      endloop
   endfacet
   facet normal 4.931360e-01 4.222785e-01 7.605904e-01
      outer loop
         vertex 7.162500e+01 8.761145e+01 1.393321e+02
         vertex 7.163992e+01 8.754825e+01 1.393575e+02
         vertex 7.199052e+01 8.761145e+01 1.390951e+02
      endloop
   endfacet
   facet normal 4.931357e-01 4.222791e-01 7.605903e-01
      outer loop
         vertex 7.199052e+01 8.761145e+01 1.390951e+02
         vertex 7.163992e+01 8.754825e+01 1.393575e+02
         vertex 7.200763e+01 8.754825e+01 1.391191e+02
      endloop
   endfacet
   facet normal 5.584272e-01 4.222790e-01 7.140304e-01
      outer loop
         vertex 7.199052e+01 8.761145e+01 1.390951e+02
         vertex 7.200763e+01 8.754825e+01 1.391191e+02
         vertex 7.233366e+01 8.761145e+01 1.388268e+02
      endloop
   endfacet
   facet normal 5.584269e-01 4.222797e-01 7.140303e-01
      outer loop
         vertex 7.233366e+01 8.761145e+01 1.388268e+02
         vertex 7.200763e+01 8.754825e+01 1.391191e+02
         vertex 7.235282e+01 8.754825e+01 1.388492e+02
      endloop
   endfacet
   facet normal 6.193479e-01 4.222799e-01 6.618821e-01
      outer loop
         vertex 7.233366e+01 8.761145e+01 1.388268e+02
         vertex 7.235282e+01 8.754825e+01 1.388492e+02
         vertex 7.265174e+01 8.761145e+01 1.385291e+02
      endloop
   endfacet
   facet normal 6.193484e-01 4.222788e-01 6.618823e-01
      outer loop
         vertex 7.265174e+01 8.761145e+01 1.385291e+02
         vertex 7.235282e+01 8.754825e+01 1.388492e+02
         vertex 7.267281e+01 8.754825e+01 1.385497e+02
      endloop
   endfacet
   facet normal 6.754220e-01 4.222787e-01 6.045542e-01
      outer loop
         vertex 7.265174e+01 8.761145e+01 1.385291e+02
         vertex 7.267281e+01 8.754825e+01 1.385497e+02
         vertex 7.294228e+01 8.761145e+01 1.382045e+02
      endloop
   endfacet
   facet normal 6.754204e-01 4.222822e-01 6.045536e-01
      outer loop
         vertex 7.294228e+01 8.761145e+01 1.382045e+02
         vertex 7.267281e+01 8.754825e+01 1.385497e+02
         vertex 7.296508e+01 8.754825e+01 1.382232e+02
      endloop
   endfacet
   facet normal 7.262076e-01 4.222823e-01 5.424944e-01
      outer loop
         vertex 7.294228e+01 8.761145e+01 1.382045e+02
         vertex 7.296508e+01 8.754825e+01 1.382232e+02
         vertex 7.320298e+01 8.761145e+01 1.378555e+02
      endloop
   endfacet
   facet normal 7.262096e-01 4.222782e-01 5.424950e-01
      outer loop
         vertex 7.320298e+01 8.761145e+01 1.378555e+02
         vertex 7.296508e+01 8.754825e+01 1.382232e+02
         vertex 7.322735e+01 8.754825e+01 1.378721e+02
      endloop
   endfacet
   facet normal 7.713138e-01 4.222782e-01 4.761892e-01
      outer loop
         vertex 7.320298e+01 8.761145e+01 1.378555e+02
         vertex 7.322735e+01 8.754825e+01 1.378721e+02
         vertex 7.343182e+01 8.761145e+01 1.374849e+02
      endloop
   endfacet
   facet normal 7.713141e-01 4.222776e-01 4.761892e-01
      outer loop
         vertex 7.343182e+01 8.761145e+01 1.374849e+02
         vertex 7.322735e+01 8.754825e+01 1.378721e+02
         vertex 7.345756e+01 8.754825e+01 1.374992e+02
      endloop
   endfacet
   facet normal 8.103812e-01 4.222776e-01 4.061576e-01
      outer loop
         vertex 7.343182e+01 8.761145e+01 1.374849e+02
         vertex 7.345756e+01 8.754825e+01 1.374992e+02
         vertex 7.362701e+01 8.761145e+01 1.370954e+02
      endloop
   endfacet
   facet normal 8.103796e-01 4.222807e-01 4.061575e-01
      outer loop
         vertex 7.362701e+01 8.761145e+01 1.370954e+02
         vertex 7.345756e+01 8.754825e+01 1.374992e+02
         vertex 7.365391e+01 8.754825e+01 1.371075e+02
      endloop
   endfacet
   facet normal 8.431049e-01 4.222807e-01 3.329461e-01
      outer loop
         vertex 7.362701e+01 8.761145e+01 1.370954e+02
         vertex 7.365391e+01 8.754825e+01 1.371075e+02
         vertex 7.378702e+01 8.761145e+01 1.366903e+02
      endloop
   endfacet
   facet normal 8.431058e-01 4.222789e-01 3.329461e-01
      outer loop
         vertex 7.378702e+01 8.761145e+01 1.366903e+02
         vertex 7.365391e+01 8.754825e+01 1.371075e+02
         vertex 7.381488e+01 8.754825e+01 1.366999e+02
      endloop
   endfacet
   facet normal 8.692323e-01 4.222790e-01 2.571297e-01
      outer loop
         vertex 7.378702e+01 8.761145e+01 1.366903e+02
         vertex 7.381488e+01 8.754825e+01 1.366999e+02
         vertex 7.391059e+01 8.761145e+01 1.362725e+02
      endloop
   endfacet
   facet normal 8.692321e-01 4.222794e-01 2.571297e-01
      outer loop
         vertex 7.391059e+01 8.761145e+01 1.362725e+02
         vertex 7.381488e+01 8.754825e+01 1.366999e+02
         vertex 7.393918e+01 8.754825e+01 1.362796e+02
      endloop
   endfacet
   facet normal 8.885557e-01 4.222794e-01 1.793008e-01
      outer loop
         vertex 7.391059e+01 8.761145e+01 1.362725e+02
         vertex 7.393918e+01 8.754825e+01 1.362796e+02
         vertex 7.399675e+01 8.761145e+01 1.358455e+02
      endloop
   endfacet
   facet normal 8.885561e-01 4.222787e-01 1.793007e-01
      outer loop
         vertex 7.399675e+01 8.761145e+01 1.358455e+02
         vertex 7.393918e+01 8.754825e+01 1.362796e+02
         vertex 7.402587e+01 8.754825e+01 1.358501e+02
      endloop
   endfacet
   facet normal 9.009257e-01 4.222787e-01 1.000681e-01
      outer loop
         vertex 7.399675e+01 8.761145e+01 1.358455e+02
         vertex 7.402587e+01 8.754825e+01 1.358501e+02
         vertex 7.404484e+01 8.761145e+01 1.354126e+02
      endloop
   endfacet
   facet normal 9.009246e-01 4.222809e-01 1.000684e-01
      outer loop
         vertex 7.404484e+01 8.761145e+01 1.354126e+02
         vertex 7.402587e+01 8.754825e+01 1.358501e+02
         vertex 7.407424e+01 8.754825e+01 1.354145e+02
      endloop
   endfacet
   facet normal 9.062432e-01 4.222809e-01 2.005313e-02
      outer loop
         vertex 7.404484e+01 8.761145e+01 1.354126e+02
         vertex 7.407424e+01 8.754825e+01 1.354145e+02
         vertex 7.405448e+01 8.761145e+01 1.349770e+02
      endloop
   endfacet
   facet normal 9.062448e-01 4.222774e-01 2.005254e-02
      outer loop
         vertex 7.405448e+01 8.761145e+01 1.349770e+02
         vertex 7.407424e+01 8.754825e+01 1.354145e+02
         vertex 7.408394e+01 8.754825e+01 1.349764e+02
      endloop
   endfacet
   facet normal 9.044708e-01 4.222774e-01 -6.011918e-02
      outer loop
         vertex 7.405448e+01 8.761145e+01 1.349770e+02
         vertex 7.408394e+01 8.754825e+01 1.349764e+02
         vertex 7.402559e+01 8.761145e+01 1.345424e+02
      endloop
   endfacet
   facet normal 9.044706e-01 4.222778e-01 -6.011909e-02
      outer loop
         vertex 7.402559e+01 8.761145e+01 1.345424e+02
         vertex 7.408394e+01 8.754825e+01 1.349764e+02
         vertex 7.405487e+01 8.754825e+01 1.345391e+02
      endloop
   endfacet
   facet normal 8.956178e-01 4.222778e-01 -1.398217e-01
      outer loop
         vertex 7.402559e+01 8.761145e+01 1.345424e+02
         vertex 7.405487e+01 8.754825e+01 1.345391e+02
         vertex 7.395839e+01 8.761145e+01 1.341120e+02
      endloop
   endfacet
   facet normal 8.956171e-01 4.222795e-01 -1.398213e-01
      outer loop
         vertex 7.395839e+01 8.761145e+01 1.341120e+02
         vertex 7.405487e+01 8.754825e+01 1.345391e+02
         vertex 7.398728e+01 8.754825e+01 1.341062e+02
      endloop
   endfacet
   facet normal 8.797550e-01 4.222794e-01 -2.184288e-01
      outer loop
         vertex 7.395839e+01 8.761145e+01 1.341120e+02
         vertex 7.398728e+01 8.754825e+01 1.341062e+02
         vertex 7.385342e+01 8.761145e+01 1.336892e+02
      endloop
   endfacet
   facet normal 8.797564e-01 4.222761e-01 -2.184297e-01
      outer loop
         vertex 7.385342e+01 8.761145e+01 1.336892e+02
         vertex 7.398728e+01 8.754825e+01 1.341062e+02
         vertex 7.388168e+01 8.754825e+01 1.336808e+02
      endloop
   endfacet
   facet normal 8.570089e-01 4.222762e-01 -2.953279e-01
      outer loop
         vertex 7.385342e+01 8.761145e+01 1.336892e+02
         vertex 7.388168e+01 8.754825e+01 1.336808e+02
         vertex 7.371150e+01 8.761145e+01 1.332773e+02
      endloop
   endfacet
   facet normal 8.570078e-01 4.222791e-01 -2.953269e-01
      outer loop
         vertex 7.371150e+01 8.761145e+01 1.332773e+02
         vertex 7.388168e+01 8.754825e+01 1.336808e+02
         vertex 7.373890e+01 8.754825e+01 1.332665e+02
      endloop
   endfacet
   facet normal 8.275531e-01 4.222790e-01 -3.699139e-01
      outer loop
         vertex 7.371150e+01 8.761145e+01 1.332773e+02
         vertex 7.373890e+01 8.754825e+01 1.332665e+02
         vertex 7.353373e+01 8.761145e+01 1.328796e+02
      endloop
   endfacet
   facet normal 8.275533e-01 4.222784e-01 -3.699141e-01
      outer loop
         vertex 7.353373e+01 8.761145e+01 1.328796e+02
         vertex 7.373890e+01 8.754825e+01 1.332665e+02
         vertex 7.356007e+01 8.754825e+01 1.328664e+02
      endloop
   endfacet
   facet normal 7.916219e-01 4.222785e-01 -4.416057e-01
      outer loop
         vertex 7.353373e+01 8.761145e+01 1.328796e+02
         vertex 7.356007e+01 8.754825e+01 1.328664e+02
         vertex 7.332150e+01 8.761145e+01 1.324992e+02
      endloop
   endfacet
   facet normal 7.916219e-01 4.222785e-01 -4.416057e-01
      outer loop
         vertex 7.332150e+01 8.761145e+01 1.324992e+02
         vertex 7.356007e+01 8.754825e+01 1.328664e+02
         vertex 7.334658e+01 8.754825e+01 1.324837e+02
      endloop
   endfacet
   facet normal 7.494950e-01 4.222785e-01 -5.098412e-01
      outer loop
         vertex 7.332150e+01 8.761145e+01 1.324992e+02
         vertex 7.334658e+01 8.754825e+01 1.324837e+02
         vertex 7.307649e+01 8.761145e+01 1.321390e+02
      endloop
   endfacet
   facet normal 7.494951e-01 4.222782e-01 -5.098414e-01
      outer loop
         vertex 7.307649e+01 8.761145e+01 1.321390e+02
         vertex 7.334658e+01 8.754825e+01 1.324837e+02
         vertex 7.310010e+01 8.754825e+01 1.321214e+02
      endloop
   endfacet
   facet normal 7.015024e-01 4.222782e-01 -5.740867e-01
      outer loop
         vertex 7.307649e+01 8.761145e+01 1.321390e+02
         vertex 7.310010e+01 8.754825e+01 1.321214e+02
         vertex 7.280060e+01 8.761145e+01 1.318019e+02
      endloop
   endfacet
   facet normal 7.015029e-01 4.222764e-01 -5.740875e-01
      outer loop
         vertex 7.280060e+01 8.761145e+01 1.318019e+02
         vertex 7.310010e+01 8.754825e+01 1.321214e+02
         vertex 7.282256e+01 8.754825e+01 1.317823e+02
      endloop
   endfacet
   facet normal 6.480200e-01 4.222764e-01 -6.338396e-01
      outer loop
         vertex 7.280060e+01 8.761145e+01 1.318019e+02
         vertex 7.282256e+01 8.754825e+01 1.317823e+02
         vertex 7.249600e+01 8.761145e+01 1.314905e+02
      endloop
   endfacet
   facet normal 6.480190e-01 4.222811e-01 -6.338375e-01
      outer loop
         vertex 7.249600e+01 8.761145e+01 1.314905e+02
         vertex 7.282256e+01 8.754825e+01 1.317823e+02
         vertex 7.251613e+01 8.754825e+01 1.314690e+02
      endloop
   endfacet
   facet normal 5.894640e-01 4.222810e-01 -6.886297e-01
      outer loop
         vertex 7.249600e+01 8.761145e+01 1.314905e+02
         vertex 7.251613e+01 8.754825e+01 1.314690e+02
         vertex 7.216506e+01 8.761145e+01 1.312072e+02
      endloop
   endfacet
   facet normal 5.894642e-01 4.222799e-01 -6.886303e-01
      outer loop
         vertex 7.216506e+01 8.761145e+01 1.312072e+02
         vertex 7.251613e+01 8.754825e+01 1.314690e+02
         vertex 7.218321e+01 8.754825e+01 1.311840e+02
      endloop
   endfacet
   facet normal 5.262967e-01 4.222801e-01 -7.380320e-01
      outer loop
         vertex 7.216506e+01 8.761145e+01 1.312072e+02
         vertex 7.218321e+01 8.754825e+01 1.311840e+02
         vertex 7.181038e+01 8.761145e+01 1.309543e+02
      endloop
   endfacet
   facet normal 5.262970e-01 4.222780e-01 -7.380330e-01
      outer loop
         vertex 7.181038e+01 8.761145e+01 1.309543e+02
         vertex 7.218321e+01 8.754825e+01 1.311840e+02
         vertex 7.182641e+01 8.754825e+01 1.309296e+02
      endloop
   endfacet
   facet normal 4.590096e-01 4.222779e-01 -7.816595e-01
      outer loop
         vertex 7.181038e+01 8.761145e+01 1.309543e+02
         vertex 7.182641e+01 8.754825e+01 1.309296e+02
         vertex 7.143474e+01 8.761145e+01 1.307337e+02
      endloop
   endfacet
   facet normal 4.590094e-01 4.222805e-01 -7.816582e-01
      outer loop
         vertex 7.143474e+01 8.761145e+01 1.307337e+02
         vertex 7.182641e+01 8.754825e+01 1.309296e+02
         vertex 7.144852e+01 8.754825e+01 1.307077e+02
      endloop
   endfacet
   facet normal 3.881304e-01 4.222804e-01 -8.191667e-01
      outer loop
         vertex 7.143474e+01 8.761145e+01 1.307337e+02
         vertex 7.144852e+01 8.754825e+01 1.307077e+02
         vertex 7.104107e+01 8.761145e+01 1.305472e+02
      endloop
   endfacet
   facet normal 3.881305e-01 4.222780e-01 -8.191679e-01
      outer loop
         vertex 7.104107e+01 8.761145e+01 1.305472e+02
         vertex 7.144852e+01 8.754825e+01 1.307077e+02
         vertex 7.105250e+01 8.754825e+01 1.305200e+02
      endloop
   endfacet
   facet normal 3.142141e-01 4.222781e-01 -8.502651e-01
      outer loop
         vertex 7.104107e+01 8.761145e+01 1.305472e+02
         vertex 7.105250e+01 8.754825e+01 1.305200e+02
         vertex 7.063246e+01 8.761145e+01 1.303962e+02
      endloop
   endfacet
   facet normal 3.142141e-01 4.222759e-01 -8.502662e-01
      outer loop
         vertex 7.063246e+01 8.761145e+01 1.303962e+02
         vertex 7.105250e+01 8.754825e+01 1.305200e+02
         vertex 7.064144e+01 8.754825e+01 1.303681e+02
      endloop
   endfacet
   facet normal 2.378382e-01 4.222758e-01 -8.747092e-01
      outer loop
         vertex 7.063246e+01 8.761145e+01 1.303962e+02
         vertex 7.064144e+01 8.754825e+01 1.303681e+02
         vertex 7.021210e+01 8.761145e+01 1.302819e+02
      endloop
   endfacet
   facet normal 2.378382e-01 4.222757e-01 -8.747092e-01
      outer loop
         vertex 7.021210e+01 8.761145e+01 1.302819e+02
         vertex 7.064144e+01 8.754825e+01 1.303681e+02
         vertex 7.021857e+01 8.754825e+01 1.302531e+02
      endloop
   endfacet
   facet normal 1.595999e-01 4.222756e-01 -8.923067e-01
      outer loop
         vertex 7.021210e+01 8.761145e+01 1.302819e+02
         vertex 7.021857e+01 8.754825e+01 1.302531e+02
         vertex 6.978329e+01 8.761145e+01 1.302052e+02
      endloop
   endfacet
   facet normal 1.596003e-01 4.222796e-01 -8.923047e-01
      outer loop
         vertex 6.978329e+01 8.761145e+01 1.302052e+02
         vertex 7.021857e+01 8.754825e+01 1.302531e+02
         vertex 6.978719e+01 8.754825e+01 1.301760e+02
      endloop
   endfacet
   facet normal 8.011335e-02 4.222796e-01 -9.029185e-01
      outer loop
         vertex 6.978329e+01 8.761145e+01 1.302052e+02
         vertex 6.978719e+01 8.754825e+01 1.301760e+02
         vertex 6.934937e+01 8.761145e+01 1.301667e+02
      endloop
   endfacet
   facet normal 8.011366e-02 4.222820e-01 -9.029173e-01
      outer loop
         vertex 6.934937e+01 8.761145e+01 1.301667e+02
         vertex 6.978719e+01 8.754825e+01 1.301760e+02
         vertex 6.935067e+01 8.754825e+01 1.301372e+02
      endloop
   endfacet
   facet normal 0.000000e+00 4.222820e-01 -9.064645e-01
      outer loop
         vertex 6.934937e+01 8.761145e+01 1.301667e+02
         vertex 6.935067e+01 8.754825e+01 1.301372e+02
         vertex 6.891375e+01 8.761145e+01 1.301667e+02
      endloop
   endfacet
   facet normal 0.000000e+00 4.222820e-01 -9.064645e-01
      outer loop
         vertex 6.891375e+01 8.761145e+01 1.301667e+02
         vertex 6.935067e+01 8.754825e+01 1.301372e+02
         vertex 6.891245e+01 8.754825e+01 1.301372e+02
      endloop
   endfacet
   facet normal -8.011325e-02 4.222820e-01 -9.029174e-01
      outer loop
         vertex 6.891375e+01 8.761145e+01 1.301667e+02
         vertex 6.891245e+01 8.754825e+01 1.301372e+02
         vertex 6.847983e+01 8.761145e+01 1.302052e+02
      endloop
   endfacet
   facet normal -8.011376e-02 4.222796e-01 -9.029184e-01
      outer loop
         vertex 6.847983e+01 8.761145e+01 1.302052e+02
         vertex 6.891245e+01 8.754825e+01 1.301372e+02
         vertex 6.847593e+01 8.754825e+01 1.301760e+02
      endloop
   endfacet
   facet normal -1.595996e-01 4.222796e-01 -8.923048e-01
      outer loop
         vertex 6.847983e+01 8.761145e+01 1.302052e+02
         vertex 6.847593e+01 8.754825e+01 1.301760e+02
         vertex 6.805102e+01 8.761145e+01 1.302819e+02
      endloop
   endfacet
   facet normal -1.596006e-01 4.222756e-01 -8.923065e-01
      outer loop
         vertex 6.805102e+01 8.761145e+01 1.302819e+02
         vertex 6.847593e+01 8.754825e+01 1.301760e+02
         vertex 6.804455e+01 8.754825e+01 1.302531e+02
      endloop
   endfacet
   facet normal -2.378382e-01 4.222757e-01 -8.747092e-01
      outer loop
         vertex 6.805102e+01 8.761145e+01 1.302819e+02
         vertex 6.804455e+01 8.754825e+01 1.302531e+02
         vertex 6.763066e+01 8.761145e+01 1.303962e+02
      endloop
   endfacet
   facet normal -2.378382e-01 4.222758e-01 -8.747092e-01
      outer loop
         vertex 6.763066e+01 8.761145e+01 1.303962e+02
         vertex 6.804455e+01 8.754825e+01 1.302531e+02
         vertex 6.762168e+01 8.754825e+01 1.303681e+02
      endloop
   endfacet
   facet normal -3.142145e-01 4.222759e-01 -8.502660e-01
      outer loop
         vertex 6.763066e+01 8.761145e+01 1.303962e+02
         vertex 6.762168e+01 8.754825e+01 1.303681e+02
         vertex 6.722205e+01 8.761145e+01 1.305472e+02
      endloop
   endfacet
   facet normal -3.142138e-01 4.222781e-01 -8.502652e-01
      outer loop
         vertex 6.722205e+01 8.761145e+01 1.305472e+02
         vertex 6.762168e+01 8.754825e+01 1.303681e+02
         vertex 6.721062e+01 8.754825e+01 1.305200e+02
      endloop
   endfacet
   facet normal -3.881309e-01 4.222780e-01 -8.191677e-01
      outer loop
         vertex 6.722205e+01 8.761145e+01 1.305472e+02
         vertex 6.721062e+01 8.754825e+01 1.305200e+02
         vertex 6.682838e+01 8.761145e+01 1.307337e+02
      endloop
   endfacet
   facet normal -3.881300e-01 4.222804e-01 -8.191669e-01
      outer loop
         vertex 6.682838e+01 8.761145e+01 1.307337e+02
         vertex 6.721062e+01 8.754825e+01 1.305200e+02
         vertex 6.681460e+01 8.754825e+01 1.307077e+02
      endloop
   endfacet
   facet normal -4.590090e-01 4.222805e-01 -7.816584e-01
      outer loop
         vertex 6.682838e+01 8.761145e+01 1.307337e+02
         vertex 6.681460e+01 8.754825e+01 1.307077e+02
         vertex 6.645274e+01 8.761145e+01 1.309543e+02
      endloop
   endfacet
   facet normal -4.590100e-01 4.222779e-01 -7.816592e-01
      outer loop
         vertex 6.645274e+01 8.761145e+01 1.309543e+02
         vertex 6.681460e+01 8.754825e+01 1.307077e+02
         vertex 6.643671e+01 8.754825e+01 1.309296e+02
      endloop
   endfacet
   facet normal -5.262973e-01 4.222780e-01 -7.380328e-01
      outer loop
         vertex 6.645274e+01 8.761145e+01 1.309543e+02
         vertex 6.643671e+01 8.754825e+01 1.309296e+02
         vertex 6.609806e+01 8.761145e+01 1.312072e+02
      endloop
   endfacet
   facet normal -5.262964e-01 4.222801e-01 -7.380323e-01
      outer loop
         vertex 6.609806e+01 8.761145e+01 1.312072e+02
         vertex 6.643671e+01 8.754825e+01 1.309296e+02
         vertex 6.607991e+01 8.754825e+01 1.311840e+02
      endloop
   endfacet
   facet normal -5.894644e-01 4.222799e-01 -6.886301e-01
      outer loop
         vertex 6.609806e+01 8.761145e+01 1.312072e+02
         vertex 6.607991e+01 8.754825e+01 1.311840e+02
         vertex 6.576713e+01 8.761145e+01 1.314905e+02
      endloop
   endfacet
   facet normal -5.894639e-01 4.222810e-01 -6.886299e-01
      outer loop
         vertex 6.576713e+01 8.761145e+01 1.314905e+02
         vertex 6.607991e+01 8.754825e+01 1.311840e+02
         vertex 6.574699e+01 8.754825e+01 1.314690e+02
      endloop
   endfacet
   facet normal -6.480185e-01 4.222811e-01 -6.338381e-01
      outer loop
         vertex 6.576713e+01 8.761145e+01 1.314905e+02
         vertex 6.574699e+01 8.754825e+01 1.314690e+02
         vertex 6.546252e+01 8.761145e+01 1.318019e+02
      endloop
   endfacet
   facet normal -6.480206e-01 4.222764e-01 -6.338390e-01
      outer loop
         vertex 6.546252e+01 8.761145e+01 1.318019e+02
         vertex 6.574699e+01 8.754825e+01 1.314690e+02
         vertex 6.544056e+01 8.754825e+01 1.317823e+02
      endloop
   endfacet
   facet normal -7.015031e-01 4.222764e-01 -5.740872e-01
      outer loop
         vertex 6.546252e+01 8.761145e+01 1.318019e+02
         vertex 6.544056e+01 8.754825e+01 1.317823e+02
         vertex 6.518663e+01 8.761145e+01 1.321390e+02
      endloop
   endfacet
   facet normal -7.015022e-01 4.222782e-01 -5.740869e-01
      outer loop
         vertex 6.518663e+01 8.761145e+01 1.321390e+02
         vertex 6.544056e+01 8.754825e+01 1.317823e+02
         vertex 6.516302e+01 8.754825e+01 1.321214e+02
      endloop
   endfacet
   facet normal -7.494952e-01 4.222782e-01 -5.098413e-01
      outer loop
         vertex 6.518663e+01 8.761145e+01 1.321390e+02
         vertex 6.516302e+01 8.754825e+01 1.321214e+02
         vertex 6.494162e+01 8.761145e+01 1.324992e+02
      endloop
   endfacet
   facet normal -7.494950e-01 4.222785e-01 -5.098413e-01
      outer loop
         vertex 6.494162e+01 8.761145e+01 1.324992e+02
         vertex 6.516302e+01 8.754825e+01 1.321214e+02
         vertex 6.491654e+01 8.754825e+01 1.324837e+02
      endloop
   endfacet
   facet normal -7.916219e-01 4.222785e-01 -4.416057e-01
      outer loop
         vertex 6.494162e+01 8.761145e+01 1.324992e+02
         vertex 6.491654e+01 8.754825e+01 1.324837e+02
         vertex 6.472939e+01 8.761145e+01 1.328796e+02
      endloop
   endfacet
   facet normal -7.916219e-01 4.222785e-01 -4.416057e-01
      outer loop
         vertex 6.472939e+01 8.761145e+01 1.328796e+02
         vertex 6.491654e+01 8.754825e+01 1.324837e+02
         vertex 6.470305e+01 8.754825e+01 1.328664e+02
      endloop
   endfacet
   facet normal -8.275534e-01 4.222784e-01 -3.699140e-01
      outer loop
         vertex 6.472939e+01 8.761145e+01 1.328796e+02
         vertex 6.470305e+01 8.754825e+01 1.328664e+02
         vertex 6.455162e+01 8.761145e+01 1.332773e+02
      endloop
   endfacet
   facet normal -8.275531e-01 4.222790e-01 -3.699140e-01
      outer loop
         vertex 6.455162e+01 8.761145e+01 1.332773e+02
         vertex 6.470305e+01 8.754825e+01 1.328664e+02
         vertex 6.452422e+01 8.754825e+01 1.332665e+02
      endloop
   endfacet
   facet normal -8.570076e-01 4.222792e-01 -2.953274e-01
      outer loop
         vertex 6.455162e+01 8.761145e+01 1.332773e+02
         vertex 6.452422e+01 8.754825e+01 1.332665e+02
         vertex 6.440970e+01 8.761145e+01 1.336892e+02
      endloop
   endfacet
   facet normal -8.570091e-01 4.222762e-01 -2.953274e-01
      outer loop
         vertex 6.440970e+01 8.761145e+01 1.336892e+02
         vertex 6.452422e+01 8.754825e+01 1.332665e+02
         vertex 6.438144e+01 8.754825e+01 1.336808e+02
      endloop
   endfacet
   facet normal -8.797565e-01 4.222761e-01 -2.184292e-01
      outer loop
         vertex 6.440970e+01 8.761145e+01 1.336892e+02
         vertex 6.438144e+01 8.754825e+01 1.336808e+02
         vertex 6.430473e+01 8.761145e+01 1.341120e+02
      endloop
   endfacet
   facet normal -8.797549e-01 4.222794e-01 -2.184294e-01
      outer loop
         vertex 6.430473e+01 8.761145e+01 1.341120e+02
         vertex 6.438144e+01 8.754825e+01 1.336808e+02
         vertex 6.427584e+01 8.754825e+01 1.341062e+02
      endloop
   endfacet
   facet normal -8.956171e-01 4.222795e-01 -1.398216e-01
      outer loop
         vertex 6.430473e+01 8.761145e+01 1.341120e+02
         vertex 6.427584e+01 8.754825e+01 1.341062e+02
         vertex 6.423753e+01 8.761145e+01 1.345424e+02
      endloop
   endfacet
   facet normal -8.956179e-01 4.222778e-01 -1.398214e-01
      outer loop
         vertex 6.423753e+01 8.761145e+01 1.345424e+02
         vertex 6.427584e+01 8.754825e+01 1.341062e+02
         vertex 6.420825e+01 8.754825e+01 1.345391e+02
      endloop
   endfacet
   facet normal -9.044706e-01 4.222778e-01 -6.011917e-02
      outer loop
         vertex 6.423753e+01 8.761145e+01 1.345424e+02
         vertex 6.420825e+01 8.754825e+01 1.345391e+02
         vertex 6.420864e+01 8.761145e+01 1.349770e+02
      endloop
   endfacet
   facet normal -9.044708e-01 4.222774e-01 -6.011910e-02
      outer loop
         vertex 6.420864e+01 8.761145e+01 1.349770e+02
         vertex 6.420825e+01 8.754825e+01 1.345391e+02
         vertex 6.417918e+01 8.754825e+01 1.349764e+02
      endloop
   endfacet
   facet normal -9.062448e-01 4.222774e-01 2.005316e-02
      outer loop
         vertex 6.420864e+01 8.761145e+01 1.349770e+02
         vertex 6.417918e+01 8.754825e+01 1.349764e+02
         vertex 6.421828e+01 8.761145e+01 1.354126e+02
      endloop
   endfacet
   facet normal -9.062432e-01 4.222809e-01 2.005251e-02
      outer loop
         vertex 6.421828e+01 8.761145e+01 1.354126e+02
         vertex 6.417918e+01 8.754825e+01 1.349764e+02
         vertex 6.418888e+01 8.754825e+01 1.354145e+02
      endloop
   endfacet
   facet normal -9.009247e-01 4.222809e-01 1.000680e-01
      outer loop
         vertex 6.421828e+01 8.761145e+01 1.354126e+02
         vertex 6.418888e+01 8.754825e+01 1.354145e+02
         vertex 6.426637e+01 8.761145e+01 1.358455e+02
      endloop
   endfacet
   facet normal -9.009256e-01 4.222787e-01 1.000685e-01
      outer loop
         vertex 6.426637e+01 8.761145e+01 1.358455e+02
         vertex 6.418888e+01 8.754825e+01 1.354145e+02
         vertex 6.423726e+01 8.754825e+01 1.358501e+02
      endloop
   endfacet
   facet normal -8.885561e-01 4.222787e-01 1.793009e-01
      outer loop
         vertex 6.426637e+01 8.761145e+01 1.358455e+02
         vertex 6.423726e+01 8.754825e+01 1.358501e+02
         vertex 6.435254e+01 8.761145e+01 1.362725e+02
      endloop
   endfacet
   facet normal -8.885558e-01 4.222794e-01 1.793007e-01
      outer loop
         vertex 6.435254e+01 8.761145e+01 1.362725e+02
         vertex 6.423726e+01 8.754825e+01 1.358501e+02
         vertex 6.432394e+01 8.754825e+01 1.362796e+02
      endloop
   endfacet
   facet normal -8.692321e-01 4.222794e-01 2.571297e-01
      outer loop
         vertex 6.435254e+01 8.761145e+01 1.362725e+02
         vertex 6.432394e+01 8.754825e+01 1.362796e+02
         vertex 6.447611e+01 8.761145e+01 1.366903e+02
      endloop
   endfacet
   facet normal -8.692323e-01 4.222790e-01 2.571298e-01
      outer loop
         vertex 6.447611e+01 8.761145e+01 1.366903e+02
         vertex 6.432394e+01 8.754825e+01 1.362796e+02
         vertex 6.444825e+01 8.754825e+01 1.366999e+02
      endloop
   endfacet
   facet normal -8.431057e-01 4.222789e-01 3.329464e-01
      outer loop
         vertex 6.447611e+01 8.761145e+01 1.366903e+02
         vertex 6.444825e+01 8.754825e+01 1.366999e+02
         vertex 6.463611e+01 8.761145e+01 1.370954e+02
      endloop
   endfacet
   facet normal -8.431051e-01 4.222807e-01 3.329458e-01
      outer loop
         vertex 6.463611e+01 8.761145e+01 1.370954e+02
         vertex 6.444825e+01 8.754825e+01 1.366999e+02
         vertex 6.460921e+01 8.754825e+01 1.371075e+02
      endloop
   endfacet
   facet normal -8.103799e-01 4.222807e-01 4.061570e-01
      outer loop
         vertex 6.463611e+01 8.761145e+01 1.370954e+02
         vertex 6.460921e+01 8.754825e+01 1.371075e+02
         vertex 6.483130e+01 8.761145e+01 1.374849e+02
      endloop
   endfacet
   facet normal -8.103809e-01 4.222776e-01 4.061581e-01
      outer loop
         vertex 6.483130e+01 8.761145e+01 1.374849e+02
         vertex 6.460921e+01 8.754825e+01 1.371075e+02
         vertex 6.480556e+01 8.754825e+01 1.374992e+02
      endloop
   endfacet
   facet normal -7.713141e-01 4.222776e-01 4.761893e-01
      outer loop
         vertex 6.483130e+01 8.761145e+01 1.374849e+02
         vertex 6.480556e+01 8.754825e+01 1.374992e+02
         vertex 6.506014e+01 8.761145e+01 1.378555e+02
      endloop
   endfacet
   facet normal -7.713139e-01 4.222782e-01 4.761891e-01
      outer loop
         vertex 6.506014e+01 8.761145e+01 1.378555e+02
         vertex 6.480556e+01 8.754825e+01 1.374992e+02
         vertex 6.503578e+01 8.754825e+01 1.378721e+02
      endloop
   endfacet
   facet normal -7.262091e-01 4.222782e-01 5.424956e-01
      outer loop
         vertex 6.506014e+01 8.761145e+01 1.378555e+02
         vertex 6.503578e+01 8.754825e+01 1.378721e+02
         vertex 6.532085e+01 8.761145e+01 1.382045e+02
      endloop
   endfacet
   facet normal -7.262080e-01 4.222823e-01 5.424938e-01
      outer loop
         vertex 6.532085e+01 8.761145e+01 1.382045e+02
         vertex 6.503578e+01 8.754825e+01 1.378721e+02
         vertex 6.529804e+01 8.754825e+01 1.382232e+02
      endloop
   endfacet
   facet normal -6.754208e-01 4.222822e-01 6.045531e-01
      outer loop
         vertex 6.532085e+01 8.761145e+01 1.382045e+02
         vertex 6.529804e+01 8.754825e+01 1.382232e+02
         vertex 6.561138e+01 8.761145e+01 1.385291e+02
      endloop
   endfacet
   facet normal -6.754216e-01 4.222787e-01 6.045547e-01
      outer loop
         vertex 6.561138e+01 8.761145e+01 1.385291e+02
         vertex 6.529804e+01 8.754825e+01 1.382232e+02
         vertex 6.559031e+01 8.754825e+01 1.385497e+02
      endloop
   endfacet
   facet normal -6.193483e-01 4.222788e-01 6.618824e-01
      outer loop
         vertex 6.561138e+01 8.761145e+01 1.385291e+02
         vertex 6.559031e+01 8.754825e+01 1.385497e+02
         vertex 6.592946e+01 8.761145e+01 1.388268e+02
      endloop
   endfacet
   facet normal -6.193481e-01 4.222799e-01 6.618819e-01
      outer loop
         vertex 6.592946e+01 8.761145e+01 1.388268e+02
         vertex 6.559031e+01 8.754825e+01 1.385497e+02
         vertex 6.591030e+01 8.754825e+01 1.388492e+02
      endloop
   endfacet
   facet normal -5.584270e-01 4.222797e-01 7.140302e-01
      outer loop
         vertex 6.592946e+01 8.761145e+01 1.388268e+02
         vertex 6.591030e+01 8.754825e+01 1.388492e+02
         vertex 6.627260e+01 8.761145e+01 1.390951e+02
      endloop
   endfacet
   facet normal -5.584271e-01 4.222791e-01 7.140305e-01
      outer loop
         vertex 6.627260e+01 8.761145e+01 1.390951e+02
         vertex 6.591030e+01 8.754825e+01 1.388492e+02
         vertex 6.625549e+01 8.754825e+01 1.391191e+02
      endloop
   endfacet
   facet normal -4.931358e-01 4.222791e-01 7.605902e-01
      outer loop
         vertex 6.627260e+01 8.761145e+01 1.390951e+02
         vertex 6.625549e+01 8.754825e+01 1.391191e+02
         vertex 6.663812e+01 8.761145e+01 1.393321e+02
      endloop
   endfacet
   facet normal -4.931359e-01 4.222785e-01 7.605905e-01
      outer loop
         vertex 6.663812e+01 8.761145e+01 1.393321e+02
         vertex 6.625549e+01 8.754825e+01 1.391191e+02
         vertex 6.662320e+01 8.754825e+01 1.393575e+02
      endloop
   endfacet
   facet normal -4.239852e-01 4.222786e-01 8.011974e-01
      outer loop
         vertex 6.663812e+01 8.761145e+01 1.393321e+02
         vertex 6.662320e+01 8.754825e+01 1.393575e+02
         vertex 6.702315e+01 8.761145e+01 1.395359e+02
      endloop
   endfacet
   facet normal -4.239852e-01 4.222785e-01 8.011975e-01
      outer loop
         vertex 6.702315e+01 8.761145e+01 1.395359e+02
         vertex 6.662320e+01 8.754825e+01 1.393575e+02
         vertex 6.701053e+01 8.754825e+01 1.395625e+02
      endloop
   endfacet
   facet normal -3.515165e-01 4.222787e-01 8.355339e-01
      outer loop
         vertex 6.702315e+01 8.761145e+01 1.395359e+02
         vertex 6.701053e+01 8.754825e+01 1.395625e+02
         vertex 6.742468e+01 8.761145e+01 1.397048e+02
      endloop
   endfacet
   facet normal -3.515166e-01 4.222763e-01 8.355350e-01
      outer loop
         vertex 6.742468e+01 8.761145e+01 1.397048e+02
         vertex 6.701053e+01 8.754825e+01 1.395625e+02
         vertex 6.741447e+01 8.754825e+01 1.397324e+02
      endloop
   endfacet
   facet normal -2.762964e-01 4.222764e-01 8.633325e-01
      outer loop
         vertex 6.742468e+01 8.761145e+01 1.397048e+02
         vertex 6.741447e+01 8.754825e+01 1.397324e+02
         vertex 6.783957e+01 8.761145e+01 1.398376e+02
      endloop
   endfacet
   facet normal -2.762964e-01 4.222773e-01 8.633320e-01
      outer loop
         vertex 6.783957e+01 8.761145e+01 1.398376e+02
         vertex 6.741447e+01 8.754825e+01 1.397324e+02
         vertex 6.783184e+01 8.754825e+01 1.398660e+02
      endloop
   endfacet
   facet normal -1.989139e-01 4.222772e-01 8.843728e-01
      outer loop
         vertex 6.783957e+01 8.761145e+01 1.398376e+02
         vertex 6.783184e+01 8.754825e+01 1.398660e+02
         vertex 6.826458e+01 8.761145e+01 1.399332e+02
      endloop
   endfacet
   facet normal -1.989140e-01 4.222789e-01 8.843720e-01
      outer loop
         vertex 6.826458e+01 8.761145e+01 1.399332e+02
         vertex 6.783184e+01 8.754825e+01 1.398660e+02
         vertex 6.825939e+01 8.754825e+01 1.399622e+02
      endloop
   endfacet
   facet normal -1.199740e-01 4.222789e-01 8.984914e-01
      outer loop
         vertex 6.826458e+01 8.761145e+01 1.399332e+02
         vertex 6.825939e+01 8.754825e+01 1.399622e+02
         vertex 6.869637e+01 8.761145e+01 1.399908e+02
      endloop
   endfacet
   facet normal -1.199739e-01 4.222781e-01 8.984918e-01
      outer loop
         vertex 6.869637e+01 8.761145e+01 1.399908e+02
         vertex 6.825939e+01 8.754825e+01 1.399622e+02
         vertex 6.869376e+01 8.754825e+01 1.400202e+02
      endloop
   endfacet
   facet normal -4.009623e-02 4.222781e-01 9.055791e-01
      outer loop
         vertex 6.869637e+01 8.761145e+01 1.399908e+02
         vertex 6.869376e+01 8.754825e+01 1.400202e+02
         vertex 6.913156e+01 8.761145e+01 1.400101e+02
      endloop
   endfacet
   facet normal -4.009588e-02 4.222758e-01 9.055802e-01
      outer loop
         vertex 6.913156e+01 8.761145e+01 1.400101e+02
         vertex 6.869376e+01 8.754825e+01 1.400202e+02
         vertex 6.913156e+01 8.754825e+01 1.400396e+02
      endloop
   endfacet
   facet normal 4.009628e-02 4.222758e-01 9.055802e-01
      outer loop
         vertex 6.913156e+01 8.761145e+01 1.400101e+02
         vertex 6.913156e+01 8.754825e+01 1.400396e+02
         vertex 6.956676e+01 8.761145e+01 1.399908e+02
      endloop
   endfacet
   facet normal 4.009583e-02 4.222781e-01 9.055791e-01
      outer loop
         vertex 6.956676e+01 8.761145e+01 1.399908e+02
         vertex 6.913156e+01 8.754825e+01 1.400396e+02
         vertex 6.956936e+01 8.754825e+01 1.400202e+02
      endloop
   endfacet
   facet normal 1.084523e-01 5.732009e-01 8.122061e-01
      outer loop
         vertex 6.956936e+01 8.754825e+01 1.400202e+02
         vertex 6.957289e+01 8.749114e+01 1.400600e+02
         vertex 7.000373e+01 8.754825e+01 1.399622e+02
      endloop
   endfacet
   facet normal 1.084533e-01 5.731973e-01 8.122086e-01
      outer loop
         vertex 7.000373e+01 8.754825e+01 1.399622e+02
         vertex 6.957289e+01 8.749114e+01 1.400600e+02
         vertex 7.001077e+01 8.749114e+01 1.400016e+02
      endloop
   endfacet
   facet normal 1.798121e-01 5.731972e-01 7.994451e-01
      outer loop
         vertex 7.000373e+01 8.754825e+01 1.399622e+02
         vertex 7.001077e+01 8.749114e+01 1.400016e+02
         vertex 7.043128e+01 8.754825e+01 1.398660e+02
      endloop
   endfacet
   facet normal 1.798109e-01 5.732010e-01 7.994428e-01
      outer loop
         vertex 7.043128e+01 8.754825e+01 1.398660e+02
         vertex 7.001077e+01 8.749114e+01 1.400016e+02
         vertex 7.044177e+01 8.749114e+01 1.399046e+02
      endloop
   endfacet
   facet normal 2.497625e-01 5.732009e-01 7.804226e-01
      outer loop
         vertex 7.043128e+01 8.754825e+01 1.398660e+02
         vertex 7.044177e+01 8.749114e+01 1.399046e+02
         vertex 7.084865e+01 8.754825e+01 1.397324e+02
      endloop
   endfacet
   facet normal 2.497626e-01 5.732007e-01 7.804227e-01
      outer loop
         vertex 7.084865e+01 8.754825e+01 1.397324e+02
         vertex 7.044177e+01 8.749114e+01 1.399046e+02
         vertex 7.086252e+01 8.749114e+01 1.397700e+02
      endloop
   endfacet
   facet normal 3.177588e-01 5.732008e-01 7.552948e-01
      outer loop
         vertex 7.084865e+01 8.754825e+01 1.397324e+02
         vertex 7.086252e+01 8.749114e+01 1.397700e+02
         vertex 7.125259e+01 8.754825e+01 1.395625e+02
      endloop
   endfacet
   facet normal 3.177590e-01 5.732004e-01 7.552950e-01
      outer loop
         vertex 7.125259e+01 8.754825e+01 1.395625e+02
         vertex 7.086252e+01 8.749114e+01 1.397700e+02
         vertex 7.126971e+01 8.749114e+01 1.395986e+02
      endloop
   endfacet
   facet normal 3.832684e-01 5.732005e-01 7.242558e-01
      outer loop
         vertex 7.125259e+01 8.754825e+01 1.395625e+02
         vertex 7.126971e+01 8.749114e+01 1.395986e+02
         vertex 7.163992e+01 8.754825e+01 1.393575e+02
      endloop
   endfacet
   facet normal 3.832680e-01 5.732014e-01 7.242554e-01
      outer loop
         vertex 7.163992e+01 8.754825e+01 1.393575e+02
         vertex 7.126971e+01 8.749114e+01 1.395986e+02
         vertex 7.166018e+01 8.749114e+01 1.393920e+02
      endloop
   endfacet
   facet normal 4.457780e-01 5.732015e-01 6.875479e-01
      outer loop
         vertex 7.163992e+01 8.754825e+01 1.393575e+02
         vertex 7.166018e+01 8.749114e+01 1.393920e+02
         vertex 7.200763e+01 8.754825e+01 1.391191e+02
      endloop
   endfacet
   facet normal 4.457794e-01 5.731988e-01 6.875491e-01
      outer loop
         vertex 7.200763e+01 8.754825e+01 1.391191e+02
         vertex 7.166018e+01 8.749114e+01 1.393920e+02
         vertex 7.203085e+01 8.749114e+01 1.391517e+02
      endloop
   endfacet
   facet normal 5.048004e-01 5.731987e-01 6.454609e-01
      outer loop
         vertex 7.200763e+01 8.754825e+01 1.391191e+02
         vertex 7.203085e+01 8.749114e+01 1.391517e+02
         vertex 7.235282e+01 8.754825e+01 1.388492e+02
      endloop
   endfacet
   facet normal 5.048002e-01 5.731991e-01 6.454608e-01
      outer loop
         vertex 7.235282e+01 8.754825e+01 1.388492e+02
         vertex 7.203085e+01 8.749114e+01 1.391517e+02
         vertex 7.237883e+01 8.749114e+01 1.388795e+02
      endloop
   endfacet
   facet normal 5.598710e-01 5.731991e-01 5.983203e-01
      outer loop
         vertex 7.235282e+01 8.754825e+01 1.388492e+02
         vertex 7.237883e+01 8.749114e+01 1.388795e+02
         vertex 7.267281e+01 8.754825e+01 1.385497e+02
      endloop
   endfacet
   facet normal 5.598705e-01 5.732000e-01 5.983200e-01
      outer loop
         vertex 7.267281e+01 8.754825e+01 1.385497e+02
         vertex 7.237883e+01 8.749114e+01 1.388795e+02
         vertex 7.270140e+01 8.749114e+01 1.385777e+02
      endloop
   endfacet
   facet normal 6.105588e-01 5.732002e-01 5.464975e-01
      outer loop
         vertex 7.267281e+01 8.754825e+01 1.385497e+02
         vertex 7.270140e+01 8.749114e+01 1.385777e+02
         vertex 7.296508e+01 8.754825e+01 1.382232e+02
      endloop
   endfacet
   facet normal 6.105598e-01 5.731986e-01 5.464980e-01
      outer loop
         vertex 7.296508e+01 8.754825e+01 1.382232e+02
         vertex 7.270140e+01 8.749114e+01 1.385777e+02
         vertex 7.299603e+01 8.749114e+01 1.382485e+02
      endloop
   endfacet
   facet normal 6.564703e-01 5.731984e-01 4.903981e-01
      outer loop
         vertex 7.296508e+01 8.754825e+01 1.382232e+02
         vertex 7.299603e+01 8.749114e+01 1.382485e+02
         vertex 7.322735e+01 8.754825e+01 1.378721e+02
      endloop
   endfacet
   facet normal 6.564705e-01 5.731982e-01 4.903982e-01
      outer loop
         vertex 7.322735e+01 8.754825e+01 1.378721e+02
         vertex 7.299603e+01 8.749114e+01 1.382485e+02
         vertex 7.326041e+01 8.749114e+01 1.378946e+02
      endloop
   endfacet
   facet normal 6.972433e-01 5.731981e-01 4.304599e-01
      outer loop
         vertex 7.322735e+01 8.754825e+01 1.378721e+02
         vertex 7.326041e+01 8.749114e+01 1.378946e+02
         vertex 7.345756e+01 8.754825e+01 1.374992e+02
      endloop
   endfacet
   facet normal 6.972412e-01 5.732011e-01 4.304592e-01
      outer loop
         vertex 7.345756e+01 8.754825e+01 1.374992e+02
         vertex 7.326041e+01 8.749114e+01 1.378946e+02
         vertex 7.349248e+01 8.749114e+01 1.375187e+02
      endloop
   endfacet
   facet normal 7.325566e-01 5.732011e-01 3.671530e-01
      outer loop
         vertex 7.345756e+01 8.754825e+01 1.374992e+02
         vertex 7.349248e+01 8.749114e+01 1.375187e+02
         vertex 7.365391e+01 8.754825e+01 1.371075e+02
      endloop
   endfacet
   facet normal 7.325580e-01 5.731991e-01 3.671533e-01
      outer loop
         vertex 7.365391e+01 8.754825e+01 1.371075e+02
         vertex 7.349248e+01 8.749114e+01 1.375187e+02
         vertex 7.369042e+01 8.749114e+01 1.371238e+02
      endloop
   endfacet
   facet normal 7.621406e-01 5.731992e-01 3.009726e-01
      outer loop
         vertex 7.365391e+01 8.754825e+01 1.371075e+02
         vertex 7.369042e+01 8.749114e+01 1.371238e+02
         vertex 7.381488e+01 8.754825e+01 1.366999e+02
      endloop
   endfacet
   facet normal 7.621410e-01 5.731985e-01 3.009726e-01
      outer loop
         vertex 7.381488e+01 8.754825e+01 1.366999e+02
         vertex 7.369042e+01 8.749114e+01 1.371238e+02
         vertex 7.385269e+01 8.749114e+01 1.367129e+02
      endloop
   endfacet
   facet normal 7.857585e-01 5.731985e-01 2.324372e-01
      outer loop
         vertex 7.381488e+01 8.754825e+01 1.366999e+02
         vertex 7.385269e+01 8.749114e+01 1.367129e+02
         vertex 7.393918e+01 8.754825e+01 1.362796e+02
      endloop
   endfacet
   facet normal 7.857586e-01 5.731983e-01 2.324372e-01
      outer loop
         vertex 7.393918e+01 8.754825e+01 1.362796e+02
         vertex 7.385269e+01 8.749114e+01 1.367129e+02
         vertex 7.397800e+01 8.749114e+01 1.362893e+02
      endloop
   endfacet
   facet normal 8.032266e-01 5.731983e-01 1.620822e-01
      outer loop
         vertex 7.393918e+01 8.754825e+01 1.362796e+02
         vertex 7.397800e+01 8.749114e+01 1.362893e+02
         vertex 7.402587e+01 8.754825e+01 1.358501e+02
      endloop
   endfacet
   facet normal 8.032256e-01 5.731998e-01 1.620823e-01
      outer loop
         vertex 7.402587e+01 8.754825e+01 1.358501e+02
         vertex 7.397800e+01 8.749114e+01 1.362893e+02
         vertex 7.406538e+01 8.749114e+01 1.358562e+02
      endloop
   endfacet
   facet normal 8.144073e-01 5.731998e-01 9.045862e-02
      outer loop
         vertex 7.402587e+01 8.754825e+01 1.358501e+02
         vertex 7.406538e+01 8.749114e+01 1.358562e+02
         vertex 7.407424e+01 8.754825e+01 1.354145e+02
      endloop
   endfacet
   facet normal 8.144084e-01 5.731983e-01 9.045844e-02
      outer loop
         vertex 7.407424e+01 8.754825e+01 1.354145e+02
         vertex 7.406538e+01 8.749114e+01 1.358562e+02
         vertex 7.411415e+01 8.749114e+01 1.354172e+02
      endloop
   endfacet
   facet normal 8.192162e-01 5.731983e-01 1.812685e-02
      outer loop
         vertex 7.407424e+01 8.754825e+01 1.354145e+02
         vertex 7.411415e+01 8.749114e+01 1.354172e+02
         vertex 7.408394e+01 8.754825e+01 1.349764e+02
      endloop
   endfacet
   facet normal 8.192139e-01 5.732015e-01 1.812743e-02
      outer loop
         vertex 7.408394e+01 8.754825e+01 1.349764e+02
         vertex 7.411415e+01 8.749114e+01 1.354172e+02
         vertex 7.412392e+01 8.749114e+01 1.349755e+02
      endloop
   endfacet
   facet normal 8.176103e-01 5.732015e-01 -5.434558e-02
      outer loop
         vertex 7.408394e+01 8.754825e+01 1.349764e+02
         vertex 7.412392e+01 8.749114e+01 1.349755e+02
         vertex 7.405487e+01 8.754825e+01 1.345391e+02
      endloop
   endfacet
   facet normal 8.176130e-01 5.731975e-01 -5.434655e-02
      outer loop
         vertex 7.405487e+01 8.754825e+01 1.345391e+02
         vertex 7.412392e+01 8.749114e+01 1.349755e+02
         vertex 7.409462e+01 8.749114e+01 1.345347e+02
      endloop
   endfacet
   facet normal 8.096105e-01 5.731975e-01 -1.263942e-01
      outer loop
         vertex 7.405487e+01 8.754825e+01 1.345391e+02
         vertex 7.409462e+01 8.749114e+01 1.345347e+02
         vertex 7.398728e+01 8.754825e+01 1.341062e+02
      endloop
   endfacet
   facet normal 8.096106e-01 5.731973e-01 -1.263943e-01
      outer loop
         vertex 7.398728e+01 8.754825e+01 1.341062e+02
         vertex 7.409462e+01 8.749114e+01 1.345347e+02
         vertex 7.402648e+01 8.749114e+01 1.340982e+02
      endloop
   endfacet
   facet normal 7.952716e-01 5.731973e-01 -1.974535e-01
      outer loop
         vertex 7.398728e+01 8.754825e+01 1.341062e+02
         vertex 7.402648e+01 8.749114e+01 1.340982e+02
         vertex 7.388168e+01 8.754825e+01 1.336808e+02
      endloop
   endfacet
   facet normal 7.952704e-01 5.731993e-01 -1.974528e-01
      outer loop
         vertex 7.388168e+01 8.754825e+01 1.336808e+02
         vertex 7.402648e+01 8.749114e+01 1.340982e+02
         vertex 7.392003e+01 8.749114e+01 1.336695e+02
      endloop
   endfacet
   facet normal 7.747075e-01 5.731993e-01 -2.669660e-01
      outer loop
         vertex 7.388168e+01 8.754825e+01 1.336808e+02
         vertex 7.392003e+01 8.749114e+01 1.336695e+02
         vertex 7.373890e+01 8.754825e+01 1.332665e+02
      endloop
   endfacet
   facet normal 7.747069e-01 5.732002e-01 -2.669657e-01
      outer loop
         vertex 7.373890e+01 8.754825e+01 1.332665e+02
         vertex 7.392003e+01 8.749114e+01 1.336695e+02
         vertex 7.377610e+01 8.749114e+01 1.332518e+02
      endloop
   endfacet
   facet normal 7.480807e-01 5.732003e-01 -3.343901e-01
      outer loop
         vertex 7.373890e+01 8.754825e+01 1.332665e+02
         vertex 7.377610e+01 8.749114e+01 1.332518e+02
         vertex 7.356007e+01 8.754825e+01 1.328664e+02
      endloop
   endfacet
   facet normal 7.480798e-01 5.732019e-01 -3.343893e-01
      outer loop
         vertex 7.356007e+01 8.754825e+01 1.328664e+02
         vertex 7.377610e+01 8.749114e+01 1.332518e+02
         vertex 7.359582e+01 8.749114e+01 1.328485e+02
      endloop
   endfacet
   facet normal 7.155991e-01 5.732017e-01 -3.991964e-01
      outer loop
         vertex 7.356007e+01 8.754825e+01 1.328664e+02
         vertex 7.359582e+01 8.749114e+01 1.328485e+02
         vertex 7.334658e+01 8.754825e+01 1.324837e+02
      endloop
   endfacet
   facet normal 7.155994e-01 5.732011e-01 -3.991967e-01
      outer loop
         vertex 7.334658e+01 8.754825e+01 1.324837e+02
         vertex 7.359582e+01 8.749114e+01 1.328485e+02
         vertex 7.338061e+01 8.749114e+01 1.324627e+02
      endloop
   endfacet
   facet normal 6.775182e-01 5.732010e-01 -4.608793e-01
      outer loop
         vertex 7.334658e+01 8.754825e+01 1.324837e+02
         vertex 7.338061e+01 8.749114e+01 1.324627e+02
         vertex 7.310010e+01 8.754825e+01 1.321214e+02
      endloop
   endfacet
   facet normal 6.775187e-01 5.731999e-01 -4.608799e-01
      outer loop
         vertex 7.310010e+01 8.754825e+01 1.321214e+02
         vertex 7.338061e+01 8.749114e+01 1.324627e+02
         vertex 7.313214e+01 8.749114e+01 1.320975e+02
      endloop
   endfacet
   facet normal 6.341349e-01 5.731998e-01 -5.189557e-01
      outer loop
         vertex 7.310010e+01 8.754825e+01 1.321214e+02
         vertex 7.313214e+01 8.749114e+01 1.320975e+02
         vertex 7.282256e+01 8.754825e+01 1.317823e+02
      endloop
   endfacet
   facet normal 6.341349e-01 5.731998e-01 -5.189557e-01
      outer loop
         vertex 7.282256e+01 8.754825e+01 1.317823e+02
         vertex 7.313214e+01 8.749114e+01 1.320975e+02
         vertex 7.285236e+01 8.749114e+01 1.317556e+02
      endloop
   endfacet
   facet normal 5.857888e-01 5.731998e-01 -5.729691e-01
      outer loop
         vertex 7.282256e+01 8.754825e+01 1.317823e+02
         vertex 7.285236e+01 8.749114e+01 1.317556e+02
         vertex 7.251613e+01 8.754825e+01 1.314690e+02
      endloop
   endfacet
   facet normal 5.857893e-01 5.731983e-01 -5.729700e-01
      outer loop
         vertex 7.251613e+01 8.754825e+01 1.314690e+02
         vertex 7.285236e+01 8.749114e+01 1.317556e+02
         vertex 7.254346e+01 8.749114e+01 1.314398e+02
      endloop
   endfacet
   facet normal 5.328574e-01 5.731982e-01 -6.225004e-01
      outer loop
         vertex 7.251613e+01 8.754825e+01 1.314690e+02
         vertex 7.254346e+01 8.749114e+01 1.314398e+02
         vertex 7.218321e+01 8.754825e+01 1.311840e+02
      endloop
   endfacet
   facet normal 5.328571e-01 5.731994e-01 -6.224997e-01
      outer loop
         vertex 7.218321e+01 8.754825e+01 1.311840e+02
         vertex 7.254346e+01 8.749114e+01 1.314398e+02
         vertex 7.220785e+01 8.749114e+01 1.311525e+02
      endloop
   endfacet
   facet normal 4.757553e-01 5.731992e-01 -6.671578e-01
      outer loop
         vertex 7.218321e+01 8.754825e+01 1.311840e+02
         vertex 7.220785e+01 8.749114e+01 1.311525e+02
         vertex 7.182641e+01 8.754825e+01 1.309296e+02
      endloop
   endfacet
   facet normal 4.757557e-01 5.731979e-01 -6.671587e-01
      outer loop
         vertex 7.182641e+01 8.754825e+01 1.309296e+02
         vertex 7.220785e+01 8.749114e+01 1.311525e+02
         vertex 7.184817e+01 8.749114e+01 1.308960e+02
      endloop
   endfacet
   facet normal 4.149306e-01 5.731978e-01 -7.065953e-01
      outer loop
         vertex 7.182641e+01 8.754825e+01 1.309296e+02
         vertex 7.184817e+01 8.749114e+01 1.308960e+02
         vertex 7.144852e+01 8.754825e+01 1.307077e+02
      endloop
   endfacet
   facet normal 4.149301e-01 5.732006e-01 -7.065933e-01
      outer loop
         vertex 7.144852e+01 8.754825e+01 1.307077e+02
         vertex 7.184817e+01 8.749114e+01 1.308960e+02
         vertex 7.146723e+01 8.749114e+01 1.306723e+02
      endloop
   endfacet
   facet normal 3.508569e-01 5.732007e-01 -7.405001e-01
      outer loop
         vertex 7.144852e+01 8.754825e+01 1.307077e+02
         vertex 7.146723e+01 8.749114e+01 1.306723e+02
         vertex 7.105250e+01 8.754825e+01 1.305200e+02
      endloop
   endfacet
   facet normal 3.508571e-01 5.731991e-01 -7.405012e-01
      outer loop
         vertex 7.105250e+01 8.754825e+01 1.305200e+02
         vertex 7.146723e+01 8.749114e+01 1.306723e+02
         vertex 7.106801e+01 8.749114e+01 1.304832e+02
      endloop
   endfacet
   facet normal 2.840391e-01 5.731991e-01 -7.686121e-01
      outer loop
         vertex 7.105250e+01 8.754825e+01 1.305200e+02
         vertex 7.106801e+01 8.749114e+01 1.304832e+02
         vertex 7.064144e+01 8.754825e+01 1.303681e+02
      endloop
   endfacet
   facet normal 2.840389e-01 5.732020e-01 -7.686100e-01
      outer loop
         vertex 7.064144e+01 8.754825e+01 1.303681e+02
         vertex 7.106801e+01 8.749114e+01 1.304832e+02
         vertex 7.065363e+01 8.749114e+01 1.303300e+02
      endloop
   endfacet
   facet normal 2.149972e-01 5.732021e-01 -7.907057e-01
      outer loop
         vertex 7.064144e+01 8.754825e+01 1.303681e+02
         vertex 7.065363e+01 8.749114e+01 1.303300e+02
         vertex 7.021857e+01 8.754825e+01 1.302531e+02
      endloop
   endfacet
   facet normal 2.149972e-01 5.731991e-01 -7.907079e-01
      outer loop
         vertex 7.021857e+01 8.754825e+01 1.302531e+02
         vertex 7.065363e+01 8.749114e+01 1.303300e+02
         vertex 7.022735e+01 8.749114e+01 1.302141e+02
      endloop
   endfacet
   facet normal 1.442736e-01 5.731991e-01 -8.066151e-01
      outer loop
         vertex 7.021857e+01 8.754825e+01 1.302531e+02
         vertex 7.022735e+01 8.749114e+01 1.302141e+02
         vertex 6.978719e+01 8.754825e+01 1.301760e+02
      endloop
   endfacet
   facet normal 1.442735e-01 5.731986e-01 -8.066155e-01
      outer loop
         vertex 6.978719e+01 8.754825e+01 1.301760e+02
         vertex 7.022735e+01 8.749114e+01 1.302141e+02
         vertex 6.979248e+01 8.749114e+01 1.301363e+02
      endloop
   endfacet
   facet normal 7.242033e-02 5.731986e-01 -8.162099e-01
      outer loop
         vertex 6.978719e+01 8.754825e+01 1.301760e+02
         vertex 6.979248e+01 8.749114e+01 1.301363e+02
         vertex 6.935067e+01 8.754825e+01 1.301372e+02
      endloop
   endfacet
   facet normal 7.242015e-02 5.731973e-01 -8.162109e-01
      outer loop
         vertex 6.935067e+01 8.754825e+01 1.301372e+02
         vertex 6.979248e+01 8.749114e+01 1.301363e+02
         vertex 6.935244e+01 8.749114e+01 1.300973e+02
      endloop
   endfacet
   facet normal 0.000000e+00 5.731972e-01 -8.194174e-01
      outer loop
         vertex 6.935067e+01 8.754825e+01 1.301372e+02
         vertex 6.935244e+01 8.749114e+01 1.300973e+02
         vertex 6.891245e+01 8.754825e+01 1.301372e+02
      endloop
   endfacet
   facet normal 0.000000e+00 5.731972e-01 -8.194174e-01
      outer loop
         vertex 6.891245e+01 8.754825e+01 1.301372e+02
         vertex 6.935244e+01 8.749114e+01 1.300973e+02
         vertex 6.891068e+01 8.749114e+01 1.300973e+02
      endloop
   endfacet
   facet normal -7.242041e-02 5.731972e-01 -8.162109e-01
      outer loop
         vertex 6.891245e+01 8.754825e+01 1.301372e+02
         vertex 6.891068e+01 8.749114e+01 1.300973e+02
         vertex 6.847593e+01 8.754825e+01 1.301760e+02
      endloop
   endfacet
   facet normal -7.242007e-02 5.731986e-01 -8.162100e-01
      outer loop
         vertex 6.847593e+01 8.754825e+01 1.301760e+02
         vertex 6.891068e+01 8.749114e+01 1.300973e+02
         vertex 6.847064e+01 8.749114e+01 1.301363e+02
      endloop
   endfacet
   facet normal -1.442736e-01 5.731986e-01 -8.066154e-01
      outer loop
         vertex 6.847593e+01 8.754825e+01 1.301760e+02
         vertex 6.847064e+01 8.749114e+01 1.301363e+02
         vertex 6.804455e+01 8.754825e+01 1.302531e+02
      endloop
   endfacet
   facet normal -1.442735e-01 5.731991e-01 -8.066151e-01
      outer loop
         vertex 6.804455e+01 8.754825e+01 1.302531e+02
         vertex 6.847064e+01 8.749114e+01 1.301363e+02
         vertex 6.803578e+01 8.749114e+01 1.302141e+02
      endloop
   endfacet
   facet normal -2.149977e-01 5.731991e-01 -7.907078e-01
      outer loop
         vertex 6.804455e+01 8.754825e+01 1.302531e+02
         vertex 6.803578e+01 8.749114e+01 1.302141e+02
         vertex 6.762168e+01 8.754825e+01 1.303681e+02
      endloop
   endfacet
   facet normal -2.149966e-01 5.732021e-01 -7.907059e-01
      outer loop
         vertex 6.762168e+01 8.754825e+01 1.303681e+02
         vertex 6.803578e+01 8.749114e+01 1.302141e+02
         vertex 6.760949e+01 8.749114e+01 1.303300e+02
      endloop
   endfacet
   facet normal -2.840383e-01 5.732021e-01 -7.686102e-01
      outer loop
         vertex 6.762168e+01 8.754825e+01 1.303681e+02
         vertex 6.760949e+01 8.749114e+01 1.303300e+02
         vertex 6.721062e+01 8.754825e+01 1.305200e+02
      endloop
   endfacet
   facet normal -2.840396e-01 5.731991e-01 -7.686119e-01
      outer loop
         vertex 6.721062e+01 8.754825e+01 1.305200e+02
         vertex 6.760949e+01 8.749114e+01 1.303300e+02
         vertex 6.719511e+01 8.749114e+01 1.304832e+02
      endloop
   endfacet
   facet normal -3.508573e-01 5.731991e-01 -7.405011e-01
      outer loop
         vertex 6.721062e+01 8.754825e+01 1.305200e+02
         vertex 6.719511e+01 8.749114e+01 1.304832e+02
         vertex 6.681460e+01 8.754825e+01 1.307077e+02
      endloop
   endfacet
   facet normal -3.508566e-01 5.732007e-01 -7.405002e-01
      outer loop
         vertex 6.681460e+01 8.754825e+01 1.307077e+02
         vertex 6.719511e+01 8.749114e+01 1.304832e+02
         vertex 6.679589e+01 8.749114e+01 1.306723e+02
      endloop
   endfacet
   facet normal -4.149296e-01 5.732006e-01 -7.065936e-01
      outer loop
         vertex 6.681460e+01 8.754825e+01 1.307077e+02
         vertex 6.679589e+01 8.749114e+01 1.306723e+02
         vertex 6.643671e+01 8.754825e+01 1.309296e+02
      endloop
   endfacet
   facet normal -4.149311e-01 5.731978e-01 -7.065950e-01
      outer loop
         vertex 6.643671e+01 8.754825e+01 1.309296e+02
         vertex 6.679589e+01 8.749114e+01 1.306723e+02
         vertex 6.641495e+01 8.749114e+01 1.308960e+02
      endloop
   endfacet
   facet normal -4.757559e-01 5.731979e-01 -6.671586e-01
      outer loop
         vertex 6.643671e+01 8.754825e+01 1.309296e+02
         vertex 6.641495e+01 8.749114e+01 1.308960e+02
         vertex 6.607991e+01 8.754825e+01 1.311840e+02
      endloop
   endfacet
   facet normal -4.757551e-01 5.731992e-01 -6.671580e-01
      outer loop
         vertex 6.607991e+01 8.754825e+01 1.311840e+02
         vertex 6.641495e+01 8.749114e+01 1.308960e+02
         vertex 6.605527e+01 8.749114e+01 1.311525e+02
      endloop
   endfacet
   facet normal -5.328569e-01 5.731994e-01 -6.224998e-01
      outer loop
         vertex 6.607991e+01 8.754825e+01 1.311840e+02
         vertex 6.605527e+01 8.749114e+01 1.311525e+02
         vertex 6.574699e+01 8.754825e+01 1.314690e+02
      endloop
   endfacet
   facet normal -5.328576e-01 5.731982e-01 -6.225003e-01
      outer loop
         vertex 6.574699e+01 8.754825e+01 1.314690e+02
         vertex 6.605527e+01 8.749114e+01 1.311525e+02
         vertex 6.571967e+01 8.749114e+01 1.314398e+02
      endloop
   endfacet
   facet normal -5.857895e-01 5.731983e-01 -5.729698e-01
      outer loop
         vertex 6.574699e+01 8.754825e+01 1.314690e+02
         vertex 6.571967e+01 8.749114e+01 1.314398e+02
         vertex 6.544056e+01 8.754825e+01 1.317823e+02
      endloop
   endfacet
   facet normal -5.857886e-01 5.731998e-01 -5.729693e-01
      outer loop
         vertex 6.544056e+01 8.754825e+01 1.317823e+02
         vertex 6.571967e+01 8.749114e+01 1.314398e+02
         vertex 6.541077e+01 8.749114e+01 1.317556e+02
      endloop
   endfacet
   facet normal -6.341349e-01 5.731998e-01 -5.189557e-01
      outer loop
         vertex 6.544056e+01 8.754825e+01 1.317823e+02
         vertex 6.541077e+01 8.749114e+01 1.317556e+02
         vertex 6.516302e+01 8.754825e+01 1.321214e+02
      endloop
   endfacet
   facet normal -6.341349e-01 5.731998e-01 -5.189557e-01
      outer loop
         vertex 6.516302e+01 8.754825e+01 1.321214e+02
         vertex 6.541077e+01 8.749114e+01 1.317556e+02
         vertex 6.513098e+01 8.749114e+01 1.320975e+02
      endloop
   endfacet
   facet normal -6.775188e-01 5.731999e-01 -4.608797e-01
      outer loop
         vertex 6.516302e+01 8.754825e+01 1.321214e+02
         vertex 6.513098e+01 8.749114e+01 1.320975e+02
         vertex 6.491654e+01 8.754825e+01 1.324837e+02
      endloop
   endfacet
   facet normal -6.775181e-01 5.732010e-01 -4.608795e-01
      outer loop
         vertex 6.491654e+01 8.754825e+01 1.324837e+02
         vertex 6.513098e+01 8.749114e+01 1.320975e+02
         vertex 6.488251e+01 8.749114e+01 1.324627e+02
      endloop
   endfacet
   facet normal -7.155994e-01 5.732011e-01 -3.991966e-01
      outer loop
         vertex 6.491654e+01 8.754825e+01 1.324837e+02
         vertex 6.488251e+01 8.749114e+01 1.324627e+02
         vertex 6.470305e+01 8.754825e+01 1.328664e+02
      endloop
   endfacet
   facet normal -7.155990e-01 5.732017e-01 -3.991965e-01
      outer loop
         vertex 6.470305e+01 8.754825e+01 1.328664e+02
         vertex 6.488251e+01 8.749114e+01 1.324627e+02
         vertex 6.466730e+01 8.749114e+01 1.328485e+02
      endloop
   endfacet
   facet normal -7.480797e-01 5.732019e-01 -3.343896e-01
      outer loop
         vertex 6.470305e+01 8.754825e+01 1.328664e+02
         vertex 6.466730e+01 8.749114e+01 1.328485e+02
         vertex 6.452422e+01 8.754825e+01 1.332665e+02
      endloop
   endfacet
   facet normal -7.480808e-01 5.732003e-01 -3.343898e-01
      outer loop
         vertex 6.452422e+01 8.754825e+01 1.332665e+02
         vertex 6.466730e+01 8.749114e+01 1.328485e+02
         vertex 6.448702e+01 8.749114e+01 1.332518e+02
      endloop
   endfacet
   facet normal -7.747069e-01 5.732003e-01 -2.669658e-01
      outer loop
         vertex 6.452422e+01 8.754825e+01 1.332665e+02
         vertex 6.448702e+01 8.749114e+01 1.332518e+02
         vertex 6.438144e+01 8.754825e+01 1.336808e+02
      endloop
   endfacet
   facet normal -7.747075e-01 5.731993e-01 -2.669659e-01
      outer loop
         vertex 6.438144e+01 8.754825e+01 1.336808e+02
         vertex 6.448702e+01 8.749114e+01 1.332518e+02
         vertex 6.434309e+01 8.749114e+01 1.336695e+02
      endloop
   endfacet
   facet normal -7.952703e-01 5.731993e-01 -1.974532e-01
      outer loop
         vertex 6.438144e+01 8.754825e+01 1.336808e+02
         vertex 6.434309e+01 8.749114e+01 1.336695e+02
         vertex 6.427584e+01 8.754825e+01 1.341062e+02
      endloop
   endfacet
   facet normal -7.952717e-01 5.731974e-01 -1.974531e-01
      outer loop
         vertex 6.427584e+01 8.754825e+01 1.341062e+02
         vertex 6.434309e+01 8.749114e+01 1.336695e+02
         vertex 6.423664e+01 8.749114e+01 1.340982e+02
      endloop
   endfacet
   facet normal -8.096106e-01 5.731973e-01 -1.263942e-01
      outer loop
         vertex 6.427584e+01 8.754825e+01 1.341062e+02
         vertex 6.423664e+01 8.749114e+01 1.340982e+02
         vertex 6.420825e+01 8.754825e+01 1.345391e+02
      endloop
   endfacet
   facet normal -8.096105e-01 5.731975e-01 -1.263942e-01
      outer loop
         vertex 6.420825e+01 8.754825e+01 1.345391e+02
         vertex 6.423664e+01 8.749114e+01 1.340982e+02
         vertex 6.416850e+01 8.749114e+01 1.345347e+02
      endloop
   endfacet
   facet normal -8.176131e-01 5.731975e-01 -5.434577e-02
      outer loop
         vertex 6.420825e+01 8.754825e+01 1.345391e+02
         vertex 6.416850e+01 8.749114e+01 1.345347e+02
         vertex 6.417918e+01 8.754825e+01 1.349764e+02
      endloop
   endfacet
   facet normal -8.176102e-01 5.732015e-01 -5.434636e-02
      outer loop
         vertex 6.417918e+01 8.754825e+01 1.349764e+02
         vertex 6.416850e+01 8.749114e+01 1.345347e+02
         vertex 6.413920e+01 8.749114e+01 1.349755e+02
      endloop
   endfacet
   facet normal -8.192139e-01 5.732015e-01 1.812680e-02
      outer loop
         vertex 6.417918e+01 8.754825e+01 1.349764e+02
         vertex 6.413920e+01 8.749114e+01 1.349755e+02
         vertex 6.418888e+01 8.754825e+01 1.354145e+02
      endloop
   endfacet
   facet normal -8.192162e-01 5.731983e-01 1.812748e-02
      outer loop
         vertex 6.418888e+01 8.754825e+01 1.354145e+02
         vertex 6.413920e+01 8.749114e+01 1.349755e+02
         vertex 6.414897e+01 8.749114e+01 1.354172e+02
      endloop
   endfacet
   facet normal -8.144083e-01 5.731983e-01 9.045873e-02
      outer loop
         vertex 6.418888e+01 8.754825e+01 1.354145e+02
         vertex 6.414897e+01 8.749114e+01 1.354172e+02
         vertex 6.423726e+01 8.754825e+01 1.358501e+02
      endloop
   endfacet
   facet normal -8.144073e-01 5.731998e-01 9.045832e-02
      outer loop
         vertex 6.423726e+01 8.754825e+01 1.358501e+02
         vertex 6.414897e+01 8.749114e+01 1.354172e+02
         vertex 6.419774e+01 8.749114e+01 1.358562e+02
      endloop
   endfacet
   facet normal -8.032256e-01 5.731998e-01 1.620820e-01
      outer loop
         vertex 6.423726e+01 8.754825e+01 1.358501e+02
         vertex 6.419774e+01 8.749114e+01 1.358562e+02
         vertex 6.432394e+01 8.754825e+01 1.362796e+02
      endloop
   endfacet
   facet normal -8.032266e-01 5.731983e-01 1.620825e-01
      outer loop
         vertex 6.432394e+01 8.754825e+01 1.362796e+02
         vertex 6.419774e+01 8.749114e+01 1.358562e+02
         vertex 6.428512e+01 8.749114e+01 1.362893e+02
      endloop
   endfacet
   facet normal -7.857586e-01 5.731983e-01 2.324372e-01
      outer loop
         vertex 6.432394e+01 8.754825e+01 1.362796e+02
         vertex 6.428512e+01 8.749114e+01 1.362893e+02
         vertex 6.444825e+01 8.754825e+01 1.366999e+02
      endloop
   endfacet
   facet normal -7.857585e-01 5.731985e-01 2.324372e-01
      outer loop
         vertex 6.444825e+01 8.754825e+01 1.366999e+02
         vertex 6.428512e+01 8.749114e+01 1.362893e+02
         vertex 6.441044e+01 8.749114e+01 1.367129e+02
      endloop
   endfacet
   facet normal -7.621410e-01 5.731985e-01 3.009727e-01
      outer loop
         vertex 6.444825e+01 8.754825e+01 1.366999e+02
         vertex 6.441044e+01 8.749114e+01 1.367129e+02
         vertex 6.460921e+01 8.754825e+01 1.371075e+02
      endloop
   endfacet
   facet normal -7.621406e-01 5.731992e-01 3.009725e-01
      outer loop
         vertex 6.460921e+01 8.754825e+01 1.371075e+02
         vertex 6.441044e+01 8.749114e+01 1.367129e+02
         vertex 6.457270e+01 8.749114e+01 1.371238e+02
      endloop
   endfacet
   facet normal -7.325579e-01 5.731991e-01 3.671536e-01
      outer loop
         vertex 6.460921e+01 8.754825e+01 1.371075e+02
         vertex 6.457270e+01 8.749114e+01 1.371238e+02
         vertex 6.480556e+01 8.754825e+01 1.374992e+02
      endloop
   endfacet
   facet normal -7.325568e-01 5.732011e-01 3.671527e-01
      outer loop
         vertex 6.480556e+01 8.754825e+01 1.374992e+02
         vertex 6.457270e+01 8.749114e+01 1.371238e+02
         vertex 6.477064e+01 8.749114e+01 1.375187e+02
      endloop
   endfacet
   facet normal -6.972415e-01 5.732011e-01 4.304587e-01
      outer loop
         vertex 6.480556e+01 8.754825e+01 1.374992e+02
         vertex 6.477064e+01 8.749114e+01 1.375187e+02
         vertex 6.503578e+01 8.754825e+01 1.378721e+02
      endloop
   endfacet
   facet normal -6.972430e-01 5.731981e-01 4.304604e-01
      outer loop
         vertex 6.503578e+01 8.754825e+01 1.378721e+02
         vertex 6.477064e+01 8.749114e+01 1.375187e+02
         vertex 6.500271e+01 8.749114e+01 1.378946e+02
      endloop
   endfacet
   facet normal -6.564704e-01 5.731982e-01 4.903982e-01
      outer loop
         vertex 6.503578e+01 8.754825e+01 1.378721e+02
         vertex 6.500271e+01 8.749114e+01 1.378946e+02
         vertex 6.529804e+01 8.754825e+01 1.382232e+02
      endloop
   endfacet
   facet normal -6.564703e-01 5.731984e-01 4.903981e-01
      outer loop
         vertex 6.529804e+01 8.754825e+01 1.382232e+02
         vertex 6.500271e+01 8.749114e+01 1.378946e+02
         vertex 6.526709e+01 8.749114e+01 1.382485e+02
      endloop
   endfacet
   facet normal -6.105596e-01 5.731986e-01 5.464982e-01
      outer loop
         vertex 6.529804e+01 8.754825e+01 1.382232e+02
         vertex 6.526709e+01 8.749114e+01 1.382485e+02
         vertex 6.559031e+01 8.754825e+01 1.385497e+02
      endloop
   endfacet
   facet normal -6.105590e-01 5.732001e-01 5.464973e-01
      outer loop
         vertex 6.559031e+01 8.754825e+01 1.385497e+02
         vertex 6.526709e+01 8.749114e+01 1.382485e+02
         vertex 6.556172e+01 8.749114e+01 1.385777e+02
      endloop
   endfacet
   facet normal -5.598706e-01 5.732000e-01 5.983199e-01
      outer loop
         vertex 6.559031e+01 8.754825e+01 1.385497e+02
         vertex 6.556172e+01 8.749114e+01 1.385777e+02
         vertex 6.591030e+01 8.754825e+01 1.388492e+02
      endloop
   endfacet
   facet normal -5.598709e-01 5.731991e-01 5.983204e-01
      outer loop
         vertex 6.591030e+01 8.754825e+01 1.388492e+02
         vertex 6.556172e+01 8.749114e+01 1.385777e+02
         vertex 6.588429e+01 8.749114e+01 1.388795e+02
      endloop
   endfacet
   facet normal -5.048002e-01 5.731991e-01 6.454607e-01
      outer loop
         vertex 6.591030e+01 8.754825e+01 1.388492e+02
         vertex 6.588429e+01 8.749114e+01 1.388795e+02
         vertex 6.625549e+01 8.754825e+01 1.391191e+02
      endloop
   endfacet
   facet normal -5.048003e-01 5.731987e-01 6.454610e-01
      outer loop
         vertex 6.625549e+01 8.754825e+01 1.391191e+02
         vertex 6.588429e+01 8.749114e+01 1.388795e+02
         vertex 6.623227e+01 8.749114e+01 1.391517e+02
      endloop
   endfacet
   facet normal -4.457790e-01 5.731988e-01 6.875494e-01
      outer loop
         vertex 6.625549e+01 8.754825e+01 1.391191e+02
         vertex 6.623227e+01 8.749114e+01 1.391517e+02
         vertex 6.662320e+01 8.754825e+01 1.393575e+02
      endloop
   endfacet
   facet normal -4.457784e-01 5.732015e-01 6.875476e-01
      outer loop
         vertex 6.662320e+01 8.754825e+01 1.393575e+02
         vertex 6.623227e+01 8.749114e+01 1.391517e+02
         vertex 6.660295e+01 8.749114e+01 1.393920e+02
      endloop
   endfacet
   facet normal -3.832682e-01 5.732014e-01 7.242553e-01
      outer loop
         vertex 6.662320e+01 8.754825e+01 1.393575e+02
         vertex 6.660295e+01 8.749114e+01 1.393920e+02
         vertex 6.701053e+01 8.754825e+01 1.395625e+02
      endloop
   endfacet
   facet normal -3.832683e-01 5.732005e-01 7.242559e-01
      outer loop
         vertex 6.701053e+01 8.754825e+01 1.395625e+02
         vertex 6.660295e+01 8.749114e+01 1.393920e+02
         vertex 6.699341e+01 8.749114e+01 1.395986e+02
      endloop
   endfacet
   facet normal -3.177589e-01 5.732004e-01 7.552950e-01
      outer loop
         vertex 6.701053e+01 8.754825e+01 1.395625e+02
         vertex 6.699341e+01 8.749114e+01 1.395986e+02
         vertex 6.741447e+01 8.754825e+01 1.397324e+02
      endloop
   endfacet
   facet normal -3.177589e-01 5.732008e-01 7.552947e-01
      outer loop
         vertex 6.741447e+01 8.754825e+01 1.397324e+02
         vertex 6.699341e+01 8.749114e+01 1.395986e+02
         vertex 6.740061e+01 8.749114e+01 1.397700e+02
      endloop
   endfacet
   facet normal -2.497625e-01 5.732007e-01 7.804227e-01
      outer loop
         vertex 6.741447e+01 8.754825e+01 1.397324e+02
         vertex 6.740061e+01 8.749114e+01 1.397700e+02
         vertex 6.783184e+01 8.754825e+01 1.398660e+02
      endloop
   endfacet
   facet normal -2.497625e-01 5.732009e-01 7.804226e-01
      outer loop
         vertex 6.783184e+01 8.754825e+01 1.398660e+02
         vertex 6.740061e+01 8.749114e+01 1.397700e+02
         vertex 6.782135e+01 8.749114e+01 1.399046e+02
      endloop
   endfacet
   facet normal -1.798116e-01 5.732010e-01 7.994426e-01
      outer loop
         vertex 6.783184e+01 8.754825e+01 1.398660e+02
         vertex 6.782135e+01 8.749114e+01 1.399046e+02
         vertex 6.825939e+01 8.754825e+01 1.399622e+02
      endloop
   endfacet
   facet normal -1.798114e-01 5.731973e-01 7.994453e-01
      outer loop
         vertex 6.825939e+01 8.754825e+01 1.399622e+02
         vertex 6.782135e+01 8.749114e+01 1.399046e+02
         vertex 6.825235e+01 8.749114e+01 1.400016e+02
      endloop
   endfacet
   facet normal -1.084526e-01 5.731972e-01 8.122087e-01
      outer loop
         vertex 6.825939e+01 8.754825e+01 1.399622e+02
         vertex 6.825235e+01 8.749114e+01 1.400016e+02
         vertex 6.869376e+01 8.754825e+01 1.400202e+02
      endloop
   endfacet
   facet normal -1.084530e-01 5.732009e-01 8.122060e-01
      outer loop
         vertex 6.869376e+01 8.754825e+01 1.400202e+02
         vertex 6.825235e+01 8.749114e+01 1.400016e+02
         vertex 6.869023e+01 8.749114e+01 1.400600e+02
      endloop
   endfacet
   facet normal -3.624527e-02 5.732009e-01 8.186129e-01
      outer loop
         vertex 6.869376e+01 8.754825e+01 1.400202e+02
         vertex 6.869023e+01 8.749114e+01 1.400600e+02
         vertex 6.913156e+01 8.754825e+01 1.400396e+02
      endloop
   endfacet
   facet normal -3.624522e-02 5.732006e-01 8.186131e-01
      outer loop
         vertex 6.913156e+01 8.754825e+01 1.400396e+02
         vertex 6.869023e+01 8.749114e+01 1.400600e+02
         vertex 6.913156e+01 8.749114e+01 1.400796e+02
      endloop
   endfacet
   facet normal 3.624528e-02 5.732006e-01 8.186131e-01
      outer loop
         vertex 6.913156e+01 8.754825e+01 1.400396e+02
         vertex 6.913156e+01 8.749114e+01 1.400796e+02
         vertex 6.956936e+01 8.754825e+01 1.400202e+02
      endloop
   endfacet
   facet normal 3.624521e-02 5.732009e-01 8.186129e-01
      outer loop
         vertex 6.956936e+01 8.754825e+01 1.400202e+02
         vertex 6.913156e+01 8.749114e+01 1.400796e+02
         vertex 6.957289e+01 8.749114e+01 1.400600e+02
      endloop
   endfacet
   facet normal 9.363441e-02 7.067602e-01 7.012294e-01
      outer loop
         vertex 6.957289e+01 8.749114e+01 1.400600e+02
         vertex 6.957725e+01 8.744184e+01 1.401091e+02
         vertex 7.001077e+01 8.749114e+01 1.400016e+02
      endloop
   endfacet
   facet normal 9.363382e-02 7.067619e-01 7.012278e-01
      outer loop
         vertex 7.001077e+01 8.749114e+01 1.400016e+02
         vertex 6.957725e+01 8.744184e+01 1.401091e+02
         vertex 7.001945e+01 8.744184e+01 1.400501e+02
      endloop
   endfacet
   facet normal 1.552419e-01 7.067619e-01 6.902084e-01
      outer loop
         vertex 7.001077e+01 8.749114e+01 1.400016e+02
         vertex 7.001945e+01 8.744184e+01 1.400501e+02
         vertex 7.044177e+01 8.749114e+01 1.399046e+02
      endloop
   endfacet
   facet normal 1.552427e-01 7.067598e-01 6.902103e-01
      outer loop
         vertex 7.044177e+01 8.749114e+01 1.399046e+02
         vertex 7.001945e+01 8.744184e+01 1.400501e+02
         vertex 7.045471e+01 8.744184e+01 1.399522e+02
      endloop
   endfacet
   facet normal 2.156361e-01 7.067598e-01 6.737890e-01
      outer loop
         vertex 7.044177e+01 8.749114e+01 1.399046e+02
         vertex 7.045471e+01 8.744184e+01 1.399522e+02
         vertex 7.086252e+01 8.749114e+01 1.397700e+02
      endloop
   endfacet
   facet normal 2.156352e-01 7.067614e-01 6.737876e-01
      outer loop
         vertex 7.086252e+01 8.749114e+01 1.397700e+02
         vertex 7.045471e+01 8.744184e+01 1.399522e+02
         vertex 7.087961e+01 8.744184e+01 1.398162e+02
      endloop
   endfacet
   facet normal 2.743411e-01 7.067613e-01 6.520931e-01
      outer loop
         vertex 7.086252e+01 8.749114e+01 1.397700e+02
         vertex 7.087961e+01 8.744184e+01 1.398162e+02
         vertex 7.126971e+01 8.749114e+01 1.395986e+02
      endloop
   endfacet
   facet normal 2.743418e-01 7.067600e-01 6.520942e-01
      outer loop
         vertex 7.126971e+01 8.749114e+01 1.395986e+02
         vertex 7.087961e+01 8.744184e+01 1.398162e+02
         vertex 7.129082e+01 8.744184e+01 1.396432e+02
      endloop
   endfacet
   facet normal 3.308999e-01 7.067601e-01 6.252963e-01
      outer loop
         vertex 7.126971e+01 8.749114e+01 1.395986e+02
         vertex 7.129082e+01 8.744184e+01 1.396432e+02
         vertex 7.166018e+01 8.749114e+01 1.393920e+02
      endloop
   endfacet
   facet normal 3.308999e-01 7.067602e-01 6.252962e-01
      outer loop
         vertex 7.166018e+01 8.749114e+01 1.393920e+02
         vertex 7.129082e+01 8.744184e+01 1.396432e+02
         vertex 7.168514e+01 8.744184e+01 1.394345e+02
      endloop
   endfacet
   facet normal 3.848692e-01 7.067601e-01 5.936041e-01
      outer loop
         vertex 7.166018e+01 8.749114e+01 1.393920e+02
         vertex 7.168514e+01 8.744184e+01 1.394345e+02
         vertex 7.203085e+01 8.749114e+01 1.391517e+02
      endloop
   endfacet
   facet normal 3.848695e-01 7.067597e-01 5.936044e-01
      outer loop
         vertex 7.203085e+01 8.749114e+01 1.391517e+02
         vertex 7.168514e+01 8.744184e+01 1.394345e+02
         vertex 7.205947e+01 8.744184e+01 1.391918e+02
      endloop
   endfacet
   facet normal 4.358258e-01 7.067597e-01 5.572670e-01
      outer loop
         vertex 7.203085e+01 8.749114e+01 1.391517e+02
         vertex 7.205947e+01 8.744184e+01 1.391918e+02
         vertex 7.237883e+01 8.749114e+01 1.388795e+02
      endloop
   endfacet
   facet normal 4.358263e-01 7.067591e-01 5.572674e-01
      outer loop
         vertex 7.237883e+01 8.749114e+01 1.388795e+02
         vertex 7.205947e+01 8.744184e+01 1.391918e+02
         vertex 7.241089e+01 8.744184e+01 1.389170e+02
      endloop
   endfacet
   facet normal 4.833723e-01 7.067592e-01 5.165682e-01
      outer loop
         vertex 7.237883e+01 8.749114e+01 1.388795e+02
         vertex 7.241089e+01 8.744184e+01 1.389170e+02
         vertex 7.270140e+01 8.749114e+01 1.385777e+02
      endloop
   endfacet
   facet normal 4.833713e-01 7.067604e-01 5.165675e-01
      outer loop
         vertex 7.270140e+01 8.749114e+01 1.385777e+02
         vertex 7.241089e+01 8.744184e+01 1.389170e+02
         vertex 7.273665e+01 8.744184e+01 1.386122e+02
      endloop
   endfacet
   facet normal 5.271342e-01 7.067603e-01 4.718256e-01
      outer loop
         vertex 7.270140e+01 8.749114e+01 1.385777e+02
         vertex 7.273665e+01 8.744184e+01 1.386122e+02
         vertex 7.299603e+01 8.749114e+01 1.382485e+02
      endloop
   endfacet
   facet normal 5.271351e-01 7.067593e-01 4.718261e-01
      outer loop
         vertex 7.299603e+01 8.749114e+01 1.382485e+02
         vertex 7.273665e+01 8.744184e+01 1.386122e+02
         vertex 7.303418e+01 8.744184e+01 1.382798e+02
      endloop
   endfacet
   facet normal 5.667722e-01 7.067594e-01 4.233916e-01
      outer loop
         vertex 7.299603e+01 8.749114e+01 1.382485e+02
         vertex 7.303418e+01 8.744184e+01 1.382798e+02
         vertex 7.326041e+01 8.749114e+01 1.378946e+02
      endloop
   endfacet
   facet normal 5.667708e-01 7.067609e-01 4.233910e-01
      outer loop
         vertex 7.326041e+01 8.749114e+01 1.378946e+02
         vertex 7.303418e+01 8.744184e+01 1.382798e+02
         vertex 7.330118e+01 8.744184e+01 1.379223e+02
      endloop
   endfacet
   facet normal 6.019724e-01 7.067609e-01 3.716427e-01
      outer loop
         vertex 7.326041e+01 8.749114e+01 1.378946e+02
         vertex 7.330118e+01 8.744184e+01 1.379223e+02
         vertex 7.349248e+01 8.749114e+01 1.375187e+02
      endloop
   endfacet
   facet normal 6.019715e-01 7.067618e-01 3.716424e-01
      outer loop
         vertex 7.349248e+01 8.749114e+01 1.375187e+02
         vertex 7.330118e+01 8.744184e+01 1.379223e+02
         vertex 7.353554e+01 8.744184e+01 1.375427e+02
      endloop
   endfacet
   facet normal 6.324617e-01 7.067618e-01 3.169857e-01
      outer loop
         vertex 7.349248e+01 8.749114e+01 1.375187e+02
         vertex 7.353554e+01 8.744184e+01 1.375427e+02
         vertex 7.369042e+01 8.749114e+01 1.371238e+02
      endloop
   endfacet
   facet normal 6.324640e-01 7.067595e-01 3.169863e-01
      outer loop
         vertex 7.369042e+01 8.749114e+01 1.371238e+02
         vertex 7.353554e+01 8.744184e+01 1.375427e+02
         vertex 7.373544e+01 8.744184e+01 1.371439e+02
      endloop
   endfacet
   facet normal 6.580045e-01 7.067593e-01 2.598487e-01
      outer loop
         vertex 7.369042e+01 8.749114e+01 1.371238e+02
         vertex 7.373544e+01 8.744184e+01 1.371439e+02
         vertex 7.385269e+01 8.749114e+01 1.367129e+02
      endloop
   endfacet
   facet normal 6.580033e-01 7.067606e-01 2.598485e-01
      outer loop
         vertex 7.385269e+01 8.749114e+01 1.367129e+02
         vertex 7.373544e+01 8.744184e+01 1.371439e+02
         vertex 7.389930e+01 8.744184e+01 1.367290e+02
      endloop
   endfacet
   facet normal 6.783938e-01 7.067605e-01 2.006774e-01
      outer loop
         vertex 7.385269e+01 8.749114e+01 1.367129e+02
         vertex 7.389930e+01 8.744184e+01 1.367290e+02
         vertex 7.397800e+01 8.749114e+01 1.362893e+02
      endloop
   endfacet
   facet normal 6.783944e-01 7.067599e-01 2.006774e-01
      outer loop
         vertex 7.397800e+01 8.749114e+01 1.362893e+02
         vertex 7.389930e+01 8.744184e+01 1.367290e+02
         vertex 7.402585e+01 8.744184e+01 1.363012e+02
      endloop
   endfacet
   facet normal 6.934755e-01 7.067600e-01 1.399359e-01
      outer loop
         vertex 7.397800e+01 8.749114e+01 1.362893e+02
         vertex 7.402585e+01 8.744184e+01 1.363012e+02
         vertex 7.406538e+01 8.749114e+01 1.358562e+02
      endloop
   endfacet
   facet normal 6.934752e-01 7.067603e-01 1.399359e-01
      outer loop
         vertex 7.406538e+01 8.749114e+01 1.358562e+02
         vertex 7.402585e+01 8.744184e+01 1.363012e+02
         vertex 7.411409e+01 8.744184e+01 1.358638e+02
      endloop
   endfacet
   facet normal 7.031291e-01 7.067603e-01 7.809837e-02
      outer loop
         vertex 7.406538e+01 8.749114e+01 1.358562e+02
         vertex 7.411409e+01 8.744184e+01 1.358638e+02
         vertex 7.411415e+01 8.749114e+01 1.354172e+02
      endloop
   endfacet
   facet normal 7.031278e-01 7.067615e-01 7.809851e-02
      outer loop
         vertex 7.411415e+01 8.749114e+01 1.354172e+02
         vertex 7.411409e+01 8.744184e+01 1.358638e+02
         vertex 7.416334e+01 8.744184e+01 1.354204e+02
      endloop
   endfacet
   facet normal 7.072787e-01 7.067615e-01 1.565055e-02
      outer loop
         vertex 7.411415e+01 8.749114e+01 1.354172e+02
         vertex 7.416334e+01 8.744184e+01 1.354204e+02
         vertex 7.412392e+01 8.749114e+01 1.349755e+02
      endloop
   endfacet
   facet normal 7.072814e-01 7.067589e-01 1.565001e-02
      outer loop
         vertex 7.412392e+01 8.749114e+01 1.349755e+02
         vertex 7.416334e+01 8.744184e+01 1.354204e+02
         vertex 7.417321e+01 8.744184e+01 1.349744e+02
      endloop
   endfacet
   facet normal 7.058969e-01 7.067588e-01 -4.692080e-02
      outer loop
         vertex 7.412392e+01 8.749114e+01 1.349755e+02
         vertex 7.417321e+01 8.744184e+01 1.349744e+02
         vertex 7.409462e+01 8.749114e+01 1.345347e+02
      endloop
   endfacet
   facet normal 7.058955e-01 7.067603e-01 -4.692039e-02
      outer loop
         vertex 7.409462e+01 8.749114e+01 1.345347e+02
         vertex 7.417321e+01 8.744184e+01 1.349744e+02
         vertex 7.414362e+01 8.744184e+01 1.345293e+02
      endloop
   endfacet
   facet normal 6.989863e-01 7.067603e-01 -1.091239e-01
      outer loop
         vertex 7.409462e+01 8.749114e+01 1.345347e+02
         vertex 7.414362e+01 8.744184e+01 1.345293e+02
         vertex 7.402648e+01 8.749114e+01 1.340982e+02
      endloop
   endfacet
   facet normal 6.989864e-01 7.067602e-01 -1.091239e-01
      outer loop
         vertex 7.402648e+01 8.749114e+01 1.340982e+02
         vertex 7.414362e+01 8.744184e+01 1.345293e+02
         vertex 7.407481e+01 8.744184e+01 1.340885e+02
      endloop
   endfacet
   facet normal 6.866068e-01 7.067602e-01 -1.704734e-01
      outer loop
         vertex 7.402648e+01 8.749114e+01 1.340982e+02
         vertex 7.407481e+01 8.744184e+01 1.340885e+02
         vertex 7.392003e+01 8.749114e+01 1.336695e+02
      endloop
   endfacet
   facet normal 6.866061e-01 7.067610e-01 -1.704730e-01
      outer loop
         vertex 7.392003e+01 8.749114e+01 1.336695e+02
         vertex 7.407481e+01 8.744184e+01 1.340885e+02
         vertex 7.396731e+01 8.744184e+01 1.336555e+02
      endloop
   endfacet
   facet normal 6.688529e-01 7.067610e-01 -2.304881e-01
      outer loop
         vertex 7.392003e+01 8.749114e+01 1.336695e+02
         vertex 7.396731e+01 8.744184e+01 1.336555e+02
         vertex 7.377610e+01 8.749114e+01 1.332518e+02
      endloop
   endfacet
   facet normal 6.688538e-01 7.067599e-01 -2.304887e-01
      outer loop
         vertex 7.377610e+01 8.749114e+01 1.332518e+02
         vertex 7.396731e+01 8.744184e+01 1.336555e+02
         vertex 7.382196e+01 8.744184e+01 1.332337e+02
      endloop
   endfacet
   facet normal 6.458658e-01 7.067599e-01 -2.887000e-01
      outer loop
         vertex 7.377610e+01 8.749114e+01 1.332518e+02
         vertex 7.382196e+01 8.744184e+01 1.332337e+02
         vertex 7.359582e+01 8.749114e+01 1.328485e+02
      endloop
   endfacet
   facet normal 6.458659e-01 7.067598e-01 -2.887001e-01
      outer loop
         vertex 7.359582e+01 8.749114e+01 1.328485e+02
         vertex 7.382196e+01 8.744184e+01 1.332337e+02
         vertex 7.363990e+01 8.744184e+01 1.328264e+02
      endloop
   endfacet
   facet normal 6.178230e-01 7.067599e-01 -3.446522e-01
      outer loop
         vertex 7.359582e+01 8.749114e+01 1.328485e+02
         vertex 7.363990e+01 8.744184e+01 1.328264e+02
         vertex 7.338061e+01 8.749114e+01 1.324627e+02
      endloop
   endfacet
   facet normal 6.178235e-01 7.067593e-01 -3.446527e-01
      outer loop
         vertex 7.338061e+01 8.749114e+01 1.324627e+02
         vertex 7.363990e+01 8.744184e+01 1.328264e+02
         vertex 7.342256e+01 8.744184e+01 1.324368e+02
      endloop
   endfacet
   facet normal 5.849454e-01 7.067593e-01 -3.979072e-01
      outer loop
         vertex 7.338061e+01 8.749114e+01 1.324627e+02
         vertex 7.342256e+01 8.744184e+01 1.324368e+02
         vertex 7.313214e+01 8.749114e+01 1.320975e+02
      endloop
   endfacet
   facet normal 5.849447e-01 7.067603e-01 -3.979065e-01
      outer loop
         vertex 7.313214e+01 8.749114e+01 1.320975e+02
         vertex 7.342256e+01 8.744184e+01 1.324368e+02
         vertex 7.317164e+01 8.744184e+01 1.320680e+02
      endloop
   endfacet
   facet normal 5.474885e-01 7.067603e-01 -4.480471e-01
      outer loop
         vertex 7.313214e+01 8.749114e+01 1.320975e+02
         vertex 7.317164e+01 8.744184e+01 1.320680e+02
         vertex 7.285236e+01 8.749114e+01 1.317556e+02
      endloop
   endfacet
   facet normal 5.474877e-01 7.067617e-01 -4.480460e-01
      outer loop
         vertex 7.285236e+01 8.749114e+01 1.317556e+02
         vertex 7.317164e+01 8.744184e+01 1.320680e+02
         vertex 7.288909e+01 8.744184e+01 1.317227e+02
      endloop
   endfacet
   facet normal 5.057470e-01 7.067618e-01 -4.946794e-01
      outer loop
         vertex 7.285236e+01 8.749114e+01 1.317556e+02
         vertex 7.288909e+01 8.744184e+01 1.317227e+02
         vertex 7.254346e+01 8.749114e+01 1.314398e+02
      endloop
   endfacet
   facet normal 5.057472e-01 7.067615e-01 -4.946797e-01
      outer loop
         vertex 7.254346e+01 8.749114e+01 1.314398e+02
         vertex 7.288909e+01 8.744184e+01 1.317227e+02
         vertex 7.257714e+01 8.744184e+01 1.314038e+02
      endloop
   endfacet
   facet normal 4.600480e-01 7.067616e-01 -5.374419e-01
      outer loop
         vertex 7.254346e+01 8.749114e+01 1.314398e+02
         vertex 7.257714e+01 8.744184e+01 1.314038e+02
         vertex 7.220785e+01 8.749114e+01 1.311525e+02
      endloop
   endfacet
   facet normal 4.600486e-01 7.067603e-01 -5.374431e-01
      outer loop
         vertex 7.220785e+01 8.749114e+01 1.311525e+02
         vertex 7.257714e+01 8.744184e+01 1.314038e+02
         vertex 7.223822e+01 8.744184e+01 1.311137e+02
      endloop
   endfacet
   facet normal 4.107491e-01 7.067603e-01 -5.759991e-01
      outer loop
         vertex 7.220785e+01 8.749114e+01 1.311525e+02
         vertex 7.223822e+01 8.744184e+01 1.311137e+02
         vertex 7.184817e+01 8.749114e+01 1.308960e+02
      endloop
   endfacet
   facet normal 4.107488e-01 7.067610e-01 -5.759985e-01
      outer loop
         vertex 7.184817e+01 8.749114e+01 1.308960e+02
         vertex 7.223822e+01 8.744184e+01 1.311137e+02
         vertex 7.187499e+01 8.744184e+01 1.308546e+02
      endloop
   endfacet
   facet normal 3.582351e-01 7.067610e-01 -6.100463e-01
      outer loop
         vertex 7.184817e+01 8.749114e+01 1.308960e+02
         vertex 7.187499e+01 8.744184e+01 1.308546e+02
         vertex 7.146723e+01 8.749114e+01 1.306723e+02
      endloop
   endfacet
   facet normal 3.582358e-01 7.067589e-01 -6.100484e-01
      outer loop
         vertex 7.146723e+01 8.749114e+01 1.306723e+02
         vertex 7.187499e+01 8.744184e+01 1.308546e+02
         vertex 7.149029e+01 8.744184e+01 1.306287e+02
      endloop
   endfacet
   facet normal 3.029174e-01 7.067589e-01 -6.393223e-01
      outer loop
         vertex 7.146723e+01 8.749114e+01 1.306723e+02
         vertex 7.149029e+01 8.744184e+01 1.306287e+02
         vertex 7.106801e+01 8.749114e+01 1.304832e+02
      endloop
   endfacet
   facet normal 3.029168e-01 7.067615e-01 -6.393196e-01
      outer loop
         vertex 7.106801e+01 8.749114e+01 1.304832e+02
         vertex 7.149029e+01 8.744184e+01 1.306287e+02
         vertex 7.108713e+01 8.744184e+01 1.304377e+02
      endloop
   endfacet
   facet normal 2.452287e-01 7.067614e-01 -6.635896e-01
      outer loop
         vertex 7.106801e+01 8.749114e+01 1.304832e+02
         vertex 7.108713e+01 8.744184e+01 1.304377e+02
         vertex 7.065363e+01 8.749114e+01 1.303300e+02
      endloop
   endfacet
   facet normal 2.452289e-01 7.067598e-01 -6.635913e-01
      outer loop
         vertex 7.065363e+01 8.749114e+01 1.303300e+02
         vertex 7.108713e+01 8.744184e+01 1.304377e+02
         vertex 7.066866e+01 8.744184e+01 1.302831e+02
      endloop
   endfacet
   facet normal 1.856206e-01 7.067598e-01 -6.826680e-01
      outer loop
         vertex 7.065363e+01 8.749114e+01 1.303300e+02
         vertex 7.066866e+01 8.744184e+01 1.302831e+02
         vertex 7.022735e+01 8.749114e+01 1.302141e+02
      endloop
   endfacet
   facet normal 1.856205e-01 7.067624e-01 -6.826653e-01
      outer loop
         vertex 7.022735e+01 8.749114e+01 1.302141e+02
         vertex 7.066866e+01 8.744184e+01 1.302831e+02
         vertex 7.023816e+01 8.744184e+01 1.301660e+02
      endloop
   endfacet
   facet normal 1.245599e-01 7.067624e-01 -6.963991e-01
      outer loop
         vertex 7.022735e+01 8.749114e+01 1.302141e+02
         vertex 7.023816e+01 8.744184e+01 1.301660e+02
         vertex 6.979248e+01 8.749114e+01 1.301363e+02
      endloop
   endfacet
   facet normal 1.245599e-01 7.067613e-01 -6.964003e-01
      outer loop
         vertex 6.979248e+01 8.749114e+01 1.301363e+02
         vertex 7.023816e+01 8.744184e+01 1.301660e+02
         vertex 6.979901e+01 8.744184e+01 1.300875e+02
      endloop
   endfacet
   facet normal 6.252465e-02 7.067613e-01 -7.046837e-01
      outer loop
         vertex 6.979248e+01 8.749114e+01 1.301363e+02
         vertex 6.979901e+01 8.744184e+01 1.300875e+02
         vertex 6.935244e+01 8.749114e+01 1.300973e+02
      endloop
   endfacet
   facet normal 6.252473e-02 7.067619e-01 -7.046831e-01
      outer loop
         vertex 6.935244e+01 8.749114e+01 1.300973e+02
         vertex 6.979901e+01 8.744184e+01 1.300875e+02
         vertex 6.935462e+01 8.744184e+01 1.300480e+02
      endloop
   endfacet
   facet normal 0.000000e+00 7.067619e-01 -7.074515e-01
      outer loop
         vertex 6.935244e+01 8.749114e+01 1.300973e+02
         vertex 6.935462e+01 8.744184e+01 1.300480e+02
         vertex 6.891068e+01 8.749114e+01 1.300973e+02
      endloop
   endfacet
   facet normal 0.000000e+00 7.067619e-01 -7.074515e-01
      outer loop
         vertex 6.891068e+01 8.749114e+01 1.300973e+02
         vertex 6.935462e+01 8.744184e+01 1.300480e+02
         vertex 6.890850e+01 8.744184e+01 1.300480e+02
      endloop
   endfacet
   facet normal -6.252460e-02 7.067619e-01 -7.046831e-01
      outer loop
         vertex 6.891068e+01 8.749114e+01 1.300973e+02
         vertex 6.890850e+01 8.744184e+01 1.300480e+02
         vertex 6.847064e+01 8.749114e+01 1.301363e+02
      endloop
   endfacet
   facet normal -6.252479e-02 7.067613e-01 -7.046837e-01
      outer loop
         vertex 6.847064e+01 8.749114e+01 1.301363e+02
         vertex 6.890850e+01 8.744184e+01 1.300480e+02
         vertex 6.846412e+01 8.744184e+01 1.300875e+02
      endloop
   endfacet
   facet normal -1.245601e-01 7.067613e-01 -6.964002e-01
      outer loop
         vertex 6.847064e+01 8.749114e+01 1.301363e+02
         vertex 6.846412e+01 8.744184e+01 1.300875e+02
         vertex 6.803578e+01 8.749114e+01 1.302141e+02
      endloop
   endfacet
   facet normal -1.245597e-01 7.067624e-01 -6.963991e-01
      outer loop
         vertex 6.803578e+01 8.749114e+01 1.302141e+02
         vertex 6.846412e+01 8.744184e+01 1.300875e+02
         vertex 6.802496e+01 8.744184e+01 1.301660e+02
      endloop
   endfacet
   facet normal -1.856199e-01 7.067624e-01 -6.826655e-01
      outer loop
         vertex 6.803578e+01 8.749114e+01 1.302141e+02
         vertex 6.802496e+01 8.744184e+01 1.301660e+02
         vertex 6.760949e+01 8.749114e+01 1.303300e+02
      endloop
   endfacet
   facet normal -1.856212e-01 7.067598e-01 -6.826679e-01
      outer loop
         vertex 6.760949e+01 8.749114e+01 1.303300e+02
         vertex 6.802496e+01 8.744184e+01 1.301660e+02
         vertex 6.759446e+01 8.744184e+01 1.302831e+02
      endloop
   endfacet
   facet normal -2.452293e-01 7.067598e-01 -6.635912e-01
      outer loop
         vertex 6.760949e+01 8.749114e+01 1.303300e+02
         vertex 6.759446e+01 8.744184e+01 1.302831e+02
         vertex 6.719511e+01 8.749114e+01 1.304832e+02
      endloop
   endfacet
   facet normal -2.452284e-01 7.067614e-01 -6.635897e-01
      outer loop
         vertex 6.719511e+01 8.749114e+01 1.304832e+02
         vertex 6.759446e+01 8.744184e+01 1.302831e+02
         vertex 6.717599e+01 8.744184e+01 1.304377e+02
      endloop
   endfacet
   facet normal -3.029163e-01 7.067615e-01 -6.393199e-01
      outer loop
         vertex 6.719511e+01 8.749114e+01 1.304832e+02
         vertex 6.717599e+01 8.744184e+01 1.304377e+02
         vertex 6.679589e+01 8.749114e+01 1.306723e+02
      endloop
   endfacet
   facet normal -3.029180e-01 7.067589e-01 -6.393220e-01
      outer loop
         vertex 6.679589e+01 8.749114e+01 1.306723e+02
         vertex 6.717599e+01 8.744184e+01 1.304377e+02
         vertex 6.677283e+01 8.744184e+01 1.306287e+02
      endloop
   endfacet
   facet normal -3.582362e-01 7.067589e-01 -6.100481e-01
      outer loop
         vertex 6.679589e+01 8.749114e+01 1.306723e+02
         vertex 6.677283e+01 8.744184e+01 1.306287e+02
         vertex 6.641495e+01 8.749114e+01 1.308960e+02
      endloop
   endfacet
   facet normal -3.582347e-01 7.067610e-01 -6.100465e-01
      outer loop
         vertex 6.641495e+01 8.749114e+01 1.308960e+02
         vertex 6.677283e+01 8.744184e+01 1.306287e+02
         vertex 6.638813e+01 8.744184e+01 1.308546e+02
      endloop
   endfacet
   facet normal -4.107487e-01 7.067610e-01 -5.759986e-01
      outer loop
         vertex 6.641495e+01 8.749114e+01 1.308960e+02
         vertex 6.638813e+01 8.744184e+01 1.308546e+02
         vertex 6.605527e+01 8.749114e+01 1.311525e+02
      endloop
   endfacet
   facet normal -4.107492e-01 7.067603e-01 -5.759991e-01
      outer loop
         vertex 6.605527e+01 8.749114e+01 1.311525e+02
         vertex 6.638813e+01 8.744184e+01 1.308546e+02
         vertex 6.602490e+01 8.744184e+01 1.311137e+02
      endloop
   endfacet
   facet normal -4.600489e-01 7.067603e-01 -5.374429e-01
      outer loop
         vertex 6.605527e+01 8.749114e+01 1.311525e+02
         vertex 6.602490e+01 8.744184e+01 1.311137e+02
         vertex 6.571967e+01 8.749114e+01 1.314398e+02
      endloop
   endfacet
   facet normal -4.600478e-01 7.067616e-01 -5.374421e-01
      outer loop
         vertex 6.571967e+01 8.749114e+01 1.314398e+02
         vertex 6.602490e+01 8.744184e+01 1.311137e+02
         vertex 6.568598e+01 8.744184e+01 1.314038e+02
      endloop
   endfacet
   facet normal -5.057473e-01 7.067615e-01 -4.946796e-01
      outer loop
         vertex 6.571967e+01 8.749114e+01 1.314398e+02
         vertex 6.568598e+01 8.744184e+01 1.314038e+02
         vertex 6.541077e+01 8.749114e+01 1.317556e+02
      endloop
   endfacet
   facet normal -5.057470e-01 7.067618e-01 -4.946794e-01
      outer loop
         vertex 6.541077e+01 8.749114e+01 1.317556e+02
         vertex 6.568598e+01 8.744184e+01 1.314038e+02
         vertex 6.537403e+01 8.744184e+01 1.317227e+02
      endloop
   endfacet
   facet normal -5.474875e-01 7.067617e-01 -4.480462e-01
      outer loop
         vertex 6.541077e+01 8.749114e+01 1.317556e+02
         vertex 6.537403e+01 8.744184e+01 1.317227e+02
         vertex 6.513098e+01 8.749114e+01 1.320975e+02
      endloop
   endfacet
   facet normal -5.474887e-01 7.067603e-01 -4.480468e-01
      outer loop
         vertex 6.513098e+01 8.749114e+01 1.320975e+02
         vertex 6.537403e+01 8.744184e+01 1.317227e+02
         vertex 6.509149e+01 8.744184e+01 1.320680e+02
      endloop
   endfacet
   facet normal -5.849446e-01 7.067603e-01 -3.979067e-01
      outer loop
         vertex 6.513098e+01 8.749114e+01 1.320975e+02
         vertex 6.509149e+01 8.744184e+01 1.320680e+02
         vertex 6.488251e+01 8.749114e+01 1.324627e+02
      endloop
   endfacet
   facet normal -5.849456e-01 7.067593e-01 -3.979071e-01
      outer loop
         vertex 6.488251e+01 8.749114e+01 1.324627e+02
         vertex 6.509149e+01 8.744184e+01 1.320680e+02
         vertex 6.484056e+01 8.744184e+01 1.324368e+02
      endloop
   endfacet
   facet normal -6.178236e-01 7.067593e-01 -3.446526e-01
      outer loop
         vertex 6.488251e+01 8.749114e+01 1.324627e+02
         vertex 6.484056e+01 8.744184e+01 1.324368e+02
         vertex 6.466730e+01 8.749114e+01 1.328485e+02
      endloop
   endfacet
   facet normal -6.178230e-01 7.067599e-01 -3.446524e-01
      outer loop
         vertex 6.466730e+01 8.749114e+01 1.328485e+02
         vertex 6.484056e+01 8.744184e+01 1.324368e+02
         vertex 6.462322e+01 8.744184e+01 1.328264e+02
      endloop
   endfacet
   facet normal -6.458659e-01 7.067598e-01 -2.887001e-01
      outer loop
         vertex 6.466730e+01 8.749114e+01 1.328485e+02
         vertex 6.462322e+01 8.744184e+01 1.328264e+02
         vertex 6.448702e+01 8.749114e+01 1.332518e+02
      endloop
   endfacet
   facet normal -6.458658e-01 7.067599e-01 -2.887000e-01
      outer loop
         vertex 6.448702e+01 8.749114e+01 1.332518e+02
         vertex 6.462322e+01 8.744184e+01 1.328264e+02
         vertex 6.444116e+01 8.744184e+01 1.332337e+02
      endloop
   endfacet
   facet normal -6.688539e-01 7.067599e-01 -2.304885e-01
      outer loop
         vertex 6.448702e+01 8.749114e+01 1.332518e+02
         vertex 6.444116e+01 8.744184e+01 1.332337e+02
         vertex 6.434309e+01 8.749114e+01 1.336695e+02
      endloop
   endfacet
   facet normal -6.688528e-01 7.067610e-01 -2.304884e-01
      outer loop
         vertex 6.434309e+01 8.749114e+01 1.336695e+02
         vertex 6.444116e+01 8.744184e+01 1.332337e+02
         vertex 6.429582e+01 8.744184e+01 1.336555e+02
      endloop
   endfacet
   facet normal -6.866060e-01 7.067610e-01 -1.704732e-01
      outer loop
         vertex 6.434309e+01 8.749114e+01 1.336695e+02
         vertex 6.429582e+01 8.744184e+01 1.336555e+02
         vertex 6.423664e+01 8.749114e+01 1.340982e+02
      endloop
   endfacet
   facet normal -6.866068e-01 7.067602e-01 -1.704732e-01
      outer loop
         vertex 6.423664e+01 8.749114e+01 1.340982e+02
         vertex 6.429582e+01 8.744184e+01 1.336555e+02
         vertex 6.418831e+01 8.744184e+01 1.340885e+02
      endloop
   endfacet
   facet normal -6.989864e-01 7.067602e-01 -1.091239e-01
      outer loop
         vertex 6.423664e+01 8.749114e+01 1.340982e+02
         vertex 6.418831e+01 8.744184e+01 1.340885e+02
         vertex 6.416850e+01 8.749114e+01 1.345347e+02
      endloop
   endfacet
   facet normal -6.989863e-01 7.067603e-01 -1.091239e-01
      outer loop
         vertex 6.416850e+01 8.749114e+01 1.345347e+02
         vertex 6.418831e+01 8.744184e+01 1.340885e+02
         vertex 6.411950e+01 8.744184e+01 1.345293e+02
      endloop
   endfacet
   facet normal -7.058954e-01 7.067603e-01 -4.692071e-02
      outer loop
         vertex 6.416850e+01 8.749114e+01 1.345347e+02
         vertex 6.411950e+01 8.744184e+01 1.345293e+02
         vertex 6.413920e+01 8.749114e+01 1.349755e+02
      endloop
   endfacet
   facet normal -7.058969e-01 7.067588e-01 -4.692049e-02
      outer loop
         vertex 6.413920e+01 8.749114e+01 1.349755e+02
         vertex 6.411950e+01 8.744184e+01 1.345293e+02
         vertex 6.408991e+01 8.744184e+01 1.349744e+02
      endloop
   endfacet
   facet normal -7.072814e-01 7.067588e-01 1.565061e-02
      outer loop
         vertex 6.413920e+01 8.749114e+01 1.349755e+02
         vertex 6.408991e+01 8.744184e+01 1.349744e+02
         vertex 6.414897e+01 8.749114e+01 1.354172e+02
      endloop
   endfacet
   facet normal -7.072787e-01 7.067615e-01 1.564995e-02
      outer loop
         vertex 6.414897e+01 8.749114e+01 1.354172e+02
         vertex 6.408991e+01 8.744184e+01 1.349744e+02
         vertex 6.409978e+01 8.744184e+01 1.354204e+02
      endloop
   endfacet
   facet normal -7.031279e-01 7.067615e-01 7.809823e-02
      outer loop
         vertex 6.414897e+01 8.749114e+01 1.354172e+02
         vertex 6.409978e+01 8.744184e+01 1.354204e+02
         vertex 6.419774e+01 8.749114e+01 1.358562e+02
      endloop
   endfacet
   facet normal -7.031291e-01 7.067603e-01 7.809865e-02
      outer loop
         vertex 6.419774e+01 8.749114e+01 1.358562e+02
         vertex 6.409978e+01 8.744184e+01 1.354204e+02
         vertex 6.414903e+01 8.744184e+01 1.358638e+02
      endloop
   endfacet
   facet normal -6.934752e-01 7.067603e-01 1.399358e-01
      outer loop
         vertex 6.419774e+01 8.749114e+01 1.358562e+02
         vertex 6.414903e+01 8.744184e+01 1.358638e+02
         vertex 6.428512e+01 8.749114e+01 1.362893e+02
      endloop
   endfacet
   facet normal -6.934755e-01 7.067600e-01 1.399360e-01
      outer loop
         vertex 6.428512e+01 8.749114e+01 1.362893e+02
         vertex 6.414903e+01 8.744184e+01 1.358638e+02
         vertex 6.423727e+01 8.744184e+01 1.363012e+02
      endloop
   endfacet
   facet normal -6.783944e-01 7.067599e-01 2.006775e-01
      outer loop
         vertex 6.428512e+01 8.749114e+01 1.362893e+02
         vertex 6.423727e+01 8.744184e+01 1.363012e+02
         vertex 6.441044e+01 8.749114e+01 1.367129e+02
      endloop
   endfacet
   facet normal -6.783938e-01 7.067605e-01 2.006772e-01
      outer loop
         vertex 6.441044e+01 8.749114e+01 1.367129e+02
         vertex 6.423727e+01 8.744184e+01 1.363012e+02
         vertex 6.436382e+01 8.744184e+01 1.367290e+02
      endloop
   endfacet
   facet normal -6.580033e-01 7.067606e-01 2.598482e-01
      outer loop
         vertex 6.441044e+01 8.749114e+01 1.367129e+02
         vertex 6.436382e+01 8.744184e+01 1.367290e+02
         vertex 6.457270e+01 8.749114e+01 1.371238e+02
      endloop
   endfacet
   facet normal -6.580044e-01 7.067593e-01 2.598489e-01
      outer loop
         vertex 6.457270e+01 8.749114e+01 1.371238e+02
         vertex 6.436382e+01 8.744184e+01 1.367290e+02
         vertex 6.452769e+01 8.744184e+01 1.371439e+02
      endloop
   endfacet
   facet normal -6.324638e-01 7.067595e-01 3.169867e-01
      outer loop
         vertex 6.457270e+01 8.749114e+01 1.371238e+02
         vertex 6.452769e+01 8.744184e+01 1.371439e+02
         vertex 6.477064e+01 8.749114e+01 1.375187e+02
      endloop
   endfacet
   facet normal -6.324619e-01 7.067618e-01 3.169852e-01
      outer loop
         vertex 6.477064e+01 8.749114e+01 1.375187e+02
         vertex 6.452769e+01 8.744184e+01 1.371439e+02
         vertex 6.472758e+01 8.744184e+01 1.375427e+02
      endloop
   endfacet
   facet normal -6.019716e-01 7.067618e-01 3.716422e-01
      outer loop
         vertex 6.477064e+01 8.749114e+01 1.375187e+02
         vertex 6.472758e+01 8.744184e+01 1.375427e+02
         vertex 6.500271e+01 8.749114e+01 1.378946e+02
      endloop
   endfacet
   facet normal -6.019723e-01 7.067609e-01 3.716428e-01
      outer loop
         vertex 6.500271e+01 8.749114e+01 1.378946e+02
         vertex 6.472758e+01 8.744184e+01 1.375427e+02
         vertex 6.496194e+01 8.744184e+01 1.379223e+02
      endloop
   endfacet
   facet normal -5.667710e-01 7.067609e-01 4.233907e-01
      outer loop
         vertex 6.500271e+01 8.749114e+01 1.378946e+02
         vertex 6.496194e+01 8.744184e+01 1.379223e+02
         vertex 6.526709e+01 8.749114e+01 1.382485e+02
      endloop
   endfacet
   facet normal -5.667720e-01 7.067594e-01 4.233918e-01
      outer loop
         vertex 6.526709e+01 8.749114e+01 1.382485e+02
         vertex 6.496194e+01 8.744184e+01 1.379223e+02
         vertex 6.522894e+01 8.744184e+01 1.382798e+02
      endloop
   endfacet
   facet normal -5.271350e-01 7.067592e-01 4.718263e-01
      outer loop
         vertex 6.526709e+01 8.749114e+01 1.382485e+02
         vertex 6.522894e+01 8.744184e+01 1.382798e+02
         vertex 6.556172e+01 8.749114e+01 1.385777e+02
      endloop
   endfacet
   facet normal -5.271343e-01 7.067603e-01 4.718254e-01
      outer loop
         vertex 6.556172e+01 8.749114e+01 1.385777e+02
         vertex 6.522894e+01 8.744184e+01 1.382798e+02
         vertex 6.552648e+01 8.744184e+01 1.386122e+02
      endloop
   endfacet
   facet normal -4.833714e-01 7.067604e-01 5.165673e-01
      outer loop
         vertex 6.556172e+01 8.749114e+01 1.385777e+02
         vertex 6.552648e+01 8.744184e+01 1.386122e+02
         vertex 6.588429e+01 8.749114e+01 1.388795e+02
      endloop
   endfacet
   facet normal -4.833721e-01 7.067592e-01 5.165684e-01
      outer loop
         vertex 6.588429e+01 8.749114e+01 1.388795e+02
         vertex 6.552648e+01 8.744184e+01 1.386122e+02
         vertex 6.585223e+01 8.744184e+01 1.389170e+02
      endloop
   endfacet
   facet normal -4.358262e-01 7.067591e-01 5.572675e-01
      outer loop
         vertex 6.588429e+01 8.749114e+01 1.388795e+02
         vertex 6.585223e+01 8.744184e+01 1.389170e+02
         vertex 6.623227e+01 8.749114e+01 1.391517e+02
      endloop
   endfacet
   facet normal -4.358259e-01 7.067597e-01 5.572669e-01
      outer loop
         vertex 6.623227e+01 8.749114e+01 1.391517e+02
         vertex 6.585223e+01 8.744184e+01 1.389170e+02
         vertex 6.620365e+01 8.744184e+01 1.391918e+02
      endloop
   endfacet
   facet normal -3.848695e-01 7.067597e-01 5.936045e-01
      outer loop
         vertex 6.623227e+01 8.749114e+01 1.391517e+02
         vertex 6.620365e+01 8.744184e+01 1.391918e+02
         vertex 6.660295e+01 8.749114e+01 1.393920e+02
      endloop
   endfacet
   facet normal -3.848693e-01 7.067601e-01 5.936041e-01
      outer loop
         vertex 6.660295e+01 8.749114e+01 1.393920e+02
         vertex 6.620365e+01 8.744184e+01 1.391918e+02
         vertex 6.657798e+01 8.744184e+01 1.394345e+02
      endloop
   endfacet
   facet normal -3.308999e-01 7.067602e-01 6.252962e-01
      outer loop
         vertex 6.660295e+01 8.749114e+01 1.393920e+02
         vertex 6.657798e+01 8.744184e+01 1.394345e+02
         vertex 6.699341e+01 8.749114e+01 1.395986e+02
      endloop
   endfacet
   facet normal -3.308999e-01 7.067601e-01 6.252963e-01
      outer loop
         vertex 6.699341e+01 8.749114e+01 1.395986e+02
         vertex 6.657798e+01 8.744184e+01 1.394345e+02
         vertex 6.697230e+01 8.744184e+01 1.396432e+02
      endloop
   endfacet
   facet normal -2.743416e-01 7.067600e-01 6.520943e-01
      outer loop
         vertex 6.699341e+01 8.749114e+01 1.395986e+02
         vertex 6.697230e+01 8.744184e+01 1.396432e+02
         vertex 6.740061e+01 8.749114e+01 1.397700e+02
      endloop
   endfacet
   facet normal -2.743413e-01 7.067613e-01 6.520930e-01
      outer loop
         vertex 6.740061e+01 8.749114e+01 1.397700e+02
         vertex 6.697230e+01 8.744184e+01 1.396432e+02
         vertex 6.738352e+01 8.744184e+01 1.398162e+02
      endloop
   endfacet
   facet normal -2.156356e-01 7.067614e-01 6.737875e-01
      outer loop
         vertex 6.740061e+01 8.749114e+01 1.397700e+02
         vertex 6.738352e+01 8.744184e+01 1.398162e+02
         vertex 6.782135e+01 8.749114e+01 1.399046e+02
      endloop
   endfacet
   facet normal -2.156357e-01 7.067598e-01 6.737891e-01
      outer loop
         vertex 6.782135e+01 8.749114e+01 1.399046e+02
         vertex 6.738352e+01 8.744184e+01 1.398162e+02
         vertex 6.780841e+01 8.744184e+01 1.399522e+02
      endloop
   endfacet
   facet normal -1.552423e-01 7.067598e-01 6.902104e-01
      outer loop
         vertex 6.782135e+01 8.749114e+01 1.399046e+02
         vertex 6.780841e+01 8.744184e+01 1.399522e+02
         vertex 6.825235e+01 8.749114e+01 1.400016e+02
      endloop
   endfacet
   facet normal -1.552423e-01 7.067619e-01 6.902083e-01
      outer loop
         vertex 6.825235e+01 8.749114e+01 1.400016e+02
         vertex 6.780841e+01 8.744184e+01 1.399522e+02
         vertex 6.824367e+01 8.744184e+01 1.400501e+02
      endloop
   endfacet
   facet normal -9.363419e-02 7.067619e-01 7.012277e-01
      outer loop
         vertex 6.825235e+01 8.749114e+01 1.400016e+02
         vertex 6.824367e+01 8.744184e+01 1.400501e+02
         vertex 6.869023e+01 8.749114e+01 1.400600e+02
      endloop
   endfacet
   facet normal -9.363404e-02 7.067602e-01 7.012294e-01
      outer loop
         vertex 6.869023e+01 8.749114e+01 1.400600e+02
         vertex 6.824367e+01 8.744184e+01 1.400501e+02
         vertex 6.868587e+01 8.744184e+01 1.401091e+02
      endloop
   endfacet
   facet normal -3.129280e-02 7.067602e-01 7.067608e-01
      outer loop
         vertex 6.869023e+01 8.749114e+01 1.400600e+02
         vertex 6.868587e+01 8.744184e+01 1.401091e+02
         vertex 6.913156e+01 8.749114e+01 1.400796e+02
      endloop
   endfacet
   facet normal -3.129285e-02 7.067605e-01 7.067605e-01
      outer loop
         vertex 6.913156e+01 8.749114e+01 1.400796e+02
         vertex 6.868587e+01 8.744184e+01 1.401091e+02
         vertex 6.913156e+01 8.744184e+01 1.401289e+02
      endloop
   endfacet
   facet normal 3.129279e-02 7.067605e-01 7.067605e-01
      outer loop
         vertex 6.913156e+01 8.749114e+01 1.400796e+02
         vertex 6.913156e+01 8.744184e+01 1.401289e+02
         vertex 6.957289e+01 8.749114e+01 1.400600e+02
      endloop
   endfacet
   facet normal 3.129287e-02 7.067602e-01 7.067608e-01
      outer loop
         vertex 6.957289e+01 8.749114e+01 1.400600e+02
         vertex 6.913156e+01 8.744184e+01 1.401289e+02
         vertex 6.957725e+01 8.744184e+01 1.401091e+02
      endloop
   endfacet
   facet normal 7.596487e-02 8.188878e-01 5.689042e-01
      outer loop
         vertex 6.957725e+01 8.744184e+01 1.401091e+02
         vertex 6.958230e+01 8.740184e+01 1.401660e+02
         vertex 7.001945e+01 8.744184e+01 1.400501e+02
      endloop
   endfacet
   facet normal 7.596471e-02 8.188882e-01 5.689037e-01
      outer loop
         vertex 7.001945e+01 8.744184e+01 1.400501e+02
         vertex 6.958230e+01 8.740184e+01 1.401660e+02
         vertex 7.002951e+01 8.740184e+01 1.401063e+02
      endloop
   endfacet
   facet normal 1.259475e-01 8.188882e-01 5.599636e-01
      outer loop
         vertex 7.001945e+01 8.744184e+01 1.400501e+02
         vertex 7.002951e+01 8.740184e+01 1.401063e+02
         vertex 7.045471e+01 8.744184e+01 1.399522e+02
      endloop
   endfacet
   facet normal 1.259472e-01 8.188888e-01 5.599629e-01
      outer loop
         vertex 7.045471e+01 8.744184e+01 1.399522e+02
         vertex 7.002951e+01 8.740184e+01 1.401063e+02
         vertex 7.046969e+01 8.740184e+01 1.400073e+02
      endloop
   endfacet
   facet normal 1.749438e-01 8.188888e-01 5.466405e-01
      outer loop
         vertex 7.045471e+01 8.744184e+01 1.399522e+02
         vertex 7.046969e+01 8.740184e+01 1.400073e+02
         vertex 7.087961e+01 8.744184e+01 1.398162e+02
      endloop
   endfacet
   facet normal 1.749446e-01 8.188876e-01 5.466420e-01
      outer loop
         vertex 7.087961e+01 8.744184e+01 1.398162e+02
         vertex 7.046969e+01 8.740184e+01 1.400073e+02
         vertex 7.089940e+01 8.740184e+01 1.398698e+02
      endloop
   endfacet
   facet normal 2.225723e-01 8.188876e-01 5.290412e-01
      outer loop
         vertex 7.087961e+01 8.744184e+01 1.398162e+02
         vertex 7.089940e+01 8.740184e+01 1.398698e+02
         vertex 7.129082e+01 8.744184e+01 1.396432e+02
      endloop
   endfacet
   facet normal 2.225717e-01 8.188884e-01 5.290402e-01
      outer loop
         vertex 7.129082e+01 8.744184e+01 1.396432e+02
         vertex 7.089940e+01 8.740184e+01 1.398698e+02
         vertex 7.131528e+01 8.740184e+01 1.396948e+02
      endloop
   endfacet
   facet normal 2.684572e-01 8.188884e-01 5.072993e-01
      outer loop
         vertex 7.129082e+01 8.744184e+01 1.396432e+02
         vertex 7.131528e+01 8.740184e+01 1.396948e+02
         vertex 7.168514e+01 8.744184e+01 1.394345e+02
      endloop
   endfacet
   facet normal 2.684580e-01 8.188875e-01 5.073002e-01
      outer loop
         vertex 7.168514e+01 8.744184e+01 1.394345e+02
         vertex 7.131528e+01 8.740184e+01 1.396948e+02
         vertex 7.171406e+01 8.740184e+01 1.394838e+02
      endloop
   endfacet
   facet normal 3.122429e-01 8.188876e-01 4.815885e-01
      outer loop
         vertex 7.168514e+01 8.744184e+01 1.394345e+02
         vertex 7.171406e+01 8.740184e+01 1.394838e+02
         vertex 7.205947e+01 8.744184e+01 1.391918e+02
      endloop
   endfacet
   facet normal 3.122419e-01 8.188886e-01 4.815875e-01
      outer loop
         vertex 7.205947e+01 8.744184e+01 1.391918e+02
         vertex 7.171406e+01 8.740184e+01 1.394838e+02
         vertex 7.209264e+01 8.740184e+01 1.392383e+02
      endloop
   endfacet
   facet normal 3.535827e-01 8.188886e-01 4.521070e-01
      outer loop
         vertex 7.205947e+01 8.744184e+01 1.391918e+02
         vertex 7.209264e+01 8.740184e+01 1.392383e+02
         vertex 7.241089e+01 8.744184e+01 1.389170e+02
      endloop
   endfacet
   facet normal 3.535837e-01 8.188877e-01 4.521079e-01
      outer loop
         vertex 7.241089e+01 8.744184e+01 1.389170e+02
         vertex 7.209264e+01 8.740184e+01 1.392383e+02
         vertex 7.244803e+01 8.740184e+01 1.389604e+02
      endloop
   endfacet
   facet normal 3.921572e-01 8.188876e-01 4.190892e-01
      outer loop
         vertex 7.241089e+01 8.744184e+01 1.389170e+02
         vertex 7.244803e+01 8.740184e+01 1.389604e+02
         vertex 7.273665e+01 8.744184e+01 1.386122e+02
      endloop
   endfacet
   facet normal 3.921564e-01 8.188883e-01 4.190886e-01
      outer loop
         vertex 7.273665e+01 8.744184e+01 1.386122e+02
         vertex 7.244803e+01 8.740184e+01 1.389604e+02
         vertex 7.277748e+01 8.740184e+01 1.386521e+02
      endloop
   endfacet
   facet normal 4.276613e-01 8.188883e-01 3.827895e-01
      outer loop
         vertex 7.273665e+01 8.744184e+01 1.386122e+02
         vertex 7.277748e+01 8.740184e+01 1.386521e+02
         vertex 7.303418e+01 8.744184e+01 1.382798e+02
      endloop
   endfacet
   facet normal 4.276608e-01 8.188887e-01 3.827891e-01
      outer loop
         vertex 7.303418e+01 8.744184e+01 1.382798e+02
         vertex 7.277748e+01 8.740184e+01 1.386521e+02
         vertex 7.307838e+01 8.740184e+01 1.383159e+02
      endloop
   endfacet
   facet normal 4.598181e-01 8.188886e-01 3.434948e-01
      outer loop
         vertex 7.303418e+01 8.744184e+01 1.382798e+02
         vertex 7.307838e+01 8.740184e+01 1.383159e+02
         vertex 7.330118e+01 8.744184e+01 1.379223e+02
      endloop
   endfacet
   facet normal 4.598198e-01 8.188874e-01 3.434956e-01
      outer loop
         vertex 7.330118e+01 8.744184e+01 1.379223e+02
         vertex 7.307838e+01 8.740184e+01 1.383159e+02
         vertex 7.334840e+01 8.740184e+01 1.379545e+02
      endloop
   endfacet
   facet normal 4.883785e-01 8.188874e-01 3.015128e-01
      outer loop
         vertex 7.330118e+01 8.744184e+01 1.379223e+02
         vertex 7.334840e+01 8.740184e+01 1.379545e+02
         vertex 7.353554e+01 8.744184e+01 1.375427e+02
      endloop
   endfacet
   facet normal 4.883794e-01 8.188867e-01 3.015131e-01
      outer loop
         vertex 7.353554e+01 8.744184e+01 1.375427e+02
         vertex 7.334840e+01 8.740184e+01 1.379545e+02
         vertex 7.358542e+01 8.740184e+01 1.375706e+02
      endloop
   endfacet
   facet normal 5.131161e-01 8.188867e-01 2.571700e-01
      outer loop
         vertex 7.353554e+01 8.744184e+01 1.375427e+02
         vertex 7.358542e+01 8.740184e+01 1.375706e+02
         vertex 7.373544e+01 8.744184e+01 1.371439e+02
      endloop
   endfacet
   facet normal 5.131144e-01 8.188879e-01 2.571695e-01
      outer loop
         vertex 7.373544e+01 8.744184e+01 1.371439e+02
         vertex 7.358542e+01 8.740184e+01 1.375706e+02
         vertex 7.378758e+01 8.740184e+01 1.371672e+02
      endloop
   endfacet
   facet normal 5.338352e-01 8.188880e-01 2.108139e-01
      outer loop
         vertex 7.373544e+01 8.744184e+01 1.371439e+02
         vertex 7.378758e+01 8.740184e+01 1.371672e+02
         vertex 7.389930e+01 8.744184e+01 1.367290e+02
      endloop
   endfacet
   facet normal 5.338350e-01 8.188881e-01 2.108139e-01
      outer loop
         vertex 7.389930e+01 8.744184e+01 1.367290e+02
         vertex 7.378758e+01 8.740184e+01 1.371672e+02
         vertex 7.395330e+01 8.740184e+01 1.367476e+02
      endloop
   endfacet
   facet normal 5.503777e-01 8.188881e-01 1.628085e-01
      outer loop
         vertex 7.389930e+01 8.744184e+01 1.367290e+02
         vertex 7.395330e+01 8.740184e+01 1.367476e+02
         vertex 7.402585e+01 8.744184e+01 1.363012e+02
      endloop
   endfacet
   facet normal 5.503761e-01 8.188893e-01 1.628083e-01
      outer loop
         vertex 7.402585e+01 8.744184e+01 1.363012e+02
         vertex 7.395330e+01 8.740184e+01 1.367476e+02
         vertex 7.408128e+01 8.740184e+01 1.363149e+02
      endloop
   endfacet
   facet normal 5.626113e-01 8.188893e-01 1.135290e-01
      outer loop
         vertex 7.402585e+01 8.744184e+01 1.363012e+02
         vertex 7.408128e+01 8.740184e+01 1.363149e+02
         vertex 7.411409e+01 8.744184e+01 1.358638e+02
      endloop
   endfacet
   facet normal 5.626135e-01 8.188878e-01 1.135290e-01
      outer loop
         vertex 7.411409e+01 8.744184e+01 1.358638e+02
         vertex 7.408128e+01 8.740184e+01 1.363149e+02
         vertex 7.417052e+01 8.740184e+01 1.358726e+02
      endloop
   endfacet
   facet normal 5.704456e-01 8.188878e-01 6.336110e-02
      outer loop
         vertex 7.411409e+01 8.744184e+01 1.358638e+02
         vertex 7.417052e+01 8.740184e+01 1.358726e+02
         vertex 7.416334e+01 8.744184e+01 1.354204e+02
      endloop
   endfacet
   facet normal 5.704465e-01 8.188872e-01 6.336104e-02
      outer loop
         vertex 7.416334e+01 8.744184e+01 1.354204e+02
         vertex 7.417052e+01 8.740184e+01 1.358726e+02
         vertex 7.422033e+01 8.740184e+01 1.354242e+02
      endloop
   endfacet
   facet normal 5.738141e-01 8.188872e-01 1.269678e-02
      outer loop
         vertex 7.416334e+01 8.744184e+01 1.354204e+02
         vertex 7.422033e+01 8.740184e+01 1.354242e+02
         vertex 7.417321e+01 8.744184e+01 1.349744e+02
      endloop
   endfacet
   facet normal 5.738117e-01 8.188888e-01 1.269718e-02
      outer loop
         vertex 7.417321e+01 8.744184e+01 1.349744e+02
         vertex 7.422033e+01 8.740184e+01 1.354242e+02
         vertex 7.423031e+01 8.740184e+01 1.349732e+02
      endloop
   endfacet
   facet normal 5.726884e-01 8.188888e-01 -3.806621e-02
      outer loop
         vertex 7.417321e+01 8.744184e+01 1.349744e+02
         vertex 7.423031e+01 8.740184e+01 1.349732e+02
         vertex 7.414362e+01 8.744184e+01 1.345293e+02
      endloop
   endfacet
   facet normal 5.726895e-01 8.188881e-01 -3.806649e-02
      outer loop
         vertex 7.414362e+01 8.744184e+01 1.345293e+02
         vertex 7.423031e+01 8.740184e+01 1.349732e+02
         vertex 7.420039e+01 8.740184e+01 1.345230e+02
      endloop
   endfacet
   facet normal 5.670842e-01 8.188881e-01 -8.853169e-02
      outer loop
         vertex 7.414362e+01 8.744184e+01 1.345293e+02
         vertex 7.420039e+01 8.740184e+01 1.345230e+02
         vertex 7.407481e+01 8.744184e+01 1.340885e+02
      endloop
   endfacet
   facet normal 5.670838e-01 8.188884e-01 -8.853155e-02
      outer loop
         vertex 7.407481e+01 8.744184e+01 1.340885e+02
         vertex 7.420039e+01 8.740184e+01 1.345230e+02
         vertex 7.413079e+01 8.740184e+01 1.340772e+02
      endloop
   endfacet
   facet normal 5.570402e-01 8.188884e-01 -1.383040e-01
      outer loop
         vertex 7.407481e+01 8.744184e+01 1.340885e+02
         vertex 7.413079e+01 8.740184e+01 1.340772e+02
         vertex 7.396731e+01 8.744184e+01 1.336555e+02
      endloop
   endfacet
   facet normal 5.570396e-01 8.188889e-01 -1.383037e-01
      outer loop
         vertex 7.396731e+01 8.744184e+01 1.336555e+02
         vertex 7.413079e+01 8.740184e+01 1.340772e+02
         vertex 7.402208e+01 8.740184e+01 1.336393e+02
      endloop
   endfacet
   facet normal 5.426365e-01 8.188888e-01 -1.869939e-01
      outer loop
         vertex 7.396731e+01 8.744184e+01 1.336555e+02
         vertex 7.402208e+01 8.740184e+01 1.336393e+02
         vertex 7.382196e+01 8.744184e+01 1.332337e+02
      endloop
   endfacet
   facet normal 5.426365e-01 8.188888e-01 -1.869939e-01
      outer loop
         vertex 7.382196e+01 8.744184e+01 1.332337e+02
         vertex 7.402208e+01 8.740184e+01 1.336393e+02
         vertex 7.387508e+01 8.740184e+01 1.332127e+02
      endloop
   endfacet
   facet normal 5.239866e-01 8.188888e-01 -2.342204e-01
      outer loop
         vertex 7.382196e+01 8.744184e+01 1.332337e+02
         vertex 7.387508e+01 8.740184e+01 1.332127e+02
         vertex 7.363990e+01 8.744184e+01 1.328264e+02
      endloop
   endfacet
   facet normal 5.239886e-01 8.188871e-01 -2.342218e-01
      outer loop
         vertex 7.363990e+01 8.744184e+01 1.328264e+02
         vertex 7.387508e+01 8.740184e+01 1.332127e+02
         vertex 7.369096e+01 8.740184e+01 1.328008e+02
      endloop
   endfacet
   facet normal 5.012377e-01 8.188871e-01 -2.796153e-01
      outer loop
         vertex 7.363990e+01 8.744184e+01 1.328264e+02
         vertex 7.369096e+01 8.740184e+01 1.328008e+02
         vertex 7.342256e+01 8.744184e+01 1.324368e+02
      endloop
   endfacet
   facet normal 5.012360e-01 8.188886e-01 -2.796139e-01
      outer loop
         vertex 7.342256e+01 8.744184e+01 1.324368e+02
         vertex 7.369096e+01 8.740184e+01 1.328008e+02
         vertex 7.347116e+01 8.740184e+01 1.324068e+02
      endloop
   endfacet
   facet normal 4.745621e-01 8.188886e-01 -3.228191e-01
      outer loop
         vertex 7.342256e+01 8.744184e+01 1.324368e+02
         vertex 7.347116e+01 8.740184e+01 1.324068e+02
         vertex 7.317164e+01 8.744184e+01 1.320680e+02
      endloop
   endfacet
   facet normal 4.745627e-01 8.188881e-01 -3.228197e-01
      outer loop
         vertex 7.317164e+01 8.744184e+01 1.320680e+02
         vertex 7.347116e+01 8.740184e+01 1.324068e+02
         vertex 7.321739e+01 8.740184e+01 1.320338e+02
      endloop
   endfacet
   facet normal 4.441749e-01 8.188881e-01 -3.634982e-01
      outer loop
         vertex 7.317164e+01 8.744184e+01 1.320680e+02
         vertex 7.321739e+01 8.740184e+01 1.320338e+02
         vertex 7.288909e+01 8.744184e+01 1.317227e+02
      endloop
   endfacet
   facet normal 4.441755e-01 8.188875e-01 -3.634989e-01
      outer loop
         vertex 7.288909e+01 8.744184e+01 1.317227e+02
         vertex 7.321739e+01 8.740184e+01 1.320338e+02
         vertex 7.293165e+01 8.740184e+01 1.316846e+02
      endloop
   endfacet
   facet normal 4.103116e-01 8.188874e-01 -4.013325e-01
      outer loop
         vertex 7.288909e+01 8.744184e+01 1.317227e+02
         vertex 7.293165e+01 8.740184e+01 1.316846e+02
         vertex 7.257714e+01 8.744184e+01 1.314038e+02
      endloop
   endfacet
   facet normal 4.103108e-01 8.188884e-01 -4.013313e-01
      outer loop
         vertex 7.257714e+01 8.744184e+01 1.314038e+02
         vertex 7.293165e+01 8.740184e+01 1.316846e+02
         vertex 7.261617e+01 8.740184e+01 1.313621e+02
      endloop
   endfacet
   facet normal 3.732349e-01 8.188884e-01 -4.360246e-01
      outer loop
         vertex 7.257714e+01 8.744184e+01 1.314038e+02
         vertex 7.261617e+01 8.740184e+01 1.313621e+02
         vertex 7.223822e+01 8.744184e+01 1.311137e+02
      endloop
   endfacet
   facet normal 3.732351e-01 8.188882e-01 -4.360249e-01
      outer loop
         vertex 7.223822e+01 8.744184e+01 1.311137e+02
         vertex 7.261617e+01 8.740184e+01 1.313621e+02
         vertex 7.227341e+01 8.740184e+01 1.310687e+02
      endloop
   endfacet
   facet normal 3.332388e-01 8.188881e-01 -4.673052e-01
      outer loop
         vertex 7.223822e+01 8.744184e+01 1.311137e+02
         vertex 7.227341e+01 8.740184e+01 1.310687e+02
         vertex 7.187499e+01 8.744184e+01 1.308546e+02
      endloop
   endfacet
   facet normal 3.332390e-01 8.188879e-01 -4.673055e-01
      outer loop
         vertex 7.187499e+01 8.744184e+01 1.308546e+02
         vertex 7.227341e+01 8.740184e+01 1.310687e+02
         vertex 7.190606e+01 8.740184e+01 1.308067e+02
      endloop
   endfacet
   facet normal 2.906345e-01 8.188879e-01 -4.949285e-01
      outer loop
         vertex 7.187499e+01 8.744184e+01 1.308546e+02
         vertex 7.190606e+01 8.740184e+01 1.308067e+02
         vertex 7.149029e+01 8.744184e+01 1.306287e+02
      endloop
   endfacet
   facet normal 2.906347e-01 8.188876e-01 -4.949289e-01
      outer loop
         vertex 7.149029e+01 8.744184e+01 1.306287e+02
         vertex 7.190606e+01 8.740184e+01 1.308067e+02
         vertex 7.151701e+01 8.740184e+01 1.305782e+02
      endloop
   endfacet
   facet normal 2.457557e-01 8.188876e-01 -5.186784e-01
      outer loop
         vertex 7.149029e+01 8.744184e+01 1.306287e+02
         vertex 7.151701e+01 8.740184e+01 1.305782e+02
         vertex 7.108713e+01 8.744184e+01 1.304377e+02
      endloop
   endfacet
   facet normal 2.457555e-01 8.188880e-01 -5.186778e-01
      outer loop
         vertex 7.108713e+01 8.744184e+01 1.304377e+02
         vertex 7.151701e+01 8.740184e+01 1.305782e+02
         vertex 7.110928e+01 8.740184e+01 1.303851e+02
      endloop
   endfacet
   facet normal 1.989529e-01 8.188881e-01 -5.383680e-01
      outer loop
         vertex 7.108713e+01 8.744184e+01 1.304377e+02
         vertex 7.110928e+01 8.740184e+01 1.303851e+02
         vertex 7.066866e+01 8.744184e+01 1.302831e+02
      endloop
   endfacet
   facet normal 1.989530e-01 8.188874e-01 -5.383689e-01
      outer loop
         vertex 7.066866e+01 8.744184e+01 1.302831e+02
         vertex 7.110928e+01 8.740184e+01 1.303851e+02
         vertex 7.068607e+01 8.740184e+01 1.302287e+02
      endloop
   endfacet
   facet normal 1.505937e-01 8.188874e-01 -5.538456e-01
      outer loop
         vertex 7.066866e+01 8.744184e+01 1.302831e+02
         vertex 7.068607e+01 8.740184e+01 1.302287e+02
         vertex 7.023816e+01 8.744184e+01 1.301660e+02
      endloop
   endfacet
   facet normal 1.505936e-01 8.188878e-01 -5.538450e-01
      outer loop
         vertex 7.023816e+01 8.744184e+01 1.301660e+02
         vertex 7.068607e+01 8.740184e+01 1.302287e+02
         vertex 7.025070e+01 8.740184e+01 1.301103e+02
      endloop
   endfacet
   facet normal 1.010550e-01 8.188878e-01 -5.649873e-01
      outer loop
         vertex 7.023816e+01 8.744184e+01 1.301660e+02
         vertex 7.025070e+01 8.740184e+01 1.301103e+02
         vertex 6.979901e+01 8.744184e+01 1.300875e+02
      endloop
   endfacet
   facet normal 1.010550e-01 8.188876e-01 -5.649876e-01
      outer loop
         vertex 6.979901e+01 8.744184e+01 1.300875e+02
         vertex 7.025070e+01 8.740184e+01 1.301103e+02
         vertex 6.980657e+01 8.740184e+01 1.300308e+02
      endloop
   endfacet
   facet normal 5.072619e-02 8.188876e-01 -5.717079e-01
      outer loop
         vertex 6.979901e+01 8.744184e+01 1.300875e+02
         vertex 6.980657e+01 8.740184e+01 1.300308e+02
         vertex 6.935462e+01 8.744184e+01 1.300480e+02
      endloop
   endfacet
   facet normal 5.072625e-02 8.188880e-01 -5.717073e-01
      outer loop
         vertex 6.935462e+01 8.744184e+01 1.300480e+02
         vertex 6.980657e+01 8.740184e+01 1.300308e+02
         vertex 6.935715e+01 8.740184e+01 1.299910e+02
      endloop
   endfacet
   facet normal 0.000000e+00 8.188880e-01 -5.739533e-01
      outer loop
         vertex 6.935462e+01 8.744184e+01 1.300480e+02
         vertex 6.935715e+01 8.740184e+01 1.299910e+02
         vertex 6.890850e+01 8.744184e+01 1.300480e+02
      endloop
   endfacet
   facet normal 0.000000e+00 8.188880e-01 -5.739533e-01
      outer loop
         vertex 6.890850e+01 8.744184e+01 1.300480e+02
         vertex 6.935715e+01 8.740184e+01 1.299910e+02
         vertex 6.890597e+01 8.740184e+01 1.299910e+02
      endloop
   endfacet
   facet normal -5.072613e-02 8.188880e-01 -5.717073e-01
      outer loop
         vertex 6.890850e+01 8.744184e+01 1.300480e+02
         vertex 6.890597e+01 8.740184e+01 1.299910e+02
         vertex 6.846412e+01 8.744184e+01 1.300875e+02
      endloop
   endfacet
   facet normal -5.072631e-02 8.188876e-01 -5.717079e-01
      outer loop
         vertex 6.846412e+01 8.744184e+01 1.300875e+02
         vertex 6.890597e+01 8.740184e+01 1.299910e+02
         vertex 6.845656e+01 8.740184e+01 1.300308e+02
      endloop
   endfacet
   facet normal -1.010551e-01 8.188876e-01 -5.649876e-01
      outer loop
         vertex 6.846412e+01 8.744184e+01 1.300875e+02
         vertex 6.845656e+01 8.740184e+01 1.300308e+02
         vertex 6.802496e+01 8.744184e+01 1.301660e+02
      endloop
   endfacet
   facet normal -1.010550e-01 8.188878e-01 -5.649873e-01
      outer loop
         vertex 6.802496e+01 8.744184e+01 1.301660e+02
         vertex 6.845656e+01 8.740184e+01 1.300308e+02
         vertex 6.801242e+01 8.740184e+01 1.301103e+02
      endloop
   endfacet
   facet normal -1.505935e-01 8.188878e-01 -5.538451e-01
      outer loop
         vertex 6.802496e+01 8.744184e+01 1.301660e+02
         vertex 6.801242e+01 8.740184e+01 1.301103e+02
         vertex 6.759446e+01 8.744184e+01 1.302831e+02
      endloop
   endfacet
   facet normal -1.505938e-01 8.188874e-01 -5.538456e-01
      outer loop
         vertex 6.759446e+01 8.744184e+01 1.302831e+02
         vertex 6.801242e+01 8.740184e+01 1.301103e+02
         vertex 6.757705e+01 8.740184e+01 1.302287e+02
      endloop
   endfacet
   facet normal -1.989532e-01 8.188874e-01 -5.383688e-01
      outer loop
         vertex 6.759446e+01 8.744184e+01 1.302831e+02
         vertex 6.757705e+01 8.740184e+01 1.302287e+02
         vertex 6.717599e+01 8.744184e+01 1.304377e+02
      endloop
   endfacet
   facet normal -1.989527e-01 8.188881e-01 -5.383680e-01
      outer loop
         vertex 6.717599e+01 8.744184e+01 1.304377e+02
         vertex 6.757705e+01 8.740184e+01 1.302287e+02
         vertex 6.715384e+01 8.740184e+01 1.303851e+02
      endloop
   endfacet
   facet normal -2.457554e-01 8.188880e-01 -5.186779e-01
      outer loop
         vertex 6.717599e+01 8.744184e+01 1.304377e+02
         vertex 6.715384e+01 8.740184e+01 1.303851e+02
         vertex 6.677283e+01 8.744184e+01 1.306287e+02
      endloop
   endfacet
   facet normal -2.457558e-01 8.188876e-01 -5.186783e-01
      outer loop
         vertex 6.677283e+01 8.744184e+01 1.306287e+02
         vertex 6.715384e+01 8.740184e+01 1.303851e+02
         vertex 6.674612e+01 8.740184e+01 1.305782e+02
      endloop
   endfacet
   facet normal -2.906347e-01 8.188876e-01 -4.949289e-01
      outer loop
         vertex 6.677283e+01 8.744184e+01 1.306287e+02
         vertex 6.674612e+01 8.740184e+01 1.305782e+02
         vertex 6.638813e+01 8.744184e+01 1.308546e+02
      endloop
   endfacet
   facet normal -2.906345e-01 8.188879e-01 -4.949286e-01
      outer loop
         vertex 6.638813e+01 8.744184e+01 1.308546e+02
         vertex 6.674612e+01 8.740184e+01 1.305782e+02
         vertex 6.635706e+01 8.740184e+01 1.308067e+02
      endloop
   endfacet
   facet normal -3.332390e-01 8.188879e-01 -4.673055e-01
      outer loop
         vertex 6.638813e+01 8.744184e+01 1.308546e+02
         vertex 6.635706e+01 8.740184e+01 1.308067e+02
         vertex 6.602490e+01 8.744184e+01 1.311137e+02
      endloop
   endfacet
   facet normal -3.332387e-01 8.188881e-01 -4.673052e-01
      outer loop
         vertex 6.602490e+01 8.744184e+01 1.311137e+02
         vertex 6.635706e+01 8.740184e+01 1.308067e+02
         vertex 6.598971e+01 8.740184e+01 1.310687e+02
      endloop
   endfacet
   facet normal -3.732351e-01 8.188882e-01 -4.360249e-01
      outer loop
         vertex 6.602490e+01 8.744184e+01 1.311137e+02
         vertex 6.598971e+01 8.740184e+01 1.310687e+02
         vertex 6.568598e+01 8.744184e+01 1.314038e+02
      endloop
   endfacet
   facet normal -3.732349e-01 8.188884e-01 -4.360247e-01
      outer loop
         vertex 6.568598e+01 8.744184e+01 1.314038e+02
         vertex 6.598971e+01 8.740184e+01 1.310687e+02
         vertex 6.564696e+01 8.740184e+01 1.313621e+02
      endloop
   endfacet
   facet normal -4.103106e-01 8.188884e-01 -4.013315e-01
      outer loop
         vertex 6.568598e+01 8.744184e+01 1.314038e+02
         vertex 6.564696e+01 8.740184e+01 1.313621e+02
         vertex 6.537403e+01 8.744184e+01 1.317227e+02
      endloop
   endfacet
   facet normal -4.103118e-01 8.188874e-01 -4.013323e-01
      outer loop
         vertex 6.537403e+01 8.744184e+01 1.317227e+02
         vertex 6.564696e+01 8.740184e+01 1.313621e+02
         vertex 6.533147e+01 8.740184e+01 1.316846e+02
      endloop
   endfacet
   facet normal -4.441756e-01 8.188875e-01 -3.634987e-01
      outer loop
         vertex 6.537403e+01 8.744184e+01 1.317227e+02
         vertex 6.533147e+01 8.740184e+01 1.316846e+02
         vertex 6.509149e+01 8.744184e+01 1.320680e+02
      endloop
   endfacet
   facet normal -4.441748e-01 8.188881e-01 -3.634983e-01
      outer loop
         vertex 6.509149e+01 8.744184e+01 1.320680e+02
         vertex 6.533147e+01 8.740184e+01 1.316846e+02
         vertex 6.504573e+01 8.740184e+01 1.320338e+02
      endloop
   endfacet
   facet normal -4.745628e-01 8.188881e-01 -3.228196e-01
      outer loop
         vertex 6.509149e+01 8.744184e+01 1.320680e+02
         vertex 6.504573e+01 8.740184e+01 1.320338e+02
         vertex 6.484056e+01 8.744184e+01 1.324368e+02
      endloop
   endfacet
   facet normal -4.745621e-01 8.188886e-01 -3.228193e-01
      outer loop
         vertex 6.484056e+01 8.744184e+01 1.324368e+02
         vertex 6.504573e+01 8.740184e+01 1.320338e+02
         vertex 6.479196e+01 8.740184e+01 1.324068e+02
      endloop
   endfacet
   facet normal -5.012358e-01 8.188886e-01 -2.796142e-01
      outer loop
         vertex 6.484056e+01 8.744184e+01 1.324368e+02
         vertex 6.479196e+01 8.740184e+01 1.324068e+02
         vertex 6.462322e+01 8.744184e+01 1.328264e+02
      endloop
   endfacet
   facet normal -5.012379e-01 8.188871e-01 -2.796149e-01
      outer loop
         vertex 6.462322e+01 8.744184e+01 1.328264e+02
         vertex 6.479196e+01 8.740184e+01 1.324068e+02
         vertex 6.457216e+01 8.740184e+01 1.328008e+02
      endloop
   endfacet
   facet normal -5.239888e-01 8.188871e-01 -2.342214e-01
      outer loop
         vertex 6.462322e+01 8.744184e+01 1.328264e+02
         vertex 6.457216e+01 8.740184e+01 1.328008e+02
         vertex 6.444116e+01 8.744184e+01 1.332337e+02
      endloop
   endfacet
   facet normal -5.239864e-01 8.188888e-01 -2.342208e-01
      outer loop
         vertex 6.444116e+01 8.744184e+01 1.332337e+02
         vertex 6.457216e+01 8.740184e+01 1.328008e+02
         vertex 6.438804e+01 8.740184e+01 1.332127e+02
      endloop
   endfacet
   facet normal -5.426365e-01 8.188888e-01 -1.869939e-01
      outer loop
         vertex 6.444116e+01 8.744184e+01 1.332337e+02
         vertex 6.438804e+01 8.740184e+01 1.332127e+02
         vertex 6.429582e+01 8.744184e+01 1.336555e+02
      endloop
   endfacet
   facet normal -5.426365e-01 8.188888e-01 -1.869939e-01
      outer loop
         vertex 6.429582e+01 8.744184e+01 1.336555e+02
         vertex 6.438804e+01 8.740184e+01 1.332127e+02
         vertex 6.424105e+01 8.740184e+01 1.336393e+02
      endloop
   endfacet
   facet normal -5.570396e-01 8.188889e-01 -1.383038e-01
      outer loop
         vertex 6.429582e+01 8.744184e+01 1.336555e+02
         vertex 6.424105e+01 8.740184e+01 1.336393e+02
         vertex 6.418831e+01 8.744184e+01 1.340885e+02
      endloop
   endfacet
   facet normal -5.570403e-01 8.188884e-01 -1.383038e-01
      outer loop
         vertex 6.418831e+01 8.744184e+01 1.340885e+02
         vertex 6.424105e+01 8.740184e+01 1.336393e+02
         vertex 6.413233e+01 8.740184e+01 1.340772e+02
      endloop
   endfacet
   facet normal -5.670838e-01 8.188884e-01 -8.853163e-02
      outer loop
         vertex 6.418831e+01 8.744184e+01 1.340885e+02
         vertex 6.413233e+01 8.740184e+01 1.340772e+02
         vertex 6.411950e+01 8.744184e+01 1.345293e+02
      endloop
   endfacet
   facet normal -5.670842e-01 8.188881e-01 -8.853162e-02
      outer loop
         vertex 6.411950e+01 8.744184e+01 1.345293e+02
         vertex 6.413233e+01 8.740184e+01 1.340772e+02
         vertex 6.406273e+01 8.740184e+01 1.345230e+02
      endloop
   endfacet
   facet normal -5.726895e-01 8.188881e-01 -3.806628e-02
      outer loop
         vertex 6.411950e+01 8.744184e+01 1.345293e+02
         vertex 6.406273e+01 8.740184e+01 1.345230e+02
         vertex 6.408991e+01 8.744184e+01 1.349744e+02
      endloop
   endfacet
   facet normal -5.726884e-01 8.188888e-01 -3.806641e-02
      outer loop
         vertex 6.408991e+01 8.744184e+01 1.349744e+02
         vertex 6.406273e+01 8.740184e+01 1.345230e+02
         vertex 6.403281e+01 8.740184e+01 1.349732e+02
      endloop
   endfacet
   facet normal -5.738117e-01 8.188889e-01 1.269672e-02
      outer loop
         vertex 6.408991e+01 8.744184e+01 1.349744e+02
         vertex 6.403281e+01 8.740184e+01 1.349732e+02
         vertex 6.409978e+01 8.744184e+01 1.354204e+02
      endloop
   endfacet
   facet normal -5.738140e-01 8.188872e-01 1.269723e-02
      outer loop
         vertex 6.409978e+01 8.744184e+01 1.354204e+02
         vertex 6.403281e+01 8.740184e+01 1.349732e+02
         vertex 6.404279e+01 8.740184e+01 1.354242e+02
      endloop
   endfacet
   facet normal -5.704464e-01 8.188872e-01 6.336119e-02
      outer loop
         vertex 6.409978e+01 8.744184e+01 1.354204e+02
         vertex 6.404279e+01 8.740184e+01 1.354242e+02
         vertex 6.414903e+01 8.744184e+01 1.358638e+02
      endloop
   endfacet
   facet normal -5.704456e-01 8.188878e-01 6.336095e-02
      outer loop
         vertex 6.414903e+01 8.744184e+01 1.358638e+02
         vertex 6.404279e+01 8.740184e+01 1.354242e+02
         vertex 6.409260e+01 8.740184e+01 1.358726e+02
      endloop
   endfacet
   facet normal -5.626135e-01 8.188878e-01 1.135294e-01
      outer loop
         vertex 6.414903e+01 8.744184e+01 1.358638e+02
         vertex 6.409260e+01 8.740184e+01 1.358726e+02
         vertex 6.423727e+01 8.744184e+01 1.363012e+02
      endloop
   endfacet
   facet normal -5.626114e-01 8.188893e-01 1.135286e-01
      outer loop
         vertex 6.423727e+01 8.744184e+01 1.363012e+02
         vertex 6.409260e+01 8.740184e+01 1.358726e+02
         vertex 6.418184e+01 8.740184e+01 1.363149e+02
      endloop
   endfacet
   facet normal -5.503762e-01 8.188893e-01 1.628080e-01
      outer loop
         vertex 6.423727e+01 8.744184e+01 1.363012e+02
         vertex 6.418184e+01 8.740184e+01 1.363149e+02
         vertex 6.436382e+01 8.744184e+01 1.367290e+02
      endloop
   endfacet
   facet normal -5.503776e-01 8.188881e-01 1.628088e-01
      outer loop
         vertex 6.436382e+01 8.744184e+01 1.367290e+02
         vertex 6.418184e+01 8.740184e+01 1.363149e+02
         vertex 6.430982e+01 8.740184e+01 1.367476e+02
      endloop
   endfacet
   facet normal -5.338350e-01 8.188881e-01 2.108139e-01
      outer loop
         vertex 6.436382e+01 8.744184e+01 1.367290e+02
         vertex 6.430982e+01 8.740184e+01 1.367476e+02
         vertex 6.452769e+01 8.744184e+01 1.371439e+02
      endloop
   endfacet
   facet normal -5.338352e-01 8.188880e-01 2.108140e-01
      outer loop
         vertex 6.452769e+01 8.744184e+01 1.371439e+02
         vertex 6.430982e+01 8.740184e+01 1.367476e+02
         vertex 6.447554e+01 8.740184e+01 1.371672e+02
      endloop
   endfacet
   facet normal -5.131146e-01 8.188879e-01 2.571692e-01
      outer loop
         vertex 6.452769e+01 8.744184e+01 1.371439e+02
         vertex 6.447554e+01 8.740184e+01 1.371672e+02
         vertex 6.472758e+01 8.744184e+01 1.375427e+02
      endloop
   endfacet
   facet normal -5.131160e-01 8.188867e-01 2.571703e-01
      outer loop
         vertex 6.472758e+01 8.744184e+01 1.375427e+02
         vertex 6.447554e+01 8.740184e+01 1.371672e+02
         vertex 6.467770e+01 8.740184e+01 1.375706e+02
      endloop
   endfacet
   facet normal -4.883793e-01 8.188867e-01 3.015133e-01
      outer loop
         vertex 6.472758e+01 8.744184e+01 1.375427e+02
         vertex 6.467770e+01 8.740184e+01 1.375706e+02
         vertex 6.496194e+01 8.744184e+01 1.379223e+02
      endloop
   endfacet
   facet normal -4.883786e-01 8.188873e-01 3.015127e-01
      outer loop
         vertex 6.496194e+01 8.744184e+01 1.379223e+02
         vertex 6.467770e+01 8.740184e+01 1.375706e+02
         vertex 6.491472e+01 8.740184e+01 1.379545e+02
      endloop
   endfacet
   facet normal -4.598196e-01 8.188874e-01 3.434959e-01
      outer loop
         vertex 6.496194e+01 8.744184e+01 1.379223e+02
         vertex 6.491472e+01 8.740184e+01 1.379545e+02
         vertex 6.522894e+01 8.744184e+01 1.382798e+02
      endloop
   endfacet
   facet normal -4.598183e-01 8.188886e-01 3.434945e-01
      outer loop
         vertex 6.522894e+01 8.744184e+01 1.382798e+02
         vertex 6.491472e+01 8.740184e+01 1.379545e+02
         vertex 6.518474e+01 8.740184e+01 1.383159e+02
      endloop
   endfacet
   facet normal -4.276608e-01 8.188887e-01 3.827891e-01
      outer loop
         vertex 6.522894e+01 8.744184e+01 1.382798e+02
         vertex 6.518474e+01 8.740184e+01 1.383159e+02
         vertex 6.552648e+01 8.744184e+01 1.386122e+02
      endloop
   endfacet
   facet normal -4.276613e-01 8.188883e-01 3.827896e-01
      outer loop
         vertex 6.552648e+01 8.744184e+01 1.386122e+02
         vertex 6.518474e+01 8.740184e+01 1.383159e+02
         vertex 6.548565e+01 8.740184e+01 1.386521e+02
      endloop
   endfacet
   facet normal -3.921566e-01 8.188883e-01 4.190885e-01
      outer loop
         vertex 6.552648e+01 8.744184e+01 1.386122e+02
         vertex 6.548565e+01 8.740184e+01 1.386521e+02
         vertex 6.585223e+01 8.744184e+01 1.389170e+02
      endloop
   endfacet
   facet normal -3.921571e-01 8.188876e-01 4.190893e-01
      outer loop
         vertex 6.585223e+01 8.744184e+01 1.389170e+02
         vertex 6.548565e+01 8.740184e+01 1.386521e+02
         vertex 6.581509e+01 8.740184e+01 1.389604e+02
      endloop
   endfacet
   facet normal -3.535836e-01 8.188877e-01 4.521080e-01
      outer loop
         vertex 6.585223e+01 8.744184e+01 1.389170e+02
         vertex 6.581509e+01 8.740184e+01 1.389604e+02
         vertex 6.620365e+01 8.744184e+01 1.391918e+02
      endloop
   endfacet
   facet normal -3.535829e-01 8.188886e-01 4.521068e-01
      outer loop
         vertex 6.620365e+01 8.744184e+01 1.391918e+02
         vertex 6.581509e+01 8.740184e+01 1.389604e+02
         vertex 6.617049e+01 8.740184e+01 1.392383e+02
      endloop
   endfacet
   facet normal -3.122421e-01 8.188886e-01 4.815873e-01
      outer loop
         vertex 6.620365e+01 8.744184e+01 1.391918e+02
         vertex 6.617049e+01 8.740184e+01 1.392383e+02
         vertex 6.657798e+01 8.744184e+01 1.394345e+02
      endloop
   endfacet
   facet normal -3.122426e-01 8.188876e-01 4.815886e-01
      outer loop
         vertex 6.657798e+01 8.744184e+01 1.394345e+02
         vertex 6.617049e+01 8.740184e+01 1.392383e+02
         vertex 6.654906e+01 8.740184e+01 1.394838e+02
      endloop
   endfacet
   facet normal -2.684578e-01 8.188875e-01 5.073004e-01
      outer loop
         vertex 6.657798e+01 8.744184e+01 1.394345e+02
         vertex 6.654906e+01 8.740184e+01 1.394838e+02
         vertex 6.697230e+01 8.744184e+01 1.396432e+02
      endloop
   endfacet
   facet normal -2.684574e-01 8.188884e-01 5.072992e-01
      outer loop
         vertex 6.697230e+01 8.744184e+01 1.396432e+02
         vertex 6.654906e+01 8.740184e+01 1.394838e+02
         vertex 6.694784e+01 8.740184e+01 1.396948e+02
      endloop
   endfacet
   facet normal -2.225719e-01 8.188884e-01 5.290401e-01
      outer loop
         vertex 6.697230e+01 8.744184e+01 1.396432e+02
         vertex 6.694784e+01 8.740184e+01 1.396948e+02
         vertex 6.738352e+01 8.744184e+01 1.398162e+02
      endloop
   endfacet
   facet normal -2.225721e-01 8.188877e-01 5.290413e-01
      outer loop
         vertex 6.738352e+01 8.744184e+01 1.398162e+02
         vertex 6.694784e+01 8.740184e+01 1.396948e+02
         vertex 6.736372e+01 8.740184e+01 1.398698e+02
      endloop
   endfacet
   facet normal -1.749443e-01 8.188876e-01 5.466421e-01
      outer loop
         vertex 6.738352e+01 8.744184e+01 1.398162e+02
         vertex 6.736372e+01 8.740184e+01 1.398698e+02
         vertex 6.780841e+01 8.744184e+01 1.399522e+02
      endloop
   endfacet
   facet normal -1.749441e-01 8.188888e-01 5.466404e-01
      outer loop
         vertex 6.780841e+01 8.744184e+01 1.399522e+02
         vertex 6.736372e+01 8.740184e+01 1.398698e+02
         vertex 6.779343e+01 8.740184e+01 1.400073e+02
      endloop
   endfacet
   facet normal -1.259474e-01 8.188888e-01 5.599629e-01
      outer loop
         vertex 6.780841e+01 8.744184e+01 1.399522e+02
         vertex 6.779343e+01 8.740184e+01 1.400073e+02
         vertex 6.824367e+01 8.744184e+01 1.400501e+02
      endloop
   endfacet
   facet normal -1.259474e-01 8.188882e-01 5.599637e-01
      outer loop
         vertex 6.824367e+01 8.744184e+01 1.400501e+02
         vertex 6.779343e+01 8.740184e+01 1.400073e+02
         vertex 6.823361e+01 8.740184e+01 1.401063e+02
      endloop
   endfacet
   facet normal -7.596480e-02 8.188882e-01 5.689037e-01
      outer loop
         vertex 6.824367e+01 8.744184e+01 1.400501e+02
         vertex 6.823361e+01 8.740184e+01 1.401063e+02
         vertex 6.868587e+01 8.744184e+01 1.401091e+02
      endloop
   endfacet
   facet normal -7.596478e-02 8.188879e-01 5.689042e-01
      outer loop
         vertex 6.868587e+01 8.744184e+01 1.401091e+02
         vertex 6.823361e+01 8.740184e+01 1.401063e+02
         vertex 6.868082e+01 8.740184e+01 1.401660e+02
      endloop
   endfacet
   facet normal -2.538776e-02 8.188879e-01 5.733918e-01
      outer loop
         vertex 6.868587e+01 8.744184e+01 1.401091e+02
         vertex 6.868082e+01 8.740184e+01 1.401660e+02
         vertex 6.913156e+01 8.744184e+01 1.401289e+02
      endloop
   endfacet
   facet normal -2.538778e-02 8.188879e-01 5.733917e-01
      outer loop
         vertex 6.913156e+01 8.744184e+01 1.401289e+02
         vertex 6.868082e+01 8.740184e+01 1.401660e+02
         vertex 6.913156e+01 8.740184e+01 1.401860e+02
      endloop
   endfacet
   facet normal 2.538775e-02 8.188879e-01 5.733917e-01
      outer loop
         vertex 6.913156e+01 8.744184e+01 1.401289e+02
         vertex 6.913156e+01 8.740184e+01 1.401860e+02
         vertex 6.957725e+01 8.744184e+01 1.401091e+02
      endloop
   endfacet
   facet normal 2.538778e-02 8.188879e-01 5.733918e-01
      outer loop
         vertex 6.957725e+01 8.744184e+01 1.401091e+02
         vertex 6.913156e+01 8.740184e+01 1.401860e+02
         vertex 6.958230e+01 8.740184e+01 1.401660e+02
      endloop
   endfacet
   facet normal 5.597999e-02 9.061493e-01 4.192371e-01
      outer loop
         vertex 6.958230e+01 8.740184e+01 1.401660e+02
         vertex 6.958788e+01 8.737238e+01 1.402290e+02
         vertex 7.002951e+01 8.740184e+01 1.401063e+02
      endloop
   endfacet
   facet normal 5.598051e-02 9.061485e-01 4.192388e-01
      outer loop
         vertex 7.002951e+01 8.740184e+01 1.401063e+02
         vertex 6.958788e+01 8.737238e+01 1.402290e+02
         vertex 7.004064e+01 8.737238e+01 1.401685e+02
      endloop
   endfacet
   facet normal 9.281368e-02 9.061484e-01 4.126507e-01
      outer loop
         vertex 7.002951e+01 8.740184e+01 1.401063e+02
         vertex 7.004064e+01 8.737238e+01 1.401685e+02
         vertex 7.046969e+01 8.740184e+01 1.400073e+02
      endloop
   endfacet
   facet normal 9.281363e-02 9.061485e-01 4.126506e-01
      outer loop
         vertex 7.046969e+01 8.740184e+01 1.400073e+02
         vertex 7.004064e+01 8.737238e+01 1.401685e+02
         vertex 7.048627e+01 8.737238e+01 1.400683e+02
      endloop
   endfacet
   facet normal 1.289206e-01 9.061485e-01 4.028329e-01
      outer loop
         vertex 7.046969e+01 8.740184e+01 1.400073e+02
         vertex 7.048627e+01 8.737238e+01 1.400683e+02
         vertex 7.089940e+01 8.740184e+01 1.398698e+02
      endloop
   endfacet
   facet normal 1.289197e-01 9.061494e-01 4.028311e-01
      outer loop
         vertex 7.089940e+01 8.740184e+01 1.398698e+02
         vertex 7.048627e+01 8.737238e+01 1.400683e+02
         vertex 7.092131e+01 8.737238e+01 1.399291e+02
      endloop
   endfacet
   facet normal 1.640177e-01 9.061494e-01 3.898608e-01
      outer loop
         vertex 7.089940e+01 8.740184e+01 1.398698e+02
         vertex 7.092131e+01 8.737238e+01 1.399291e+02
         vertex 7.131528e+01 8.740184e+01 1.396948e+02
      endloop
   endfacet
   facet normal 1.640183e-01 9.061489e-01 3.898617e-01
      outer loop
         vertex 7.131528e+01 8.740184e+01 1.396948e+02
         vertex 7.092131e+01 8.737238e+01 1.399291e+02
         vertex 7.134234e+01 8.737238e+01 1.397519e+02
      endloop
   endfacet
   facet normal 1.978323e-01 9.061489e-01 3.738402e-01
      outer loop
         vertex 7.131528e+01 8.740184e+01 1.396948e+02
         vertex 7.134234e+01 8.737238e+01 1.397519e+02
         vertex 7.171406e+01 8.740184e+01 1.394838e+02
      endloop
   endfacet
   facet normal 1.978324e-01 9.061489e-01 3.738403e-01
      outer loop
         vertex 7.171406e+01 8.740184e+01 1.394838e+02
         vertex 7.134234e+01 8.737238e+01 1.397519e+02
         vertex 7.174606e+01 8.737238e+01 1.395383e+02
      endloop
   endfacet
   facet normal 2.300983e-01 9.061488e-01 3.548930e-01
      outer loop
         vertex 7.171406e+01 8.740184e+01 1.394838e+02
         vertex 7.174606e+01 8.737238e+01 1.395383e+02
         vertex 7.209264e+01 8.740184e+01 1.392383e+02
      endloop
   endfacet
   facet normal 2.300982e-01 9.061489e-01 3.548928e-01
      outer loop
         vertex 7.209264e+01 8.740184e+01 1.392383e+02
         vertex 7.174606e+01 8.737238e+01 1.395383e+02
         vertex 7.212933e+01 8.737238e+01 1.392898e+02
      endloop
   endfacet
   facet normal 2.605633e-01 9.061490e-01 3.331678e-01
      outer loop
         vertex 7.209264e+01 8.740184e+01 1.392383e+02
         vertex 7.212933e+01 8.737238e+01 1.392898e+02
         vertex 7.244803e+01 8.740184e+01 1.389604e+02
      endloop
   endfacet
   facet normal 2.605627e-01 9.061494e-01 3.331672e-01
      outer loop
         vertex 7.244803e+01 8.740184e+01 1.389604e+02
         vertex 7.212933e+01 8.737238e+01 1.392898e+02
         vertex 7.248913e+01 8.737238e+01 1.390084e+02
      endloop
   endfacet
   facet normal 2.889883e-01 9.061493e-01 3.088352e-01
      outer loop
         vertex 7.244803e+01 8.740184e+01 1.389604e+02
         vertex 7.248913e+01 8.737238e+01 1.390084e+02
         vertex 7.277748e+01 8.740184e+01 1.386521e+02
      endloop
   endfacet
   facet normal 2.889885e-01 9.061492e-01 3.088354e-01
      outer loop
         vertex 7.277748e+01 8.740184e+01 1.386521e+02
         vertex 7.248913e+01 8.737238e+01 1.390084e+02
         vertex 7.282265e+01 8.737238e+01 1.386963e+02
      endloop
   endfacet
   facet normal 3.151527e-01 9.061492e-01 2.820858e-01
      outer loop
         vertex 7.277748e+01 8.740184e+01 1.386521e+02
         vertex 7.282265e+01 8.737238e+01 1.386963e+02
         vertex 7.307838e+01 8.740184e+01 1.383159e+02
      endloop
   endfacet
   facet normal 3.151536e-01 9.061487e-01 2.820864e-01
      outer loop
         vertex 7.307838e+01 8.740184e+01 1.383159e+02
         vertex 7.282265e+01 8.737238e+01 1.386963e+02
         vertex 7.312729e+01 8.737238e+01 1.383560e+02
      endloop
   endfacet
   facet normal 3.388511e-01 9.061487e-01 2.531293e-01
      outer loop
         vertex 7.307838e+01 8.740184e+01 1.383159e+02
         vertex 7.312729e+01 8.737238e+01 1.383560e+02
         vertex 7.334840e+01 8.740184e+01 1.379545e+02
      endloop
   endfacet
   facet normal 3.388507e-01 9.061489e-01 2.531291e-01
      outer loop
         vertex 7.334840e+01 8.740184e+01 1.379545e+02
         vertex 7.312729e+01 8.737238e+01 1.383560e+02
         vertex 7.340065e+01 8.737238e+01 1.379900e+02
      endloop
   endfacet
   facet normal 3.598963e-01 9.061489e-01 2.221909e-01
      outer loop
         vertex 7.334840e+01 8.740184e+01 1.379545e+02
         vertex 7.340065e+01 8.737238e+01 1.379900e+02
         vertex 7.358542e+01 8.740184e+01 1.375706e+02
      endloop
   endfacet
   facet normal 3.598951e-01 9.061495e-01 2.221904e-01
      outer loop
         vertex 7.358542e+01 8.740184e+01 1.375706e+02
         vertex 7.340065e+01 8.737238e+01 1.379900e+02
         vertex 7.364061e+01 8.737238e+01 1.376013e+02
      endloop
   endfacet
   facet normal 3.781240e-01 9.061495e-01 1.895132e-01
      outer loop
         vertex 7.358542e+01 8.740184e+01 1.375706e+02
         vertex 7.364061e+01 8.737238e+01 1.376013e+02
         vertex 7.378758e+01 8.740184e+01 1.371672e+02
      endloop
   endfacet
   facet normal 3.781240e-01 9.061495e-01 1.895132e-01
      outer loop
         vertex 7.378758e+01 8.740184e+01 1.371672e+02
         vertex 7.364061e+01 8.737238e+01 1.376013e+02
         vertex 7.384527e+01 8.737238e+01 1.371930e+02
      endloop
   endfacet
   facet normal 3.933935e-01 9.061496e-01 1.553529e-01
      outer loop
         vertex 7.378758e+01 8.740184e+01 1.371672e+02
         vertex 7.384527e+01 8.737238e+01 1.371930e+02
         vertex 7.395330e+01 8.740184e+01 1.367476e+02
      endloop
   endfacet
   facet normal 3.933933e-01 9.061497e-01 1.553529e-01
      outer loop
         vertex 7.395330e+01 8.740184e+01 1.367476e+02
         vertex 7.384527e+01 8.737238e+01 1.371930e+02
         vertex 7.401304e+01 8.737238e+01 1.367682e+02
      endloop
   endfacet
   facet normal 4.055839e-01 9.061497e-01 1.199769e-01
      outer loop
         vertex 7.395330e+01 8.740184e+01 1.367476e+02
         vertex 7.401304e+01 8.737238e+01 1.367682e+02
         vertex 7.408128e+01 8.740184e+01 1.363149e+02
      endloop
   endfacet
   facet normal 4.055855e-01 9.061489e-01 1.199771e-01
      outer loop
         vertex 7.408128e+01 8.740184e+01 1.363149e+02
         vertex 7.401304e+01 8.737238e+01 1.367682e+02
         vertex 7.414261e+01 8.737238e+01 1.363301e+02
      endloop
   endfacet
   facet normal 4.146020e-01 9.061489e-01 8.366194e-02
      outer loop
         vertex 7.408128e+01 8.740184e+01 1.363149e+02
         vertex 7.414261e+01 8.737238e+01 1.363301e+02
         vertex 7.417052e+01 8.740184e+01 1.358726e+02
      endloop
   endfacet
   facet normal 4.146006e-01 9.061496e-01 8.366190e-02
      outer loop
         vertex 7.417052e+01 8.740184e+01 1.358726e+02
         vertex 7.414261e+01 8.737238e+01 1.363301e+02
         vertex 7.423296e+01 8.737238e+01 1.358824e+02
      endloop
   endfacet
   facet normal 4.203722e-01 9.061496e-01 4.669189e-02
      outer loop
         vertex 7.417052e+01 8.740184e+01 1.358726e+02
         vertex 7.423296e+01 8.737238e+01 1.358824e+02
         vertex 7.422033e+01 8.740184e+01 1.354242e+02
      endloop
   endfacet
   facet normal 4.203735e-01 9.061490e-01 4.669181e-02
      outer loop
         vertex 7.422033e+01 8.740184e+01 1.354242e+02
         vertex 7.423296e+01 8.737238e+01 1.358824e+02
         vertex 7.428338e+01 8.737238e+01 1.354284e+02
      endloop
   endfacet
   facet normal 4.228552e-01 9.061490e-01 9.356845e-03
      outer loop
         vertex 7.422033e+01 8.740184e+01 1.354242e+02
         vertex 7.428338e+01 8.737238e+01 1.354284e+02
         vertex 7.423031e+01 8.740184e+01 1.349732e+02
      endloop
   endfacet
   facet normal 4.228551e-01 9.061490e-01 9.356851e-03
      outer loop
         vertex 7.423031e+01 8.740184e+01 1.349732e+02
         vertex 7.428338e+01 8.737238e+01 1.354284e+02
         vertex 7.429349e+01 8.737238e+01 1.349718e+02
      endloop
   endfacet
   facet normal 4.220274e-01 9.061490e-01 -2.805202e-02
      outer loop
         vertex 7.423031e+01 8.740184e+01 1.349732e+02
         vertex 7.429349e+01 8.737238e+01 1.349718e+02
         vertex 7.420039e+01 8.740184e+01 1.345230e+02
      endloop
   endfacet
   facet normal 4.220268e-01 9.061493e-01 -2.805189e-02
      outer loop
         vertex 7.420039e+01 8.740184e+01 1.345230e+02
         vertex 7.429349e+01 8.737238e+01 1.349718e+02
         vertex 7.426319e+01 8.737238e+01 1.345160e+02
      endloop
   endfacet
   facet normal 4.178961e-01 9.061493e-01 -6.524079e-02
      outer loop
         vertex 7.420039e+01 8.740184e+01 1.345230e+02
         vertex 7.426319e+01 8.737238e+01 1.345160e+02
         vertex 7.413079e+01 8.740184e+01 1.340772e+02
      endloop
   endfacet
   facet normal 4.178966e-01 9.061490e-01 -6.524096e-02
      outer loop
         vertex 7.413079e+01 8.740184e+01 1.340772e+02
         vertex 7.426319e+01 8.737238e+01 1.345160e+02
         vertex 7.419274e+01 8.737238e+01 1.340647e+02
      endloop
   endfacet
   facet normal 4.104954e-01 9.061490e-01 -1.019192e-01
      outer loop
         vertex 7.413079e+01 8.740184e+01 1.340772e+02
         vertex 7.419274e+01 8.737238e+01 1.340647e+02
         vertex 7.402208e+01 8.740184e+01 1.336393e+02
      endloop
   endfacet
   facet normal 4.104952e-01 9.061491e-01 -1.019191e-01
      outer loop
         vertex 7.402208e+01 8.740184e+01 1.336393e+02
         vertex 7.419274e+01 8.737238e+01 1.340647e+02
         vertex 7.408267e+01 8.737238e+01 1.336214e+02
      endloop
   endfacet
   facet normal 3.998811e-01 9.061491e-01 -1.378000e-01
      outer loop
         vertex 7.402208e+01 8.740184e+01 1.336393e+02
         vertex 7.408267e+01 8.737238e+01 1.336214e+02
         vertex 7.387508e+01 8.740184e+01 1.332127e+02
      endloop
   endfacet
   facet normal 3.998828e-01 9.061483e-01 -1.378009e-01
      outer loop
         vertex 7.387508e+01 8.740184e+01 1.332127e+02
         vertex 7.408267e+01 8.737238e+01 1.336214e+02
         vertex 7.393386e+01 8.737238e+01 1.331895e+02
      endloop
   endfacet
   facet normal 3.861391e-01 9.061483e-01 -1.726034e-01
      outer loop
         vertex 7.387508e+01 8.740184e+01 1.332127e+02
         vertex 7.393386e+01 8.737238e+01 1.331895e+02
         vertex 7.369096e+01 8.740184e+01 1.328008e+02
      endloop
   endfacet
   facet normal 3.861374e-01 9.061492e-01 -1.726022e-01
      outer loop
         vertex 7.369096e+01 8.740184e+01 1.328008e+02
         vertex 7.393386e+01 8.737238e+01 1.331895e+02
         vertex 7.374745e+01 8.737238e+01 1.327725e+02
      endloop
   endfacet
   facet normal 3.693718e-01 9.061492e-01 -2.060536e-01
      outer loop
         vertex 7.369096e+01 8.740184e+01 1.328008e+02
         vertex 7.374745e+01 8.737238e+01 1.327725e+02
         vertex 7.347116e+01 8.740184e+01 1.324068e+02
      endloop
   endfacet
   facet normal 3.693723e-01 9.061489e-01 -2.060540e-01
      outer loop
         vertex 7.347116e+01 8.740184e+01 1.324068e+02
         vertex 7.374745e+01 8.737238e+01 1.327725e+02
         vertex 7.352493e+01 8.737238e+01 1.323736e+02
      endloop
   endfacet
   facet normal 3.497158e-01 9.061489e-01 -2.378930e-01
      outer loop
         vertex 7.347116e+01 8.740184e+01 1.324068e+02
         vertex 7.352493e+01 8.737238e+01 1.323736e+02
         vertex 7.321739e+01 8.740184e+01 1.320338e+02
      endloop
   endfacet
   facet normal 3.497151e-01 9.061493e-01 -2.378924e-01
      outer loop
         vertex 7.321739e+01 8.740184e+01 1.320338e+02
         vertex 7.352493e+01 8.737238e+01 1.323736e+02
         vertex 7.326802e+01 8.737238e+01 1.319960e+02
      endloop
   endfacet
   facet normal 3.273217e-01 9.061493e-01 -2.678695e-01
      outer loop
         vertex 7.321739e+01 8.740184e+01 1.320338e+02
         vertex 7.326802e+01 8.737238e+01 1.319960e+02
         vertex 7.293165e+01 8.740184e+01 1.316846e+02
      endloop
   endfacet
   facet normal 3.273215e-01 9.061493e-01 -2.678693e-01
      outer loop
         vertex 7.293165e+01 8.740184e+01 1.316846e+02
         vertex 7.326802e+01 8.737238e+01 1.319960e+02
         vertex 7.297873e+01 8.737238e+01 1.316425e+02
      endloop
   endfacet
   facet normal 3.023667e-01 9.061493e-01 -2.957495e-01
      outer loop
         vertex 7.293165e+01 8.740184e+01 1.316846e+02
         vertex 7.297873e+01 8.737238e+01 1.316425e+02
         vertex 7.261617e+01 8.740184e+01 1.313621e+02
      endloop
   endfacet
   facet normal 3.023674e-01 9.061488e-01 -2.957505e-01
      outer loop
         vertex 7.261617e+01 8.740184e+01 1.313621e+02
         vertex 7.297873e+01 8.737238e+01 1.316425e+02
         vertex 7.265934e+01 8.737238e+01 1.313159e+02
      endloop
   endfacet
   facet normal 2.750454e-01 9.061488e-01 -3.213166e-01
      outer loop
         vertex 7.261617e+01 8.740184e+01 1.313621e+02
         vertex 7.265934e+01 8.737238e+01 1.313159e+02
         vertex 7.227341e+01 8.740184e+01 1.310687e+02
      endloop
   endfacet
   facet normal 2.750448e-01 9.061493e-01 -3.213157e-01
      outer loop
         vertex 7.227341e+01 8.740184e+01 1.310687e+02
         vertex 7.265934e+01 8.737238e+01 1.313159e+02
         vertex 7.231234e+01 8.737238e+01 1.310189e+02
      endloop
   endfacet
   facet normal 2.455705e-01 9.061493e-01 -3.443669e-01
      outer loop
         vertex 7.227341e+01 8.740184e+01 1.310687e+02
         vertex 7.231234e+01 8.737238e+01 1.310189e+02
         vertex 7.190606e+01 8.740184e+01 1.308067e+02
      endloop
   endfacet
   facet normal 2.455703e-01 9.061495e-01 -3.443665e-01
      outer loop
         vertex 7.190606e+01 8.740184e+01 1.308067e+02
         vertex 7.231234e+01 8.737238e+01 1.310189e+02
         vertex 7.194044e+01 8.737238e+01 1.307537e+02
      endloop
   endfacet
   facet normal 2.141741e-01 9.061495e-01 -3.647224e-01
      outer loop
         vertex 7.190606e+01 8.740184e+01 1.308067e+02
         vertex 7.194044e+01 8.737238e+01 1.307537e+02
         vertex 7.151701e+01 8.740184e+01 1.305782e+02
      endloop
   endfacet
   facet normal 2.141739e-01 9.061498e-01 -3.647219e-01
      outer loop
         vertex 7.151701e+01 8.740184e+01 1.305782e+02
         vertex 7.194044e+01 8.737238e+01 1.307537e+02
         vertex 7.154656e+01 8.737238e+01 1.305224e+02
      endloop
   endfacet
   facet normal 1.811018e-01 9.061498e-01 -3.822233e-01
      outer loop
         vertex 7.151701e+01 8.740184e+01 1.305782e+02
         vertex 7.154656e+01 8.737238e+01 1.305224e+02
         vertex 7.110928e+01 8.740184e+01 1.303851e+02
      endloop
   endfacet
   facet normal 1.811021e-01 9.061493e-01 -3.822244e-01
      outer loop
         vertex 7.110928e+01 8.740184e+01 1.303851e+02
         vertex 7.154656e+01 8.737238e+01 1.305224e+02
         vertex 7.113378e+01 8.737238e+01 1.303268e+02
      endloop
   endfacet
   facet normal 1.466124e-01 9.061493e-01 -3.967346e-01
      outer loop
         vertex 7.110928e+01 8.740184e+01 1.303851e+02
         vertex 7.113378e+01 8.737238e+01 1.303268e+02
         vertex 7.068607e+01 8.740184e+01 1.302287e+02
      endloop
   endfacet
   facet normal 1.466124e-01 9.061493e-01 -3.967345e-01
      outer loop
         vertex 7.068607e+01 8.740184e+01 1.302287e+02
         vertex 7.113378e+01 8.737238e+01 1.303268e+02
         vertex 7.070533e+01 8.737238e+01 1.301685e+02
      endloop
   endfacet
   facet normal 1.109755e-01 9.061493e-01 -4.081395e-01
      outer loop
         vertex 7.068607e+01 8.740184e+01 1.302287e+02
         vertex 7.070533e+01 8.737238e+01 1.301685e+02
         vertex 7.025070e+01 8.740184e+01 1.301103e+02
      endloop
   endfacet
   facet normal 1.109755e-01 9.061490e-01 -4.081403e-01
      outer loop
         vertex 7.025070e+01 8.740184e+01 1.301103e+02
         vertex 7.070533e+01 8.737238e+01 1.301685e+02
         vertex 7.026456e+01 8.737238e+01 1.300486e+02
      endloop
   endfacet
   facet normal 7.446957e-02 9.061490e-01 -4.163512e-01
      outer loop
         vertex 7.025070e+01 8.740184e+01 1.301103e+02
         vertex 7.026456e+01 8.737238e+01 1.300486e+02
         vertex 6.980657e+01 8.740184e+01 1.300308e+02
      endloop
   endfacet
   facet normal 7.446957e-02 9.061488e-01 -4.163516e-01
      outer loop
         vertex 6.980657e+01 8.740184e+01 1.300308e+02
         vertex 7.026456e+01 8.737238e+01 1.300486e+02
         vertex 6.981493e+01 8.737238e+01 1.299682e+02
      endloop
   endfacet
   facet normal 3.738131e-02 9.061488e-01 -4.213039e-01
      outer loop
         vertex 6.980657e+01 8.740184e+01 1.300308e+02
         vertex 6.981493e+01 8.737238e+01 1.299682e+02
         vertex 6.935715e+01 8.740184e+01 1.299910e+02
      endloop
   endfacet
   facet normal 3.738127e-02 9.061485e-01 -4.213045e-01
      outer loop
         vertex 6.935715e+01 8.740184e+01 1.299910e+02
         vertex 6.981493e+01 8.737238e+01 1.299682e+02
         vertex 6.935995e+01 8.737238e+01 1.299278e+02
      endloop
   endfacet
   facet normal 0.000000e+00 9.061485e-01 -4.229596e-01
      outer loop
         vertex 6.935715e+01 8.740184e+01 1.299910e+02
         vertex 6.935995e+01 8.737238e+01 1.299278e+02
         vertex 6.890597e+01 8.740184e+01 1.299910e+02
      endloop
   endfacet
   facet normal 0.000000e+00 9.061485e-01 -4.229596e-01
      outer loop
         vertex 6.890597e+01 8.740184e+01 1.299910e+02
         vertex 6.935995e+01 8.737238e+01 1.299278e+02
         vertex 6.890318e+01 8.737238e+01 1.299278e+02
      endloop
   endfacet
   facet normal -3.738137e-02 9.061485e-01 -4.213045e-01
      outer loop
         vertex 6.890597e+01 8.740184e+01 1.299910e+02
         vertex 6.890318e+01 8.737238e+01 1.299278e+02
         vertex 6.845656e+01 8.740184e+01 1.300308e+02
      endloop
   endfacet
   facet normal -3.738121e-02 9.061488e-01 -4.213039e-01
      outer loop
         vertex 6.845656e+01 8.740184e+01 1.300308e+02
         vertex 6.890318e+01 8.737238e+01 1.299278e+02
         vertex 6.844819e+01 8.737238e+01 1.299682e+02
      endloop
   endfacet
   facet normal -7.446963e-02 9.061488e-01 -4.163516e-01
      outer loop
         vertex 6.845656e+01 8.740184e+01 1.300308e+02
         vertex 6.844819e+01 8.737238e+01 1.299682e+02
         vertex 6.801242e+01 8.740184e+01 1.301103e+02
      endloop
   endfacet
   facet normal -7.446951e-02 9.061490e-01 -4.163512e-01
      outer loop
         vertex 6.801242e+01 8.740184e+01 1.301103e+02
         vertex 6.844819e+01 8.737238e+01 1.299682e+02
         vertex 6.799856e+01 8.737238e+01 1.300486e+02
      endloop
   endfacet
   facet normal -1.109757e-01 9.061490e-01 -4.081402e-01
      outer loop
         vertex 6.801242e+01 8.740184e+01 1.301103e+02
         vertex 6.799856e+01 8.737238e+01 1.300486e+02
         vertex 6.757705e+01 8.740184e+01 1.302287e+02
      endloop
   endfacet
   facet normal -1.109753e-01 9.061493e-01 -4.081395e-01
      outer loop
         vertex 6.757705e+01 8.740184e+01 1.302287e+02
         vertex 6.799856e+01 8.737238e+01 1.300486e+02
         vertex 6.755779e+01 8.737238e+01 1.301685e+02
      endloop
   endfacet
   facet normal -1.466124e-01 9.061493e-01 -3.967345e-01
      outer loop
         vertex 6.757705e+01 8.740184e+01 1.302287e+02
         vertex 6.755779e+01 8.737238e+01 1.301685e+02
         vertex 6.715384e+01 8.740184e+01 1.303851e+02
      endloop
   endfacet
   facet normal -1.466124e-01 9.061493e-01 -3.967346e-01
      outer loop
         vertex 6.715384e+01 8.740184e+01 1.303851e+02
         vertex 6.755779e+01 8.737238e+01 1.301685e+02
         vertex 6.712934e+01 8.737238e+01 1.303268e+02
      endloop
   endfacet
   facet normal -1.811023e-01 9.061493e-01 -3.822243e-01
      outer loop
         vertex 6.715384e+01 8.740184e+01 1.303851e+02
         vertex 6.712934e+01 8.737238e+01 1.303268e+02
         vertex 6.674612e+01 8.740184e+01 1.305782e+02
      endloop
   endfacet
   facet normal -1.811017e-01 9.061498e-01 -3.822234e-01
      outer loop
         vertex 6.674612e+01 8.740184e+01 1.305782e+02
         vertex 6.712934e+01 8.737238e+01 1.303268e+02
         vertex 6.671656e+01 8.737238e+01 1.305224e+02
      endloop
   endfacet
   facet normal -2.141739e-01 9.061498e-01 -3.647219e-01
      outer loop
         vertex 6.674612e+01 8.740184e+01 1.305782e+02
         vertex 6.671656e+01 8.737238e+01 1.305224e+02
         vertex 6.635706e+01 8.740184e+01 1.308067e+02
      endloop
   endfacet
   facet normal -2.141742e-01 9.061495e-01 -3.647224e-01
      outer loop
         vertex 6.635706e+01 8.740184e+01 1.308067e+02
         vertex 6.671656e+01 8.737238e+01 1.305224e+02
         vertex 6.632268e+01 8.737238e+01 1.307537e+02
      endloop
   endfacet
   facet normal -2.455703e-01 9.061495e-01 -3.443665e-01
      outer loop
         vertex 6.635706e+01 8.740184e+01 1.308067e+02
         vertex 6.632268e+01 8.737238e+01 1.307537e+02
         vertex 6.598971e+01 8.740184e+01 1.310687e+02
      endloop
   endfacet
   facet normal -2.455706e-01 9.061493e-01 -3.443668e-01
      outer loop
         vertex 6.598971e+01 8.740184e+01 1.310687e+02
         vertex 6.632268e+01 8.737238e+01 1.307537e+02
         vertex 6.595078e+01 8.737238e+01 1.310189e+02
      endloop
   endfacet
   facet normal -2.750447e-01 9.061493e-01 -3.213158e-01
      outer loop
         vertex 6.598971e+01 8.740184e+01 1.310687e+02
         vertex 6.595078e+01 8.737238e+01 1.310189e+02
         vertex 6.564696e+01 8.740184e+01 1.313621e+02
      endloop
   endfacet
   facet normal -2.750455e-01 9.061488e-01 -3.213165e-01
      outer loop
         vertex 6.564696e+01 8.740184e+01 1.313621e+02
         vertex 6.595078e+01 8.737238e+01 1.310189e+02
         vertex 6.560378e+01 8.737238e+01 1.313159e+02
      endloop
   endfacet
   facet normal -3.023675e-01 9.061488e-01 -2.957503e-01
      outer loop
         vertex 6.564696e+01 8.740184e+01 1.313621e+02
         vertex 6.560378e+01 8.737238e+01 1.313159e+02
         vertex 6.533147e+01 8.740184e+01 1.316846e+02
      endloop
   endfacet
   facet normal -3.023666e-01 9.061493e-01 -2.957497e-01
      outer loop
         vertex 6.533147e+01 8.740184e+01 1.316846e+02
         vertex 6.560378e+01 8.737238e+01 1.313159e+02
         vertex 6.528439e+01 8.737238e+01 1.316425e+02
      endloop
   endfacet
   facet normal -3.273215e-01 9.061493e-01 -2.678694e-01
      outer loop
         vertex 6.533147e+01 8.740184e+01 1.316846e+02
         vertex 6.528439e+01 8.737238e+01 1.316425e+02
         vertex 6.504573e+01 8.740184e+01 1.320338e+02
      endloop
   endfacet
   facet normal -3.273217e-01 9.061493e-01 -2.678695e-01
      outer loop
         vertex 6.504573e+01 8.740184e+01 1.320338e+02
         vertex 6.528439e+01 8.737238e+01 1.316425e+02
         vertex 6.499510e+01 8.737238e+01 1.319960e+02
      endloop
   endfacet
   facet normal -3.497151e-01 9.061493e-01 -2.378925e-01
      outer loop
         vertex 6.504573e+01 8.740184e+01 1.320338e+02
         vertex 6.499510e+01 8.737238e+01 1.319960e+02
         vertex 6.479196e+01 8.740184e+01 1.324068e+02
      endloop
   endfacet
   facet normal -3.497158e-01 9.061489e-01 -2.378929e-01
      outer loop
         vertex 6.479196e+01 8.740184e+01 1.324068e+02
         vertex 6.499510e+01 8.737238e+01 1.319960e+02
         vertex 6.473819e+01 8.737238e+01 1.323736e+02
      endloop
   endfacet
   facet normal -3.693724e-01 9.061489e-01 -2.060539e-01
      outer loop
         vertex 6.479196e+01 8.740184e+01 1.324068e+02
         vertex 6.473819e+01 8.737238e+01 1.323736e+02
         vertex 6.457216e+01 8.740184e+01 1.328008e+02
      endloop
   endfacet
   facet normal -3.693717e-01 9.061492e-01 -2.060537e-01
      outer loop
         vertex 6.457216e+01 8.740184e+01 1.328008e+02
         vertex 6.473819e+01 8.737238e+01 1.323736e+02
         vertex 6.451567e+01 8.737238e+01 1.327725e+02
      endloop
   endfacet
   facet normal -3.861372e-01 9.061492e-01 -1.726025e-01
      outer loop
         vertex 6.457216e+01 8.740184e+01 1.328008e+02
         vertex 6.451567e+01 8.737238e+01 1.327725e+02
         vertex 6.438804e+01 8.740184e+01 1.332127e+02
      endloop
   endfacet
   facet normal -3.861392e-01 9.061483e-01 -1.726030e-01
      outer loop
         vertex 6.438804e+01 8.740184e+01 1.332127e+02
         vertex 6.451567e+01 8.737238e+01 1.327725e+02
         vertex 6.432927e+01 8.737238e+01 1.331895e+02
      endloop
   endfacet
   facet normal -3.998829e-01 9.061483e-01 -1.378006e-01
      outer loop
         vertex 6.438804e+01 8.740184e+01 1.332127e+02
         vertex 6.432927e+01 8.737238e+01 1.331895e+02
         vertex 6.424105e+01 8.740184e+01 1.336393e+02
      endloop
   endfacet
   facet normal -3.998810e-01 9.061491e-01 -1.378003e-01
      outer loop
         vertex 6.424105e+01 8.740184e+01 1.336393e+02
         vertex 6.432927e+01 8.737238e+01 1.331895e+02
         vertex 6.418045e+01 8.737238e+01 1.336214e+02
      endloop
   endfacet
   facet normal -4.104952e-01 9.061491e-01 -1.019191e-01
      outer loop
         vertex 6.424105e+01 8.740184e+01 1.336393e+02
         vertex 6.418045e+01 8.737238e+01 1.336214e+02
         vertex 6.413233e+01 8.740184e+01 1.340772e+02
      endloop
   endfacet
   facet normal -4.104954e-01 9.061490e-01 -1.019191e-01
      outer loop
         vertex 6.413233e+01 8.740184e+01 1.340772e+02
         vertex 6.418045e+01 8.737238e+01 1.336214e+02
         vertex 6.407038e+01 8.737238e+01 1.340647e+02
      endloop
   endfacet
   facet normal -4.178967e-01 9.061490e-01 -6.524087e-02
      outer loop
         vertex 6.413233e+01 8.740184e+01 1.340772e+02
         vertex 6.407038e+01 8.737238e+01 1.340647e+02
         vertex 6.406273e+01 8.740184e+01 1.345230e+02
      endloop
   endfacet
   facet normal -4.178961e-01 9.061493e-01 -6.524088e-02
      outer loop
         vertex 6.406273e+01 8.740184e+01 1.345230e+02
         vertex 6.407038e+01 8.737238e+01 1.340647e+02
         vertex 6.399993e+01 8.737238e+01 1.345160e+02
      endloop
   endfacet
   facet normal -4.220268e-01 9.061493e-01 -2.805198e-02
      outer loop
         vertex 6.406273e+01 8.740184e+01 1.345230e+02
         vertex 6.399993e+01 8.737238e+01 1.345160e+02
         vertex 6.403281e+01 8.740184e+01 1.349732e+02
      endloop
   endfacet
   facet normal -4.220274e-01 9.061490e-01 -2.805192e-02
      outer loop
         vertex 6.403281e+01 8.740184e+01 1.349732e+02
         vertex 6.399993e+01 8.737238e+01 1.345160e+02
         vertex 6.396963e+01 8.737238e+01 1.349718e+02
      endloop
   endfacet
   facet normal -4.228551e-01 9.061490e-01 9.356845e-03
      outer loop
         vertex 6.403281e+01 8.740184e+01 1.349732e+02
         vertex 6.396963e+01 8.737238e+01 1.349718e+02
         vertex 6.404279e+01 8.740184e+01 1.354242e+02
      endloop
   endfacet
   facet normal -4.228552e-01 9.061490e-01 9.356852e-03
      outer loop
         vertex 6.404279e+01 8.740184e+01 1.354242e+02
         vertex 6.396963e+01 8.737238e+01 1.349718e+02
         vertex 6.397974e+01 8.737238e+01 1.354284e+02
      endloop
   endfacet
   facet normal -4.203735e-01 9.061490e-01 4.669203e-02
      outer loop
         vertex 6.404279e+01 8.740184e+01 1.354242e+02
         vertex 6.397974e+01 8.737238e+01 1.354284e+02
         vertex 6.409260e+01 8.740184e+01 1.358726e+02
      endloop
   endfacet
   facet normal -4.203723e-01 9.061496e-01 4.669167e-02
      outer loop
         vertex 6.409260e+01 8.740184e+01 1.358726e+02
         vertex 6.397974e+01 8.737238e+01 1.354284e+02
         vertex 6.403016e+01 8.737238e+01 1.358824e+02
      endloop
   endfacet
   facet normal -4.146006e-01 9.061496e-01 8.366167e-02
      outer loop
         vertex 6.409260e+01 8.740184e+01 1.358726e+02
         vertex 6.403016e+01 8.737238e+01 1.358824e+02
         vertex 6.418184e+01 8.740184e+01 1.363149e+02
      endloop
   endfacet
   facet normal -4.146019e-01 9.061489e-01 8.366217e-02
      outer loop
         vertex 6.418184e+01 8.740184e+01 1.363149e+02
         vertex 6.403016e+01 8.737238e+01 1.358824e+02
         vertex 6.412051e+01 8.737238e+01 1.363301e+02
      endloop
   endfacet
   facet normal -4.055854e-01 9.061489e-01 1.199774e-01
      outer loop
         vertex 6.418184e+01 8.740184e+01 1.363149e+02
         vertex 6.412051e+01 8.737238e+01 1.363301e+02
         vertex 6.430982e+01 8.740184e+01 1.367476e+02
      endloop
   endfacet
   facet normal -4.055840e-01 9.061497e-01 1.199767e-01
      outer loop
         vertex 6.430982e+01 8.740184e+01 1.367476e+02
         vertex 6.412051e+01 8.737238e+01 1.363301e+02
         vertex 6.425008e+01 8.737238e+01 1.367682e+02
      endloop
   endfacet
   facet normal -3.933933e-01 9.061497e-01 1.553528e-01
      outer loop
         vertex 6.430982e+01 8.740184e+01 1.367476e+02
         vertex 6.425008e+01 8.737238e+01 1.367682e+02
         vertex 6.447554e+01 8.740184e+01 1.371672e+02
      endloop
   endfacet
   facet normal -3.933935e-01 9.061496e-01 1.553529e-01
      outer loop
         vertex 6.447554e+01 8.740184e+01 1.371672e+02
         vertex 6.425008e+01 8.737238e+01 1.367682e+02
         vertex 6.441785e+01 8.737238e+01 1.371930e+02
      endloop
   endfacet
   facet normal -3.781240e-01 9.061495e-01 1.895132e-01
      outer loop
         vertex 6.447554e+01 8.740184e+01 1.371672e+02
         vertex 6.441785e+01 8.737238e+01 1.371930e+02
         vertex 6.467770e+01 8.740184e+01 1.375706e+02
      endloop
   endfacet
   facet normal -3.781240e-01 9.061495e-01 1.895132e-01
      outer loop
         vertex 6.467770e+01 8.740184e+01 1.375706e+02
         vertex 6.441785e+01 8.737238e+01 1.371930e+02
         vertex 6.462252e+01 8.737238e+01 1.376013e+02
      endloop
   endfacet
   facet normal -3.598952e-01 9.061495e-01 2.221902e-01
      outer loop
         vertex 6.467770e+01 8.740184e+01 1.375706e+02
         vertex 6.462252e+01 8.737238e+01 1.376013e+02
         vertex 6.491472e+01 8.740184e+01 1.379545e+02
      endloop
   endfacet
   facet normal -3.598961e-01 9.061489e-01 2.221911e-01
      outer loop
         vertex 6.491472e+01 8.740184e+01 1.379545e+02
         vertex 6.462252e+01 8.737238e+01 1.376013e+02
         vertex 6.486247e+01 8.737238e+01 1.379900e+02
      endloop
   endfacet
   facet normal -3.388507e-01 9.061489e-01 2.531290e-01
      outer loop
         vertex 6.491472e+01 8.740184e+01 1.379545e+02
         vertex 6.486247e+01 8.737238e+01 1.379900e+02
         vertex 6.518474e+01 8.740184e+01 1.383159e+02
      endloop
   endfacet
   facet normal -3.388511e-01 9.061487e-01 2.531294e-01
      outer loop
         vertex 6.518474e+01 8.740184e+01 1.383159e+02
         vertex 6.486247e+01 8.737238e+01 1.379900e+02
         vertex 6.513583e+01 8.737238e+01 1.383560e+02
      endloop
   endfacet
   facet normal -3.151535e-01 9.061487e-01 2.820865e-01
      outer loop
         vertex 6.518474e+01 8.740184e+01 1.383159e+02
         vertex 6.513583e+01 8.737238e+01 1.383560e+02
         vertex 6.548565e+01 8.740184e+01 1.386521e+02
      endloop
   endfacet
   facet normal -3.151528e-01 9.061492e-01 2.820857e-01
      outer loop
         vertex 6.548565e+01 8.740184e+01 1.386521e+02
         vertex 6.513583e+01 8.737238e+01 1.383560e+02
         vertex 6.544047e+01 8.737238e+01 1.386963e+02
      endloop
   endfacet
   facet normal -2.889885e-01 9.061492e-01 3.088354e-01
      outer loop
         vertex 6.548565e+01 8.740184e+01 1.386521e+02
         vertex 6.544047e+01 8.737238e+01 1.386963e+02
         vertex 6.581509e+01 8.740184e+01 1.389604e+02
      endloop
   endfacet
   facet normal -2.889883e-01 9.061493e-01 3.088351e-01
      outer loop
         vertex 6.581509e+01 8.740184e+01 1.389604e+02
         vertex 6.544047e+01 8.737238e+01 1.386963e+02
         vertex 6.577400e+01 8.737238e+01 1.390084e+02
      endloop
   endfacet
   facet normal -2.605628e-01 9.061494e-01 3.331671e-01
      outer loop
         vertex 6.581509e+01 8.740184e+01 1.389604e+02
         vertex 6.577400e+01 8.737238e+01 1.390084e+02
         vertex 6.617049e+01 8.740184e+01 1.392383e+02
      endloop
   endfacet
   facet normal -2.605632e-01 9.061490e-01 3.331679e-01
      outer loop
         vertex 6.617049e+01 8.740184e+01 1.392383e+02
         vertex 6.577400e+01 8.737238e+01 1.390084e+02
         vertex 6.613380e+01 8.737238e+01 1.392898e+02
      endloop
   endfacet
   facet normal -2.300982e-01 9.061489e-01 3.548928e-01
      outer loop
         vertex 6.617049e+01 8.740184e+01 1.392383e+02
         vertex 6.613380e+01 8.737238e+01 1.392898e+02
         vertex 6.654906e+01 8.740184e+01 1.394838e+02
      endloop
   endfacet
   facet normal -2.300983e-01 9.061488e-01 3.548930e-01
      outer loop
         vertex 6.654906e+01 8.740184e+01 1.394838e+02
         vertex 6.613380e+01 8.737238e+01 1.392898e+02
         vertex 6.651706e+01 8.737238e+01 1.395383e+02
      endloop
   endfacet
   facet normal -1.978324e-01 9.061489e-01 3.738403e-01
      outer loop
         vertex 6.654906e+01 8.740184e+01 1.394838e+02
         vertex 6.651706e+01 8.737238e+01 1.395383e+02
         vertex 6.694784e+01 8.740184e+01 1.396948e+02
      endloop
   endfacet
   facet normal -1.978323e-01 9.061489e-01 3.738402e-01
      outer loop
         vertex 6.694784e+01 8.740184e+01 1.396948e+02
         vertex 6.651706e+01 8.737238e+01 1.395383e+02
         vertex 6.692079e+01 8.737238e+01 1.397519e+02
      endloop
   endfacet
   facet normal -1.640181e-01 9.061489e-01 3.898617e-01
      outer loop
         vertex 6.694784e+01 8.740184e+01 1.396948e+02
         vertex 6.692079e+01 8.737238e+01 1.397519e+02
         vertex 6.736372e+01 8.740184e+01 1.398698e+02
      endloop
   endfacet
   facet normal -1.640179e-01 9.061494e-01 3.898607e-01
      outer loop
         vertex 6.736372e+01 8.740184e+01 1.398698e+02
         vertex 6.692079e+01 8.737238e+01 1.397519e+02
         vertex 6.734181e+01 8.737238e+01 1.399291e+02
      endloop
   endfacet
   facet normal -1.289200e-01 9.061494e-01 4.028310e-01
      outer loop
         vertex 6.736372e+01 8.740184e+01 1.398698e+02
         vertex 6.734181e+01 8.737238e+01 1.399291e+02
         vertex 6.779343e+01 8.740184e+01 1.400073e+02
      endloop
   endfacet
   facet normal -1.289203e-01 9.061485e-01 4.028330e-01
      outer loop
         vertex 6.779343e+01 8.740184e+01 1.400073e+02
         vertex 6.734181e+01 8.737238e+01 1.399291e+02
         vertex 6.777685e+01 8.737238e+01 1.400683e+02
      endloop
   endfacet
   facet normal -9.281365e-02 9.061485e-01 4.126506e-01
      outer loop
         vertex 6.779343e+01 8.740184e+01 1.400073e+02
         vertex 6.777685e+01 8.737238e+01 1.400683e+02
         vertex 6.823361e+01 8.740184e+01 1.401063e+02
      endloop
   endfacet
   facet normal -9.281365e-02 9.061484e-01 4.126507e-01
      outer loop
         vertex 6.823361e+01 8.740184e+01 1.401063e+02
         vertex 6.777685e+01 8.737238e+01 1.400683e+02
         vertex 6.822249e+01 8.737238e+01 1.401685e+02
      endloop
   endfacet
   facet normal -5.598022e-02 9.061484e-01 4.192388e-01
      outer loop
         vertex 6.823361e+01 8.740184e+01 1.401063e+02
         vertex 6.822249e+01 8.737238e+01 1.401685e+02
         vertex 6.868082e+01 8.740184e+01 1.401660e+02
      endloop
   endfacet
   facet normal -5.598028e-02 9.061492e-01 4.192371e-01
      outer loop
         vertex 6.868082e+01 8.740184e+01 1.401660e+02
         vertex 6.822249e+01 8.737238e+01 1.401685e+02
         vertex 6.867524e+01 8.737238e+01 1.402290e+02
      endloop
   endfacet
   facet normal -1.870877e-02 9.061493e-01 4.225441e-01
      outer loop
         vertex 6.868082e+01 8.740184e+01 1.401660e+02
         vertex 6.867524e+01 8.737238e+01 1.402290e+02
         vertex 6.913156e+01 8.740184e+01 1.401860e+02
      endloop
   endfacet
   facet normal -1.870883e-02 9.061495e-01 4.225437e-01
      outer loop
         vertex 6.913156e+01 8.740184e+01 1.401860e+02
         vertex 6.867524e+01 8.737238e+01 1.402290e+02
         vertex 6.913156e+01 8.737238e+01 1.402492e+02
      endloop
   endfacet
   facet normal 1.870876e-02 9.061495e-01 4.225437e-01
      outer loop
         vertex 6.913156e+01 8.740184e+01 1.401860e+02
         vertex 6.913156e+01 8.737238e+01 1.402492e+02
         vertex 6.958230e+01 8.740184e+01 1.401660e+02
      endloop
   endfacet
   facet normal 1.870885e-02 9.061493e-01 4.225441e-01
      outer loop
         vertex 6.958230e+01 8.740184e+01 1.401660e+02
         vertex 6.913156e+01 8.737238e+01 1.402492e+02
         vertex 6.958788e+01 8.737238e+01 1.402290e+02
      endloop
   endfacet
   facet normal 3.428719e-02 9.658622e-01 2.567773e-01
      outer loop
         vertex 6.958788e+01 8.737238e+01 1.402290e+02
         vertex 6.959384e+01 8.735433e+01 1.402961e+02
         vertex 7.004064e+01 8.737238e+01 1.401685e+02
      endloop
   endfacet
   facet normal 3.428687e-02 9.658625e-01 2.567762e-01
      outer loop
         vertex 7.004064e+01 8.737238e+01 1.401685e+02
         vertex 6.959384e+01 8.735433e+01 1.402961e+02
         vertex 7.005249e+01 8.735433e+01 1.402348e+02
      endloop
   endfacet
   facet normal 5.684668e-02 9.658625e-01 2.527411e-01
      outer loop
         vertex 7.004064e+01 8.737238e+01 1.401685e+02
         vertex 7.005249e+01 8.735433e+01 1.402348e+02
         vertex 7.048627e+01 8.737238e+01 1.400683e+02
      endloop
   endfacet
   facet normal 5.684687e-02 9.658624e-01 2.527416e-01
      outer loop
         vertex 7.048627e+01 8.737238e+01 1.400683e+02
         vertex 7.005249e+01 8.735433e+01 1.402348e+02
         vertex 7.050394e+01 8.735433e+01 1.401333e+02
      endloop
   endfacet
   facet normal 7.896154e-02 9.658624e-01 2.467285e-01
      outer loop
         vertex 7.048627e+01 8.737238e+01 1.400683e+02
         vertex 7.050394e+01 8.735433e+01 1.401333e+02
         vertex 7.092131e+01 8.737238e+01 1.399291e+02
      endloop
   endfacet
   facet normal 7.896158e-02 9.658624e-01 2.467285e-01
      outer loop
         vertex 7.092131e+01 8.737238e+01 1.399291e+02
         vertex 7.050394e+01 8.735433e+01 1.401333e+02
         vertex 7.094465e+01 8.735433e+01 1.399922e+02
      endloop
   endfacet
   facet normal 1.004587e-01 9.658624e-01 2.387843e-01
      outer loop
         vertex 7.092131e+01 8.737238e+01 1.399291e+02
         vertex 7.094465e+01 8.735433e+01 1.399922e+02
         vertex 7.134234e+01 8.737238e+01 1.397519e+02
      endloop
   endfacet
   facet normal 1.004585e-01 9.658625e-01 2.387840e-01
      outer loop
         vertex 7.134234e+01 8.737238e+01 1.397519e+02
         vertex 7.094465e+01 8.735433e+01 1.399922e+02
         vertex 7.137117e+01 8.735433e+01 1.398128e+02
      endloop
   endfacet
   facet normal 1.211691e-01 9.658625e-01 2.289711e-01
      outer loop
         vertex 7.134234e+01 8.737238e+01 1.397519e+02
         vertex 7.137117e+01 8.735433e+01 1.398128e+02
         vertex 7.174606e+01 8.737238e+01 1.395383e+02
      endloop
   endfacet
   facet normal 1.211692e-01 9.658624e-01 2.289712e-01
      outer loop
         vertex 7.174606e+01 8.737238e+01 1.395383e+02
         vertex 7.137117e+01 8.735433e+01 1.398128e+02
         vertex 7.178017e+01 8.735433e+01 1.395964e+02
      endloop
   endfacet
   facet normal 1.409315e-01 9.658624e-01 2.173662e-01
      outer loop
         vertex 7.174606e+01 8.737238e+01 1.395383e+02
         vertex 7.178017e+01 8.735433e+01 1.395964e+02
         vertex 7.212933e+01 8.737238e+01 1.392898e+02
      endloop
   endfacet
   facet normal 1.409317e-01 9.658623e-01 2.173665e-01
      outer loop
         vertex 7.212933e+01 8.737238e+01 1.392898e+02
         vertex 7.178017e+01 8.735433e+01 1.395964e+02
         vertex 7.216843e+01 8.735433e+01 1.393446e+02
      endloop
   endfacet
   facet normal 1.595911e-01 9.658623e-01 2.040604e-01
      outer loop
         vertex 7.212933e+01 8.737238e+01 1.392898e+02
         vertex 7.216843e+01 8.735433e+01 1.393446e+02
         vertex 7.248913e+01 8.737238e+01 1.390084e+02
      endloop
   endfacet
   facet normal 1.595908e-01 9.658624e-01 2.040601e-01
      outer loop
         vertex 7.248913e+01 8.737238e+01 1.390084e+02
         vertex 7.216843e+01 8.735433e+01 1.393446e+02
         vertex 7.253292e+01 8.735433e+01 1.390596e+02
      endloop
   endfacet
   facet normal 1.770010e-01 9.658625e-01 1.891569e-01
      outer loop
         vertex 7.248913e+01 8.737238e+01 1.390084e+02
         vertex 7.253292e+01 8.735433e+01 1.390596e+02
         vertex 7.282265e+01 8.737238e+01 1.386963e+02
      endloop
   endfacet
   facet normal 1.770014e-01 9.658623e-01 1.891572e-01
      outer loop
         vertex 7.282265e+01 8.737238e+01 1.386963e+02
         vertex 7.253292e+01 8.735433e+01 1.390596e+02
         vertex 7.287080e+01 8.735433e+01 1.387434e+02
      endloop
   endfacet
   facet normal 1.930265e-01 9.658624e-01 1.727734e-01
      outer loop
         vertex 7.282265e+01 8.737238e+01 1.386963e+02
         vertex 7.287080e+01 8.735433e+01 1.387434e+02
         vertex 7.312729e+01 8.737238e+01 1.383560e+02
      endloop
   endfacet
   facet normal 1.930255e-01 9.658627e-01 1.727727e-01
      outer loop
         vertex 7.312729e+01 8.737238e+01 1.383560e+02
         vertex 7.287080e+01 8.735433e+01 1.387434e+02
         vertex 7.317941e+01 8.735433e+01 1.383986e+02
      endloop
   endfacet
   facet normal 2.075398e-01 9.658627e-01 1.550370e-01
      outer loop
         vertex 7.312729e+01 8.737238e+01 1.383560e+02
         vertex 7.317941e+01 8.735433e+01 1.383986e+02
         vertex 7.340065e+01 8.737238e+01 1.379900e+02
      endloop
   endfacet
   facet normal 2.075402e-01 9.658626e-01 1.550371e-01
      outer loop
         vertex 7.340065e+01 8.737238e+01 1.379900e+02
         vertex 7.317941e+01 8.735433e+01 1.383986e+02
         vertex 7.345634e+01 8.735433e+01 1.380279e+02
      endloop
   endfacet
   facet normal 2.204301e-01 9.658626e-01 1.360882e-01
      outer loop
         vertex 7.340065e+01 8.737238e+01 1.379900e+02
         vertex 7.345634e+01 8.735433e+01 1.380279e+02
         vertex 7.364061e+01 8.737238e+01 1.376013e+02
      endloop
   endfacet
   facet normal 2.204310e-01 9.658624e-01 1.360885e-01
      outer loop
         vertex 7.364061e+01 8.737238e+01 1.376013e+02
         vertex 7.345634e+01 8.735433e+01 1.380279e+02
         vertex 7.369942e+01 8.735433e+01 1.376342e+02
      endloop
   endfacet
   facet normal 2.315959e-01 9.658624e-01 1.160743e-01
      outer loop
         vertex 7.364061e+01 8.737238e+01 1.376013e+02
         vertex 7.369942e+01 8.735433e+01 1.376342e+02
         vertex 7.384527e+01 8.737238e+01 1.371930e+02
      endloop
   endfacet
   facet normal 2.315960e-01 9.658623e-01 1.160743e-01
      outer loop
         vertex 7.384527e+01 8.737238e+01 1.371930e+02
         vertex 7.369942e+01 8.735433e+01 1.376342e+02
         vertex 7.390675e+01 8.735433e+01 1.372205e+02
      endloop
   endfacet
   facet normal 2.409484e-01 9.658623e-01 9.515167e-02
      outer loop
         vertex 7.384527e+01 8.737238e+01 1.371930e+02
         vertex 7.390675e+01 8.735433e+01 1.372205e+02
         vertex 7.401304e+01 8.737238e+01 1.367682e+02
      endloop
   endfacet
   facet normal 2.409492e-01 9.658621e-01 9.515184e-02
      outer loop
         vertex 7.401304e+01 8.737238e+01 1.367682e+02
         vertex 7.390675e+01 8.735433e+01 1.372205e+02
         vertex 7.407672e+01 8.735433e+01 1.367901e+02
      endloop
   endfacet
   facet normal 2.484159e-01 9.658621e-01 7.348444e-02
      outer loop
         vertex 7.401304e+01 8.737238e+01 1.367682e+02
         vertex 7.407672e+01 8.735433e+01 1.367901e+02
         vertex 7.414261e+01 8.737238e+01 1.363301e+02
      endloop
   endfacet
   facet normal 2.484144e-01 9.658625e-01 7.348424e-02
      outer loop
         vertex 7.414261e+01 8.737238e+01 1.363301e+02
         vertex 7.407672e+01 8.735433e+01 1.367901e+02
         vertex 7.420797e+01 8.735433e+01 1.363464e+02
      endloop
   endfacet
   facet normal 2.539369e-01 9.658625e-01 5.124171e-02
      outer loop
         vertex 7.414261e+01 8.737238e+01 1.363301e+02
         vertex 7.420797e+01 8.735433e+01 1.363464e+02
         vertex 7.423296e+01 8.737238e+01 1.358824e+02
      endloop
   endfacet
   facet normal 2.539377e-01 9.658623e-01 5.124174e-02
      outer loop
         vertex 7.423296e+01 8.737238e+01 1.358824e+02
         vertex 7.420797e+01 8.735433e+01 1.363464e+02
         vertex 7.429950e+01 8.735433e+01 1.358928e+02
      endloop
   endfacet
   facet normal 2.574727e-01 9.658623e-01 2.859806e-02
      outer loop
         vertex 7.423296e+01 8.737238e+01 1.358824e+02
         vertex 7.429950e+01 8.735433e+01 1.358928e+02
         vertex 7.428338e+01 8.737238e+01 1.354284e+02
      endloop
   endfacet
   facet normal 2.574722e-01 9.658624e-01 2.859809e-02
      outer loop
         vertex 7.428338e+01 8.737238e+01 1.354284e+02
         vertex 7.429950e+01 8.735433e+01 1.358928e+02
         vertex 7.435058e+01 8.735433e+01 1.354329e+02
      endloop
   endfacet
   facet normal 2.589921e-01 9.658624e-01 5.730924e-03
      outer loop
         vertex 7.428338e+01 8.737238e+01 1.354284e+02
         vertex 7.435058e+01 8.735433e+01 1.354329e+02
         vertex 7.429349e+01 8.737238e+01 1.349718e+02
      endloop
   endfacet
   facet normal 2.589919e-01 9.658625e-01 5.730957e-03
      outer loop
         vertex 7.429349e+01 8.737238e+01 1.349718e+02
         vertex 7.435058e+01 8.735433e+01 1.354329e+02
         vertex 7.436082e+01 8.735433e+01 1.349703e+02
      endloop
   endfacet
   facet normal 2.584849e-01 9.658625e-01 -1.718135e-02
      outer loop
         vertex 7.429349e+01 8.737238e+01 1.349718e+02
         vertex 7.436082e+01 8.735433e+01 1.349703e+02
         vertex 7.426319e+01 8.737238e+01 1.345160e+02
      endloop
   endfacet
   facet normal 2.584852e-01 9.658624e-01 -1.718142e-02
      outer loop
         vertex 7.426319e+01 8.737238e+01 1.345160e+02
         vertex 7.436082e+01 8.735433e+01 1.349703e+02
         vertex 7.433013e+01 8.735433e+01 1.345086e+02
      endloop
   endfacet
   facet normal 2.559553e-01 9.658624e-01 -3.995908e-02
      outer loop
         vertex 7.426319e+01 8.737238e+01 1.345160e+02
         vertex 7.433013e+01 8.735433e+01 1.345086e+02
         vertex 7.419274e+01 8.737238e+01 1.340647e+02
      endloop
   endfacet
   facet normal 2.559552e-01 9.658624e-01 -3.995907e-02
      outer loop
         vertex 7.419274e+01 8.737238e+01 1.340647e+02
         vertex 7.433013e+01 8.735433e+01 1.345086e+02
         vertex 7.425876e+01 8.735433e+01 1.340514e+02
      endloop
   endfacet
   facet normal 2.514221e-01 9.658624e-01 -6.242389e-02
      outer loop
         vertex 7.419274e+01 8.737238e+01 1.340647e+02
         vertex 7.425876e+01 8.735433e+01 1.340514e+02
         vertex 7.408267e+01 8.737238e+01 1.336214e+02
      endloop
   endfacet
   facet normal 2.514221e-01 9.658624e-01 -6.242390e-02
      outer loop
         vertex 7.408267e+01 8.737238e+01 1.336214e+02
         vertex 7.425876e+01 8.735433e+01 1.340514e+02
         vertex 7.414725e+01 8.735433e+01 1.336023e+02
      endloop
   endfacet
   facet normal 2.449211e-01 9.658624e-01 -8.440063e-02
      outer loop
         vertex 7.408267e+01 8.737238e+01 1.336214e+02
         vertex 7.414725e+01 8.735433e+01 1.336023e+02
         vertex 7.393386e+01 8.737238e+01 1.331895e+02
      endloop
   endfacet
   facet normal 2.449202e-01 9.658627e-01 -8.440013e-02
      outer loop
         vertex 7.393386e+01 8.737238e+01 1.331895e+02
         vertex 7.414725e+01 8.735433e+01 1.336023e+02
         vertex 7.399650e+01 8.735433e+01 1.331648e+02
      endloop
   endfacet
   facet normal 2.365025e-01 9.658627e-01 -1.057159e-01
      outer loop
         vertex 7.393386e+01 8.737238e+01 1.331895e+02
         vertex 7.399650e+01 8.735433e+01 1.331648e+02
         vertex 7.374745e+01 8.737238e+01 1.327725e+02
      endloop
   endfacet
   facet normal 2.365029e-01 9.658626e-01 -1.057161e-01
      outer loop
         vertex 7.374745e+01 8.737238e+01 1.327725e+02
         vertex 7.399650e+01 8.735433e+01 1.331648e+02
         vertex 7.380766e+01 8.735433e+01 1.327423e+02
      endloop
   endfacet
   facet normal 2.262343e-01 9.658625e-01 -1.262046e-01
      outer loop
         vertex 7.374745e+01 8.737238e+01 1.327725e+02
         vertex 7.380766e+01 8.735433e+01 1.327423e+02
         vertex 7.352493e+01 8.737238e+01 1.323736e+02
      endloop
   endfacet
   facet normal 2.262345e-01 9.658625e-01 -1.262048e-01
      outer loop
         vertex 7.352493e+01 8.737238e+01 1.323736e+02
         vertex 7.380766e+01 8.735433e+01 1.327423e+02
         vertex 7.358224e+01 8.735433e+01 1.323382e+02
      endloop
   endfacet
   facet normal 2.141952e-01 9.658625e-01 -1.457055e-01
      outer loop
         vertex 7.352493e+01 8.737238e+01 1.323736e+02
         vertex 7.358224e+01 8.735433e+01 1.323382e+02
         vertex 7.326802e+01 8.737238e+01 1.319960e+02
      endloop
   endfacet
   facet normal 2.141953e-01 9.658624e-01 -1.457056e-01
      outer loop
         vertex 7.326802e+01 8.737238e+01 1.319960e+02
         vertex 7.358224e+01 8.735433e+01 1.323382e+02
         vertex 7.332197e+01 8.735433e+01 1.319556e+02
      endloop
   endfacet
   facet normal 2.004796e-01 9.658625e-01 -1.640660e-01
      outer loop
         vertex 7.326802e+01 8.737238e+01 1.319960e+02
         vertex 7.332197e+01 8.735433e+01 1.319556e+02
         vertex 7.297873e+01 8.737238e+01 1.316425e+02
      endloop
   endfacet
   facet normal 2.004796e-01 9.658624e-01 -1.640660e-01
      outer loop
         vertex 7.297873e+01 8.737238e+01 1.316425e+02
         vertex 7.332197e+01 8.735433e+01 1.319556e+02
         vertex 7.302892e+01 8.735433e+01 1.315975e+02
      endloop
   endfacet
   facet normal 1.851951e-01 9.658624e-01 -1.811423e-01
      outer loop
         vertex 7.297873e+01 8.737238e+01 1.316425e+02
         vertex 7.302892e+01 8.735433e+01 1.315975e+02
         vertex 7.265934e+01 8.737238e+01 1.313159e+02
      endloop
   endfacet
   facet normal 1.851957e-01 9.658621e-01 -1.811432e-01
      outer loop
         vertex 7.265934e+01 8.737238e+01 1.313159e+02
         vertex 7.302892e+01 8.735433e+01 1.315975e+02
         vertex 7.270536e+01 8.735433e+01 1.312667e+02
      endloop
   endfacet
   facet normal 1.684616e-01 9.658621e-01 -1.968020e-01
      outer loop
         vertex 7.265934e+01 8.737238e+01 1.313159e+02
         vertex 7.270536e+01 8.735433e+01 1.312667e+02
         vertex 7.231234e+01 8.737238e+01 1.310189e+02
      endloop
   endfacet
   facet normal 1.684613e-01 9.658623e-01 -1.968014e-01
      outer loop
         vertex 7.231234e+01 8.737238e+01 1.310189e+02
         vertex 7.270536e+01 8.735433e+01 1.312667e+02
         vertex 7.235383e+01 8.735433e+01 1.309658e+02
      endloop
   endfacet
   facet normal 1.504086e-01 9.658623e-01 -2.109200e-01
      outer loop
         vertex 7.231234e+01 8.737238e+01 1.310189e+02
         vertex 7.235383e+01 8.735433e+01 1.309658e+02
         vertex 7.194044e+01 8.737238e+01 1.307537e+02
      endloop
   endfacet
   facet normal 1.504085e-01 9.658624e-01 -2.109197e-01
      outer loop
         vertex 7.194044e+01 8.737238e+01 1.307537e+02
         vertex 7.235383e+01 8.735433e+01 1.309658e+02
         vertex 7.197708e+01 8.735433e+01 1.306972e+02
      endloop
   endfacet
   facet normal 1.311788e-01 9.658624e-01 -2.233875e-01
      outer loop
         vertex 7.194044e+01 8.737238e+01 1.307537e+02
         vertex 7.197708e+01 8.735433e+01 1.306972e+02
         vertex 7.154656e+01 8.737238e+01 1.305224e+02
      endloop
   endfacet
   facet normal 1.311788e-01 9.658624e-01 -2.233875e-01
      outer loop
         vertex 7.154656e+01 8.737238e+01 1.305224e+02
         vertex 7.197708e+01 8.735433e+01 1.306972e+02
         vertex 7.157806e+01 8.735433e+01 1.304629e+02
      endloop
   endfacet
   facet normal 1.109224e-01 9.658624e-01 -2.341069e-01
      outer loop
         vertex 7.154656e+01 8.737238e+01 1.305224e+02
         vertex 7.157806e+01 8.735433e+01 1.304629e+02
         vertex 7.113378e+01 8.737238e+01 1.303268e+02
      endloop
   endfacet
   facet normal 1.109224e-01 9.658624e-01 -2.341069e-01
      outer loop
         vertex 7.113378e+01 8.737238e+01 1.303268e+02
         vertex 7.157806e+01 8.735433e+01 1.304629e+02
         vertex 7.115990e+01 8.735433e+01 1.302647e+02
      endloop
   endfacet
   facet normal 8.979798e-02 9.658624e-01 -2.429942e-01
      outer loop
         vertex 7.113378e+01 8.737238e+01 1.303268e+02
         vertex 7.115990e+01 8.735433e+01 1.302647e+02
         vertex 7.070533e+01 8.737238e+01 1.301685e+02
      endloop
   endfacet
   facet normal 8.979797e-02 9.658624e-01 -2.429941e-01
      outer loop
         vertex 7.070533e+01 8.737238e+01 1.301685e+02
         vertex 7.115990e+01 8.735433e+01 1.302647e+02
         vertex 7.072586e+01 8.735433e+01 1.301043e+02
      endloop
   endfacet
   facet normal 6.797081e-02 9.658624e-01 -2.499796e-01
      outer loop
         vertex 7.070533e+01 8.737238e+01 1.301685e+02
         vertex 7.072586e+01 8.735433e+01 1.301043e+02
         vertex 7.026456e+01 8.737238e+01 1.300486e+02
      endloop
   endfacet
   facet normal 6.797088e-02 9.658622e-01 -2.499803e-01
      outer loop
         vertex 7.026456e+01 8.737238e+01 1.300486e+02
         vertex 7.072586e+01 8.735433e+01 1.301043e+02
         vertex 7.027934e+01 8.735433e+01 1.299829e+02
      endloop
   endfacet
   facet normal 4.561154e-02 9.658622e-01 -2.550094e-01
      outer loop
         vertex 7.026456e+01 8.737238e+01 1.300486e+02
         vertex 7.027934e+01 8.735433e+01 1.299829e+02
         vertex 6.981493e+01 8.737238e+01 1.299682e+02
      endloop
   endfacet
   facet normal 4.561151e-02 9.658626e-01 -2.550080e-01
      outer loop
         vertex 6.981493e+01 8.737238e+01 1.299682e+02
         vertex 7.027934e+01 8.735433e+01 1.299829e+02
         vertex 6.982384e+01 8.735433e+01 1.299015e+02
      endloop
   endfacet
   facet normal 2.289534e-02 9.658626e-01 -2.580412e-01
      outer loop
         vertex 6.981493e+01 8.737238e+01 1.299682e+02
         vertex 6.982384e+01 8.735433e+01 1.299015e+02
         vertex 6.935995e+01 8.737238e+01 1.299278e+02
      endloop
   endfacet
   facet normal 2.289529e-02 9.658624e-01 -2.580420e-01
      outer loop
         vertex 6.935995e+01 8.737238e+01 1.299278e+02
         vertex 6.982384e+01 8.735433e+01 1.299015e+02
         vertex 6.936293e+01 8.735433e+01 1.298606e+02
      endloop
   endfacet
   facet normal 0.000000e+00 9.658624e-01 -2.590557e-01
      outer loop
         vertex 6.935995e+01 8.737238e+01 1.299278e+02
         vertex 6.936293e+01 8.735433e+01 1.298606e+02
         vertex 6.890318e+01 8.737238e+01 1.299278e+02
      endloop
   endfacet
   facet normal 0.000000e+00 9.658624e-01 -2.590557e-01
      outer loop
         vertex 6.890318e+01 8.737238e+01 1.299278e+02
         vertex 6.936293e+01 8.735433e+01 1.298606e+02
         vertex 6.890020e+01 8.735433e+01 1.298606e+02
      endloop
   endfacet
   facet normal -2.289540e-02 9.658624e-01 -2.580419e-01
      outer loop
         vertex 6.890318e+01 8.737238e+01 1.299278e+02
         vertex 6.890020e+01 8.735433e+01 1.298606e+02
         vertex 6.844819e+01 8.737238e+01 1.299682e+02
      endloop
   endfacet
   facet normal -2.289523e-02 9.658626e-01 -2.580413e-01
      outer loop
         vertex 6.844819e+01 8.737238e+01 1.299682e+02
         vertex 6.890020e+01 8.735433e+01 1.298606e+02
         vertex 6.843928e+01 8.735433e+01 1.299015e+02
      endloop
   endfacet
   facet normal -4.561130e-02 9.658626e-01 -2.550080e-01
      outer loop
         vertex 6.844819e+01 8.737238e+01 1.299682e+02
         vertex 6.843928e+01 8.735433e+01 1.299015e+02
         vertex 6.799856e+01 8.737238e+01 1.300486e+02
      endloop
   endfacet
   facet normal -4.561175e-02 9.658622e-01 -2.550093e-01
      outer loop
         vertex 6.799856e+01 8.737238e+01 1.300486e+02
         vertex 6.843928e+01 8.735433e+01 1.299015e+02
         vertex 6.798378e+01 8.735433e+01 1.299829e+02
      endloop
   endfacet
   facet normal -6.797098e-02 9.658622e-01 -2.499803e-01
      outer loop
         vertex 6.799856e+01 8.737238e+01 1.300486e+02
         vertex 6.798378e+01 8.735433e+01 1.299829e+02
         vertex 6.755779e+01 8.737238e+01 1.301685e+02
      endloop
   endfacet
   facet normal -6.797071e-02 9.658624e-01 -2.499797e-01
      outer loop
         vertex 6.755779e+01 8.737238e+01 1.301685e+02
         vertex 6.798378e+01 8.735433e+01 1.299829e+02
         vertex 6.753726e+01 8.735433e+01 1.301043e+02
      endloop
   endfacet
   facet normal -8.979797e-02 9.658624e-01 -2.429941e-01
      outer loop
         vertex 6.755779e+01 8.737238e+01 1.301685e+02
         vertex 6.753726e+01 8.735433e+01 1.301043e+02
         vertex 6.712934e+01 8.737238e+01 1.303268e+02
      endloop
   endfacet
   facet normal -8.979799e-02 9.658624e-01 -2.429942e-01
      outer loop
         vertex 6.712934e+01 8.737238e+01 1.303268e+02
         vertex 6.753726e+01 8.735433e+01 1.301043e+02
         vertex 6.710322e+01 8.735433e+01 1.302647e+02
      endloop
   endfacet
   facet normal -1.109224e-01 9.658624e-01 -2.341069e-01
      outer loop
         vertex 6.712934e+01 8.737238e+01 1.303268e+02
         vertex 6.710322e+01 8.735433e+01 1.302647e+02
         vertex 6.671656e+01 8.737238e+01 1.305224e+02
      endloop
   endfacet
   facet normal -1.109224e-01 9.658624e-01 -2.341069e-01
      outer loop
         vertex 6.671656e+01 8.737238e+01 1.305224e+02
         vertex 6.710322e+01 8.735433e+01 1.302647e+02
         vertex 6.668506e+01 8.735433e+01 1.304629e+02
      endloop
   endfacet
   facet normal -1.311788e-01 9.658624e-01 -2.233875e-01
      outer loop
         vertex 6.671656e+01 8.737238e+01 1.305224e+02
         vertex 6.668506e+01 8.735433e+01 1.304629e+02
         vertex 6.632268e+01 8.737238e+01 1.307537e+02
      endloop
   endfacet
   facet normal -1.311788e-01 9.658624e-01 -2.233875e-01
      outer loop
         vertex 6.632268e+01 8.737238e+01 1.307537e+02
         vertex 6.668506e+01 8.735433e+01 1.304629e+02
         vertex 6.628604e+01 8.735433e+01 1.306972e+02
      endloop
   endfacet
   facet normal -1.504084e-01 9.658624e-01 -2.109197e-01
      outer loop
         vertex 6.632268e+01 8.737238e+01 1.307537e+02
         vertex 6.628604e+01 8.735433e+01 1.306972e+02
         vertex 6.595078e+01 8.737238e+01 1.310189e+02
      endloop
   endfacet
   facet normal -1.504087e-01 9.658623e-01 -2.109200e-01
      outer loop
         vertex 6.595078e+01 8.737238e+01 1.310189e+02
         vertex 6.628604e+01 8.735433e+01 1.306972e+02
         vertex 6.590929e+01 8.735433e+01 1.309658e+02
      endloop
   endfacet
   facet normal -1.684612e-01 9.658623e-01 -1.968015e-01
      outer loop
         vertex 6.595078e+01 8.737238e+01 1.310189e+02
         vertex 6.590929e+01 8.735433e+01 1.309658e+02
         vertex 6.560378e+01 8.737238e+01 1.313159e+02
      endloop
   endfacet
   facet normal -1.684617e-01 9.658621e-01 -1.968019e-01
      outer loop
         vertex 6.560378e+01 8.737238e+01 1.313159e+02
         vertex 6.590929e+01 8.735433e+01 1.309658e+02
         vertex 6.555776e+01 8.735433e+01 1.312667e+02
      endloop
   endfacet
   facet normal -1.851959e-01 9.658621e-01 -1.811431e-01
      outer loop
         vertex 6.560378e+01 8.737238e+01 1.313159e+02
         vertex 6.555776e+01 8.735433e+01 1.312667e+02
         vertex 6.528439e+01 8.737238e+01 1.316425e+02
      endloop
   endfacet
   facet normal -1.851949e-01 9.658624e-01 -1.811424e-01
      outer loop
         vertex 6.528439e+01 8.737238e+01 1.316425e+02
         vertex 6.555776e+01 8.735433e+01 1.312667e+02
         vertex 6.523420e+01 8.735433e+01 1.315975e+02
      endloop
   endfacet
   facet normal -2.004796e-01 9.658624e-01 -1.640660e-01
      outer loop
         vertex 6.528439e+01 8.737238e+01 1.316425e+02
         vertex 6.523420e+01 8.735433e+01 1.315975e+02
         vertex 6.499510e+01 8.737238e+01 1.319960e+02
      endloop
   endfacet
   facet normal -2.004796e-01 9.658625e-01 -1.640660e-01
      outer loop
         vertex 6.499510e+01 8.737238e+01 1.319960e+02
         vertex 6.523420e+01 8.735433e+01 1.315975e+02
         vertex 6.494115e+01 8.735433e+01 1.319556e+02
      endloop
   endfacet
   facet normal -2.141953e-01 9.658624e-01 -1.457055e-01
      outer loop
         vertex 6.499510e+01 8.737238e+01 1.319960e+02
         vertex 6.494115e+01 8.735433e+01 1.319556e+02
         vertex 6.473819e+01 8.737238e+01 1.323736e+02
      endloop
   endfacet
   facet normal -2.141952e-01 9.658625e-01 -1.457055e-01
      outer loop
         vertex 6.473819e+01 8.737238e+01 1.323736e+02
         vertex 6.494115e+01 8.735433e+01 1.319556e+02
         vertex 6.468089e+01 8.735433e+01 1.323382e+02
      endloop
   endfacet
   facet normal -2.262345e-01 9.658625e-01 -1.262047e-01
      outer loop
         vertex 6.473819e+01 8.737238e+01 1.323736e+02
         vertex 6.468089e+01 8.735433e+01 1.323382e+02
         vertex 6.451567e+01 8.737238e+01 1.327725e+02
      endloop
   endfacet
   facet normal -2.262342e-01 9.658625e-01 -1.262046e-01
      outer loop
         vertex 6.451567e+01 8.737238e+01 1.327725e+02
         vertex 6.468089e+01 8.735433e+01 1.323382e+02
         vertex 6.445546e+01 8.735433e+01 1.327423e+02
      endloop
   endfacet
   facet normal -2.365029e-01 9.658626e-01 -1.057161e-01
      outer loop
         vertex 6.451567e+01 8.737238e+01 1.327725e+02
         vertex 6.445546e+01 8.735433e+01 1.327423e+02
         vertex 6.432927e+01 8.737238e+01 1.331895e+02
      endloop
   endfacet
   facet normal -2.365024e-01 9.658627e-01 -1.057159e-01
      outer loop
         vertex 6.432927e+01 8.737238e+01 1.331895e+02
         vertex 6.445546e+01 8.735433e+01 1.327423e+02
         vertex 6.426662e+01 8.735433e+01 1.331648e+02
      endloop
   endfacet
   facet normal -2.449201e-01 9.658627e-01 -8.440028e-02
      outer loop
         vertex 6.432927e+01 8.737238e+01 1.331895e+02
         vertex 6.426662e+01 8.735433e+01 1.331648e+02
         vertex 6.418045e+01 8.737238e+01 1.336214e+02
      endloop
   endfacet
   facet normal -2.449211e-01 9.658624e-01 -8.440047e-02
      outer loop
         vertex 6.418045e+01 8.737238e+01 1.336214e+02
         vertex 6.426662e+01 8.735433e+01 1.331648e+02
         vertex 6.411587e+01 8.735433e+01 1.336023e+02
      endloop
   endfacet
   facet normal -2.514221e-01 9.658624e-01 -6.242390e-02
      outer loop
         vertex 6.418045e+01 8.737238e+01 1.336214e+02
         vertex 6.411587e+01 8.735433e+01 1.336023e+02
         vertex 6.407038e+01 8.737238e+01 1.340647e+02
      endloop
   endfacet
   facet normal -2.514221e-01 9.658624e-01 -6.242389e-02
      outer loop
         vertex 6.407038e+01 8.737238e+01 1.340647e+02
         vertex 6.411587e+01 8.735433e+01 1.336023e+02
         vertex 6.400437e+01 8.735433e+01 1.340514e+02
      endloop
   endfacet
   facet normal -2.559552e-01 9.658624e-01 -3.995908e-02
      outer loop
         vertex 6.407038e+01 8.737238e+01 1.340647e+02
         vertex 6.400437e+01 8.735433e+01 1.340514e+02
         vertex 6.399993e+01 8.737238e+01 1.345160e+02
      endloop
   endfacet
   facet normal -2.559553e-01 9.658624e-01 -3.995908e-02
      outer loop
         vertex 6.399993e+01 8.737238e+01 1.345160e+02
         vertex 6.400437e+01 8.735433e+01 1.340514e+02
         vertex 6.393299e+01 8.735433e+01 1.345086e+02
      endloop
   endfacet
   facet normal -2.584852e-01 9.658624e-01 -1.718137e-02
      outer loop
         vertex 6.399993e+01 8.737238e+01 1.345160e+02
         vertex 6.393299e+01 8.735433e+01 1.345086e+02
         vertex 6.396963e+01 8.737238e+01 1.349718e+02
      endloop
   endfacet
   facet normal -2.584849e-01 9.658625e-01 -1.718140e-02
      outer loop
         vertex 6.396963e+01 8.737238e+01 1.349718e+02
         vertex 6.393299e+01 8.735433e+01 1.345086e+02
         vertex 6.390230e+01 8.735433e+01 1.349703e+02
      endloop
   endfacet
   facet normal -2.589919e-01 9.658625e-01 5.730919e-03
      outer loop
         vertex 6.396963e+01 8.737238e+01 1.349718e+02
         vertex 6.390230e+01 8.735433e+01 1.349703e+02
         vertex 6.397974e+01 8.737238e+01 1.354284e+02
      endloop
   endfacet
   facet normal -2.589921e-01 9.658624e-01 5.730962e-03
      outer loop
         vertex 6.397974e+01 8.737238e+01 1.354284e+02
         vertex 6.390230e+01 8.735433e+01 1.349703e+02
         vertex 6.391254e+01 8.735433e+01 1.354329e+02
      endloop
   endfacet
   facet normal -2.574722e-01 9.658624e-01 2.859800e-02
      outer loop
         vertex 6.397974e+01 8.737238e+01 1.354284e+02
         vertex 6.391254e+01 8.735433e+01 1.354329e+02
         vertex 6.403016e+01 8.737238e+01 1.358824e+02
      endloop
   endfacet
   facet normal -2.574727e-01 9.658623e-01 2.859815e-02
      outer loop
         vertex 6.403016e+01 8.737238e+01 1.358824e+02
         vertex 6.391254e+01 8.735433e+01 1.354329e+02
         vertex 6.396362e+01 8.735433e+01 1.358928e+02
      endloop
   endfacet
   facet normal -2.539376e-01 9.658623e-01 5.124186e-02
      outer loop
         vertex 6.403016e+01 8.737238e+01 1.358824e+02
         vertex 6.396362e+01 8.735433e+01 1.358928e+02
         vertex 6.412051e+01 8.737238e+01 1.363301e+02
      endloop
   endfacet
   facet normal -2.539369e-01 9.658625e-01 5.124159e-02
      outer loop
         vertex 6.412051e+01 8.737238e+01 1.363301e+02
         vertex 6.396362e+01 8.735433e+01 1.358928e+02
         vertex 6.405515e+01 8.735433e+01 1.363464e+02
      endloop
   endfacet
   facet normal -2.484145e-01 9.658625e-01 7.348403e-02
      outer loop
         vertex 6.412051e+01 8.737238e+01 1.363301e+02
         vertex 6.405515e+01 8.735433e+01 1.363464e+02
         vertex 6.425008e+01 8.737238e+01 1.367682e+02
      endloop
   endfacet
   facet normal -2.484158e-01 9.658621e-01 7.348465e-02
      outer loop
         vertex 6.425008e+01 8.737238e+01 1.367682e+02
         vertex 6.405515e+01 8.735433e+01 1.363464e+02
         vertex 6.418641e+01 8.735433e+01 1.367901e+02
      endloop
   endfacet
   facet normal -2.409491e-01 9.658621e-01 9.515195e-02
      outer loop
         vertex 6.425008e+01 8.737238e+01 1.367682e+02
         vertex 6.418641e+01 8.735433e+01 1.367901e+02
         vertex 6.441785e+01 8.737238e+01 1.371930e+02
      endloop
   endfacet
   facet normal -2.409485e-01 9.658623e-01 9.515157e-02
      outer loop
         vertex 6.441785e+01 8.737238e+01 1.371930e+02
         vertex 6.418641e+01 8.735433e+01 1.367901e+02
         vertex 6.435637e+01 8.735433e+01 1.372205e+02
      endloop
   endfacet
   facet normal -2.315960e-01 9.658623e-01 1.160743e-01
      outer loop
         vertex 6.441785e+01 8.737238e+01 1.371930e+02
         vertex 6.435637e+01 8.735433e+01 1.372205e+02
         vertex 6.462252e+01 8.737238e+01 1.376013e+02
      endloop
   endfacet
   facet normal -2.315959e-01 9.658624e-01 1.160743e-01
      outer loop
         vertex 6.462252e+01 8.737238e+01 1.376013e+02
         vertex 6.435637e+01 8.735433e+01 1.372205e+02
         vertex 6.456370e+01 8.735433e+01 1.376342e+02
      endloop
   endfacet
   facet normal -2.204309e-01 9.658624e-01 1.360887e-01
      outer loop
         vertex 6.462252e+01 8.737238e+01 1.376013e+02
         vertex 6.456370e+01 8.735433e+01 1.376342e+02
         vertex 6.486247e+01 8.737238e+01 1.379900e+02
      endloop
   endfacet
   facet normal -2.204302e-01 9.658626e-01 1.360880e-01
      outer loop
         vertex 6.486247e+01 8.737238e+01 1.379900e+02
         vertex 6.456370e+01 8.735433e+01 1.376342e+02
         vertex 6.480678e+01 8.735433e+01 1.380279e+02
      endloop
   endfacet
   facet normal -2.075401e-01 9.658626e-01 1.550372e-01
      outer loop
         vertex 6.486247e+01 8.737238e+01 1.379900e+02
         vertex 6.480678e+01 8.735433e+01 1.380279e+02
         vertex 6.513583e+01 8.737238e+01 1.383560e+02
      endloop
   endfacet
   facet normal -2.075399e-01 9.658627e-01 1.550369e-01
      outer loop
         vertex 6.513583e+01 8.737238e+01 1.383560e+02
         vertex 6.480678e+01 8.735433e+01 1.380279e+02
         vertex 6.508371e+01 8.735433e+01 1.383986e+02
      endloop
   endfacet
   facet normal -1.930256e-01 9.658627e-01 1.727725e-01
      outer loop
         vertex 6.513583e+01 8.737238e+01 1.383560e+02
         vertex 6.508371e+01 8.735433e+01 1.383986e+02
         vertex 6.544047e+01 8.737238e+01 1.386963e+02
      endloop
   endfacet
   facet normal -1.930264e-01 9.658624e-01 1.727735e-01
      outer loop
         vertex 6.544047e+01 8.737238e+01 1.386963e+02
         vertex 6.508371e+01 8.735433e+01 1.383986e+02
         vertex 6.539232e+01 8.735433e+01 1.387434e+02
      endloop
   endfacet
   facet normal -1.770013e-01 9.658623e-01 1.891572e-01
      outer loop
         vertex 6.544047e+01 8.737238e+01 1.386963e+02
         vertex 6.539232e+01 8.735433e+01 1.387434e+02
         vertex 6.577400e+01 8.737238e+01 1.390084e+02
      endloop
   endfacet
   facet normal -1.770011e-01 9.658625e-01 1.891568e-01
      outer loop
         vertex 6.577400e+01 8.737238e+01 1.390084e+02
         vertex 6.539232e+01 8.735433e+01 1.387434e+02
         vertex 6.573020e+01 8.735433e+01 1.390596e+02
      endloop
   endfacet
   facet normal -1.595908e-01 9.658624e-01 2.040600e-01
      outer loop
         vertex 6.577400e+01 8.737238e+01 1.390084e+02
         vertex 6.573020e+01 8.735433e+01 1.390596e+02
         vertex 6.613380e+01 8.737238e+01 1.392898e+02
      endloop
   endfacet
   facet normal -1.595910e-01 9.658623e-01 2.040604e-01
      outer loop
         vertex 6.613380e+01 8.737238e+01 1.392898e+02
         vertex 6.573020e+01 8.735433e+01 1.390596e+02
         vertex 6.609469e+01 8.735433e+01 1.393446e+02
      endloop
   endfacet
   facet normal -1.409317e-01 9.658623e-01 2.173665e-01
      outer loop
         vertex 6.613380e+01 8.737238e+01 1.392898e+02
         vertex 6.609469e+01 8.735433e+01 1.393446e+02
         vertex 6.651706e+01 8.737238e+01 1.395383e+02
      endloop
   endfacet
   facet normal -1.409315e-01 9.658624e-01 2.173662e-01
      outer loop
         vertex 6.651706e+01 8.737238e+01 1.395383e+02
         vertex 6.609469e+01 8.735433e+01 1.393446e+02
         vertex 6.648296e+01 8.735433e+01 1.395964e+02
      endloop
   endfacet
   facet normal -1.211692e-01 9.658624e-01 2.289712e-01
      outer loop
         vertex 6.651706e+01 8.737238e+01 1.395383e+02
         vertex 6.648296e+01 8.735433e+01 1.395964e+02
         vertex 6.692079e+01 8.737238e+01 1.397519e+02
      endloop
   endfacet
   facet normal -1.211691e-01 9.658625e-01 2.289711e-01
      outer loop
         vertex 6.692079e+01 8.737238e+01 1.397519e+02
         vertex 6.648296e+01 8.735433e+01 1.395964e+02
         vertex 6.689195e+01 8.735433e+01 1.398128e+02
      endloop
   endfacet
   facet normal -1.004586e-01 9.658625e-01 2.387840e-01
      outer loop
         vertex 6.692079e+01 8.737238e+01 1.397519e+02
         vertex 6.689195e+01 8.735433e+01 1.398128e+02
         vertex 6.734181e+01 8.737238e+01 1.399291e+02
      endloop
   endfacet
   facet normal -1.004587e-01 9.658624e-01 2.387844e-01
      outer loop
         vertex 6.734181e+01 8.737238e+01 1.399291e+02
         vertex 6.689195e+01 8.735433e+01 1.398128e+02
         vertex 6.731847e+01 8.735433e+01 1.399922e+02
      endloop
   endfacet
   facet normal -7.896157e-02 9.658624e-01 2.467285e-01
      outer loop
         vertex 6.734181e+01 8.737238e+01 1.399291e+02
         vertex 6.731847e+01 8.735433e+01 1.399922e+02
         vertex 6.777685e+01 8.737238e+01 1.400683e+02
      endloop
   endfacet
   facet normal -7.896155e-02 9.658624e-01 2.467284e-01
      outer loop
         vertex 6.777685e+01 8.737238e+01 1.400683e+02
         vertex 6.731847e+01 8.735433e+01 1.399922e+02
         vertex 6.775918e+01 8.735433e+01 1.401333e+02
      endloop
   endfacet
   facet normal -5.684679e-02 9.658624e-01 2.527416e-01
      outer loop
         vertex 6.777685e+01 8.737238e+01 1.400683e+02
         vertex 6.775918e+01 8.735433e+01 1.401333e+02
         vertex 6.822249e+01 8.737238e+01 1.401685e+02
      endloop
   endfacet
   facet normal -5.684675e-02 9.658625e-01 2.527411e-01
      outer loop
         vertex 6.822249e+01 8.737238e+01 1.401685e+02
         vertex 6.775918e+01 8.735433e+01 1.401333e+02
         vertex 6.821063e+01 8.735433e+01 1.402348e+02
      endloop
   endfacet
   facet normal -3.428705e-02 9.658625e-01 2.567762e-01
      outer loop
         vertex 6.822249e+01 8.737238e+01 1.401685e+02
         vertex 6.821063e+01 8.735433e+01 1.402348e+02
         vertex 6.867524e+01 8.737238e+01 1.402290e+02
      endloop
   endfacet
   facet normal -3.428702e-02 9.658622e-01 2.567773e-01
      outer loop
         vertex 6.867524e+01 8.737238e+01 1.402290e+02
         vertex 6.821063e+01 8.735433e+01 1.402348e+02
         vertex 6.866929e+01 8.735433e+01 1.402961e+02
      endloop
   endfacet
   facet normal -1.145893e-02 9.658622e-01 2.588028e-01
      outer loop
         vertex 6.867524e+01 8.737238e+01 1.402290e+02
         vertex 6.866929e+01 8.735433e+01 1.402961e+02
         vertex 6.913156e+01 8.737238e+01 1.402492e+02
      endloop
   endfacet
   facet normal -1.145901e-02 9.658624e-01 2.588021e-01
      outer loop
         vertex 6.913156e+01 8.737238e+01 1.402492e+02
         vertex 6.866929e+01 8.735433e+01 1.402961e+02
         vertex 6.913156e+01 8.735433e+01 1.403165e+02
      endloop
   endfacet
   facet normal 1.145889e-02 9.658624e-01 2.588021e-01
      outer loop
         vertex 6.913156e+01 8.737238e+01 1.402492e+02
         vertex 6.913156e+01 8.735433e+01 1.403165e+02
         vertex 6.958788e+01 8.737238e+01 1.402290e+02
      endloop
   endfacet
   facet normal 1.145904e-02 9.658622e-01 2.588028e-01
      outer loop
         vertex 6.958788e+01 8.737238e+01 1.402290e+02
         vertex 6.913156e+01 8.735433e+01 1.403165e+02
         vertex 6.959384e+01 8.735433e+01 1.402961e+02
      endloop
   endfacet
   facet normal 1.154653e-02 9.961873e-01 8.647258e-02
      outer loop
         vertex 6.959384e+01 8.735433e+01 1.402961e+02
         vertex 6.959998e+01 8.734825e+01 1.403652e+02
         vertex 7.005249e+01 8.735433e+01 1.402348e+02
      endloop
   endfacet
   facet normal 1.154651e-02 9.961873e-01 8.647251e-02
      outer loop
         vertex 7.005249e+01 8.735433e+01 1.402348e+02
         vertex 6.959998e+01 8.734825e+01 1.403652e+02
         vertex 7.006472e+01 8.734825e+01 1.403032e+02
      endloop
   endfacet
   facet normal 1.914384e-02 9.961873e-01 8.511364e-02
      outer loop
         vertex 7.005249e+01 8.735433e+01 1.402348e+02
         vertex 7.006472e+01 8.734825e+01 1.403032e+02
         vertex 7.050394e+01 8.735433e+01 1.401333e+02
      endloop
   endfacet
   facet normal 1.914391e-02 9.961873e-01 8.511381e-02
      outer loop
         vertex 7.050394e+01 8.735433e+01 1.401333e+02
         vertex 7.006472e+01 8.734825e+01 1.403032e+02
         vertex 7.052217e+01 8.734825e+01 1.402003e+02
      endloop
   endfacet
   facet normal 2.659127e-02 9.961873e-01 8.308884e-02
      outer loop
         vertex 7.050394e+01 8.735433e+01 1.401333e+02
         vertex 7.052217e+01 8.734825e+01 1.402003e+02
         vertex 7.094465e+01 8.735433e+01 1.399922e+02
      endloop
   endfacet
   facet normal 2.659131e-02 9.961873e-01 8.308891e-02
      outer loop
         vertex 7.094465e+01 8.735433e+01 1.399922e+02
         vertex 7.052217e+01 8.734825e+01 1.402003e+02
         vertex 7.096873e+01 8.734825e+01 1.400574e+02
      endloop
   endfacet
   facet normal 3.383070e-02 9.961873e-01 8.041360e-02
      outer loop
         vertex 7.094465e+01 8.735433e+01 1.399922e+02
         vertex 7.096873e+01 8.734825e+01 1.400574e+02
         vertex 7.137117e+01 8.735433e+01 1.398128e+02
      endloop
   endfacet
   facet normal 3.383060e-02 9.961873e-01 8.041344e-02
      outer loop
         vertex 7.137117e+01 8.735433e+01 1.398128e+02
         vertex 7.096873e+01 8.734825e+01 1.400574e+02
         vertex 7.140091e+01 8.734825e+01 1.398756e+02
      endloop
   endfacet
   facet normal 4.080519e-02 9.961873e-01 7.710881e-02
      outer loop
         vertex 7.137117e+01 8.735433e+01 1.398128e+02
         vertex 7.140091e+01 8.734825e+01 1.398756e+02
         vertex 7.178017e+01 8.735433e+01 1.395964e+02
      endloop
   endfacet
   facet normal 4.080517e-02 9.961873e-01 7.710879e-02
      outer loop
         vertex 7.178017e+01 8.735433e+01 1.395964e+02
         vertex 7.140091e+01 8.734825e+01 1.398756e+02
         vertex 7.181534e+01 8.734825e+01 1.396562e+02
      endloop
   endfacet
   facet normal 4.746040e-02 9.961873e-01 7.320071e-02
      outer loop
         vertex 7.178017e+01 8.735433e+01 1.395964e+02
         vertex 7.181534e+01 8.734825e+01 1.396562e+02
         vertex 7.216843e+01 8.735433e+01 1.393446e+02
      endloop
   endfacet
   facet normal 4.746041e-02 9.961873e-01 7.320072e-02
      outer loop
         vertex 7.216843e+01 8.735433e+01 1.393446e+02
         vertex 7.181534e+01 8.734825e+01 1.396562e+02
         vertex 7.220876e+01 8.734825e+01 1.394012e+02
      endloop
   endfacet
   facet normal 5.374415e-02 9.961873e-01 6.871974e-02
      outer loop
         vertex 7.216843e+01 8.735433e+01 1.393446e+02
         vertex 7.220876e+01 8.734825e+01 1.394012e+02
         vertex 7.253292e+01 8.735433e+01 1.390596e+02
      endloop
   endfacet
   facet normal 5.374438e-02 9.961873e-01 6.871996e-02
      outer loop
         vertex 7.253292e+01 8.735433e+01 1.390596e+02
         vertex 7.220876e+01 8.734825e+01 1.394012e+02
         vertex 7.257809e+01 8.734825e+01 1.391123e+02
      endloop
   endfacet
   facet normal 5.960752e-02 9.961873e-01 6.370115e-02
      outer loop
         vertex 7.253292e+01 8.735433e+01 1.390596e+02
         vertex 7.257809e+01 8.734825e+01 1.391123e+02
         vertex 7.287080e+01 8.735433e+01 1.387434e+02
      endloop
   endfacet
   facet normal 5.960752e-02 9.961873e-01 6.370114e-02
      outer loop
         vertex 7.287080e+01 8.735433e+01 1.387434e+02
         vertex 7.257809e+01 8.734825e+01 1.391123e+02
         vertex 7.292045e+01 8.734825e+01 1.387920e+02
      endloop
   endfacet
   facet normal 6.500419e-02 9.961873e-01 5.818377e-02
      outer loop
         vertex 7.287080e+01 8.735433e+01 1.387434e+02
         vertex 7.292045e+01 8.734825e+01 1.387920e+02
         vertex 7.317941e+01 8.735433e+01 1.383986e+02
      endloop
   endfacet
   facet normal 6.500430e-02 9.961873e-01 5.818384e-02
      outer loop
         vertex 7.317941e+01 8.735433e+01 1.383986e+02
         vertex 7.292045e+01 8.734825e+01 1.387920e+02
         vertex 7.323316e+01 8.734825e+01 1.384426e+02
      endloop
   endfacet
   facet normal 6.989225e-02 9.961873e-01 5.221106e-02
      outer loop
         vertex 7.317941e+01 8.735433e+01 1.383986e+02
         vertex 7.323316e+01 8.734825e+01 1.384426e+02
         vertex 7.345634e+01 8.735433e+01 1.380279e+02
      endloop
   endfacet
   facet normal 6.989209e-02 9.961873e-01 5.221098e-02
      outer loop
         vertex 7.345634e+01 8.735433e+01 1.380279e+02
         vertex 7.323316e+01 8.734825e+01 1.384426e+02
         vertex 7.351377e+01 8.734825e+01 1.380670e+02
      endloop
   endfacet
   facet normal 7.423302e-02 9.961873e-01 4.582959e-02
      outer loop
         vertex 7.345634e+01 8.735433e+01 1.380279e+02
         vertex 7.351377e+01 8.734825e+01 1.380670e+02
         vertex 7.369942e+01 8.735433e+01 1.376342e+02
      endloop
   endfacet
   facet normal 7.423308e-02 9.961873e-01 4.582962e-02
      outer loop
         vertex 7.369942e+01 8.735433e+01 1.376342e+02
         vertex 7.351377e+01 8.734825e+01 1.380670e+02
         vertex 7.376008e+01 8.734825e+01 1.376680e+02
      endloop
   endfacet
   facet normal 7.799302e-02 9.961873e-01 3.908957e-02
      outer loop
         vertex 7.369942e+01 8.735433e+01 1.376342e+02
         vertex 7.376008e+01 8.734825e+01 1.376680e+02
         vertex 7.390675e+01 8.735433e+01 1.372205e+02
      endloop
   endfacet
   facet normal 7.799296e-02 9.961873e-01 3.908955e-02
      outer loop
         vertex 7.390675e+01 8.735433e+01 1.372205e+02
         vertex 7.376008e+01 8.734825e+01 1.376680e+02
         vertex 7.397017e+01 8.734825e+01 1.372488e+02
      endloop
   endfacet
   facet normal 8.114252e-02 9.961873e-01 3.204352e-02
      outer loop
         vertex 7.390675e+01 8.735433e+01 1.372205e+02
         vertex 7.397017e+01 8.734825e+01 1.372488e+02
         vertex 7.407672e+01 8.735433e+01 1.367901e+02
      endloop
   endfacet
   facet normal 8.114194e-02 9.961873e-01 3.204339e-02
      outer loop
         vertex 7.407672e+01 8.735433e+01 1.367901e+02
         vertex 7.397017e+01 8.734825e+01 1.372488e+02
         vertex 7.414239e+01 8.734825e+01 1.368127e+02
      endloop
   endfacet
   facet normal 8.365640e-02 9.961873e-01 2.474666e-02
      outer loop
         vertex 7.407672e+01 8.735433e+01 1.367901e+02
         vertex 7.414239e+01 8.734825e+01 1.368127e+02
         vertex 7.420797e+01 8.735433e+01 1.363464e+02
      endloop
   endfacet
   facet normal 8.365682e-02 9.961873e-01 2.474672e-02
      outer loop
         vertex 7.420797e+01 8.735433e+01 1.363464e+02
         vertex 7.414239e+01 8.734825e+01 1.368127e+02
         vertex 7.427539e+01 8.734825e+01 1.363631e+02
      endloop
   endfacet
   facet normal 8.551657e-02 9.961873e-01 1.725628e-02
      outer loop
         vertex 7.420797e+01 8.735433e+01 1.363464e+02
         vertex 7.427539e+01 8.734825e+01 1.363631e+02
         vertex 7.429950e+01 8.735433e+01 1.358928e+02
      endloop
   endfacet
   facet normal 8.551645e-02 9.961873e-01 1.725627e-02
      outer loop
         vertex 7.429950e+01 8.735433e+01 1.358928e+02
         vertex 7.427539e+01 8.734825e+01 1.363631e+02
         vertex 7.436813e+01 8.734825e+01 1.359035e+02
      endloop
   endfacet
   facet normal 8.670692e-02 9.961873e-01 9.630757e-03
      outer loop
         vertex 7.429950e+01 8.735433e+01 1.358928e+02
         vertex 7.436813e+01 8.734825e+01 1.359035e+02
         vertex 7.435058e+01 8.735433e+01 1.354329e+02
      endloop
   endfacet
   facet normal 8.670689e-02 9.961873e-01 9.630758e-03
      outer loop
         vertex 7.435058e+01 8.735433e+01 1.354329e+02
         vertex 7.436813e+01 8.734825e+01 1.359035e+02
         vertex 7.441989e+01 8.734825e+01 1.354375e+02
      endloop
   endfacet
   facet normal 8.721876e-02 9.961873e-01 1.929971e-03
      outer loop
         vertex 7.435058e+01 8.735433e+01 1.354329e+02
         vertex 7.441989e+01 8.734825e+01 1.354375e+02
         vertex 7.436082e+01 8.735433e+01 1.349703e+02
      endloop
   endfacet
   facet normal 8.721918e-02 9.961873e-01 1.929918e-03
      outer loop
         vertex 7.436082e+01 8.735433e+01 1.349703e+02
         vertex 7.441989e+01 8.734825e+01 1.354375e+02
         vertex 7.443026e+01 8.734825e+01 1.349687e+02
      endloop
   endfacet
   facet normal 8.704844e-02 9.961873e-01 -5.786079e-03
      outer loop
         vertex 7.436082e+01 8.735433e+01 1.349703e+02
         vertex 7.443026e+01 8.734825e+01 1.349687e+02
         vertex 7.433013e+01 8.735433e+01 1.345086e+02
      endloop
   endfacet
   facet normal 8.704799e-02 9.961873e-01 -5.785980e-03
      outer loop
         vertex 7.433013e+01 8.735433e+01 1.345086e+02
         vertex 7.443026e+01 8.734825e+01 1.349687e+02
         vertex 7.439917e+01 8.734825e+01 1.345009e+02
      endloop
   endfacet
   facet normal 8.619598e-02 9.961873e-01 -1.345670e-02
      outer loop
         vertex 7.433013e+01 8.735433e+01 1.345086e+02
         vertex 7.439917e+01 8.734825e+01 1.345009e+02
         vertex 7.425876e+01 8.735433e+01 1.340514e+02
      endloop
   endfacet
   facet normal 8.619584e-02 9.961873e-01 -1.345665e-02
      outer loop
         vertex 7.425876e+01 8.735433e+01 1.340514e+02
         vertex 7.439917e+01 8.734825e+01 1.345009e+02
         vertex 7.432684e+01 8.734825e+01 1.340376e+02
      endloop
   endfacet
   facet normal 8.466926e-02 9.961873e-01 -2.102196e-02
      outer loop
         vertex 7.425876e+01 8.735433e+01 1.340514e+02
         vertex 7.432684e+01 8.734825e+01 1.340376e+02
         vertex 7.414725e+01 8.735433e+01 1.336023e+02
      endloop
   endfacet
   facet normal 8.466980e-02 9.961873e-01 -2.102218e-02
      outer loop
         vertex 7.414725e+01 8.735433e+01 1.336023e+02
         vertex 7.432684e+01 8.734825e+01 1.340376e+02
         vertex 7.421386e+01 8.734825e+01 1.335826e+02
      endloop
   endfacet
   facet normal 8.248054e-02 9.961873e-01 -2.842301e-02
      outer loop
         vertex 7.414725e+01 8.735433e+01 1.336023e+02
         vertex 7.421386e+01 8.734825e+01 1.335826e+02
         vertex 7.399650e+01 8.735433e+01 1.331648e+02
      endloop
   endfacet
   facet normal 8.248051e-02 9.961873e-01 -2.842300e-02
      outer loop
         vertex 7.399650e+01 8.735433e+01 1.331648e+02
         vertex 7.421386e+01 8.734825e+01 1.335826e+02
         vertex 7.406110e+01 8.734825e+01 1.331393e+02
      endloop
   endfacet
   facet normal 7.964571e-02 9.961873e-01 -3.560142e-02
      outer loop
         vertex 7.399650e+01 8.735433e+01 1.331648e+02
         vertex 7.406110e+01 8.734825e+01 1.331393e+02
         vertex 7.380766e+01 8.735433e+01 1.327423e+02
      endloop
   endfacet
   facet normal 7.964560e-02 9.961873e-01 -3.560134e-02
      outer loop
         vertex 7.380766e+01 8.735433e+01 1.327423e+02
         vertex 7.406110e+01 8.734825e+01 1.331393e+02
         vertex 7.386976e+01 8.734825e+01 1.327112e+02
      endloop
   endfacet
   facet normal 7.618746e-02 9.961873e-01 -4.250113e-02
      outer loop
         vertex 7.380766e+01 8.735433e+01 1.327423e+02
         vertex 7.386976e+01 8.734825e+01 1.327112e+02
         vertex 7.358224e+01 8.735433e+01 1.323382e+02
      endloop
   endfacet
   facet normal 7.618743e-02 9.961873e-01 -4.250110e-02
      outer loop
         vertex 7.358224e+01 8.735433e+01 1.323382e+02
         vertex 7.386976e+01 8.734825e+01 1.327112e+02
         vertex 7.364134e+01 8.734825e+01 1.323018e+02
      endloop
   endfacet
   facet normal 7.213303e-02 9.961873e-01 -4.906822e-02
      outer loop
         vertex 7.358224e+01 8.735433e+01 1.323382e+02
         vertex 7.364134e+01 8.734825e+01 1.323018e+02
         vertex 7.332197e+01 8.735433e+01 1.319556e+02
      endloop
   endfacet
   facet normal 7.213297e-02 9.961873e-01 -4.906817e-02
      outer loop
         vertex 7.332197e+01 8.735433e+01 1.319556e+02
         vertex 7.364134e+01 8.734825e+01 1.323018e+02
         vertex 7.337762e+01 8.734825e+01 1.319141e+02
      endloop
   endfacet
   facet normal 6.751404e-02 9.961873e-01 -5.525131e-02
      outer loop
         vertex 7.332197e+01 8.735433e+01 1.319556e+02
         vertex 7.337762e+01 8.734825e+01 1.319141e+02
         vertex 7.302892e+01 8.735433e+01 1.315975e+02
      endloop
   endfacet
   facet normal 6.751397e-02 9.961873e-01 -5.525123e-02
      outer loop
         vertex 7.302892e+01 8.735433e+01 1.315975e+02
         vertex 7.337762e+01 8.734825e+01 1.319141e+02
         vertex 7.308067e+01 8.734825e+01 1.315512e+02
      endloop
   endfacet
   facet normal 6.236664e-02 9.961873e-01 -6.100191e-02
      outer loop
         vertex 7.302892e+01 8.735433e+01 1.315975e+02
         vertex 7.308067e+01 8.734825e+01 1.315512e+02
         vertex 7.270536e+01 8.735433e+01 1.312667e+02
      endloop
   endfacet
   facet normal 6.236664e-02 9.961873e-01 -6.100192e-02
      outer loop
         vertex 7.270536e+01 8.735433e+01 1.312667e+02
         vertex 7.308067e+01 8.734825e+01 1.315512e+02
         vertex 7.275282e+01 8.734825e+01 1.312160e+02
      endloop
   endfacet
   facet normal 5.673129e-02 9.961873e-01 -6.627516e-02
      outer loop
         vertex 7.270536e+01 8.735433e+01 1.312667e+02
         vertex 7.275282e+01 8.734825e+01 1.312160e+02
         vertex 7.235383e+01 8.735433e+01 1.309658e+02
      endloop
   endfacet
   facet normal 5.673136e-02 9.961873e-01 -6.627527e-02
      outer loop
         vertex 7.235383e+01 8.735433e+01 1.309658e+02
         vertex 7.275282e+01 8.734825e+01 1.312160e+02
         vertex 7.239662e+01 8.734825e+01 1.309111e+02
      endloop
   endfacet
   facet normal 5.065193e-02 9.961873e-01 -7.102983e-02
      outer loop
         vertex 7.235383e+01 8.735433e+01 1.309658e+02
         vertex 7.239662e+01 8.734825e+01 1.309111e+02
         vertex 7.197708e+01 8.735433e+01 1.306972e+02
      endloop
   endfacet
   facet normal 5.065187e-02 9.961873e-01 -7.102972e-02
      outer loop
         vertex 7.197708e+01 8.735433e+01 1.306972e+02
         vertex 7.239662e+01 8.734825e+01 1.309111e+02
         vertex 7.201487e+01 8.734825e+01 1.306389e+02
      endloop
   endfacet
   facet normal 4.417602e-02 9.961873e-01 -7.522840e-02
      outer loop
         vertex 7.197708e+01 8.735433e+01 1.306972e+02
         vertex 7.201487e+01 8.734825e+01 1.306389e+02
         vertex 7.157806e+01 8.735433e+01 1.304629e+02
      endloop
   endfacet
   facet normal 4.417613e-02 9.961873e-01 -7.522866e-02
      outer loop
         vertex 7.157806e+01 8.735433e+01 1.304629e+02
         vertex 7.201487e+01 8.734825e+01 1.306389e+02
         vertex 7.161055e+01 8.734825e+01 1.304015e+02
      endloop
   endfacet
   facet normal 3.735457e-02 9.961873e-01 -7.883856e-02
      outer loop
         vertex 7.157806e+01 8.735433e+01 1.304629e+02
         vertex 7.161055e+01 8.734825e+01 1.304015e+02
         vertex 7.115990e+01 8.735433e+01 1.302647e+02
      endloop
   endfacet
   facet normal 3.735456e-02 9.961873e-01 -7.883850e-02
      outer loop
         vertex 7.115990e+01 8.735433e+01 1.302647e+02
         vertex 7.161055e+01 8.734825e+01 1.304015e+02
         vertex 7.118683e+01 8.734825e+01 1.302007e+02
      endloop
   endfacet
   facet normal 3.024062e-02 9.961873e-01 -8.183139e-02
      outer loop
         vertex 7.115990e+01 8.735433e+01 1.302647e+02
         vertex 7.118683e+01 8.734825e+01 1.302007e+02
         vertex 7.072586e+01 8.735433e+01 1.301043e+02
      endloop
   endfacet
   facet normal 3.024059e-02 9.961873e-01 -8.183123e-02
      outer loop
         vertex 7.072586e+01 8.735433e+01 1.301043e+02
         vertex 7.118683e+01 8.734825e+01 1.302007e+02
         vertex 7.074703e+01 8.734825e+01 1.300382e+02
      endloop
   endfacet
   facet normal 2.288996e-02 9.961873e-01 -8.418369e-02
      outer loop
         vertex 7.072586e+01 8.735433e+01 1.301043e+02
         vertex 7.074703e+01 8.734825e+01 1.300382e+02
         vertex 7.027934e+01 8.735433e+01 1.299829e+02
      endloop
   endfacet
   facet normal 2.288996e-02 9.961873e-01 -8.418365e-02
      outer loop
         vertex 7.027934e+01 8.735433e+01 1.299829e+02
         vertex 7.074703e+01 8.734825e+01 1.300382e+02
         vertex 7.029458e+01 8.734825e+01 1.299152e+02
      endloop
   endfacet
   facet normal 1.536027e-02 9.961873e-01 -8.587723e-02
      outer loop
         vertex 7.027934e+01 8.735433e+01 1.299829e+02
         vertex 7.029458e+01 8.734825e+01 1.299152e+02
         vertex 6.982384e+01 8.735433e+01 1.299015e+02
      endloop
   endfacet
   facet normal 1.536027e-02 9.961873e-01 -8.587734e-02
      outer loop
         vertex 6.982384e+01 8.735433e+01 1.299015e+02
         vertex 7.029458e+01 8.734825e+01 1.299152e+02
         vertex 6.983304e+01 8.734825e+01 1.298326e+02
      endloop
   endfacet
   facet normal 7.710272e-03 9.961873e-01 -8.689883e-02
      outer loop
         vertex 6.982384e+01 8.735433e+01 1.299015e+02
         vertex 6.983304e+01 8.734825e+01 1.298326e+02
         vertex 6.936293e+01 8.735433e+01 1.298606e+02
      endloop
   endfacet
   facet normal 7.710278e-03 9.961873e-01 -8.689874e-02
      outer loop
         vertex 6.936293e+01 8.735433e+01 1.298606e+02
         vertex 6.983304e+01 8.734825e+01 1.298326e+02
         vertex 6.936600e+01 8.734825e+01 1.297912e+02
      endloop
   endfacet
   facet normal 0.000000e+00 9.961873e-01 -8.724013e-02
      outer loop
         vertex 6.936293e+01 8.735433e+01 1.298606e+02
         vertex 6.936600e+01 8.734825e+01 1.297912e+02
         vertex 6.890020e+01 8.735433e+01 1.298606e+02
      endloop
   endfacet
   facet normal 0.000000e+00 9.961873e-01 -8.724013e-02
      outer loop
         vertex 6.890020e+01 8.735433e+01 1.298606e+02
         vertex 6.936600e+01 8.734825e+01 1.297912e+02
         vertex 6.889712e+01 8.734825e+01 1.297912e+02
      endloop
   endfacet
   facet normal -7.710265e-03 9.961873e-01 -8.689874e-02
      outer loop
         vertex 6.890020e+01 8.735433e+01 1.298606e+02
         vertex 6.889712e+01 8.734825e+01 1.297912e+02
         vertex 6.843928e+01 8.735433e+01 1.299015e+02
      endloop
   endfacet
   facet normal -7.710285e-03 9.961873e-01 -8.689883e-02
      outer loop
         vertex 6.843928e+01 8.735433e+01 1.299015e+02
         vertex 6.889712e+01 8.734825e+01 1.297912e+02
         vertex 6.843009e+01 8.734825e+01 1.298326e+02
      endloop
   endfacet
   facet normal -1.536028e-02 9.961873e-01 -8.587734e-02
      outer loop
         vertex 6.843928e+01 8.735433e+01 1.299015e+02
         vertex 6.843009e+01 8.734825e+01 1.298326e+02
         vertex 6.798378e+01 8.735433e+01 1.299829e+02
      endloop
   endfacet
   facet normal -1.536025e-02 9.961873e-01 -8.587723e-02
      outer loop
         vertex 6.798378e+01 8.735433e+01 1.299829e+02
         vertex 6.843009e+01 8.734825e+01 1.298326e+02
         vertex 6.796854e+01 8.734825e+01 1.299152e+02
      endloop
   endfacet
   facet normal -2.288995e-02 9.961873e-01 -8.418365e-02
      outer loop
         vertex 6.798378e+01 8.735433e+01 1.299829e+02
         vertex 6.796854e+01 8.734825e+01 1.299152e+02
         vertex 6.753726e+01 8.735433e+01 1.301043e+02
      endloop
   endfacet
   facet normal -2.288997e-02 9.961873e-01 -8.418368e-02
      outer loop
         vertex 6.753726e+01 8.735433e+01 1.301043e+02
         vertex 6.796854e+01 8.734825e+01 1.299152e+02
         vertex 6.751609e+01 8.734825e+01 1.300382e+02
      endloop
   endfacet
   facet normal -3.024056e-02 9.961873e-01 -8.183124e-02
      outer loop
         vertex 6.753726e+01 8.735433e+01 1.301043e+02
         vertex 6.751609e+01 8.734825e+01 1.300382e+02
         vertex 6.710322e+01 8.735433e+01 1.302647e+02
      endloop
   endfacet
   facet normal -3.024064e-02 9.961873e-01 -8.183138e-02
      outer loop
         vertex 6.710322e+01 8.735433e+01 1.302647e+02
         vertex 6.751609e+01 8.734825e+01 1.300382e+02
         vertex 6.707629e+01 8.734825e+01 1.302007e+02
      endloop
   endfacet
   facet normal -3.735455e-02 9.961873e-01 -7.883850e-02
      outer loop
         vertex 6.710322e+01 8.735433e+01 1.302647e+02
         vertex 6.707629e+01 8.734825e+01 1.302007e+02
         vertex 6.668506e+01 8.735433e+01 1.304629e+02
      endloop
   endfacet
   facet normal -3.735458e-02 9.961873e-01 -7.883855e-02
      outer loop
         vertex 6.668506e+01 8.735433e+01 1.304629e+02
         vertex 6.707629e+01 8.734825e+01 1.302007e+02
         vertex 6.665257e+01 8.734825e+01 1.304015e+02
      endloop
   endfacet
   facet normal -4.417616e-02 9.961873e-01 -7.522864e-02
      outer loop
         vertex 6.668506e+01 8.735433e+01 1.304629e+02
         vertex 6.665257e+01 8.734825e+01 1.304015e+02
         vertex 6.628604e+01 8.735433e+01 1.306972e+02
      endloop
   endfacet
   facet normal -4.417599e-02 9.961873e-01 -7.522842e-02
      outer loop
         vertex 6.628604e+01 8.735433e+01 1.306972e+02
         vertex 6.665257e+01 8.734825e+01 1.304015e+02
         vertex 6.624825e+01 8.734825e+01 1.306389e+02
      endloop
   endfacet
   facet normal -5.065186e-02 9.961873e-01 -7.102973e-02
      outer loop
         vertex 6.628604e+01 8.735433e+01 1.306972e+02
         vertex 6.624825e+01 8.734825e+01 1.306389e+02
         vertex 6.590929e+01 8.735433e+01 1.309658e+02
      endloop
   endfacet
   facet normal -5.065194e-02 9.961873e-01 -7.102982e-02
      outer loop
         vertex 6.590929e+01 8.735433e+01 1.309658e+02
         vertex 6.624825e+01 8.734825e+01 1.306389e+02
         vertex 6.586650e+01 8.734825e+01 1.309111e+02
      endloop
   endfacet
   facet normal -5.673137e-02 9.961873e-01 -6.627526e-02
      outer loop
         vertex 6.590929e+01 8.735433e+01 1.309658e+02
         vertex 6.586650e+01 8.734825e+01 1.309111e+02
         vertex 6.555776e+01 8.735433e+01 1.312667e+02
      endloop
   endfacet
   facet normal -5.673128e-02 9.961873e-01 -6.627518e-02
      outer loop
         vertex 6.555776e+01 8.735433e+01 1.312667e+02
         vertex 6.586650e+01 8.734825e+01 1.309111e+02
         vertex 6.551030e+01 8.734825e+01 1.312160e+02
      endloop
   endfacet
   facet normal -6.236664e-02 9.961873e-01 -6.100192e-02
      outer loop
         vertex 6.555776e+01 8.735433e+01 1.312667e+02
         vertex 6.551030e+01 8.734825e+01 1.312160e+02
         vertex 6.523420e+01 8.735433e+01 1.315975e+02
      endloop
   endfacet
   facet normal -6.236664e-02 9.961873e-01 -6.100191e-02
      outer loop
         vertex 6.523420e+01 8.735433e+01 1.315975e+02
         vertex 6.551030e+01 8.734825e+01 1.312160e+02
         vertex 6.518245e+01 8.734825e+01 1.315512e+02
      endloop
   endfacet
   facet normal -6.751396e-02 9.961873e-01 -5.525124e-02
      outer loop
         vertex 6.523420e+01 8.735433e+01 1.315975e+02
         vertex 6.518245e+01 8.734825e+01 1.315512e+02
         vertex 6.494115e+01 8.735433e+01 1.319556e+02
      endloop
   endfacet
   facet normal -6.751405e-02 9.961873e-01 -5.525130e-02
      outer loop
         vertex 6.494115e+01 8.735433e+01 1.319556e+02
         vertex 6.518245e+01 8.734825e+01 1.315512e+02
         vertex 6.488550e+01 8.734825e+01 1.319141e+02
      endloop
   endfacet
   facet normal -7.213297e-02 9.961873e-01 -4.906818e-02
      outer loop
         vertex 6.494115e+01 8.735433e+01 1.319556e+02
         vertex 6.488550e+01 8.734825e+01 1.319141e+02
         vertex 6.468089e+01 8.735433e+01 1.323382e+02
      endloop
   endfacet
   facet normal -7.213304e-02 9.961873e-01 -4.906822e-02
      outer loop
         vertex 6.468089e+01 8.735433e+01 1.323382e+02
         vertex 6.488550e+01 8.734825e+01 1.319141e+02
         vertex 6.462178e+01 8.734825e+01 1.323018e+02
      endloop
   endfacet
   facet normal -7.618743e-02 9.961873e-01 -4.250111e-02
      outer loop
         vertex 6.468089e+01 8.735433e+01 1.323382e+02
         vertex 6.462178e+01 8.734825e+01 1.323018e+02
         vertex 6.445546e+01 8.735433e+01 1.327423e+02
      endloop
   endfacet
   facet normal -7.618747e-02 9.961873e-01 -4.250112e-02
      outer loop
         vertex 6.445546e+01 8.735433e+01 1.327423e+02
         vertex 6.462178e+01 8.734825e+01 1.323018e+02
         vertex 6.439336e+01 8.734825e+01 1.327112e+02
      endloop
   endfacet
   facet normal -7.964559e-02 9.961873e-01 -3.560136e-02
      outer loop
         vertex 6.445546e+01 8.735433e+01 1.327423e+02
         vertex 6.439336e+01 8.734825e+01 1.327112e+02
         vertex 6.426662e+01 8.735433e+01 1.331648e+02
      endloop
   endfacet
   facet normal -7.964572e-02 9.961873e-01 -3.560140e-02
      outer loop
         vertex 6.426662e+01 8.735433e+01 1.331648e+02
         vertex 6.439336e+01 8.734825e+01 1.327112e+02
         vertex 6.420202e+01 8.734825e+01 1.331393e+02
      endloop
   endfacet
   facet normal -8.248051e-02 9.961873e-01 -2.842300e-02
      outer loop
         vertex 6.426662e+01 8.735433e+01 1.331648e+02
         vertex 6.420202e+01 8.734825e+01 1.331393e+02
         vertex 6.411587e+01 8.735433e+01 1.336023e+02
      endloop
   endfacet
   facet normal -8.248054e-02 9.961873e-01 -2.842301e-02
      outer loop
         vertex 6.411587e+01 8.735433e+01 1.336023e+02
         vertex 6.420202e+01 8.734825e+01 1.331393e+02
         vertex 6.404926e+01 8.734825e+01 1.335826e+02
      endloop
   endfacet
   facet normal -8.466982e-02 9.961873e-01 -2.102210e-02
      outer loop
         vertex 6.411587e+01 8.735433e+01 1.336023e+02
         vertex 6.404926e+01 8.734825e+01 1.335826e+02
         vertex 6.400437e+01 8.735433e+01 1.340514e+02
      endloop
   endfacet
   facet normal -8.466924e-02 9.961873e-01 -2.102205e-02
      outer loop
         vertex 6.400437e+01 8.735433e+01 1.340514e+02
         vertex 6.404926e+01 8.734825e+01 1.335826e+02
         vertex 6.393628e+01 8.734825e+01 1.340376e+02
      endloop
   endfacet
   facet normal -8.619584e-02 9.961873e-01 -1.345667e-02
      outer loop
         vertex 6.400437e+01 8.735433e+01 1.340514e+02
         vertex 6.393628e+01 8.734825e+01 1.340376e+02
         vertex 6.393299e+01 8.735433e+01 1.345086e+02
      endloop
   endfacet
   facet normal -8.619598e-02 9.961873e-01 -1.345667e-02
      outer loop
         vertex 6.393299e+01 8.735433e+01 1.345086e+02
         vertex 6.393628e+01 8.734825e+01 1.340376e+02
         vertex 6.386395e+01 8.734825e+01 1.345009e+02
      endloop
   endfacet
   facet normal -8.704798e-02 9.961873e-01 -5.786048e-03
      outer loop
         vertex 6.393299e+01 8.735433e+01 1.345086e+02
         vertex 6.386395e+01 8.734825e+01 1.345009e+02
         vertex 6.390230e+01 8.735433e+01 1.349703e+02
      endloop
   endfacet
   facet normal -8.704844e-02 9.961873e-01 -5.786010e-03
      outer loop
         vertex 6.390230e+01 8.735433e+01 1.349703e+02
         vertex 6.386395e+01 8.734825e+01 1.345009e+02
         vertex 6.383286e+01 8.734825e+01 1.349687e+02
      endloop
   endfacet
   facet normal -8.721918e-02 9.961873e-01 1.929981e-03
      outer loop
         vertex 6.390230e+01 8.735433e+01 1.349703e+02
         vertex 6.383286e+01 8.734825e+01 1.349687e+02
         vertex 6.391254e+01 8.735433e+01 1.354329e+02
      endloop
   endfacet
   facet normal -8.721876e-02 9.961873e-01 1.929908e-03
      outer loop
         vertex 6.391254e+01 8.735433e+01 1.354329e+02
         vertex 6.383286e+01 8.734825e+01 1.349687e+02
         vertex 6.384323e+01 8.734825e+01 1.354375e+02
      endloop
   endfacet
   facet normal -8.670689e-02 9.961873e-01 9.630754e-03
      outer loop
         vertex 6.391254e+01 8.735433e+01 1.354329e+02
         vertex 6.384323e+01 8.734825e+01 1.354375e+02
         vertex 6.396362e+01 8.735433e+01 1.358928e+02
      endloop
   endfacet
   facet normal -8.670692e-02 9.961873e-01 9.630761e-03
      outer loop
         vertex 6.396362e+01 8.735433e+01 1.358928e+02
         vertex 6.384323e+01 8.734825e+01 1.354375e+02
         vertex 6.389499e+01 8.734825e+01 1.359035e+02
      endloop
   endfacet
   facet normal -8.551645e-02 9.961873e-01 1.725625e-02
      outer loop
         vertex 6.396362e+01 8.735433e+01 1.358928e+02
         vertex 6.389499e+01 8.734825e+01 1.359035e+02
         vertex 6.405515e+01 8.735433e+01 1.363464e+02
      endloop
   endfacet
   facet normal -8.551657e-02 9.961873e-01 1.725629e-02
      outer loop
         vertex 6.405515e+01 8.735433e+01 1.363464e+02
         vertex 6.389499e+01 8.734825e+01 1.359035e+02
         vertex 6.398774e+01 8.734825e+01 1.363631e+02
      endloop
   endfacet
   facet normal -8.365680e-02 9.961873e-01 2.474678e-02
      outer loop
         vertex 6.405515e+01 8.735433e+01 1.363464e+02
         vertex 6.398774e+01 8.734825e+01 1.363631e+02
         vertex 6.418641e+01 8.735433e+01 1.367901e+02
      endloop
   endfacet
   facet normal -8.365642e-02 9.961873e-01 2.474660e-02
      outer loop
         vertex 6.418641e+01 8.735433e+01 1.367901e+02
         vertex 6.398774e+01 8.734825e+01 1.363631e+02
         vertex 6.412074e+01 8.734825e+01 1.368127e+02
      endloop
   endfacet
   facet normal -8.114197e-02 9.961873e-01 3.204330e-02
      outer loop
         vertex 6.418641e+01 8.735433e+01 1.367901e+02
         vertex 6.412074e+01 8.734825e+01 1.368127e+02
         vertex 6.435637e+01 8.735433e+01 1.372205e+02
      endloop
   endfacet
   facet normal -8.114249e-02 9.961873e-01 3.204360e-02
      outer loop
         vertex 6.435637e+01 8.735433e+01 1.372205e+02
         vertex 6.412074e+01 8.734825e+01 1.368127e+02
         vertex 6.429295e+01 8.734825e+01 1.372488e+02
      endloop
   endfacet
   facet normal -7.799296e-02 9.961873e-01 3.908954e-02
      outer loop
         vertex 6.435637e+01 8.735433e+01 1.372205e+02
         vertex 6.429295e+01 8.734825e+01 1.372488e+02
         vertex 6.456370e+01 8.735433e+01 1.376342e+02
      endloop
   endfacet
   facet normal -7.799302e-02 9.961873e-01 3.908958e-02
      outer loop
         vertex 6.456370e+01 8.735433e+01 1.376342e+02
         vertex 6.429295e+01 8.734825e+01 1.372488e+02
         vertex 6.450304e+01 8.734825e+01 1.376680e+02
      endloop
   endfacet
   facet normal -7.423307e-02 9.961873e-01 4.582963e-02
      outer loop
         vertex 6.456370e+01 8.735433e+01 1.376342e+02
         vertex 6.450304e+01 8.734825e+01 1.376680e+02
         vertex 6.480678e+01 8.735433e+01 1.380279e+02
      endloop
   endfacet
   facet normal -7.423302e-02 9.961873e-01 4.582958e-02
      outer loop
         vertex 6.480678e+01 8.735433e+01 1.380279e+02
         vertex 6.450304e+01 8.734825e+01 1.376680e+02
         vertex 6.474935e+01 8.734825e+01 1.380670e+02
      endloop
   endfacet
   facet normal -6.989210e-02 9.961873e-01 5.221095e-02
      outer loop
         vertex 6.480678e+01 8.735433e+01 1.380279e+02
         vertex 6.474935e+01 8.734825e+01 1.380670e+02
         vertex 6.508371e+01 8.735433e+01 1.383986e+02
      endloop
   endfacet
   facet normal -6.989223e-02 9.961873e-01 5.221108e-02
      outer loop
         vertex 6.508371e+01 8.735433e+01 1.383986e+02
         vertex 6.474935e+01 8.734825e+01 1.380670e+02
         vertex 6.502996e+01 8.734825e+01 1.384426e+02
      endloop
   endfacet
   facet normal -6.500429e-02 9.961873e-01 5.818386e-02
      outer loop
         vertex 6.508371e+01 8.735433e+01 1.383986e+02
         vertex 6.502996e+01 8.734825e+01 1.384426e+02
         vertex 6.539232e+01 8.735433e+01 1.387434e+02
      endloop
   endfacet
   facet normal -6.500420e-02 9.961873e-01 5.818375e-02
      outer loop
         vertex 6.539232e+01 8.735433e+01 1.387434e+02
         vertex 6.502996e+01 8.734825e+01 1.384426e+02
         vertex 6.534267e+01 8.734825e+01 1.387920e+02
      endloop
   endfacet
   facet normal -5.960752e-02 9.961873e-01 6.370114e-02
      outer loop
         vertex 6.539232e+01 8.735433e+01 1.387434e+02
         vertex 6.534267e+01 8.734825e+01 1.387920e+02
         vertex 6.573020e+01 8.735433e+01 1.390596e+02
      endloop
   endfacet
   facet normal -5.960752e-02 9.961873e-01 6.370115e-02
      outer loop
         vertex 6.573020e+01 8.735433e+01 1.390596e+02
         vertex 6.534267e+01 8.734825e+01 1.387920e+02
         vertex 6.568503e+01 8.734825e+01 1.391123e+02
      endloop
   endfacet
   facet normal -5.374434e-02 9.961873e-01 6.871999e-02
      outer loop
         vertex 6.573020e+01 8.735433e+01 1.390596e+02
         vertex 6.568503e+01 8.734825e+01 1.391123e+02
         vertex 6.609469e+01 8.735433e+01 1.393446e+02
      endloop
   endfacet
   facet normal -5.374418e-02 9.961873e-01 6.871971e-02
      outer loop
         vertex 6.609469e+01 8.735433e+01 1.393446e+02
         vertex 6.568503e+01 8.734825e+01 1.391123e+02
         vertex 6.605437e+01 8.734825e+01 1.394012e+02
      endloop
   endfacet
   facet normal -4.746041e-02 9.961873e-01 7.320072e-02
      outer loop
         vertex 6.609469e+01 8.735433e+01 1.393446e+02
         vertex 6.605437e+01 8.734825e+01 1.394012e+02
         vertex 6.648296e+01 8.735433e+01 1.395964e+02
      endloop
   endfacet
   facet normal -4.746040e-02 9.961873e-01 7.320070e-02
      outer loop
         vertex 6.648296e+01 8.735433e+01 1.395964e+02
         vertex 6.605437e+01 8.734825e+01 1.394012e+02
         vertex 6.644778e+01 8.734825e+01 1.396562e+02
      endloop
   endfacet
   facet normal -4.080518e-02 9.961873e-01 7.710879e-02
      outer loop
         vertex 6.648296e+01 8.735433e+01 1.395964e+02
         vertex 6.644778e+01 8.734825e+01 1.396562e+02
         vertex 6.689195e+01 8.735433e+01 1.398128e+02
      endloop
   endfacet
   facet normal -4.080518e-02 9.961873e-01 7.710881e-02
      outer loop
         vertex 6.689195e+01 8.735433e+01 1.398128e+02
         vertex 6.644778e+01 8.734825e+01 1.396562e+02
         vertex 6.686221e+01 8.734825e+01 1.398756e+02
      endloop
   endfacet
   facet normal -3.383063e-02 9.961873e-01 8.041342e-02
      outer loop
         vertex 6.689195e+01 8.735433e+01 1.398128e+02
         vertex 6.686221e+01 8.734825e+01 1.398756e+02
         vertex 6.731847e+01 8.735433e+01 1.399922e+02
      endloop
   endfacet
   facet normal -3.383067e-02 9.961873e-01 8.041361e-02
      outer loop
         vertex 6.731847e+01 8.735433e+01 1.399922e+02
         vertex 6.686221e+01 8.734825e+01 1.398756e+02
         vertex 6.729439e+01 8.734825e+01 1.400574e+02
      endloop
   endfacet
   facet normal -2.659130e-02 9.961873e-01 8.308892e-02
      outer loop
         vertex 6.731847e+01 8.735433e+01 1.399922e+02
         vertex 6.729439e+01 8.734825e+01 1.400574e+02
         vertex 6.775918e+01 8.735433e+01 1.401333e+02
      endloop
   endfacet
   facet normal -2.659129e-02 9.961873e-01 8.308884e-02
      outer loop
         vertex 6.775918e+01 8.735433e+01 1.401333e+02
         vertex 6.729439e+01 8.734825e+01 1.400574e+02
         vertex 6.774095e+01 8.734825e+01 1.402003e+02
      endloop
   endfacet
   facet normal -1.914388e-02 9.961873e-01 8.511382e-02
      outer loop
         vertex 6.775918e+01 8.735433e+01 1.401333e+02
         vertex 6.774095e+01 8.734825e+01 1.402003e+02
         vertex 6.821063e+01 8.735433e+01 1.402348e+02
      endloop
   endfacet
   facet normal -1.914387e-02 9.961873e-01 8.511363e-02
      outer loop
         vertex 6.821063e+01 8.735433e+01 1.402348e+02
         vertex 6.774095e+01 8.734825e+01 1.402003e+02
         vertex 6.819840e+01 8.734825e+01 1.403032e+02
      endloop
   endfacet
   facet normal -1.154652e-02 9.961873e-01 8.647251e-02
      outer loop
         vertex 6.821063e+01 8.735433e+01 1.402348e+02
         vertex 6.819840e+01 8.734825e+01 1.403032e+02
         vertex 6.866929e+01 8.735433e+01 1.402961e+02
      endloop
   endfacet
   facet normal -1.154652e-02 9.961873e-01 8.647258e-02
      outer loop
         vertex 6.866929e+01 8.735433e+01 1.402961e+02
         vertex 6.819840e+01 8.734825e+01 1.403032e+02
         vertex 6.866315e+01 8.734825e+01 1.403652e+02
      endloop
   endfacet
   facet normal -3.858957e-03 9.961873e-01 8.715467e-02
      outer loop
         vertex 6.866929e+01 8.735433e+01 1.402961e+02
         vertex 6.866315e+01 8.734825e+01 1.403652e+02
         vertex 6.913156e+01 8.735433e+01 1.403165e+02
      endloop
   endfacet
   facet normal -3.858927e-03 9.961873e-01 8.715497e-02
      outer loop
         vertex 6.913156e+01 8.735433e+01 1.403165e+02
         vertex 6.866315e+01 8.734825e+01 1.403652e+02
         vertex 6.913156e+01 8.734825e+01 1.403860e+02
      endloop
   endfacet
   facet normal 3.858970e-03 9.961873e-01 8.715497e-02
      outer loop
         vertex 6.913156e+01 8.735433e+01 1.403165e+02
         vertex 6.913156e+01 8.734825e+01 1.403860e+02
         vertex 6.959384e+01 8.735433e+01 1.402961e+02
      endloop
   endfacet
   facet normal 3.858914e-03 9.961873e-01 8.715468e-02
      outer loop
         vertex 6.959384e+01 8.735433e+01 1.402961e+02
         vertex 6.913156e+01 8.734825e+01 1.403860e+02
         vertex 6.959998e+01 8.734825e+01 1.403652e+02
      endloop
   endfacet
   facet normal -9.990482e-01 4.362045e-02 0.000000e+00
      outer loop
         vertex 6.782156e+01 8.744825e+01 1.369860e+02
         vertex 6.782156e+01 8.744825e+01 1.362860e+02
         vertex 6.782118e+01 8.743954e+01 1.369864e+02
      endloop
   endfacet
   facet normal -9.961948e-01 8.715295e-02 5.432697e-04
      outer loop
         vertex 6.782118e+01 8.743954e+01 1.369864e+02
         vertex 6.782156e+01 8.744825e+01 1.362860e+02
         vertex 6.782004e+01 8.743089e+01 1.362860e+02
      endloop
   endfacet
   facet normal -9.914457e-01 1.305195e-01 0.000000e+00
      outer loop
         vertex 6.782118e+01 8.743954e+01 1.369864e+02
         vertex 6.782004e+01 8.743089e+01 1.362860e+02
         vertex 6.782004e+01 8.743089e+01 1.369875e+02
      endloop
   endfacet
   facet normal -9.762944e-01 2.164466e-01 0.000000e+00
      outer loop
         vertex 6.782004e+01 8.743089e+01 1.369875e+02
         vertex 6.782004e+01 8.743089e+01 1.362860e+02
         vertex 6.781815e+01 8.742237e+01 1.369894e+02
      endloop
   endfacet
   facet normal -9.659257e-01 2.588190e-01 5.408927e-04
      outer loop
         vertex 6.781815e+01 8.742237e+01 1.369894e+02
         vertex 6.782004e+01 8.743089e+01 1.362860e+02
         vertex 6.781553e+01 8.741405e+01 1.362860e+02
      endloop
   endfacet
   facet normal -9.537191e-01 3.006991e-01 0.000000e+00
      outer loop
         vertex 6.781815e+01 8.742237e+01 1.369894e+02
         vertex 6.781553e+01 8.741405e+01 1.362860e+02
         vertex 6.781553e+01 8.741405e+01 1.369920e+02
      endloop
   endfacet
   facet normal -9.238790e-01 3.826846e-01 0.000000e+00
      outer loop
         vertex 6.781553e+01 8.741405e+01 1.369920e+02
         vertex 6.781553e+01 8.741405e+01 1.362860e+02
         vertex 6.781219e+01 8.740599e+01 1.369953e+02
      endloop
   endfacet
   facet normal -9.063072e-01 4.226192e-01 5.364355e-04
      outer loop
         vertex 6.781219e+01 8.740599e+01 1.369953e+02
         vertex 6.781553e+01 8.741405e+01 1.362860e+02
         vertex 6.780816e+01 8.739825e+01 1.362860e+02
      endloop
   endfacet
   facet normal -8.870103e-01 4.617497e-01 0.000000e+00
      outer loop
         vertex 6.781219e+01 8.740599e+01 1.369953e+02
         vertex 6.780816e+01 8.739825e+01 1.362860e+02
         vertex 6.780816e+01 8.739825e+01 1.369994e+02
      endloop
   endfacet
   facet normal -8.433906e-01 5.373009e-01 0.000000e+00
      outer loop
         vertex 6.780816e+01 8.739825e+01 1.369994e+02
         vertex 6.780816e+01 8.739825e+01 1.362860e+02
         vertex 6.780348e+01 8.739090e+01 1.370041e+02
      endloop
   endfacet
   facet normal -8.191512e-01 5.735774e-01 5.299194e-04
      outer loop
         vertex 6.780348e+01 8.739090e+01 1.370041e+02
         vertex 6.780816e+01 8.739825e+01 1.362860e+02
         vertex 6.779817e+01 8.738397e+01 1.362860e+02
      endloop
   endfacet
   facet normal -7.933529e-01 6.087621e-01 0.000000e+00
      outer loop
         vertex 6.780348e+01 8.739090e+01 1.370041e+02
         vertex 6.779817e+01 8.738397e+01 1.362860e+02
         vertex 6.779817e+01 8.738397e+01 1.370094e+02
      endloop
   endfacet
   facet normal -7.071068e-01 7.071068e-01 0.000000e+00
      outer loop
         vertex 6.779817e+01 8.738397e+01 1.370094e+02
         vertex 6.779817e+01 8.738397e+01 1.362860e+02
         vertex 6.778584e+01 8.737165e+01 1.362860e+02
      endloop
   endfacet
   facet normal -7.071068e-01 7.071068e-01 0.000000e+00
      outer loop
         vertex 6.779817e+01 8.738397e+01 1.370094e+02
         vertex 6.778584e+01 8.737165e+01 1.362860e+02
         vertex 6.778584e+01 8.737165e+01 1.370217e+02
      endloop
   endfacet
   facet normal -5.735757e-01 8.191526e-01 0.000000e+00
      outer loop
         vertex 6.778584e+01 8.737165e+01 1.370217e+02
         vertex 6.778584e+01 8.737165e+01 1.362860e+02
         vertex 6.777156e+01 8.736165e+01 1.362860e+02
      endloop
   endfacet
   facet normal -5.735757e-01 8.191526e-01 0.000000e+00
      outer loop
         vertex 6.778584e+01 8.737165e+01 1.370217e+02
         vertex 6.777156e+01 8.736165e+01 1.362860e+02
         vertex 6.777156e+01 8.736165e+01 1.370360e+02
      endloop
   endfacet
   facet normal -4.226191e-01 9.063074e-01 0.000000e+00
      outer loop
         vertex 6.777156e+01 8.736165e+01 1.370360e+02
         vertex 6.777156e+01 8.736165e+01 1.362860e+02
         vertex 6.775576e+01 8.735428e+01 1.362860e+02
      endloop
   endfacet
   facet normal -4.226191e-01 9.063074e-01 0.000000e+00
      outer loop
         vertex 6.777156e+01 8.736165e+01 1.370360e+02
         vertex 6.775576e+01 8.735428e+01 1.362860e+02
         vertex 6.775576e+01 8.735428e+01 1.370518e+02
      endloop
   endfacet
   facet normal -2.588191e-01 9.659258e-01 0.000000e+00
      outer loop
         vertex 6.775576e+01 8.735428e+01 1.370518e+02
         vertex 6.775576e+01 8.735428e+01 1.362860e+02
         vertex 6.773893e+01 8.734977e+01 1.362860e+02
      endloop
   endfacet
   facet normal -2.588191e-01 9.659258e-01 0.000000e+00
      outer loop
         vertex 6.775576e+01 8.735428e+01 1.370518e+02
         vertex 6.773893e+01 8.734977e+01 1.362860e+02
         vertex 6.773893e+01 8.734977e+01 1.370686e+02
      endloop
   endfacet
   facet normal -8.715515e-02 9.961947e-01 0.000000e+00
      outer loop
         vertex 6.773893e+01 8.734977e+01 1.370686e+02
         vertex 6.773893e+01 8.734977e+01 1.362860e+02
         vertex 6.772156e+01 8.734825e+01 1.362860e+02
      endloop
   endfacet
   facet normal -8.715515e-02 9.961947e-01 0.000000e+00
      outer loop
         vertex 6.773893e+01 8.734977e+01 1.370686e+02
         vertex 6.772156e+01 8.734825e+01 1.362860e+02
         vertex 6.772156e+01 8.734825e+01 1.370860e+02
      endloop
   endfacet
   facet normal 0.000000e+00 4.617413e-01 8.870147e-01
      outer loop
         vertex 6.781219e+01 8.740599e+01 1.369953e+02
         vertex 6.780816e+01 8.739825e+01 1.369994e+02
         vertex 7.044496e+01 8.739825e+01 1.369994e+02
      endloop
   endfacet
   facet normal 0.000000e+00 3.007088e-01 9.537160e-01
      outer loop
         vertex 6.781815e+01 8.742237e+01 1.369894e+02
         vertex 6.781553e+01 8.741405e+01 1.369920e+02
         vertex 7.043759e+01 8.741405e+01 1.369920e+02
      endloop
   endfacet
   facet normal -0.000000e+00 8.716357e-02 9.961940e-01
      outer loop
         vertex 6.863156e+01 8.744825e+01 1.369860e+02
         vertex 7.043308e+01 8.743089e+01 1.369875e+02
         vertex 6.963156e+01 8.744825e+01 1.369860e+02
      endloop
   endfacet
   facet normal 9.514589e-04 1.306636e-01 9.914263e-01
      outer loop
         vertex 6.963156e+01 8.744825e+01 1.369860e+02
         vertex 7.043308e+01 8.743089e+01 1.369875e+02
         vertex 7.043194e+01 8.743954e+01 1.369864e+02
      endloop
   endfacet
   facet normal -0.000000e+00 4.362045e-02 9.990482e-01
      outer loop
         vertex 6.963156e+01 8.744825e+01 1.369860e+02
         vertex 7.043194e+01 8.743954e+01 1.369864e+02
         vertex 7.043156e+01 8.744825e+01 1.369860e+02
      endloop
   endfacet
   facet normal -2.900800e-04 2.164978e-01 9.762831e-01
      outer loop
         vertex 6.781815e+01 8.742237e+01 1.369894e+02
         vertex 7.043759e+01 8.741405e+01 1.369920e+02
         vertex 6.782004e+01 8.743089e+01 1.369875e+02
      endloop
   endfacet
   facet normal 2.910794e-04 3.007923e-01 9.536896e-01
      outer loop
         vertex 7.043759e+01 8.741405e+01 1.369920e+02
         vertex 7.043497e+01 8.742237e+01 1.369894e+02
         vertex 6.782004e+01 8.743089e+01 1.369875e+02
      endloop
   endfacet
   facet normal -0.000000e+00 2.164365e-01 9.762967e-01
      outer loop
         vertex 6.782004e+01 8.743089e+01 1.369875e+02
         vertex 7.043497e+01 8.742237e+01 1.369894e+02
         vertex 7.043308e+01 8.743089e+01 1.369875e+02
      endloop
   endfacet
   facet normal -0.000000e+00 1.305405e-01 9.914430e-01
      outer loop
         vertex 6.782004e+01 8.743089e+01 1.369875e+02
         vertex 7.043308e+01 8.743089e+01 1.369875e+02
         vertex 6.782118e+01 8.743954e+01 1.369864e+02
      endloop
   endfacet
   facet normal -2.223595e-04 6.424701e-02 9.979340e-01
      outer loop
         vertex 6.782118e+01 8.743954e+01 1.369864e+02
         vertex 7.043308e+01 8.743089e+01 1.369875e+02
         vertex 6.863156e+01 8.744825e+01 1.369860e+02
      endloop
   endfacet
   facet normal 0.000000e+00 4.362045e-02 9.990482e-01
      outer loop
         vertex 6.782118e+01 8.743954e+01 1.369864e+02
         vertex 6.863156e+01 8.744825e+01 1.369860e+02
         vertex 6.782156e+01 8.744825e+01 1.369860e+02
      endloop
   endfacet
   facet normal -2.884327e-04 3.827775e-01 9.238405e-01
      outer loop
         vertex 6.781219e+01 8.740599e+01 1.369953e+02
         vertex 7.044496e+01 8.739825e+01 1.369994e+02
         vertex 6.781553e+01 8.741405e+01 1.369920e+02
      endloop
   endfacet
   facet normal 2.900524e-04 4.618600e-01 8.869528e-01
      outer loop
         vertex 6.781553e+01 8.741405e+01 1.369920e+02
         vertex 7.044496e+01 8.739825e+01 1.369994e+02
         vertex 7.044093e+01 8.740599e+01 1.369953e+02
      endloop
   endfacet
   facet normal -0.000000e+00 3.826755e-01 9.238828e-01
      outer loop
         vertex 6.781553e+01 8.741405e+01 1.369920e+02
         vertex 7.044093e+01 8.740599e+01 1.369953e+02
         vertex 7.043759e+01 8.741405e+01 1.369920e+02
      endloop
   endfacet
   facet normal -2.862528e-04 5.374306e-01 8.433079e-01
      outer loop
         vertex 6.780348e+01 8.739090e+01 1.370041e+02
         vertex 7.045496e+01 8.738397e+01 1.370094e+02
         vertex 6.780816e+01 8.739825e+01 1.369994e+02
      endloop
   endfacet
   facet normal 2.884195e-04 6.089013e-01 7.932459e-01
      outer loop
         vertex 6.780816e+01 8.739825e+01 1.369994e+02
         vertex 7.045496e+01 8.738397e+01 1.370094e+02
         vertex 7.044965e+01 8.739090e+01 1.370041e+02
      endloop
   endfacet
   facet normal -0.000000e+00 5.373009e-01 8.433906e-01
      outer loop
         vertex 6.780816e+01 8.739825e+01 1.369994e+02
         vertex 7.044965e+01 8.739090e+01 1.370041e+02
         vertex 7.044496e+01 8.739825e+01 1.369994e+02
      endloop
   endfacet
   facet normal 0.000000e+00 6.087621e-01 7.933529e-01
      outer loop
         vertex 6.780348e+01 8.739090e+01 1.370041e+02
         vertex 6.779817e+01 8.738397e+01 1.370094e+02
         vertex 7.045496e+01 8.738397e+01 1.370094e+02
      endloop
   endfacet
   facet normal 0.000000e+00 7.071068e-01 7.071068e-01
      outer loop
         vertex 7.045496e+01 8.738397e+01 1.370094e+02
         vertex 6.779817e+01 8.738397e+01 1.370094e+02
         vertex 6.778584e+01 8.737165e+01 1.370217e+02
      endloop
   endfacet
   facet normal 0.000000e+00 7.071068e-01 7.071068e-01
      outer loop
         vertex 7.045496e+01 8.738397e+01 1.370094e+02
         vertex 6.778584e+01 8.737165e+01 1.370217e+02
         vertex 7.046728e+01 8.737165e+01 1.370217e+02
      endloop
   endfacet
   facet normal 0.000000e+00 8.191544e-01 5.735731e-01
      outer loop
         vertex 7.046728e+01 8.737165e+01 1.370217e+02
         vertex 6.778584e+01 8.737165e+01 1.370217e+02
         vertex 6.777156e+01 8.736165e+01 1.370360e+02
      endloop
   endfacet
   facet normal 0.000000e+00 8.191544e-01 5.735731e-01
      outer loop
         vertex 7.046728e+01 8.737165e+01 1.370217e+02
         vertex 6.777156e+01 8.736165e+01 1.370360e+02
         vertex 7.048156e+01 8.736165e+01 1.370360e+02
      endloop
   endfacet
   facet normal 0.000000e+00 9.063083e-01 4.226171e-01
      outer loop
         vertex 7.048156e+01 8.736165e+01 1.370360e+02
         vertex 6.777156e+01 8.736165e+01 1.370360e+02
         vertex 6.775576e+01 8.735428e+01 1.370518e+02
      endloop
   endfacet
   facet normal 0.000000e+00 9.063083e-01 4.226171e-01
      outer loop
         vertex 7.048156e+01 8.736165e+01 1.370360e+02
         vertex 6.775576e+01 8.735428e+01 1.370518e+02
         vertex 7.049736e+01 8.735428e+01 1.370518e+02
      endloop
   endfacet
   facet normal 0.000000e+00 9.659258e-01 2.588191e-01
      outer loop
         vertex 7.049736e+01 8.735428e+01 1.370518e+02
         vertex 6.775576e+01 8.735428e+01 1.370518e+02
         vertex 6.773893e+01 8.734977e+01 1.370686e+02
      endloop
   endfacet
   facet normal 0.000000e+00 9.659258e-01 2.588191e-01
      outer loop
         vertex 7.049736e+01 8.735428e+01 1.370518e+02
         vertex 6.773893e+01 8.734977e+01 1.370686e+02
         vertex 7.051420e+01 8.734977e+01 1.370686e+02
      endloop
   endfacet
   facet normal 0.000000e+00 9.961947e-01 8.715608e-02
      outer loop
         vertex 7.051420e+01 8.734977e+01 1.370686e+02
         vertex 6.773893e+01 8.734977e+01 1.370686e+02
         vertex 6.772156e+01 8.734825e+01 1.370860e+02
      endloop
   endfacet
   facet normal 0.000000e+00 9.961947e-01 8.715608e-02
      outer loop
         vertex 7.051420e+01 8.734977e+01 1.370686e+02
         vertex 6.772156e+01 8.734825e+01 1.370860e+02
         vertex 7.053156e+01 8.734825e+01 1.370860e+02
      endloop
   endfacet
   facet normal 8.715515e-02 9.961947e-01 0.000000e+00
      outer loop
         vertex 7.053156e+01 8.734825e+01 1.370860e+02
         vertex 7.053156e+01 8.734825e+01 1.362860e+02
         vertex 7.051420e+01 8.734977e+01 1.362860e+02
      endloop
   endfacet
   facet normal 8.715515e-02 9.961947e-01 0.000000e+00
      outer loop
         vertex 7.053156e+01 8.734825e+01 1.370860e+02
         vertex 7.051420e+01 8.734977e+01 1.362860e+02
         vertex 7.051420e+01 8.734977e+01 1.370686e+02
      endloop
   endfacet
   facet normal 2.588191e-01 9.659258e-01 0.000000e+00
      outer loop
         vertex 7.051420e+01 8.734977e+01 1.370686e+02
         vertex 7.051420e+01 8.734977e+01 1.362860e+02
         vertex 7.049736e+01 8.735428e+01 1.362860e+02
      endloop
   endfacet
   facet normal 2.588191e-01 9.659258e-01 0.000000e+00
      outer loop
         vertex 7.051420e+01 8.734977e+01 1.370686e+02
         vertex 7.049736e+01 8.735428e+01 1.362860e+02
         vertex 7.049736e+01 8.735428e+01 1.370518e+02
      endloop
   endfacet
   facet normal 4.226191e-01 9.063074e-01 0.000000e+00
      outer loop
         vertex 7.049736e+01 8.735428e+01 1.370518e+02
         vertex 7.049736e+01 8.735428e+01 1.362860e+02
         vertex 7.048156e+01 8.736165e+01 1.362860e+02
      endloop
   endfacet
   facet normal 4.226191e-01 9.063074e-01 0.000000e+00
      outer loop
         vertex 7.049736e+01 8.735428e+01 1.370518e+02
         vertex 7.048156e+01 8.736165e+01 1.362860e+02
         vertex 7.048156e+01 8.736165e+01 1.370360e+02
      endloop
   endfacet
   facet normal 5.735757e-01 8.191526e-01 0.000000e+00
      outer loop
         vertex 7.048156e+01 8.736165e+01 1.370360e+02
         vertex 7.048156e+01 8.736165e+01 1.362860e+02
         vertex 7.046728e+01 8.737165e+01 1.362860e+02
      endloop
   endfacet
   facet normal 5.735757e-01 8.191526e-01 0.000000e+00
      outer loop
         vertex 7.048156e+01 8.736165e+01 1.370360e+02
         vertex 7.046728e+01 8.737165e+01 1.362860e+02
         vertex 7.046728e+01 8.737165e+01 1.370217e+02
      endloop
   endfacet
   facet normal 7.071068e-01 7.071068e-01 0.000000e+00
      outer loop
         vertex 7.046728e+01 8.737165e+01 1.370217e+02
         vertex 7.046728e+01 8.737165e+01 1.362860e+02
         vertex 7.045496e+01 8.738397e+01 1.362860e+02
      endloop
   endfacet
   facet normal 7.071068e-01 7.071068e-01 0.000000e+00
      outer loop
         vertex 7.046728e+01 8.737165e+01 1.370217e+02
         vertex 7.045496e+01 8.738397e+01 1.362860e+02
         vertex 7.045496e+01 8.738397e+01 1.370094e+02
      endloop
   endfacet
   facet normal 9.063073e-01 4.226193e-01 0.000000e+00
      outer loop
         vertex 7.044496e+01 8.739825e+01 1.362860e+02
         vertex 7.043759e+01 8.741405e+01 1.362860e+02
         vertex 7.043759e+01 8.741405e+01 1.369920e+02
      endloop
   endfacet
   facet normal 9.237222e-01 3.830615e-01 1.066845e-03
      outer loop
         vertex 7.043759e+01 8.741405e+01 1.369920e+02
         vertex 7.044093e+01 8.740599e+01 1.369953e+02
         vertex 7.044496e+01 8.739825e+01 1.362860e+02
      endloop
   endfacet
   facet normal 8.870103e-01 4.617497e-01 -0.000000e+00
      outer loop
         vertex 7.044496e+01 8.739825e+01 1.362860e+02
         vertex 7.044093e+01 8.740599e+01 1.369953e+02
         vertex 7.044496e+01 8.739825e+01 1.369994e+02
      endloop
   endfacet
   facet normal 8.191513e-01 5.735774e-01 -0.000000e+00
      outer loop
         vertex 7.044496e+01 8.739825e+01 1.362860e+02
         vertex 7.044496e+01 8.739825e+01 1.369994e+02
         vertex 7.045496e+01 8.738397e+01 1.362860e+02
      endloop
   endfacet
   facet normal 8.430863e-01 5.377773e-01 1.051990e-03
      outer loop
         vertex 7.045496e+01 8.738397e+01 1.362860e+02
         vertex 7.044496e+01 8.739825e+01 1.369994e+02
         vertex 7.044965e+01 8.739090e+01 1.370041e+02
      endloop
   endfacet
   facet normal 7.933529e-01 6.087621e-01 -0.000000e+00
      outer loop
         vertex 7.045496e+01 8.738397e+01 1.362860e+02
         vertex 7.044965e+01 8.739090e+01 1.370041e+02
         vertex 7.045496e+01 8.738397e+01 1.370094e+02
      endloop
   endfacet
   facet normal 9.961949e-01 8.715297e-02 0.000000e+00
      outer loop
         vertex 7.043308e+01 8.743089e+01 1.362860e+02
         vertex 7.043156e+01 8.744825e+01 1.362860e+02
         vertex 7.043156e+01 8.744825e+01 1.369860e+02
      endloop
   endfacet
   facet normal 9.990455e-01 4.366770e-02 1.084919e-03
      outer loop
         vertex 7.043156e+01 8.744825e+01 1.369860e+02
         vertex 7.043194e+01 8.743954e+01 1.369864e+02
         vertex 7.043308e+01 8.743089e+01 1.362860e+02
      endloop
   endfacet
   facet normal 9.914457e-01 1.305195e-01 -0.000000e+00
      outer loop
         vertex 7.043308e+01 8.743089e+01 1.362860e+02
         vertex 7.043194e+01 8.743954e+01 1.369864e+02
         vertex 7.043308e+01 8.743089e+01 1.369875e+02
      endloop
   endfacet
   facet normal 9.659258e-01 2.588191e-01 -0.000000e+00
      outer loop
         vertex 7.043308e+01 8.743089e+01 1.362860e+02
         vertex 7.043308e+01 8.743089e+01 1.369875e+02
         vertex 7.043759e+01 8.741405e+01 1.362860e+02
      endloop
   endfacet
   facet normal 9.762434e-01 2.166743e-01 1.077871e-03
      outer loop
         vertex 7.043759e+01 8.741405e+01 1.362860e+02
         vertex 7.043308e+01 8.743089e+01 1.369875e+02
         vertex 7.043497e+01 8.742237e+01 1.369894e+02
      endloop
   endfacet
   facet normal 9.537191e-01 3.006991e-01 -0.000000e+00
      outer loop
         vertex 7.043759e+01 8.741405e+01 1.362860e+02
         vertex 7.043497e+01 8.742237e+01 1.369894e+02
         vertex 7.043759e+01 8.741405e+01 1.369920e+02
      endloop
   endfacet
   facet normal -8.714623e-02 0.000000e+00 -9.961955e-01
      outer loop
         vertex 6.963156e+01 8.986825e+01 1.317783e+02
         vertex 6.963156e+01 9.074825e+01 1.317783e+02
         vertex 6.965414e+01 8.986825e+01 1.317763e+02
      endloop
   endfacet
   facet normal -8.714623e-02 0.000000e+00 -9.961955e-01
      outer loop
         vertex 6.965414e+01 8.986825e+01 1.317763e+02
         vertex 6.963156e+01 9.074825e+01 1.317783e+02
         vertex 6.965414e+01 9.074825e+01 1.317763e+02
      endloop
   endfacet
   facet normal -2.588243e-01 0.000000e+00 -9.659244e-01
      outer loop
         vertex 6.965414e+01 8.986825e+01 1.317763e+02
         vertex 6.965414e+01 9.074825e+01 1.317763e+02
         vertex 6.967602e+01 8.986825e+01 1.317704e+02
      endloop
   endfacet
   facet normal -2.588243e-01 0.000000e+00 -9.659244e-01
      outer loop
         vertex 6.967602e+01 8.986825e+01 1.317704e+02
         vertex 6.965414e+01 9.074825e+01 1.317763e+02
         vertex 6.967602e+01 9.074825e+01 1.317704e+02
      endloop
   endfacet
   facet normal -4.226133e-01 0.000000e+00 -9.063101e-01
      outer loop
         vertex 6.967602e+01 8.986825e+01 1.317704e+02
         vertex 6.967602e+01 9.074825e+01 1.317704e+02
         vertex 6.969656e+01 8.986825e+01 1.317608e+02
      endloop
   endfacet
   facet normal -4.226133e-01 0.000000e+00 -9.063101e-01
      outer loop
         vertex 6.969656e+01 8.986825e+01 1.317608e+02
         vertex 6.967602e+01 9.074825e+01 1.317704e+02
         vertex 6.969656e+01 9.074825e+01 1.317608e+02
      endloop
   endfacet
   facet normal -5.735771e-01 0.000000e+00 -8.191516e-01
      outer loop
         vertex 6.969656e+01 8.986825e+01 1.317608e+02
         vertex 6.969656e+01 9.074825e+01 1.317608e+02
         vertex 6.971512e+01 8.986825e+01 1.317478e+02
      endloop
   endfacet
   facet normal -5.735771e-01 0.000000e+00 -8.191516e-01
      outer loop
         vertex 6.971512e+01 8.986825e+01 1.317478e+02
         vertex 6.969656e+01 9.074825e+01 1.317608e+02
         vertex 6.971512e+01 9.074825e+01 1.317478e+02
      endloop
   endfacet
   facet normal -7.071109e-01 0.000000e+00 -7.071027e-01
      outer loop
         vertex 6.971512e+01 8.986825e+01 1.317478e+02
         vertex 6.971512e+01 9.074825e+01 1.317478e+02
         vertex 6.973115e+01 8.986825e+01 1.317318e+02
      endloop
   endfacet
   facet normal -7.071109e-01 0.000000e+00 -7.071027e-01
      outer loop
         vertex 6.973115e+01 8.986825e+01 1.317318e+02
         vertex 6.971512e+01 9.074825e+01 1.317478e+02
         vertex 6.973115e+01 9.074825e+01 1.317318e+02
      endloop
   endfacet
   facet normal -8.191526e-01 0.000000e+00 -5.735757e-01
      outer loop
         vertex 6.973115e+01 8.986825e+01 1.317318e+02
         vertex 6.973115e+01 9.074825e+01 1.317318e+02
         vertex 6.974414e+01 8.986825e+01 1.317133e+02
      endloop
   endfacet
   facet normal -8.191526e-01 0.000000e+00 -5.735757e-01
      outer loop
         vertex 6.974414e+01 8.986825e+01 1.317133e+02
         vertex 6.973115e+01 9.074825e+01 1.317318e+02
         vertex 6.974414e+01 9.074825e+01 1.317133e+02
      endloop
   endfacet
   facet normal -9.063088e-01 0.000000e+00 -4.226160e-01
      outer loop
         vertex 6.974414e+01 8.986825e+01 1.317133e+02
         vertex 6.974414e+01 9.074825e+01 1.317133e+02
         vertex 6.975372e+01 8.986825e+01 1.316927e+02
      endloop
   endfacet
   facet normal -9.063088e-01 0.000000e+00 -4.226160e-01
      outer loop
         vertex 6.975372e+01 8.986825e+01 1.316927e+02
         vertex 6.974414e+01 9.074825e+01 1.317133e+02
         vertex 6.975372e+01 9.074825e+01 1.316927e+02
      endloop
   endfacet
   facet normal -9.659258e-01 0.000000e+00 -2.588191e-01
      outer loop
         vertex 6.975372e+01 8.986825e+01 1.316927e+02
         vertex 6.975372e+01 9.074825e+01 1.316927e+02
         vertex 6.975959e+01 8.986825e+01 1.316708e+02
      endloop
   endfacet
   facet normal -9.659258e-01 0.000000e+00 -2.588191e-01
      outer loop
         vertex 6.975959e+01 8.986825e+01 1.316708e+02
         vertex 6.975372e+01 9.074825e+01 1.316927e+02
         vertex 6.975959e+01 9.074825e+01 1.316708e+02
      endloop
   endfacet
   facet normal -9.961946e-01 0.000000e+00 -8.715696e-02
      outer loop
         vertex 6.975959e+01 8.986825e+01 1.316708e+02
         vertex 6.975959e+01 9.074825e+01 1.316708e+02
         vertex 6.976156e+01 8.986825e+01 1.316483e+02
      endloop
   endfacet
   facet normal -9.961946e-01 0.000000e+00 -8.715696e-02
      outer loop
         vertex 6.976156e+01 8.986825e+01 1.316483e+02
         vertex 6.975959e+01 9.074825e+01 1.316708e+02
         vertex 6.976156e+01 9.074825e+01 1.316483e+02
      endloop
   endfacet
   facet normal -9.961946e-01 0.000000e+00 8.715696e-02
      outer loop
         vertex 6.976156e+01 8.986825e+01 1.316483e+02
         vertex 6.976156e+01 9.074825e+01 1.316483e+02
         vertex 6.975959e+01 8.986825e+01 1.316257e+02
      endloop
   endfacet
   facet normal -9.961946e-01 0.000000e+00 8.715696e-02
      outer loop
         vertex 6.975959e+01 8.986825e+01 1.316257e+02
         vertex 6.976156e+01 9.074825e+01 1.316483e+02
         vertex 6.975959e+01 9.074825e+01 1.316257e+02
      endloop
   endfacet
   facet normal -9.659258e-01 0.000000e+00 2.588191e-01
      outer loop
         vertex 6.975959e+01 8.986825e+01 1.316257e+02
         vertex 6.975959e+01 9.074825e+01 1.316257e+02
         vertex 6.975372e+01 8.986825e+01 1.316038e+02
      endloop
   endfacet
   facet normal -9.659258e-01 0.000000e+00 2.588191e-01
      outer loop
         vertex 6.975372e+01 8.986825e+01 1.316038e+02
         vertex 6.975959e+01 9.074825e+01 1.316257e+02
         vertex 6.975372e+01 9.074825e+01 1.316038e+02
      endloop
   endfacet
   facet normal -9.063088e-01 0.000000e+00 4.226160e-01
      outer loop
         vertex 6.975372e+01 8.986825e+01 1.316038e+02
         vertex 6.975372e+01 9.074825e+01 1.316038e+02
         vertex 6.974414e+01 8.986825e+01 1.315833e+02
      endloop
   endfacet
   facet normal -9.063088e-01 0.000000e+00 4.226160e-01
      outer loop
         vertex 6.974414e+01 8.986825e+01 1.315833e+02
         vertex 6.975372e+01 9.074825e+01 1.316038e+02
         vertex 6.974414e+01 9.074825e+01 1.315833e+02
      endloop
   endfacet
   facet normal -8.191526e-01 0.000000e+00 5.735757e-01
      outer loop
         vertex 6.974414e+01 8.986825e+01 1.315833e+02
         vertex 6.974414e+01 9.074825e+01 1.315833e+02
         vertex 6.973115e+01 8.986825e+01 1.315647e+02
      endloop
   endfacet
   facet normal -8.191526e-01 0.000000e+00 5.735757e-01
      outer loop
         vertex 6.973115e+01 8.986825e+01 1.315647e+02
         vertex 6.974414e+01 9.074825e+01 1.315833e+02
         vertex 6.973115e+01 9.074825e+01 1.315647e+02
      endloop
   endfacet
   facet normal -7.071027e-01 0.000000e+00 7.071109e-01
      outer loop
         vertex 6.973115e+01 8.986825e+01 1.315647e+02
         vertex 6.973115e+01 9.074825e+01 1.315647e+02
         vertex 6.971512e+01 8.986825e+01 1.315487e+02
      endloop
   endfacet
   facet normal -7.071027e-01 0.000000e+00 7.071109e-01
      outer loop
         vertex 6.971512e+01 8.986825e+01 1.315487e+02
         vertex 6.973115e+01 9.074825e+01 1.315647e+02
         vertex 6.971512e+01 9.074825e+01 1.315487e+02
      endloop
   endfacet
   facet normal -5.735771e-01 0.000000e+00 8.191516e-01
      outer loop
         vertex 6.971512e+01 8.986825e+01 1.315487e+02
         vertex 6.971512e+01 9.074825e+01 1.315487e+02
         vertex 6.969656e+01 8.986825e+01 1.315357e+02
      endloop
   endfacet
   facet normal -5.735771e-01 0.000000e+00 8.191516e-01
      outer loop
         vertex 6.969656e+01 8.986825e+01 1.315357e+02
         vertex 6.971512e+01 9.074825e+01 1.315487e+02
         vertex 6.969656e+01 9.074825e+01 1.315357e+02
      endloop
   endfacet
   facet normal -4.226268e-01 0.000000e+00 9.063038e-01
      outer loop
         vertex 6.969656e+01 8.986825e+01 1.315357e+02
         vertex 6.969656e+01 9.074825e+01 1.315357e+02
         vertex 6.967602e+01 8.986825e+01 1.315261e+02
      endloop
   endfacet
   facet normal -4.226268e-01 0.000000e+00 9.063038e-01
      outer loop
         vertex 6.967602e+01 8.986825e+01 1.315261e+02
         vertex 6.969656e+01 9.074825e+01 1.315357e+02
         vertex 6.967602e+01 9.074825e+01 1.315261e+02
      endloop
   endfacet
   facet normal -2.588090e-01 0.000000e+00 9.659285e-01
      outer loop
         vertex 6.967602e+01 8.986825e+01 1.315261e+02
         vertex 6.967602e+01 9.074825e+01 1.315261e+02
         vertex 6.965414e+01 8.986825e+01 1.315202e+02
      endloop
   endfacet
   facet normal -2.588090e-01 0.000000e+00 9.659285e-01
      outer loop
         vertex 6.965414e+01 8.986825e+01 1.315202e+02
         vertex 6.967602e+01 9.074825e+01 1.315261e+02
         vertex 6.965414e+01 9.074825e+01 1.315202e+02
      endloop
   endfacet
   facet normal -8.716254e-02 0.000000e+00 9.961941e-01
      outer loop
         vertex 6.965414e+01 8.986825e+01 1.315202e+02
         vertex 6.965414e+01 9.074825e+01 1.315202e+02
         vertex 6.963156e+01 8.986825e+01 1.315183e+02
      endloop
   endfacet
   facet normal -8.716254e-02 0.000000e+00 9.961941e-01
      outer loop
         vertex 6.963156e+01 8.986825e+01 1.315183e+02
         vertex 6.965414e+01 9.074825e+01 1.315202e+02
         vertex 6.963156e+01 9.074825e+01 1.315183e+02
      endloop
   endfacet
   facet normal 8.716272e-02 -0.000000e+00 9.961941e-01
      outer loop
         vertex 6.963156e+01 8.986825e+01 1.315183e+02
         vertex 6.963156e+01 9.074825e+01 1.315183e+02
         vertex 6.960899e+01 8.986825e+01 1.315202e+02
      endloop
   endfacet
   facet normal 8.716272e-02 -0.000000e+00 9.961941e-01
      outer loop
         vertex 6.960899e+01 8.986825e+01 1.315202e+02
         vertex 6.963156e+01 9.074825e+01 1.315183e+02
         vertex 6.960899e+01 9.074825e+01 1.315202e+02
      endloop
   endfacet
   facet normal 2.588090e-01 -0.000000e+00 9.659285e-01
      outer loop
         vertex 6.960899e+01 8.986825e+01 1.315202e+02
         vertex 6.960899e+01 9.074825e+01 1.315202e+02
         vertex 6.958710e+01 8.986825e+01 1.315261e+02
      endloop
   endfacet
   facet normal 2.588090e-01 -0.000000e+00 9.659285e-01
      outer loop
         vertex 6.958710e+01 8.986825e+01 1.315261e+02
         vertex 6.960899e+01 9.074825e+01 1.315202e+02
         vertex 6.958710e+01 9.074825e+01 1.315261e+02
      endloop
   endfacet
   facet normal 4.226268e-01 -0.000000e+00 9.063038e-01
      outer loop
         vertex 6.958710e+01 8.986825e+01 1.315261e+02
         vertex 6.958710e+01 9.074825e+01 1.315261e+02
         vertex 6.956656e+01 8.986825e+01 1.315357e+02
      endloop
   endfacet
   facet normal 4.226268e-01 -0.000000e+00 9.063038e-01
      outer loop
         vertex 6.956656e+01 8.986825e+01 1.315357e+02
         vertex 6.958710e+01 9.074825e+01 1.315261e+02
         vertex 6.956656e+01 9.074825e+01 1.315357e+02
      endloop
   endfacet
   facet normal 5.735771e-01 -0.000000e+00 8.191516e-01
      outer loop
         vertex 6.956656e+01 8.986825e+01 1.315357e+02
         vertex 6.956656e+01 9.074825e+01 1.315357e+02
         vertex 6.954800e+01 8.986825e+01 1.315487e+02
      endloop
   endfacet
   facet normal 5.735771e-01 -0.000000e+00 8.191516e-01
      outer loop
         vertex 6.954800e+01 8.986825e+01 1.315487e+02
         vertex 6.956656e+01 9.074825e+01 1.315357e+02
         vertex 6.954800e+01 9.074825e+01 1.315487e+02
      endloop
   endfacet
   facet normal 7.071027e-01 -0.000000e+00 7.071109e-01
      outer loop
         vertex 6.954800e+01 8.986825e+01 1.315487e+02
         vertex 6.954800e+01 9.074825e+01 1.315487e+02
         vertex 6.953198e+01 8.986825e+01 1.315647e+02
      endloop
   endfacet
   facet normal 7.071027e-01 -0.000000e+00 7.071109e-01
      outer loop
         vertex 6.953198e+01 8.986825e+01 1.315647e+02
         vertex 6.954800e+01 9.074825e+01 1.315487e+02
         vertex 6.953198e+01 9.074825e+01 1.315647e+02
      endloop
   endfacet
   facet normal 8.191516e-01 -0.000000e+00 5.735771e-01
      outer loop
         vertex 6.953198e+01 8.986825e+01 1.315647e+02
         vertex 6.953198e+01 9.074825e+01 1.315647e+02
         vertex 6.951898e+01 8.986825e+01 1.315833e+02
      endloop
   endfacet
   facet normal 8.191516e-01 -0.000000e+00 5.735771e-01
      outer loop
         vertex 6.951898e+01 8.986825e+01 1.315833e+02
         vertex 6.953198e+01 9.074825e+01 1.315647e+02
         vertex 6.951898e+01 9.074825e+01 1.315833e+02
      endloop
   endfacet
   facet normal 9.063092e-01 -0.000000e+00 4.226152e-01
      outer loop
         vertex 6.951898e+01 8.986825e+01 1.315833e+02
         vertex 6.951898e+01 9.074825e+01 1.315833e+02
         vertex 6.950940e+01 8.986825e+01 1.316038e+02
      endloop
   endfacet
   facet normal 9.063092e-01 -0.000000e+00 4.226152e-01
      outer loop
         vertex 6.950940e+01 8.986825e+01 1.316038e+02
         vertex 6.951898e+01 9.074825e+01 1.315833e+02
         vertex 6.950940e+01 9.074825e+01 1.316038e+02
      endloop
   endfacet
   facet normal 9.659256e-01 -0.000000e+00 2.588200e-01
      outer loop
         vertex 6.950940e+01 8.986825e+01 1.316038e+02
         vertex 6.950940e+01 9.074825e+01 1.316038e+02
         vertex 6.950354e+01 8.986825e+01 1.316257e+02
      endloop
   endfacet
   facet normal 9.659256e-01 -0.000000e+00 2.588200e-01
      outer loop
         vertex 6.950354e+01 8.986825e+01 1.316257e+02
         vertex 6.950940e+01 9.074825e+01 1.316038e+02
         vertex 6.950354e+01 9.074825e+01 1.316257e+02
      endloop
   endfacet
   facet normal 9.961947e-01 -0.000000e+00 8.715594e-02
      outer loop
         vertex 6.950354e+01 8.986825e+01 1.316257e+02
         vertex 6.950354e+01 9.074825e+01 1.316257e+02
         vertex 6.950156e+01 8.986825e+01 1.316483e+02
      endloop
   endfacet
   facet normal 9.961947e-01 -0.000000e+00 8.715594e-02
      outer loop
         vertex 6.950156e+01 8.986825e+01 1.316483e+02
         vertex 6.950354e+01 9.074825e+01 1.316257e+02
         vertex 6.950156e+01 9.074825e+01 1.316483e+02
      endloop
   endfacet
   facet normal 9.961947e-01 0.000000e+00 -8.715594e-02
      outer loop
         vertex 6.950156e+01 8.986825e+01 1.316483e+02
         vertex 6.950156e+01 9.074825e+01 1.316483e+02
         vertex 6.950354e+01 8.986825e+01 1.316708e+02
      endloop
   endfacet
   facet normal 9.961947e-01 0.000000e+00 -8.715594e-02
      outer loop
         vertex 6.950354e+01 8.986825e+01 1.316708e+02
         vertex 6.950156e+01 9.074825e+01 1.316483e+02
         vertex 6.950354e+01 9.074825e+01 1.316708e+02
      endloop
   endfacet
   facet normal 9.659256e-01 0.000000e+00 -2.588200e-01
      outer loop
         vertex 6.950354e+01 8.986825e+01 1.316708e+02
         vertex 6.950354e+01 9.074825e+01 1.316708e+02
         vertex 6.950940e+01 8.986825e+01 1.316927e+02
      endloop
   endfacet
   facet normal 9.659256e-01 0.000000e+00 -2.588200e-01
      outer loop
         vertex 6.950940e+01 8.986825e+01 1.316927e+02
         vertex 6.950354e+01 9.074825e+01 1.316708e+02
         vertex 6.950940e+01 9.074825e+01 1.316927e+02
      endloop
   endfacet
   facet normal 9.063092e-01 0.000000e+00 -4.226152e-01
      outer loop
         vertex 6.950940e+01 8.986825e+01 1.316927e+02
         vertex 6.950940e+01 9.074825e+01 1.316927e+02
         vertex 6.951898e+01 8.986825e+01 1.317133e+02
      endloop
   endfacet
   facet normal 9.063092e-01 0.000000e+00 -4.226152e-01
      outer loop
         vertex 6.951898e+01 8.986825e+01 1.317133e+02
         vertex 6.950940e+01 9.074825e+01 1.316927e+02
         vertex 6.951898e+01 9.074825e+01 1.317133e+02
      endloop
   endfacet
   facet normal 8.191516e-01 0.000000e+00 -5.735771e-01
      outer loop
         vertex 6.951898e+01 8.986825e+01 1.317133e+02
         vertex 6.951898e+01 9.074825e+01 1.317133e+02
         vertex 6.953198e+01 8.986825e+01 1.317318e+02
      endloop
   endfacet
   facet normal 8.191516e-01 0.000000e+00 -5.735771e-01
      outer loop
         vertex 6.953198e+01 8.986825e+01 1.317318e+02
         vertex 6.951898e+01 9.074825e+01 1.317133e+02
         vertex 6.953198e+01 9.074825e+01 1.317318e+02
      endloop
   endfacet
   facet normal 7.071109e-01 0.000000e+00 -7.071027e-01
      outer loop
         vertex 6.953198e+01 8.986825e+01 1.317318e+02
         vertex 6.953198e+01 9.074825e+01 1.317318e+02
         vertex 6.954800e+01 8.986825e+01 1.317478e+02
      endloop
   endfacet
   facet normal 7.071109e-01 0.000000e+00 -7.071027e-01
      outer loop
         vertex 6.954800e+01 8.986825e+01 1.317478e+02
         vertex 6.953198e+01 9.074825e+01 1.317318e+02
         vertex 6.954800e+01 9.074825e+01 1.317478e+02
      endloop
   endfacet
   facet normal 5.735771e-01 0.000000e+00 -8.191516e-01
      outer loop
         vertex 6.954800e+01 8.986825e+01 1.317478e+02
         vertex 6.954800e+01 9.074825e+01 1.317478e+02
         vertex 6.956656e+01 8.986825e+01 1.317608e+02
      endloop
   endfacet
   facet normal 5.735771e-01 0.000000e+00 -8.191516e-01
      outer loop
         vertex 6.956656e+01 8.986825e+01 1.317608e+02
         vertex 6.954800e+01 9.074825e+01 1.317478e+02
         vertex 6.956656e+01 9.074825e+01 1.317608e+02
      endloop
   endfacet
   facet normal 4.226133e-01 0.000000e+00 -9.063101e-01
      outer loop
         vertex 6.956656e+01 8.986825e+01 1.317608e+02
         vertex 6.956656e+01 9.074825e+01 1.317608e+02
         vertex 6.958710e+01 8.986825e+01 1.317704e+02
      endloop
   endfacet
   facet normal 4.226133e-01 0.000000e+00 -9.063101e-01
      outer loop
         vertex 6.958710e+01 8.986825e+01 1.317704e+02
         vertex 6.956656e+01 9.074825e+01 1.317608e+02
         vertex 6.958710e+01 9.074825e+01 1.317704e+02
      endloop
   endfacet
   facet normal 2.588243e-01 0.000000e+00 -9.659244e-01
      outer loop
         vertex 6.958710e+01 8.986825e+01 1.317704e+02
         vertex 6.958710e+01 9.074825e+01 1.317704e+02
         vertex 6.960899e+01 8.986825e+01 1.317763e+02
      endloop
   endfacet
   facet normal 2.588243e-01 0.000000e+00 -9.659244e-01
      outer loop
         vertex 6.960899e+01 8.986825e+01 1.317763e+02
         vertex 6.958710e+01 9.074825e+01 1.317704e+02
         vertex 6.960899e+01 9.074825e+01 1.317763e+02
      endloop
   endfacet
   facet normal 8.714640e-02 0.000000e+00 -9.961955e-01
      outer loop
         vertex 6.960899e+01 8.986825e+01 1.317763e+02
         vertex 6.960899e+01 9.074825e+01 1.317763e+02
         vertex 6.963156e+01 8.986825e+01 1.317783e+02
      endloop
   endfacet
   facet normal 8.714640e-02 0.000000e+00 -9.961955e-01
      outer loop
         vertex 6.963156e+01 8.986825e+01 1.317783e+02
         vertex 6.960899e+01 9.074825e+01 1.317763e+02
         vertex 6.963156e+01 9.074825e+01 1.317783e+02
      endloop
   endfacet
   facet normal -0.000000e+00 1.000000e+00 0.000000e+00
      outer loop
         vertex 6.958710e+01 8.986825e+01 1.317704e+02
         vertex 6.960899e+01 8.986825e+01 1.317763e+02
         vertex 6.963156e+01 8.986825e+01 1.316483e+02
      endloop
   endfacet
   facet normal 0.000000e+00 1.000000e+00 -0.000000e+00
      outer loop
         vertex 6.963156e+01 8.986825e+01 1.316483e+02
         vertex 6.960899e+01 8.986825e+01 1.317763e+02
         vertex 6.963156e+01 8.986825e+01 1.317783e+02
      endloop
   endfacet
   facet normal 0.000000e+00 1.000000e+00 0.000000e+00
      outer loop
         vertex 6.963156e+01 8.986825e+01 1.316483e+02
         vertex 6.963156e+01 8.986825e+01 1.317783e+02
         vertex 6.965414e+01 8.986825e+01 1.317763e+02
      endloop
   endfacet
   facet normal -0.000000e+00 1.000000e+00 0.000000e+00
      outer loop
         vertex 6.953198e+01 8.986825e+01 1.317318e+02
         vertex 6.954800e+01 8.986825e+01 1.317478e+02
         vertex 6.963156e+01 8.986825e+01 1.316483e+02
      endloop
   endfacet
   facet normal 0.000000e+00 1.000000e+00 0.000000e+00
      outer loop
         vertex 6.963156e+01 8.986825e+01 1.316483e+02
         vertex 6.954800e+01 8.986825e+01 1.317478e+02
         vertex 6.956656e+01 8.986825e+01 1.317608e+02
      endloop
   endfacet
   facet normal 0.000000e+00 1.000000e+00 0.000000e+00
      outer loop
         vertex 6.963156e+01 8.986825e+01 1.316483e+02
         vertex 6.956656e+01 8.986825e+01 1.317608e+02
         vertex 6.958710e+01 8.986825e+01 1.317704e+02
      endloop
   endfacet
   facet normal -0.000000e+00 1.000000e+00 0.000000e+00
      outer loop
         vertex 6.950354e+01 8.986825e+01 1.316708e+02
         vertex 6.950940e+01 8.986825e+01 1.316927e+02
         vertex 6.963156e+01 8.986825e+01 1.316483e+02
      endloop
   endfacet
   facet normal 0.000000e+00 1.000000e+00 0.000000e+00
      outer loop
         vertex 6.963156e+01 8.986825e+01 1.316483e+02
         vertex 6.950940e+01 8.986825e+01 1.316927e+02
         vertex 6.951898e+01 8.986825e+01 1.317133e+02
      endloop
   endfacet
   facet normal 0.000000e+00 1.000000e+00 0.000000e+00
      outer loop
         vertex 6.963156e+01 8.986825e+01 1.316483e+02
         vertex 6.951898e+01 8.986825e+01 1.317133e+02
         vertex 6.953198e+01 8.986825e+01 1.317318e+02
      endloop
   endfacet
   facet normal 0.000000e+00 1.000000e+00 -0.000000e+00
      outer loop
         vertex 6.950940e+01 8.986825e+01 1.316038e+02
         vertex 6.950354e+01 8.986825e+01 1.316257e+02
         vertex 6.963156e+01 8.986825e+01 1.316483e+02
      endloop
   endfacet
   facet normal 0.000000e+00 1.000000e+00 0.000000e+00
      outer loop
         vertex 6.963156e+01 8.986825e+01 1.316483e+02
         vertex 6.950354e+01 8.986825e+01 1.316257e+02
         vertex 6.950156e+01 8.986825e+01 1.316483e+02
      endloop
   endfacet
   facet normal 0.000000e+00 1.000000e+00 0.000000e+00
      outer loop
         vertex 6.963156e+01 8.986825e+01 1.316483e+02
         vertex 6.950156e+01 8.986825e+01 1.316483e+02
         vertex 6.950354e+01 8.986825e+01 1.316708e+02
      endloop
   endfacet
   facet normal 0.000000e+00 1.000000e+00 -0.000000e+00
      outer loop
         vertex 6.954800e+01 8.986825e+01 1.315487e+02
         vertex 6.953198e+01 8.986825e+01 1.315647e+02
         vertex 6.963156e+01 8.986825e+01 1.316483e+02
      endloop
   endfacet
   facet normal 0.000000e+00 1.000000e+00 0.000000e+00
      outer loop
         vertex 6.963156e+01 8.986825e+01 1.316483e+02
         vertex 6.953198e+01 8.986825e+01 1.315647e+02
         vertex 6.951898e+01 8.986825e+01 1.315833e+02
      endloop
   endfacet
   facet normal 0.000000e+00 1.000000e+00 0.000000e+00
      outer loop
         vertex 6.963156e+01 8.986825e+01 1.316483e+02
         vertex 6.951898e+01 8.986825e+01 1.315833e+02
         vertex 6.950940e+01 8.986825e+01 1.316038e+02
      endloop
   endfacet
   facet normal 0.000000e+00 1.000000e+00 -0.000000e+00
      outer loop
         vertex 6.960899e+01 8.986825e+01 1.315202e+02
         vertex 6.958710e+01 8.986825e+01 1.315261e+02
         vertex 6.963156e+01 8.986825e+01 1.316483e+02
      endloop
   endfacet
   facet normal 0.000000e+00 1.000000e+00 0.000000e+00
      outer loop
         vertex 6.963156e+01 8.986825e+01 1.316483e+02
         vertex 6.958710e+01 8.986825e+01 1.315261e+02
         vertex 6.956656e+01 8.986825e+01 1.315357e+02
      endloop
   endfacet
   facet normal 0.000000e+00 1.000000e+00 0.000000e+00
      outer loop
         vertex 6.963156e+01 8.986825e+01 1.316483e+02
         vertex 6.956656e+01 8.986825e+01 1.315357e+02
         vertex 6.954800e+01 8.986825e+01 1.315487e+02
      endloop
   endfacet
   facet normal 0.000000e+00 1.000000e+00 0.000000e+00
      outer loop
         vertex 6.967602e+01 8.986825e+01 1.315261e+02
         vertex 6.965414e+01 8.986825e+01 1.315202e+02
         vertex 6.963156e+01 8.986825e+01 1.316483e+02
      endloop
   endfacet
   facet normal 0.000000e+00 1.000000e+00 0.000000e+00
      outer loop
         vertex 6.963156e+01 8.986825e+01 1.316483e+02
         vertex 6.965414e+01 8.986825e+01 1.315202e+02
         vertex 6.963156e+01 8.986825e+01 1.315183e+02
      endloop
   endfacet
   facet normal 0.000000e+00 1.000000e+00 0.000000e+00
      outer loop
         vertex 6.963156e+01 8.986825e+01 1.316483e+02
         vertex 6.963156e+01 8.986825e+01 1.315183e+02
         vertex 6.960899e+01 8.986825e+01 1.315202e+02
      endloop
   endfacet
   facet normal 0.000000e+00 1.000000e+00 0.000000e+00
      outer loop
         vertex 6.973115e+01 8.986825e+01 1.315647e+02
         vertex 6.971512e+01 8.986825e+01 1.315487e+02
         vertex 6.963156e+01 8.986825e+01 1.316483e+02
      endloop
   endfacet
   facet normal 0.000000e+00 1.000000e+00 0.000000e+00
      outer loop
         vertex 6.963156e+01 8.986825e+01 1.316483e+02
         vertex 6.971512e+01 8.986825e+01 1.315487e+02
         vertex 6.969656e+01 8.986825e+01 1.315357e+02
      endloop
   endfacet
   facet normal 0.000000e+00 1.000000e+00 0.000000e+00
      outer loop
         vertex 6.963156e+01 8.986825e+01 1.316483e+02
         vertex 6.969656e+01 8.986825e+01 1.315357e+02
         vertex 6.967602e+01 8.986825e+01 1.315261e+02
      endloop
   endfacet
   facet normal 0.000000e+00 1.000000e+00 0.000000e+00
      outer loop
         vertex 6.975959e+01 8.986825e+01 1.316257e+02
         vertex 6.975372e+01 8.986825e+01 1.316038e+02
         vertex 6.963156e+01 8.986825e+01 1.316483e+02
      endloop
   endfacet
   facet normal 0.000000e+00 1.000000e+00 0.000000e+00
      outer loop
         vertex 6.963156e+01 8.986825e+01 1.316483e+02
         vertex 6.975372e+01 8.986825e+01 1.316038e+02
         vertex 6.974414e+01 8.986825e+01 1.315833e+02
      endloop
   endfacet
   facet normal 0.000000e+00 1.000000e+00 0.000000e+00
      outer loop
         vertex 6.963156e+01 8.986825e+01 1.316483e+02
         vertex 6.974414e+01 8.986825e+01 1.315833e+02
         vertex 6.973115e+01 8.986825e+01 1.315647e+02
      endloop
   endfacet
   facet normal 0.000000e+00 1.000000e+00 0.000000e+00
      outer loop
         vertex 6.975372e+01 8.986825e+01 1.316927e+02
         vertex 6.975959e+01 8.986825e+01 1.316708e+02
         vertex 6.963156e+01 8.986825e+01 1.316483e+02
      endloop
   endfacet
   facet normal 0.000000e+00 1.000000e+00 0.000000e+00
      outer loop
         vertex 6.963156e+01 8.986825e+01 1.316483e+02
         vertex 6.975959e+01 8.986825e+01 1.316708e+02
         vertex 6.976156e+01 8.986825e+01 1.316483e+02
      endloop
   endfacet
   facet normal -0.000000e+00 1.000000e+00 0.000000e+00
      outer loop
         vertex 6.963156e+01 8.986825e+01 1.316483e+02
         vertex 6.976156e+01 8.986825e+01 1.316483e+02
         vertex 6.975959e+01 8.986825e+01 1.316257e+02
      endloop
   endfacet
   facet normal 0.000000e+00 1.000000e+00 0.000000e+00
      outer loop
         vertex 6.971512e+01 8.986825e+01 1.317478e+02
         vertex 6.973115e+01 8.986825e+01 1.317318e+02
         vertex 6.963156e+01 8.986825e+01 1.316483e+02
      endloop
   endfacet
   facet normal 0.000000e+00 1.000000e+00 0.000000e+00
      outer loop
         vertex 6.963156e+01 8.986825e+01 1.316483e+02
         vertex 6.973115e+01 8.986825e+01 1.317318e+02
         vertex 6.974414e+01 8.986825e+01 1.317133e+02
      endloop
   endfacet
   facet normal 0.000000e+00 1.000000e+00 0.000000e+00
      outer loop
         vertex 6.963156e+01 8.986825e+01 1.316483e+02
         vertex 6.974414e+01 8.986825e+01 1.317133e+02
         vertex 6.975372e+01 8.986825e+01 1.316927e+02
      endloop
   endfacet
   facet normal 0.000000e+00 1.000000e+00 0.000000e+00
      outer loop
         vertex 6.965414e+01 8.986825e+01 1.317763e+02
         vertex 6.967602e+01 8.986825e+01 1.317704e+02
         vertex 6.963156e+01 8.986825e+01 1.316483e+02
      endloop
   endfacet
   facet normal 0.000000e+00 1.000000e+00 0.000000e+00
      outer loop
         vertex 6.963156e+01 8.986825e+01 1.316483e+02
         vertex 6.967602e+01 8.986825e+01 1.317704e+02
         vertex 6.969656e+01 8.986825e+01 1.317608e+02
      endloop
   endfacet
   facet normal 0.000000e+00 1.000000e+00 0.000000e+00
      outer loop
         vertex 6.963156e+01 8.986825e+01 1.316483e+02
         vertex 6.969656e+01 8.986825e+01 1.317608e+02
         vertex 6.971512e+01 8.986825e+01 1.317478e+02
      endloop
   endfacet
   facet normal -8.714640e-02 0.000000e+00 -9.961955e-01
      outer loop
         vertex 6.863156e+01 8.986825e+01 1.317783e+02
         vertex 6.863156e+01 9.074825e+01 1.317783e+02
         vertex 6.865414e+01 8.986825e+01 1.317763e+02
      endloop
   endfacet
   facet normal -8.714640e-02 0.000000e+00 -9.961955e-01
      outer loop
         vertex 6.865414e+01 8.986825e+01 1.317763e+02
         vertex 6.863156e+01 9.074825e+01 1.317783e+02
         vertex 6.865414e+01 9.074825e+01 1.317763e+02
      endloop
   endfacet
   facet normal -2.588243e-01 0.000000e+00 -9.659244e-01
      outer loop
         vertex 6.865414e+01 8.986825e+01 1.317763e+02
         vertex 6.865414e+01 9.074825e+01 1.317763e+02
         vertex 6.867602e+01 8.986825e+01 1.317704e+02
      endloop
   endfacet
   facet normal -2.588243e-01 0.000000e+00 -9.659244e-01
      outer loop
         vertex 6.867602e+01 8.986825e+01 1.317704e+02
         vertex 6.865414e+01 9.074825e+01 1.317763e+02
         vertex 6.867602e+01 9.074825e+01 1.317704e+02
      endloop
   endfacet
   facet normal -4.226133e-01 0.000000e+00 -9.063101e-01
      outer loop
         vertex 6.867602e+01 8.986825e+01 1.317704e+02
         vertex 6.867602e+01 9.074825e+01 1.317704e+02
         vertex 6.869656e+01 8.986825e+01 1.317608e+02
      endloop
   endfacet
   facet normal -4.226133e-01 0.000000e+00 -9.063101e-01
      outer loop
         vertex 6.869656e+01 8.986825e+01 1.317608e+02
         vertex 6.867602e+01 9.074825e+01 1.317704e+02
         vertex 6.869656e+01 9.074825e+01 1.317608e+02
      endloop
   endfacet
   facet normal -5.735771e-01 0.000000e+00 -8.191516e-01
      outer loop
         vertex 6.869656e+01 8.986825e+01 1.317608e+02
         vertex 6.869656e+01 9.074825e+01 1.317608e+02
         vertex 6.871512e+01 8.986825e+01 1.317478e+02
      endloop
   endfacet
   facet normal -5.735771e-01 0.000000e+00 -8.191516e-01
      outer loop
         vertex 6.871512e+01 8.986825e+01 1.317478e+02
         vertex 6.869656e+01 9.074825e+01 1.317608e+02
         vertex 6.871512e+01 9.074825e+01 1.317478e+02
      endloop
   endfacet
   facet normal -7.071109e-01 0.000000e+00 -7.071027e-01
      outer loop
         vertex 6.871512e+01 8.986825e+01 1.317478e+02
         vertex 6.871512e+01 9.074825e+01 1.317478e+02
         vertex 6.873115e+01 8.986825e+01 1.317318e+02
      endloop
   endfacet
   facet normal -7.071109e-01 0.000000e+00 -7.071027e-01
      outer loop
         vertex 6.873115e+01 8.986825e+01 1.317318e+02
         vertex 6.871512e+01 9.074825e+01 1.317478e+02
         vertex 6.873115e+01 9.074825e+01 1.317318e+02
      endloop
   endfacet
   facet normal -8.191516e-01 0.000000e+00 -5.735771e-01
      outer loop
         vertex 6.873115e+01 8.986825e+01 1.317318e+02
         vertex 6.873115e+01 9.074825e+01 1.317318e+02
         vertex 6.874414e+01 8.986825e+01 1.317133e+02
      endloop
   endfacet
   facet normal -8.191516e-01 0.000000e+00 -5.735771e-01
      outer loop
         vertex 6.874414e+01 8.986825e+01 1.317133e+02
         vertex 6.873115e+01 9.074825e+01 1.317318e+02
         vertex 6.874414e+01 9.074825e+01 1.317133e+02
      endloop
   endfacet
   facet normal -9.063092e-01 0.000000e+00 -4.226152e-01
      outer loop
         vertex 6.874414e+01 8.986825e+01 1.317133e+02
         vertex 6.874414e+01 9.074825e+01 1.317133e+02
         vertex 6.875372e+01 8.986825e+01 1.316927e+02
      endloop
   endfacet
   facet normal -9.063092e-01 0.000000e+00 -4.226152e-01
      outer loop
         vertex 6.875372e+01 8.986825e+01 1.316927e+02
         vertex 6.874414e+01 9.074825e+01 1.317133e+02
         vertex 6.875372e+01 9.074825e+01 1.316927e+02
      endloop
   endfacet
   facet normal -9.659256e-01 0.000000e+00 -2.588200e-01
      outer loop
         vertex 6.875372e+01 8.986825e+01 1.316927e+02
         vertex 6.875372e+01 9.074825e+01 1.316927e+02
         vertex 6.875959e+01 8.986825e+01 1.316708e+02
      endloop
   endfacet
   facet normal -9.659256e-01 0.000000e+00 -2.588200e-01
      outer loop
         vertex 6.875959e+01 8.986825e+01 1.316708e+02
         vertex 6.875372e+01 9.074825e+01 1.316927e+02
         vertex 6.875959e+01 9.074825e+01 1.316708e+02
      endloop
   endfacet
   facet normal -9.961947e-01 0.000000e+00 -8.715594e-02
      outer loop
         vertex 6.875959e+01 8.986825e+01 1.316708e+02
         vertex 6.875959e+01 9.074825e+01 1.316708e+02
         vertex 6.876156e+01 8.986825e+01 1.316483e+02
      endloop
   endfacet
   facet normal -9.961947e-01 0.000000e+00 -8.715594e-02
      outer loop
         vertex 6.876156e+01 8.986825e+01 1.316483e+02
         vertex 6.875959e+01 9.074825e+01 1.316708e+02
         vertex 6.876156e+01 9.074825e+01 1.316483e+02
      endloop
   endfacet
   facet normal -9.961947e-01 0.000000e+00 8.715594e-02
      outer loop
         vertex 6.876156e+01 8.986825e+01 1.316483e+02
         vertex 6.876156e+01 9.074825e+01 1.316483e+02
         vertex 6.875959e+01 8.986825e+01 1.316257e+02
      endloop
   endfacet
   facet normal -9.961947e-01 0.000000e+00 8.715594e-02
      outer loop
         vertex 6.875959e+01 8.986825e+01 1.316257e+02
         vertex 6.876156e+01 9.074825e+01 1.316483e+02
         vertex 6.875959e+01 9.074825e+01 1.316257e+02
      endloop
   endfacet
   facet normal -9.659256e-01 0.000000e+00 2.588200e-01
      outer loop
         vertex 6.875959e+01 8.986825e+01 1.316257e+02
         vertex 6.875959e+01 9.074825e+01 1.316257e+02
         vertex 6.875372e+01 8.986825e+01 1.316038e+02
      endloop
   endfacet
   facet normal -9.659256e-01 0.000000e+00 2.588200e-01
      outer loop
         vertex 6.875372e+01 8.986825e+01 1.316038e+02
         vertex 6.875959e+01 9.074825e+01 1.316257e+02
         vertex 6.875372e+01 9.074825e+01 1.316038e+02
      endloop
   endfacet
   facet normal -9.063092e-01 0.000000e+00 4.226152e-01
      outer loop
         vertex 6.875372e+01 8.986825e+01 1.316038e+02
         vertex 6.875372e+01 9.074825e+01 1.316038e+02
         vertex 6.874414e+01 8.986825e+01 1.315833e+02
      endloop
   endfacet
   facet normal -9.063092e-01 0.000000e+00 4.226152e-01
      outer loop
         vertex 6.874414e+01 8.986825e+01 1.315833e+02
         vertex 6.875372e+01 9.074825e+01 1.316038e+02
         vertex 6.874414e+01 9.074825e+01 1.315833e+02
      endloop
   endfacet
   facet normal -8.191516e-01 0.000000e+00 5.735771e-01
      outer loop
         vertex 6.874414e+01 8.986825e+01 1.315833e+02
         vertex 6.874414e+01 9.074825e+01 1.315833e+02
         vertex 6.873115e+01 8.986825e+01 1.315647e+02
      endloop
   endfacet
   facet normal -8.191516e-01 0.000000e+00 5.735771e-01
      outer loop
         vertex 6.873115e+01 8.986825e+01 1.315647e+02
         vertex 6.874414e+01 9.074825e+01 1.315833e+02
         vertex 6.873115e+01 9.074825e+01 1.315647e+02
      endloop
   endfacet
   facet normal -7.071027e-01 0.000000e+00 7.071109e-01
      outer loop
         vertex 6.873115e+01 8.986825e+01 1.315647e+02
         vertex 6.873115e+01 9.074825e+01 1.315647e+02
         vertex 6.871512e+01 8.986825e+01 1.315487e+02
      endloop
   endfacet
   facet normal -7.071027e-01 0.000000e+00 7.071109e-01
      outer loop
         vertex 6.871512e+01 8.986825e+01 1.315487e+02
         vertex 6.873115e+01 9.074825e+01 1.315647e+02
         vertex 6.871512e+01 9.074825e+01 1.315487e+02
      endloop
   endfacet
   facet normal -5.735771e-01 0.000000e+00 8.191516e-01
      outer loop
         vertex 6.871512e+01 8.986825e+01 1.315487e+02
         vertex 6.871512e+01 9.074825e+01 1.315487e+02
         vertex 6.869656e+01 8.986825e+01 1.315357e+02
      endloop
   endfacet
   facet normal -5.735771e-01 0.000000e+00 8.191516e-01
      outer loop
         vertex 6.869656e+01 8.986825e+01 1.315357e+02
         vertex 6.871512e+01 9.074825e+01 1.315487e+02
         vertex 6.869656e+01 9.074825e+01 1.315357e+02
      endloop
   endfacet
   facet normal -4.226268e-01 0.000000e+00 9.063038e-01
      outer loop
         vertex 6.869656e+01 8.986825e+01 1.315357e+02
         vertex 6.869656e+01 9.074825e+01 1.315357e+02
         vertex 6.867602e+01 8.986825e+01 1.315261e+02
      endloop
   endfacet
   facet normal -4.226268e-01 0.000000e+00 9.063038e-01
      outer loop
         vertex 6.867602e+01 8.986825e+01 1.315261e+02
         vertex 6.869656e+01 9.074825e+01 1.315357e+02
         vertex 6.867602e+01 9.074825e+01 1.315261e+02
      endloop
   endfacet
   facet normal -2.588090e-01 0.000000e+00 9.659285e-01
      outer loop
         vertex 6.867602e+01 8.986825e+01 1.315261e+02
         vertex 6.867602e+01 9.074825e+01 1.315261e+02
         vertex 6.865414e+01 8.986825e+01 1.315202e+02
      endloop
   endfacet
   facet normal -2.588090e-01 0.000000e+00 9.659285e-01
      outer loop
         vertex 6.865414e+01 8.986825e+01 1.315202e+02
         vertex 6.867602e+01 9.074825e+01 1.315261e+02
         vertex 6.865414e+01 9.074825e+01 1.315202e+02
      endloop
   endfacet
   facet normal -8.716272e-02 0.000000e+00 9.961941e-01
      outer loop
         vertex 6.865414e+01 8.986825e+01 1.315202e+02
         vertex 6.865414e+01 9.074825e+01 1.315202e+02
         vertex 6.863156e+01 8.986825e+01 1.315183e+02
      endloop
   endfacet
   facet normal -8.716272e-02 0.000000e+00 9.961941e-01
      outer loop
         vertex 6.863156e+01 8.986825e+01 1.315183e+02
         vertex 6.865414e+01 9.074825e+01 1.315202e+02
         vertex 6.863156e+01 9.074825e+01 1.315183e+02
      endloop
   endfacet
   facet normal 8.716254e-02 -0.000000e+00 9.961941e-01
      outer loop
         vertex 6.863156e+01 8.986825e+01 1.315183e+02
         vertex 6.863156e+01 9.074825e+01 1.315183e+02
         vertex 6.860899e+01 8.986825e+01 1.315202e+02
      endloop
   endfacet
   facet normal 8.716254e-02 -0.000000e+00 9.961941e-01
      outer loop
         vertex 6.860899e+01 8.986825e+01 1.315202e+02
         vertex 6.863156e+01 9.074825e+01 1.315183e+02
         vertex 6.860899e+01 9.074825e+01 1.315202e+02
      endloop
   endfacet
   facet normal 2.588090e-01 -0.000000e+00 9.659285e-01
      outer loop
         vertex 6.860899e+01 8.986825e+01 1.315202e+02
         vertex 6.860899e+01 9.074825e+01 1.315202e+02
         vertex 6.858710e+01 8.986825e+01 1.315261e+02
      endloop
   endfacet
   facet normal 2.588090e-01 -0.000000e+00 9.659285e-01
      outer loop
         vertex 6.858710e+01 8.986825e+01 1.315261e+02
         vertex 6.860899e+01 9.074825e+01 1.315202e+02
         vertex 6.858710e+01 9.074825e+01 1.315261e+02
      endloop
   endfacet
   facet normal 4.226268e-01 -0.000000e+00 9.063038e-01
      outer loop
         vertex 6.858710e+01 8.986825e+01 1.315261e+02
         vertex 6.858710e+01 9.074825e+01 1.315261e+02
         vertex 6.856656e+01 8.986825e+01 1.315357e+02
      endloop
   endfacet
   facet normal 4.226268e-01 -0.000000e+00 9.063038e-01
      outer loop
         vertex 6.856656e+01 8.986825e+01 1.315357e+02
         vertex 6.858710e+01 9.074825e+01 1.315261e+02
         vertex 6.856656e+01 9.074825e+01 1.315357e+02
      endloop
   endfacet
   facet normal 5.735771e-01 -0.000000e+00 8.191516e-01
      outer loop
         vertex 6.856656e+01 8.986825e+01 1.315357e+02
         vertex 6.856656e+01 9.074825e+01 1.315357e+02
         vertex 6.854800e+01 8.986825e+01 1.315487e+02
      endloop
   endfacet
   facet normal 5.735771e-01 -0.000000e+00 8.191516e-01
      outer loop
         vertex 6.854800e+01 8.986825e+01 1.315487e+02
         vertex 6.856656e+01 9.074825e+01 1.315357e+02
         vertex 6.854800e+01 9.074825e+01 1.315487e+02
      endloop
   endfacet
   facet normal 7.071027e-01 -0.000000e+00 7.071109e-01
      outer loop
         vertex 6.854800e+01 8.986825e+01 1.315487e+02
         vertex 6.854800e+01 9.074825e+01 1.315487e+02
         vertex 6.853198e+01 8.986825e+01 1.315647e+02
      endloop
   endfacet
   facet normal 7.071027e-01 -0.000000e+00 7.071109e-01
      outer loop
         vertex 6.853198e+01 8.986825e+01 1.315647e+02
         vertex 6.854800e+01 9.074825e+01 1.315487e+02
         vertex 6.853198e+01 9.074825e+01 1.315647e+02
      endloop
   endfacet
   facet normal 8.191526e-01 -0.000000e+00 5.735757e-01
      outer loop
         vertex 6.853198e+01 8.986825e+01 1.315647e+02
         vertex 6.853198e+01 9.074825e+01 1.315647e+02
         vertex 6.851898e+01 8.986825e+01 1.315833e+02
      endloop
   endfacet
   facet normal 8.191526e-01 -0.000000e+00 5.735757e-01
      outer loop
         vertex 6.851898e+01 8.986825e+01 1.315833e+02
         vertex 6.853198e+01 9.074825e+01 1.315647e+02
         vertex 6.851898e+01 9.074825e+01 1.315833e+02
      endloop
   endfacet
   facet normal 9.063088e-01 -0.000000e+00 4.226160e-01
      outer loop
         vertex 6.851898e+01 8.986825e+01 1.315833e+02
         vertex 6.851898e+01 9.074825e+01 1.315833e+02
         vertex 6.850940e+01 8.986825e+01 1.316038e+02
      endloop
   endfacet
   facet normal 9.063088e-01 -0.000000e+00 4.226160e-01
      outer loop
         vertex 6.850940e+01 8.986825e+01 1.316038e+02
         vertex 6.851898e+01 9.074825e+01 1.315833e+02
         vertex 6.850940e+01 9.074825e+01 1.316038e+02
      endloop
   endfacet
   facet normal 9.659258e-01 -0.000000e+00 2.588191e-01
      outer loop
         vertex 6.850940e+01 8.986825e+01 1.316038e+02
         vertex 6.850940e+01 9.074825e+01 1.316038e+02
         vertex 6.850354e+01 8.986825e+01 1.316257e+02
      endloop
   endfacet
   facet normal 9.659258e-01 -0.000000e+00 2.588191e-01
      outer loop
         vertex 6.850354e+01 8.986825e+01 1.316257e+02
         vertex 6.850940e+01 9.074825e+01 1.316038e+02
         vertex 6.850354e+01 9.074825e+01 1.316257e+02
      endloop
   endfacet
   facet normal 9.961946e-01 -0.000000e+00 8.715696e-02
      outer loop
         vertex 6.850354e+01 8.986825e+01 1.316257e+02
         vertex 6.850354e+01 9.074825e+01 1.316257e+02
         vertex 6.850156e+01 8.986825e+01 1.316483e+02
      endloop
   endfacet
   facet normal 9.961946e-01 -0.000000e+00 8.715696e-02
      outer loop
         vertex 6.850156e+01 8.986825e+01 1.316483e+02
         vertex 6.850354e+01 9.074825e+01 1.316257e+02
         vertex 6.850156e+01 9.074825e+01 1.316483e+02
      endloop
   endfacet
   facet normal 9.961946e-01 0.000000e+00 -8.715696e-02
      outer loop
         vertex 6.850156e+01 8.986825e+01 1.316483e+02
         vertex 6.850156e+01 9.074825e+01 1.316483e+02
         vertex 6.850354e+01 8.986825e+01 1.316708e+02
      endloop
   endfacet
   facet normal 9.961946e-01 0.000000e+00 -8.715696e-02
      outer loop
         vertex 6.850354e+01 8.986825e+01 1.316708e+02
         vertex 6.850156e+01 9.074825e+01 1.316483e+02
         vertex 6.850354e+01 9.074825e+01 1.316708e+02
      endloop
   endfacet
   facet normal 9.659258e-01 0.000000e+00 -2.588191e-01
      outer loop
         vertex 6.850354e+01 8.986825e+01 1.316708e+02
         vertex 6.850354e+01 9.074825e+01 1.316708e+02
         vertex 6.850940e+01 8.986825e+01 1.316927e+02
      endloop
   endfacet
   facet normal 9.659258e-01 0.000000e+00 -2.588191e-01
      outer loop
         vertex 6.850940e+01 8.986825e+01 1.316927e+02
         vertex 6.850354e+01 9.074825e+01 1.316708e+02
         vertex 6.850940e+01 9.074825e+01 1.316927e+02
      endloop
   endfacet
   facet normal 9.063088e-01 0.000000e+00 -4.226160e-01
      outer loop
         vertex 6.850940e+01 8.986825e+01 1.316927e+02
         vertex 6.850940e+01 9.074825e+01 1.316927e+02
         vertex 6.851898e+01 8.986825e+01 1.317133e+02
      endloop
   endfacet
   facet normal 9.063088e-01 0.000000e+00 -4.226160e-01
      outer loop
         vertex 6.851898e+01 8.986825e+01 1.317133e+02
         vertex 6.850940e+01 9.074825e+01 1.316927e+02
         vertex 6.851898e+01 9.074825e+01 1.317133e+02
      endloop
   endfacet
   facet normal 8.191526e-01 0.000000e+00 -5.735757e-01
      outer loop
         vertex 6.851898e+01 8.986825e+01 1.317133e+02
         vertex 6.851898e+01 9.074825e+01 1.317133e+02
         vertex 6.853198e+01 8.986825e+01 1.317318e+02
      endloop
   endfacet
   facet normal 8.191526e-01 0.000000e+00 -5.735757e-01
      outer loop
         vertex 6.853198e+01 8.986825e+01 1.317318e+02
         vertex 6.851898e+01 9.074825e+01 1.317133e+02
         vertex 6.853198e+01 9.074825e+01 1.317318e+02
      endloop
   endfacet
   facet normal 7.071109e-01 0.000000e+00 -7.071027e-01
      outer loop
         vertex 6.853198e+01 8.986825e+01 1.317318e+02
         vertex 6.853198e+01 9.074825e+01 1.317318e+02
         vertex 6.854800e+01 8.986825e+01 1.317478e+02
      endloop
   endfacet
   facet normal 7.071109e-01 0.000000e+00 -7.071027e-01
      outer loop
         vertex 6.854800e+01 8.986825e+01 1.317478e+02
         vertex 6.853198e+01 9.074825e+01 1.317318e+02
         vertex 6.854800e+01 9.074825e+01 1.317478e+02
      endloop
   endfacet
   facet normal 5.735771e-01 0.000000e+00 -8.191516e-01
      outer loop
         vertex 6.854800e+01 8.986825e+01 1.317478e+02
         vertex 6.854800e+01 9.074825e+01 1.317478e+02
         vertex 6.856656e+01 8.986825e+01 1.317608e+02
      endloop
   endfacet
   facet normal 5.735771e-01 0.000000e+00 -8.191516e-01
      outer loop
         vertex 6.856656e+01 8.986825e+01 1.317608e+02
         vertex 6.854800e+01 9.074825e+01 1.317478e+02
         vertex 6.856656e+01 9.074825e+01 1.317608e+02
      endloop
   endfacet
   facet normal 4.226133e-01 0.000000e+00 -9.063101e-01
      outer loop
         vertex 6.856656e+01 8.986825e+01 1.317608e+02
         vertex 6.856656e+01 9.074825e+01 1.317608e+02
         vertex 6.858710e+01 8.986825e+01 1.317704e+02
      endloop
   endfacet
   facet normal 4.226133e-01 0.000000e+00 -9.063101e-01
      outer loop
         vertex 6.858710e+01 8.986825e+01 1.317704e+02
         vertex 6.856656e+01 9.074825e+01 1.317608e+02
         vertex 6.858710e+01 9.074825e+01 1.317704e+02
      endloop
   endfacet
   facet normal 2.588243e-01 0.000000e+00 -9.659244e-01
      outer loop
         vertex 6.858710e+01 8.986825e+01 1.317704e+02
         vertex 6.858710e+01 9.074825e+01 1.317704e+02
         vertex 6.860899e+01 8.986825e+01 1.317763e+02
      endloop
   endfacet
   facet normal 2.588243e-01 0.000000e+00 -9.659244e-01
      outer loop
         vertex 6.860899e+01 8.986825e+01 1.317763e+02
         vertex 6.858710e+01 9.074825e+01 1.317704e+02
         vertex 6.860899e+01 9.074825e+01 1.317763e+02
      endloop
   endfacet
   facet normal 8.714623e-02 0.000000e+00 -9.961955e-01
      outer loop
         vertex 6.860899e+01 8.986825e+01 1.317763e+02
         vertex 6.860899e+01 9.074825e+01 1.317763e+02
         vertex 6.863156e+01 8.986825e+01 1.317783e+02
      endloop
   endfacet
   facet normal 8.714623e-02 0.000000e+00 -9.961955e-01
      outer loop
         vertex 6.863156e+01 8.986825e+01 1.317783e+02
         vertex 6.860899e+01 9.074825e+01 1.317763e+02
         vertex 6.863156e+01 9.074825e+01 1.317783e+02
      endloop
   endfacet
   facet normal 0.000000e+00 1.000000e+00 0.000000e+00
      outer loop
         vertex 6.867602e+01 8.986825e+01 1.315261e+02
         vertex 6.865414e+01 8.986825e+01 1.315202e+02
         vertex 6.863156e+01 8.986825e+01 1.316483e+02
      endloop
   endfacet
   facet normal 0.000000e+00 1.000000e+00 0.000000e+00
      outer loop
         vertex 6.863156e+01 8.986825e+01 1.316483e+02
         vertex 6.865414e+01 8.986825e+01 1.315202e+02
         vertex 6.863156e+01 8.986825e+01 1.315183e+02
      endloop
   endfacet
   facet normal 0.000000e+00 1.000000e+00 0.000000e+00
      outer loop
         vertex 6.863156e+01 8.986825e+01 1.316483e+02
         vertex 6.863156e+01 8.986825e+01 1.315183e+02
         vertex 6.860899e+01 8.986825e+01 1.315202e+02
      endloop
   endfacet
   facet normal 0.000000e+00 1.000000e+00 0.000000e+00
      outer loop
         vertex 6.873115e+01 8.986825e+01 1.315647e+02
         vertex 6.871512e+01 8.986825e+01 1.315487e+02
         vertex 6.863156e+01 8.986825e+01 1.316483e+02
      endloop
   endfacet
   facet normal 0.000000e+00 1.000000e+00 0.000000e+00
      outer loop
         vertex 6.863156e+01 8.986825e+01 1.316483e+02
         vertex 6.871512e+01 8.986825e+01 1.315487e+02
         vertex 6.869656e+01 8.986825e+01 1.315357e+02
      endloop
   endfacet
   facet normal 0.000000e+00 1.000000e+00 0.000000e+00
      outer loop
         vertex 6.863156e+01 8.986825e+01 1.316483e+02
         vertex 6.869656e+01 8.986825e+01 1.315357e+02
         vertex 6.867602e+01 8.986825e+01 1.315261e+02
      endloop
   endfacet
   facet normal 0.000000e+00 1.000000e+00 0.000000e+00
      outer loop
         vertex 6.875959e+01 8.986825e+01 1.316257e+02
         vertex 6.875372e+01 8.986825e+01 1.316038e+02
         vertex 6.863156e+01 8.986825e+01 1.316483e+02
      endloop
   endfacet
   facet normal 0.000000e+00 1.000000e+00 0.000000e+00
      outer loop
         vertex 6.863156e+01 8.986825e+01 1.316483e+02
         vertex 6.875372e+01 8.986825e+01 1.316038e+02
         vertex 6.874414e+01 8.986825e+01 1.315833e+02
      endloop
   endfacet
   facet normal 0.000000e+00 1.000000e+00 0.000000e+00
      outer loop
         vertex 6.863156e+01 8.986825e+01 1.316483e+02
         vertex 6.874414e+01 8.986825e+01 1.315833e+02
         vertex 6.873115e+01 8.986825e+01 1.315647e+02
      endloop
   endfacet
   facet normal 0.000000e+00 1.000000e+00 0.000000e+00
      outer loop
         vertex 6.875372e+01 8.986825e+01 1.316927e+02
         vertex 6.875959e+01 8.986825e+01 1.316708e+02
         vertex 6.863156e+01 8.986825e+01 1.316483e+02
      endloop
   endfacet
   facet normal 0.000000e+00 1.000000e+00 0.000000e+00
      outer loop
         vertex 6.863156e+01 8.986825e+01 1.316483e+02
         vertex 6.875959e+01 8.986825e+01 1.316708e+02
         vertex 6.876156e+01 8.986825e+01 1.316483e+02
      endloop
   endfacet
   facet normal -0.000000e+00 1.000000e+00 0.000000e+00
      outer loop
         vertex 6.863156e+01 8.986825e+01 1.316483e+02
         vertex 6.876156e+01 8.986825e+01 1.316483e+02
         vertex 6.875959e+01 8.986825e+01 1.316257e+02
      endloop
   endfacet
   facet normal 0.000000e+00 1.000000e+00 0.000000e+00
      outer loop
         vertex 6.871512e+01 8.986825e+01 1.317478e+02
         vertex 6.873115e+01 8.986825e+01 1.317318e+02
         vertex 6.863156e+01 8.986825e+01 1.316483e+02
      endloop
   endfacet
   facet normal 0.000000e+00 1.000000e+00 0.000000e+00
      outer loop
         vertex 6.863156e+01 8.986825e+01 1.316483e+02
         vertex 6.873115e+01 8.986825e+01 1.317318e+02
         vertex 6.874414e+01 8.986825e+01 1.317133e+02
      endloop
   endfacet
   facet normal 0.000000e+00 1.000000e+00 0.000000e+00
      outer loop
         vertex 6.863156e+01 8.986825e+01 1.316483e+02
         vertex 6.874414e+01 8.986825e+01 1.317133e+02
         vertex 6.875372e+01 8.986825e+01 1.316927e+02
      endloop
   endfacet
   facet normal 0.000000e+00 1.000000e+00 0.000000e+00
      outer loop
         vertex 6.865414e+01 8.986825e+01 1.317763e+02
         vertex 6.867602e+01 8.986825e+01 1.317704e+02
         vertex 6.863156e+01 8.986825e+01 1.316483e+02
      endloop
   endfacet
   facet normal 0.000000e+00 1.000000e+00 0.000000e+00
      outer loop
         vertex 6.863156e+01 8.986825e+01 1.316483e+02
         vertex 6.867602e+01 8.986825e+01 1.317704e+02
         vertex 6.869656e+01 8.986825e+01 1.317608e+02
      endloop
   endfacet
   facet normal 0.000000e+00 1.000000e+00 0.000000e+00
      outer loop
         vertex 6.863156e+01 8.986825e+01 1.316483e+02
         vertex 6.869656e+01 8.986825e+01 1.317608e+02
         vertex 6.871512e+01 8.986825e+01 1.317478e+02
      endloop
   endfacet
   facet normal -0.000000e+00 1.000000e+00 0.000000e+00
      outer loop
         vertex 6.858710e+01 8.986825e+01 1.317704e+02
         vertex 6.860899e+01 8.986825e+01 1.317763e+02
         vertex 6.863156e+01 8.986825e+01 1.316483e+02
      endloop
   endfacet
   facet normal 0.000000e+00 1.000000e+00 -0.000000e+00
      outer loop
         vertex 6.863156e+01 8.986825e+01 1.316483e+02
         vertex 6.860899e+01 8.986825e+01 1.317763e+02
         vertex 6.863156e+01 8.986825e+01 1.317783e+02
      endloop
   endfacet
   facet normal 0.000000e+00 1.000000e+00 0.000000e+00
      outer loop
         vertex 6.863156e+01 8.986825e+01 1.316483e+02
         vertex 6.863156e+01 8.986825e+01 1.317783e+02
         vertex 6.865414e+01 8.986825e+01 1.317763e+02
      endloop
   endfacet
   facet normal -0.000000e+00 1.000000e+00 0.000000e+00
      outer loop
         vertex 6.853198e+01 8.986825e+01 1.317318e+02
         vertex 6.854800e+01 8.986825e+01 1.317478e+02
         vertex 6.863156e+01 8.986825e+01 1.316483e+02
      endloop
   endfacet
   facet normal 0.000000e+00 1.000000e+00 0.000000e+00
      outer loop
         vertex 6.863156e+01 8.986825e+01 1.316483e+02
         vertex 6.854800e+01 8.986825e+01 1.317478e+02
         vertex 6.856656e+01 8.986825e+01 1.317608e+02
      endloop
   endfacet
   facet normal 0.000000e+00 1.000000e+00 0.000000e+00
      outer loop
         vertex 6.863156e+01 8.986825e+01 1.316483e+02
         vertex 6.856656e+01 8.986825e+01 1.317608e+02
         vertex 6.858710e+01 8.986825e+01 1.317704e+02
      endloop
   endfacet
   facet normal -0.000000e+00 1.000000e+00 0.000000e+00
      outer loop
         vertex 6.850354e+01 8.986825e+01 1.316708e+02
         vertex 6.850940e+01 8.986825e+01 1.316927e+02
         vertex 6.863156e+01 8.986825e+01 1.316483e+02
      endloop
   endfacet
   facet normal 0.000000e+00 1.000000e+00 0.000000e+00
      outer loop
         vertex 6.863156e+01 8.986825e+01 1.316483e+02
         vertex 6.850940e+01 8.986825e+01 1.316927e+02
         vertex 6.851898e+01 8.986825e+01 1.317133e+02
      endloop
   endfacet
   facet normal 0.000000e+00 1.000000e+00 0.000000e+00
      outer loop
         vertex 6.863156e+01 8.986825e+01 1.316483e+02
         vertex 6.851898e+01 8.986825e+01 1.317133e+02
         vertex 6.853198e+01 8.986825e+01 1.317318e+02
      endloop
   endfacet
   facet normal 0.000000e+00 1.000000e+00 -0.000000e+00
      outer loop
         vertex 6.850940e+01 8.986825e+01 1.316038e+02
         vertex 6.850354e+01 8.986825e+01 1.316257e+02
         vertex 6.863156e+01 8.986825e+01 1.316483e+02
      endloop
   endfacet
   facet normal 0.000000e+00 1.000000e+00 0.000000e+00
      outer loop
         vertex 6.863156e+01 8.986825e+01 1.316483e+02
         vertex 6.850354e+01 8.986825e+01 1.316257e+02
         vertex 6.850156e+01 8.986825e+01 1.316483e+02
      endloop
   endfacet
   facet normal 0.000000e+00 1.000000e+00 0.000000e+00
      outer loop
         vertex 6.863156e+01 8.986825e+01 1.316483e+02
         vertex 6.850156e+01 8.986825e+01 1.316483e+02
         vertex 6.850354e+01 8.986825e+01 1.316708e+02
      endloop
   endfacet
   facet normal 0.000000e+00 1.000000e+00 -0.000000e+00
      outer loop
         vertex 6.854800e+01 8.986825e+01 1.315487e+02
         vertex 6.853198e+01 8.986825e+01 1.315647e+02
         vertex 6.863156e+01 8.986825e+01 1.316483e+02
      endloop
   endfacet
   facet normal 0.000000e+00 1.000000e+00 0.000000e+00
      outer loop
         vertex 6.863156e+01 8.986825e+01 1.316483e+02
         vertex 6.853198e+01 8.986825e+01 1.315647e+02
         vertex 6.851898e+01 8.986825e+01 1.315833e+02
      endloop
   endfacet
   facet normal 0.000000e+00 1.000000e+00 0.000000e+00
      outer loop
         vertex 6.863156e+01 8.986825e+01 1.316483e+02
         vertex 6.851898e+01 8.986825e+01 1.315833e+02
         vertex 6.850940e+01 8.986825e+01 1.316038e+02
      endloop
   endfacet
   facet normal 0.000000e+00 1.000000e+00 -0.000000e+00
      outer loop
         vertex 6.860899e+01 8.986825e+01 1.315202e+02
         vertex 6.858710e+01 8.986825e+01 1.315261e+02
         vertex 6.863156e+01 8.986825e+01 1.316483e+02
      endloop
   endfacet
   facet normal 0.000000e+00 1.000000e+00 0.000000e+00
      outer loop
         vertex 6.863156e+01 8.986825e+01 1.316483e+02
         vertex 6.858710e+01 8.986825e+01 1.315261e+02
         vertex 6.856656e+01 8.986825e+01 1.315357e+02
      endloop
   endfacet
   facet normal 0.000000e+00 1.000000e+00 0.000000e+00
      outer loop
         vertex 6.863156e+01 8.986825e+01 1.316483e+02
         vertex 6.856656e+01 8.986825e+01 1.315357e+02
         vertex 6.854800e+01 8.986825e+01 1.315487e+02
      endloop
   endfacet
   facet normal -8.715456e-02 0.000000e+00 -9.961948e-01
      outer loop
         vertex 6.863156e+01 8.986825e+01 1.366607e+02
         vertex 6.863156e+01 9.074825e+01 1.366607e+02
         vertex 6.865414e+01 8.986825e+01 1.366587e+02
      endloop
   endfacet
   facet normal -8.715456e-02 0.000000e+00 -9.961948e-01
      outer loop
         vertex 6.865414e+01 8.986825e+01 1.366587e+02
         vertex 6.863156e+01 9.074825e+01 1.366607e+02
         vertex 6.865414e+01 9.074825e+01 1.366587e+02
      endloop
   endfacet
   facet normal -2.588166e-01 0.000000e+00 -9.659265e-01
      outer loop
         vertex 6.865414e+01 8.986825e+01 1.366587e+02
         vertex 6.865414e+01 9.074825e+01 1.366587e+02
         vertex 6.867602e+01 8.986825e+01 1.366529e+02
      endloop
   endfacet
   facet normal -2.588166e-01 0.000000e+00 -9.659265e-01
      outer loop
         vertex 6.867602e+01 8.986825e+01 1.366529e+02
         vertex 6.865414e+01 9.074825e+01 1.366587e+02
         vertex 6.867602e+01 9.074825e+01 1.366529e+02
      endloop
   endfacet
   facet normal -4.226201e-01 0.000000e+00 -9.063069e-01
      outer loop
         vertex 6.867602e+01 8.986825e+01 1.366529e+02
         vertex 6.867602e+01 9.074825e+01 1.366529e+02
         vertex 6.869656e+01 8.986825e+01 1.366433e+02
      endloop
   endfacet
   facet normal -4.226201e-01 0.000000e+00 -9.063069e-01
      outer loop
         vertex 6.869656e+01 8.986825e+01 1.366433e+02
         vertex 6.867602e+01 9.074825e+01 1.366529e+02
         vertex 6.869656e+01 9.074825e+01 1.366433e+02
      endloop
   endfacet
   facet normal -5.735771e-01 0.000000e+00 -8.191516e-01
      outer loop
         vertex 6.869656e+01 8.986825e+01 1.366433e+02
         vertex 6.869656e+01 9.074825e+01 1.366433e+02
         vertex 6.871512e+01 8.986825e+01 1.366303e+02
      endloop
   endfacet
   facet normal -5.735771e-01 0.000000e+00 -8.191516e-01
      outer loop
         vertex 6.871512e+01 8.986825e+01 1.366303e+02
         vertex 6.869656e+01 9.074825e+01 1.366433e+02
         vertex 6.871512e+01 9.074825e+01 1.366303e+02
      endloop
   endfacet
   facet normal -7.071047e-01 0.000000e+00 -7.071088e-01
      outer loop
         vertex 6.871512e+01 8.986825e+01 1.366303e+02
         vertex 6.871512e+01 9.074825e+01 1.366303e+02
         vertex 6.873115e+01 8.986825e+01 1.366143e+02
      endloop
   endfacet
   facet normal -7.071047e-01 0.000000e+00 -7.071088e-01
      outer loop
         vertex 6.873115e+01 8.986825e+01 1.366143e+02
         vertex 6.871512e+01 9.074825e+01 1.366303e+02
         vertex 6.873115e+01 9.074825e+01 1.366143e+02
      endloop
   endfacet
   facet normal -8.191529e-01 0.000000e+00 -5.735752e-01
      outer loop
         vertex 6.873115e+01 8.986825e+01 1.366143e+02
         vertex 6.873115e+01 9.074825e+01 1.366143e+02
         vertex 6.874414e+01 8.986825e+01 1.365957e+02
      endloop
   endfacet
   facet normal -8.191529e-01 0.000000e+00 -5.735752e-01
      outer loop
         vertex 6.874414e+01 8.986825e+01 1.365957e+02
         vertex 6.873115e+01 9.074825e+01 1.366143e+02
         vertex 6.874414e+01 9.074825e+01 1.365957e+02
      endloop
   endfacet
   facet normal -9.063078e-01 0.000000e+00 -4.226183e-01
      outer loop
         vertex 6.874414e+01 8.986825e+01 1.365957e+02
         vertex 6.874414e+01 9.074825e+01 1.365957e+02
         vertex 6.875372e+01 8.986825e+01 1.365752e+02
      endloop
   endfacet
   facet normal -9.063078e-01 0.000000e+00 -4.226183e-01
      outer loop
         vertex 6.875372e+01 8.986825e+01 1.365752e+02
         vertex 6.874414e+01 9.074825e+01 1.365957e+02
         vertex 6.875372e+01 9.074825e+01 1.365752e+02
      endloop
   endfacet
   facet normal -9.659258e-01 0.000000e+00 -2.588190e-01
      outer loop
         vertex 6.875372e+01 8.986825e+01 1.365752e+02
         vertex 6.875372e+01 9.074825e+01 1.365752e+02
         vertex 6.875959e+01 8.986825e+01 1.365533e+02
      endloop
   endfacet
   facet normal -9.659258e-01 0.000000e+00 -2.588190e-01
      outer loop
         vertex 6.875959e+01 8.986825e+01 1.365533e+02
         vertex 6.875372e+01 9.074825e+01 1.365752e+02
         vertex 6.875959e+01 9.074825e+01 1.365533e+02
      endloop
   endfacet
   facet normal -9.961947e-01 0.000000e+00 -8.715558e-02
      outer loop
         vertex 6.875959e+01 8.986825e+01 1.365533e+02
         vertex 6.875959e+01 9.074825e+01 1.365533e+02
         vertex 6.876156e+01 8.986825e+01 1.365307e+02
      endloop
   endfacet
   facet normal -9.961947e-01 0.000000e+00 -8.715558e-02
      outer loop
         vertex 6.876156e+01 8.986825e+01 1.365307e+02
         vertex 6.875959e+01 9.074825e+01 1.365533e+02
         vertex 6.876156e+01 9.074825e+01 1.365307e+02
      endloop
   endfacet
   facet normal -9.961947e-01 0.000000e+00 8.715558e-02
      outer loop
         vertex 6.876156e+01 8.986825e+01 1.365307e+02
         vertex 6.876156e+01 9.074825e+01 1.365307e+02
         vertex 6.875959e+01 8.986825e+01 1.365081e+02
      endloop
   endfacet
   facet normal -9.961947e-01 0.000000e+00 8.715558e-02
      outer loop
         vertex 6.875959e+01 8.986825e+01 1.365081e+02
         vertex 6.876156e+01 9.074825e+01 1.365307e+02
         vertex 6.875959e+01 9.074825e+01 1.365081e+02
      endloop
   endfacet
   facet normal -9.659258e-01 0.000000e+00 2.588190e-01
      outer loop
         vertex 6.875959e+01 8.986825e+01 1.365081e+02
         vertex 6.875959e+01 9.074825e+01 1.365081e+02
         vertex 6.875372e+01 8.986825e+01 1.364863e+02
      endloop
   endfacet
   facet normal -9.659258e-01 0.000000e+00 2.588190e-01
      outer loop
         vertex 6.875372e+01 8.986825e+01 1.364863e+02
         vertex 6.875959e+01 9.074825e+01 1.365081e+02
         vertex 6.875372e+01 9.074825e+01 1.364863e+02
      endloop
   endfacet
   facet normal -9.063078e-01 0.000000e+00 4.226183e-01
      outer loop
         vertex 6.875372e+01 8.986825e+01 1.364863e+02
         vertex 6.875372e+01 9.074825e+01 1.364863e+02
         vertex 6.874414e+01 8.986825e+01 1.364657e+02
      endloop
   endfacet
   facet normal -9.063078e-01 0.000000e+00 4.226183e-01
      outer loop
         vertex 6.874414e+01 8.986825e+01 1.364657e+02
         vertex 6.875372e+01 9.074825e+01 1.364863e+02
         vertex 6.874414e+01 9.074825e+01 1.364657e+02
      endloop
   endfacet
   facet normal -8.191516e-01 0.000000e+00 5.735771e-01
      outer loop
         vertex 6.874414e+01 8.986825e+01 1.364657e+02
         vertex 6.874414e+01 9.074825e+01 1.364657e+02
         vertex 6.873115e+01 8.986825e+01 1.364472e+02
      endloop
   endfacet
   facet normal -8.191516e-01 0.000000e+00 5.735771e-01
      outer loop
         vertex 6.873115e+01 8.986825e+01 1.364472e+02
         vertex 6.874414e+01 9.074825e+01 1.364657e+02
         vertex 6.873115e+01 9.074825e+01 1.364472e+02
      endloop
   endfacet
   facet normal -7.071068e-01 0.000000e+00 7.071068e-01
      outer loop
         vertex 6.873115e+01 8.986825e+01 1.364472e+02
         vertex 6.873115e+01 9.074825e+01 1.364472e+02
         vertex 6.871512e+01 8.986825e+01 1.364311e+02
      endloop
   endfacet
   facet normal -7.071068e-01 0.000000e+00 7.071068e-01
      outer loop
         vertex 6.871512e+01 8.986825e+01 1.364311e+02
         vertex 6.873115e+01 9.074825e+01 1.364472e+02
         vertex 6.871512e+01 9.074825e+01 1.364311e+02
      endloop
   endfacet
   facet normal -5.735771e-01 0.000000e+00 8.191516e-01
      outer loop
         vertex 6.871512e+01 8.986825e+01 1.364311e+02
         vertex 6.871512e+01 9.074825e+01 1.364311e+02
         vertex 6.869656e+01 8.986825e+01 1.364181e+02
      endloop
   endfacet
   facet normal -5.735771e-01 0.000000e+00 8.191516e-01
      outer loop
         vertex 6.869656e+01 8.986825e+01 1.364181e+02
         vertex 6.871512e+01 9.074825e+01 1.364311e+02
         vertex 6.869656e+01 9.074825e+01 1.364181e+02
      endloop
   endfacet
   facet normal -4.226167e-01 0.000000e+00 9.063085e-01
      outer loop
         vertex 6.869656e+01 8.986825e+01 1.364181e+02
         vertex 6.869656e+01 9.074825e+01 1.364181e+02
         vertex 6.867602e+01 8.986825e+01 1.364086e+02
      endloop
   endfacet
   facet normal -4.226167e-01 0.000000e+00 9.063085e-01
      outer loop
         vertex 6.867602e+01 8.986825e+01 1.364086e+02
         vertex 6.869656e+01 9.074825e+01 1.364181e+02
         vertex 6.867602e+01 9.074825e+01 1.364086e+02
      endloop
   endfacet
   facet normal -2.588205e-01 0.000000e+00 9.659254e-01
      outer loop
         vertex 6.867602e+01 8.986825e+01 1.364086e+02
         vertex 6.867602e+01 9.074825e+01 1.364086e+02
         vertex 6.865414e+01 8.986825e+01 1.364027e+02
      endloop
   endfacet
   facet normal -2.588205e-01 0.000000e+00 9.659254e-01
      outer loop
         vertex 6.865414e+01 8.986825e+01 1.364027e+02
         vertex 6.867602e+01 9.074825e+01 1.364086e+02
         vertex 6.865414e+01 9.074825e+01 1.364027e+02
      endloop
   endfacet
   facet normal -8.715456e-02 0.000000e+00 9.961948e-01
      outer loop
         vertex 6.865414e+01 8.986825e+01 1.364027e+02
         vertex 6.865414e+01 9.074825e+01 1.364027e+02
         vertex 6.863156e+01 8.986825e+01 1.364007e+02
      endloop
   endfacet
   facet normal -8.715456e-02 0.000000e+00 9.961948e-01
      outer loop
         vertex 6.863156e+01 8.986825e+01 1.364007e+02
         vertex 6.865414e+01 9.074825e+01 1.364027e+02
         vertex 6.863156e+01 9.074825e+01 1.364007e+02
      endloop
   endfacet
   facet normal 8.715438e-02 -0.000000e+00 9.961948e-01
      outer loop
         vertex 6.863156e+01 8.986825e+01 1.364007e+02
         vertex 6.863156e+01 9.074825e+01 1.364007e+02
         vertex 6.860899e+01 8.986825e+01 1.364027e+02
      endloop
   endfacet
   facet normal 8.715438e-02 -0.000000e+00 9.961948e-01
      outer loop
         vertex 6.860899e+01 8.986825e+01 1.364027e+02
         vertex 6.863156e+01 9.074825e+01 1.364007e+02
         vertex 6.860899e+01 9.074825e+01 1.364027e+02
      endloop
   endfacet
   facet normal 2.588205e-01 -0.000000e+00 9.659254e-01
      outer loop
         vertex 6.860899e+01 8.986825e+01 1.364027e+02
         vertex 6.860899e+01 9.074825e+01 1.364027e+02
         vertex 6.858710e+01 8.986825e+01 1.364086e+02
      endloop
   endfacet
   facet normal 2.588205e-01 -0.000000e+00 9.659254e-01
      outer loop
         vertex 6.858710e+01 8.986825e+01 1.364086e+02
         vertex 6.860899e+01 9.074825e+01 1.364027e+02
         vertex 6.858710e+01 9.074825e+01 1.364086e+02
      endloop
   endfacet
   facet normal 4.226167e-01 -0.000000e+00 9.063085e-01
      outer loop
         vertex 6.858710e+01 8.986825e+01 1.364086e+02
         vertex 6.858710e+01 9.074825e+01 1.364086e+02
         vertex 6.856656e+01 8.986825e+01 1.364181e+02
      endloop
   endfacet
   facet normal 4.226167e-01 -0.000000e+00 9.063085e-01
      outer loop
         vertex 6.856656e+01 8.986825e+01 1.364181e+02
         vertex 6.858710e+01 9.074825e+01 1.364086e+02
         vertex 6.856656e+01 9.074825e+01 1.364181e+02
      endloop
   endfacet
   facet normal 5.735771e-01 -0.000000e+00 8.191516e-01
      outer loop
         vertex 6.856656e+01 8.986825e+01 1.364181e+02
         vertex 6.856656e+01 9.074825e+01 1.364181e+02
         vertex 6.854800e+01 8.986825e+01 1.364311e+02
      endloop
   endfacet
   facet normal 5.735771e-01 -0.000000e+00 8.191516e-01
      outer loop
         vertex 6.854800e+01 8.986825e+01 1.364311e+02
         vertex 6.856656e+01 9.074825e+01 1.364181e+02
         vertex 6.854800e+01 9.074825e+01 1.364311e+02
      endloop
   endfacet
   facet normal 7.071068e-01 -0.000000e+00 7.071068e-01
      outer loop
         vertex 6.854800e+01 8.986825e+01 1.364311e+02
         vertex 6.854800e+01 9.074825e+01 1.364311e+02
         vertex 6.853198e+01 8.986825e+01 1.364472e+02
      endloop
   endfacet
   facet normal 7.071068e-01 -0.000000e+00 7.071068e-01
      outer loop
         vertex 6.853198e+01 8.986825e+01 1.364472e+02
         vertex 6.854800e+01 9.074825e+01 1.364311e+02
         vertex 6.853198e+01 9.074825e+01 1.364472e+02
      endloop
   endfacet
   facet normal 8.191526e-01 -0.000000e+00 5.735757e-01
      outer loop
         vertex 6.853198e+01 8.986825e+01 1.364472e+02
         vertex 6.853198e+01 9.074825e+01 1.364472e+02
         vertex 6.851898e+01 8.986825e+01 1.364657e+02
      endloop
   endfacet
   facet normal 8.191526e-01 -0.000000e+00 5.735757e-01
      outer loop
         vertex 6.851898e+01 8.986825e+01 1.364657e+02
         vertex 6.853198e+01 9.074825e+01 1.364472e+02
         vertex 6.851898e+01 9.074825e+01 1.364657e+02
      endloop
   endfacet
   facet normal 9.063074e-01 -0.000000e+00 4.226192e-01
      outer loop
         vertex 6.851898e+01 8.986825e+01 1.364657e+02
         vertex 6.851898e+01 9.074825e+01 1.364657e+02
         vertex 6.850940e+01 8.986825e+01 1.364863e+02
      endloop
   endfacet
   facet normal 9.063074e-01 -0.000000e+00 4.226192e-01
      outer loop
         vertex 6.850940e+01 8.986825e+01 1.364863e+02
         vertex 6.851898e+01 9.074825e+01 1.364657e+02
         vertex 6.850940e+01 9.074825e+01 1.364863e+02
      endloop
   endfacet
   facet normal 9.659261e-01 -0.000000e+00 2.588181e-01
      outer loop
         vertex 6.850940e+01 8.986825e+01 1.364863e+02
         vertex 6.850940e+01 9.074825e+01 1.364863e+02
         vertex 6.850354e+01 8.986825e+01 1.365081e+02
      endloop
   endfacet
   facet normal 9.659261e-01 -0.000000e+00 2.588181e-01
      outer loop
         vertex 6.850354e+01 8.986825e+01 1.365081e+02
         vertex 6.850940e+01 9.074825e+01 1.364863e+02
         vertex 6.850354e+01 9.074825e+01 1.365081e+02
      endloop
   endfacet
   facet normal 9.961946e-01 -0.000000e+00 8.715660e-02
      outer loop
         vertex 6.850354e+01 8.986825e+01 1.365081e+02
         vertex 6.850354e+01 9.074825e+01 1.365081e+02
         vertex 6.850156e+01 8.986825e+01 1.365307e+02
      endloop
   endfacet
   facet normal 9.961946e-01 -0.000000e+00 8.715660e-02
      outer loop
         vertex 6.850156e+01 8.986825e+01 1.365307e+02
         vertex 6.850354e+01 9.074825e+01 1.365081e+02
         vertex 6.850156e+01 9.074825e+01 1.365307e+02
      endloop
   endfacet
   facet normal 9.961946e-01 0.000000e+00 -8.715660e-02
      outer loop
         vertex 6.850156e+01 8.986825e+01 1.365307e+02
         vertex 6.850156e+01 9.074825e+01 1.365307e+02
         vertex 6.850354e+01 8.986825e+01 1.365533e+02
      endloop
   endfacet
   facet normal 9.961946e-01 0.000000e+00 -8.715660e-02
      outer loop
         vertex 6.850354e+01 8.986825e+01 1.365533e+02
         vertex 6.850156e+01 9.074825e+01 1.365307e+02
         vertex 6.850354e+01 9.074825e+01 1.365533e+02
      endloop
   endfacet
   facet normal 9.659261e-01 0.000000e+00 -2.588181e-01
      outer loop
         vertex 6.850354e+01 8.986825e+01 1.365533e+02
         vertex 6.850354e+01 9.074825e+01 1.365533e+02
         vertex 6.850940e+01 8.986825e+01 1.365752e+02
      endloop
   endfacet
   facet normal 9.659261e-01 0.000000e+00 -2.588181e-01
      outer loop
         vertex 6.850940e+01 8.986825e+01 1.365752e+02
         vertex 6.850354e+01 9.074825e+01 1.365533e+02
         vertex 6.850940e+01 9.074825e+01 1.365752e+02
      endloop
   endfacet
   facet normal 9.063074e-01 0.000000e+00 -4.226192e-01
      outer loop
         vertex 6.850940e+01 8.986825e+01 1.365752e+02
         vertex 6.850940e+01 9.074825e+01 1.365752e+02
         vertex 6.851898e+01 8.986825e+01 1.365957e+02
      endloop
   endfacet
   facet normal 9.063074e-01 0.000000e+00 -4.226192e-01
      outer loop
         vertex 6.851898e+01 8.986825e+01 1.365957e+02
         vertex 6.850940e+01 9.074825e+01 1.365752e+02
         vertex 6.851898e+01 9.074825e+01 1.365957e+02
      endloop
   endfacet
   facet normal 8.191539e-01 0.000000e+00 -5.735738e-01
      outer loop
         vertex 6.851898e+01 8.986825e+01 1.365957e+02
         vertex 6.851898e+01 9.074825e+01 1.365957e+02
         vertex 6.853198e+01 8.986825e+01 1.366143e+02
      endloop
   endfacet
   facet normal 8.191539e-01 0.000000e+00 -5.735738e-01
      outer loop
         vertex 6.853198e+01 8.986825e+01 1.366143e+02
         vertex 6.851898e+01 9.074825e+01 1.365957e+02
         vertex 6.853198e+01 9.074825e+01 1.366143e+02
      endloop
   endfacet
   facet normal 7.071047e-01 0.000000e+00 -7.071088e-01
      outer loop
         vertex 6.853198e+01 8.986825e+01 1.366143e+02
         vertex 6.853198e+01 9.074825e+01 1.366143e+02
         vertex 6.854800e+01 8.986825e+01 1.366303e+02
      endloop
   endfacet
   facet normal 7.071047e-01 0.000000e+00 -7.071088e-01
      outer loop
         vertex 6.854800e+01 8.986825e+01 1.366303e+02
         vertex 6.853198e+01 9.074825e+01 1.366143e+02
         vertex 6.854800e+01 9.074825e+01 1.366303e+02
      endloop
   endfacet
   facet normal 5.735771e-01 0.000000e+00 -8.191516e-01
      outer loop
         vertex 6.854800e+01 8.986825e+01 1.366303e+02
         vertex 6.854800e+01 9.074825e+01 1.366303e+02
         vertex 6.856656e+01 8.986825e+01 1.366433e+02
      endloop
   endfacet
   facet normal 5.735771e-01 0.000000e+00 -8.191516e-01
      outer loop
         vertex 6.856656e+01 8.986825e+01 1.366433e+02
         vertex 6.854800e+01 9.074825e+01 1.366303e+02
         vertex 6.856656e+01 9.074825e+01 1.366433e+02
      endloop
   endfacet
   facet normal 4.226201e-01 0.000000e+00 -9.063069e-01
      outer loop
         vertex 6.856656e+01 8.986825e+01 1.366433e+02
         vertex 6.856656e+01 9.074825e+01 1.366433e+02
         vertex 6.858710e+01 8.986825e+01 1.366529e+02
      endloop
   endfacet
   facet normal 4.226201e-01 0.000000e+00 -9.063069e-01
      outer loop
         vertex 6.858710e+01 8.986825e+01 1.366529e+02
         vertex 6.856656e+01 9.074825e+01 1.366433e+02
         vertex 6.858710e+01 9.074825e+01 1.366529e+02
      endloop
   endfacet
   facet normal 2.588166e-01 0.000000e+00 -9.659265e-01
      outer loop
         vertex 6.858710e+01 8.986825e+01 1.366529e+02
         vertex 6.858710e+01 9.074825e+01 1.366529e+02
         vertex 6.860899e+01 8.986825e+01 1.366587e+02
      endloop
   endfacet
   facet normal 2.588166e-01 0.000000e+00 -9.659265e-01
      outer loop
         vertex 6.860899e+01 8.986825e+01 1.366587e+02
         vertex 6.858710e+01 9.074825e+01 1.366529e+02
         vertex 6.860899e+01 9.074825e+01 1.366587e+02
      endloop
   endfacet
   facet normal 8.715438e-02 0.000000e+00 -9.961948e-01
      outer loop
         vertex 6.860899e+01 8.986825e+01 1.366587e+02
         vertex 6.860899e+01 9.074825e+01 1.366587e+02
         vertex 6.863156e+01 8.986825e+01 1.366607e+02
      endloop
   endfacet
   facet normal 8.715438e-02 0.000000e+00 -9.961948e-01
      outer loop
         vertex 6.863156e+01 8.986825e+01 1.366607e+02
         vertex 6.860899e+01 9.074825e+01 1.366587e+02
         vertex 6.863156e+01 9.074825e+01 1.366607e+02
      endloop
   endfacet
   facet normal -0.000000e+00 1.000000e+00 0.000000e+00
      outer loop
         vertex 6.858710e+01 8.986825e+01 1.366529e+02
         vertex 6.860899e+01 8.986825e+01 1.366587e+02
         vertex 6.863156e+01 8.986825e+01 1.365307e+02
      endloop
   endfacet
   facet normal 0.000000e+00 1.000000e+00 -0.000000e+00
      outer loop
         vertex 6.863156e+01 8.986825e+01 1.365307e+02
         vertex 6.860899e+01 8.986825e+01 1.366587e+02
         vertex 6.863156e+01 8.986825e+01 1.366607e+02
      endloop
   endfacet
   facet normal 0.000000e+00 1.000000e+00 0.000000e+00
      outer loop
         vertex 6.863156e+01 8.986825e+01 1.365307e+02
         vertex 6.863156e+01 8.986825e+01 1.366607e+02
         vertex 6.865414e+01 8.986825e+01 1.366587e+02
      endloop
   endfacet
   facet normal -0.000000e+00 1.000000e+00 0.000000e+00
      outer loop
         vertex 6.853198e+01 8.986825e+01 1.366143e+02
         vertex 6.854800e+01 8.986825e+01 1.366303e+02
         vertex 6.863156e+01 8.986825e+01 1.365307e+02
      endloop
   endfacet
   facet normal 0.000000e+00 1.000000e+00 0.000000e+00
      outer loop
         vertex 6.863156e+01 8.986825e+01 1.365307e+02
         vertex 6.854800e+01 8.986825e+01 1.366303e+02
         vertex 6.856656e+01 8.986825e+01 1.366433e+02
      endloop
   endfacet
   facet normal 0.000000e+00 1.000000e+00 0.000000e+00
      outer loop
         vertex 6.863156e+01 8.986825e+01 1.365307e+02
         vertex 6.856656e+01 8.986825e+01 1.366433e+02
         vertex 6.858710e+01 8.986825e+01 1.366529e+02
      endloop
   endfacet
   facet normal -0.000000e+00 1.000000e+00 0.000000e+00
      outer loop
         vertex 6.850354e+01 8.986825e+01 1.365533e+02
         vertex 6.850940e+01 8.986825e+01 1.365752e+02
         vertex 6.863156e+01 8.986825e+01 1.365307e+02
      endloop
   endfacet
   facet normal 0.000000e+00 1.000000e+00 0.000000e+00
      outer loop
         vertex 6.863156e+01 8.986825e+01 1.365307e+02
         vertex 6.850940e+01 8.986825e+01 1.365752e+02
         vertex 6.851898e+01 8.986825e+01 1.365957e+02
      endloop
   endfacet
   facet normal 0.000000e+00 1.000000e+00 0.000000e+00
      outer loop
         vertex 6.863156e+01 8.986825e+01 1.365307e+02
         vertex 6.851898e+01 8.986825e+01 1.365957e+02
         vertex 6.853198e+01 8.986825e+01 1.366143e+02
      endloop
   endfacet
   facet normal 0.000000e+00 1.000000e+00 -0.000000e+00
      outer loop
         vertex 6.850940e+01 8.986825e+01 1.364863e+02
         vertex 6.850354e+01 8.986825e+01 1.365081e+02
         vertex 6.863156e+01 8.986825e+01 1.365307e+02
      endloop
   endfacet
   facet normal 0.000000e+00 1.000000e+00 0.000000e+00
      outer loop
         vertex 6.863156e+01 8.986825e+01 1.365307e+02
         vertex 6.850354e+01 8.986825e+01 1.365081e+02
         vertex 6.850156e+01 8.986825e+01 1.365307e+02
      endloop
   endfacet
   facet normal 0.000000e+00 1.000000e+00 0.000000e+00
      outer loop
         vertex 6.863156e+01 8.986825e+01 1.365307e+02
         vertex 6.850156e+01 8.986825e+01 1.365307e+02
         vertex 6.850354e+01 8.986825e+01 1.365533e+02
      endloop
   endfacet
   facet normal 0.000000e+00 1.000000e+00 -0.000000e+00
      outer loop
         vertex 6.854800e+01 8.986825e+01 1.364311e+02
         vertex 6.853198e+01 8.986825e+01 1.364472e+02
         vertex 6.863156e+01 8.986825e+01 1.365307e+02
      endloop
   endfacet
   facet normal 0.000000e+00 1.000000e+00 0.000000e+00
      outer loop
         vertex 6.863156e+01 8.986825e+01 1.365307e+02
         vertex 6.853198e+01 8.986825e+01 1.364472e+02
         vertex 6.851898e+01 8.986825e+01 1.364657e+02
      endloop
   endfacet
   facet normal 0.000000e+00 1.000000e+00 0.000000e+00
      outer loop
         vertex 6.863156e+01 8.986825e+01 1.365307e+02
         vertex 6.851898e+01 8.986825e+01 1.364657e+02
         vertex 6.850940e+01 8.986825e+01 1.364863e+02
      endloop
   endfacet
   facet normal 0.000000e+00 1.000000e+00 -0.000000e+00
      outer loop
         vertex 6.860899e+01 8.986825e+01 1.364027e+02
         vertex 6.858710e+01 8.986825e+01 1.364086e+02
         vertex 6.863156e+01 8.986825e+01 1.365307e+02
      endloop
   endfacet
   facet normal 0.000000e+00 1.000000e+00 0.000000e+00
      outer loop
         vertex 6.863156e+01 8.986825e+01 1.365307e+02
         vertex 6.858710e+01 8.986825e+01 1.364086e+02
         vertex 6.856656e+01 8.986825e+01 1.364181e+02
      endloop
   endfacet
   facet normal 0.000000e+00 1.000000e+00 0.000000e+00
      outer loop
         vertex 6.863156e+01 8.986825e+01 1.365307e+02
         vertex 6.856656e+01 8.986825e+01 1.364181e+02
         vertex 6.854800e+01 8.986825e+01 1.364311e+02
      endloop
   endfacet
   facet normal 0.000000e+00 1.000000e+00 0.000000e+00
      outer loop
         vertex 6.867602e+01 8.986825e+01 1.364086e+02
         vertex 6.865414e+01 8.986825e+01 1.364027e+02
         vertex 6.863156e+01 8.986825e+01 1.365307e+02
      endloop
   endfacet
   facet normal 0.000000e+00 1.000000e+00 0.000000e+00
      outer loop
         vertex 6.863156e+01 8.986825e+01 1.365307e+02
         vertex 6.865414e+01 8.986825e+01 1.364027e+02
         vertex 6.863156e+01 8.986825e+01 1.364007e+02
      endloop
   endfacet
   facet normal 0.000000e+00 1.000000e+00 0.000000e+00
      outer loop
         vertex 6.863156e+01 8.986825e+01 1.365307e+02
         vertex 6.863156e+01 8.986825e+01 1.364007e+02
         vertex 6.860899e+01 8.986825e+01 1.364027e+02
      endloop
   endfacet
   facet normal 0.000000e+00 1.000000e+00 0.000000e+00
      outer loop
         vertex 6.873115e+01 8.986825e+01 1.364472e+02
         vertex 6.871512e+01 8.986825e+01 1.364311e+02
         vertex 6.863156e+01 8.986825e+01 1.365307e+02
      endloop
   endfacet
   facet normal 0.000000e+00 1.000000e+00 0.000000e+00
      outer loop
         vertex 6.863156e+01 8.986825e+01 1.365307e+02
         vertex 6.871512e+01 8.986825e+01 1.364311e+02
         vertex 6.869656e+01 8.986825e+01 1.364181e+02
      endloop
   endfacet
   facet normal 0.000000e+00 1.000000e+00 0.000000e+00
      outer loop
         vertex 6.863156e+01 8.986825e+01 1.365307e+02
         vertex 6.869656e+01 8.986825e+01 1.364181e+02
         vertex 6.867602e+01 8.986825e+01 1.364086e+02
      endloop
   endfacet
   facet normal 0.000000e+00 1.000000e+00 0.000000e+00
      outer loop
         vertex 6.875959e+01 8.986825e+01 1.365081e+02
         vertex 6.875372e+01 8.986825e+01 1.364863e+02
         vertex 6.863156e+01 8.986825e+01 1.365307e+02
      endloop
   endfacet
   facet normal 0.000000e+00 1.000000e+00 0.000000e+00
      outer loop
         vertex 6.863156e+01 8.986825e+01 1.365307e+02
         vertex 6.875372e+01 8.986825e+01 1.364863e+02
         vertex 6.874414e+01 8.986825e+01 1.364657e+02
      endloop
   endfacet
   facet normal 0.000000e+00 1.000000e+00 0.000000e+00
      outer loop
         vertex 6.863156e+01 8.986825e+01 1.365307e+02
         vertex 6.874414e+01 8.986825e+01 1.364657e+02
         vertex 6.873115e+01 8.986825e+01 1.364472e+02
      endloop
   endfacet
   facet normal 0.000000e+00 1.000000e+00 0.000000e+00
      outer loop
         vertex 6.875372e+01 8.986825e+01 1.365752e+02
         vertex 6.875959e+01 8.986825e+01 1.365533e+02
         vertex 6.863156e+01 8.986825e+01 1.365307e+02
      endloop
   endfacet
   facet normal 0.000000e+00 1.000000e+00 0.000000e+00
      outer loop
         vertex 6.863156e+01 8.986825e+01 1.365307e+02
         vertex 6.875959e+01 8.986825e+01 1.365533e+02
         vertex 6.876156e+01 8.986825e+01 1.365307e+02
      endloop
   endfacet
   facet normal -0.000000e+00 1.000000e+00 0.000000e+00
      outer loop
         vertex 6.863156e+01 8.986825e+01 1.365307e+02
         vertex 6.876156e+01 8.986825e+01 1.365307e+02
         vertex 6.875959e+01 8.986825e+01 1.365081e+02
      endloop
   endfacet
   facet normal 0.000000e+00 1.000000e+00 0.000000e+00
      outer loop
         vertex 6.871512e+01 8.986825e+01 1.366303e+02
         vertex 6.873115e+01 8.986825e+01 1.366143e+02
         vertex 6.863156e+01 8.986825e+01 1.365307e+02
      endloop
   endfacet
   facet normal 0.000000e+00 1.000000e+00 0.000000e+00
      outer loop
         vertex 6.863156e+01 8.986825e+01 1.365307e+02
         vertex 6.873115e+01 8.986825e+01 1.366143e+02
         vertex 6.874414e+01 8.986825e+01 1.365957e+02
      endloop
   endfacet
   facet normal 0.000000e+00 1.000000e+00 0.000000e+00
      outer loop
         vertex 6.863156e+01 8.986825e+01 1.365307e+02
         vertex 6.874414e+01 8.986825e+01 1.365957e+02
         vertex 6.875372e+01 8.986825e+01 1.365752e+02
      endloop
   endfacet
   facet normal 0.000000e+00 1.000000e+00 0.000000e+00
      outer loop
         vertex 6.865414e+01 8.986825e+01 1.366587e+02
         vertex 6.867602e+01 8.986825e+01 1.366529e+02
         vertex 6.863156e+01 8.986825e+01 1.365307e+02
      endloop
   endfacet
   facet normal 0.000000e+00 1.000000e+00 0.000000e+00
      outer loop
         vertex 6.863156e+01 8.986825e+01 1.365307e+02
         vertex 6.867602e+01 8.986825e+01 1.366529e+02
         vertex 6.869656e+01 8.986825e+01 1.366433e+02
      endloop
   endfacet
   facet normal 0.000000e+00 1.000000e+00 0.000000e+00
      outer loop
         vertex 6.863156e+01 8.986825e+01 1.365307e+02
         vertex 6.869656e+01 8.986825e+01 1.366433e+02
         vertex 6.871512e+01 8.986825e+01 1.366303e+02
      endloop
   endfacet
   facet normal -8.715438e-02 0.000000e+00 -9.961948e-01
      outer loop
         vertex 6.963156e+01 8.986825e+01 1.366607e+02
         vertex 6.963156e+01 9.074825e+01 1.366607e+02
         vertex 6.965414e+01 8.986825e+01 1.366587e+02
      endloop
   endfacet
   facet normal -8.715438e-02 0.000000e+00 -9.961948e-01
      outer loop
         vertex 6.965414e+01 8.986825e+01 1.366587e+02
         vertex 6.963156e+01 9.074825e+01 1.366607e+02
         vertex 6.965414e+01 9.074825e+01 1.366587e+02
      endloop
   endfacet
   facet normal -2.588166e-01 0.000000e+00 -9.659265e-01
      outer loop
         vertex 6.965414e+01 8.986825e+01 1.366587e+02
         vertex 6.965414e+01 9.074825e+01 1.366587e+02
         vertex 6.967602e+01 8.986825e+01 1.366529e+02
      endloop
   endfacet
   facet normal -2.588166e-01 0.000000e+00 -9.659265e-01
      outer loop
         vertex 6.967602e+01 8.986825e+01 1.366529e+02
         vertex 6.965414e+01 9.074825e+01 1.366587e+02
         vertex 6.967602e+01 9.074825e+01 1.366529e+02
      endloop
   endfacet
   facet normal -4.226201e-01 0.000000e+00 -9.063069e-01
      outer loop
         vertex 6.967602e+01 8.986825e+01 1.366529e+02
         vertex 6.967602e+01 9.074825e+01 1.366529e+02
         vertex 6.969656e+01 8.986825e+01 1.366433e+02
      endloop
   endfacet
   facet normal -4.226201e-01 0.000000e+00 -9.063069e-01
      outer loop
         vertex 6.969656e+01 8.986825e+01 1.366433e+02
         vertex 6.967602e+01 9.074825e+01 1.366529e+02
         vertex 6.969656e+01 9.074825e+01 1.366433e+02
      endloop
   endfacet
   facet normal -5.735771e-01 0.000000e+00 -8.191516e-01
      outer loop
         vertex 6.969656e+01 8.986825e+01 1.366433e+02
         vertex 6.969656e+01 9.074825e+01 1.366433e+02
         vertex 6.971512e+01 8.986825e+01 1.366303e+02
      endloop
   endfacet
   facet normal -5.735771e-01 0.000000e+00 -8.191516e-01
      outer loop
         vertex 6.971512e+01 8.986825e+01 1.366303e+02
         vertex 6.969656e+01 9.074825e+01 1.366433e+02
         vertex 6.971512e+01 9.074825e+01 1.366303e+02
      endloop
   endfacet
   facet normal -7.071047e-01 0.000000e+00 -7.071088e-01
      outer loop
         vertex 6.971512e+01 8.986825e+01 1.366303e+02
         vertex 6.971512e+01 9.074825e+01 1.366303e+02
         vertex 6.973115e+01 8.986825e+01 1.366143e+02
      endloop
   endfacet
   facet normal -7.071047e-01 0.000000e+00 -7.071088e-01
      outer loop
         vertex 6.973115e+01 8.986825e+01 1.366143e+02
         vertex 6.971512e+01 9.074825e+01 1.366303e+02
         vertex 6.973115e+01 9.074825e+01 1.366143e+02
      endloop
   endfacet
   facet normal -8.191539e-01 0.000000e+00 -5.735738e-01
      outer loop
         vertex 6.973115e+01 8.986825e+01 1.366143e+02
         vertex 6.973115e+01 9.074825e+01 1.366143e+02
         vertex 6.974414e+01 8.986825e+01 1.365957e+02
      endloop
   endfacet
   facet normal -8.191539e-01 0.000000e+00 -5.735738e-01
      outer loop
         vertex 6.974414e+01 8.986825e+01 1.365957e+02
         vertex 6.973115e+01 9.074825e+01 1.366143e+02
         vertex 6.974414e+01 9.074825e+01 1.365957e+02
      endloop
   endfacet
   facet normal -9.063074e-01 0.000000e+00 -4.226192e-01
      outer loop
         vertex 6.974414e+01 8.986825e+01 1.365957e+02
         vertex 6.974414e+01 9.074825e+01 1.365957e+02
         vertex 6.975372e+01 8.986825e+01 1.365752e+02
      endloop
   endfacet
   facet normal -9.063074e-01 0.000000e+00 -4.226192e-01
      outer loop
         vertex 6.975372e+01 8.986825e+01 1.365752e+02
         vertex 6.974414e+01 9.074825e+01 1.365957e+02
         vertex 6.975372e+01 9.074825e+01 1.365752e+02
      endloop
   endfacet
   facet normal -9.659261e-01 0.000000e+00 -2.588181e-01
      outer loop
         vertex 6.975372e+01 8.986825e+01 1.365752e+02
         vertex 6.975372e+01 9.074825e+01 1.365752e+02
         vertex 6.975959e+01 8.986825e+01 1.365533e+02
      endloop
   endfacet
   facet normal -9.659261e-01 0.000000e+00 -2.588181e-01
      outer loop
         vertex 6.975959e+01 8.986825e+01 1.365533e+02
         vertex 6.975372e+01 9.074825e+01 1.365752e+02
         vertex 6.975959e+01 9.074825e+01 1.365533e+02
      endloop
   endfacet
   facet normal -9.961946e-01 0.000000e+00 -8.715660e-02
      outer loop
         vertex 6.975959e+01 8.986825e+01 1.365533e+02
         vertex 6.975959e+01 9.074825e+01 1.365533e+02
         vertex 6.976156e+01 8.986825e+01 1.365307e+02
      endloop
   endfacet
   facet normal -9.961946e-01 0.000000e+00 -8.715660e-02
      outer loop
         vertex 6.976156e+01 8.986825e+01 1.365307e+02
         vertex 6.975959e+01 9.074825e+01 1.365533e+02
         vertex 6.976156e+01 9.074825e+01 1.365307e+02
      endloop
   endfacet
   facet normal -9.961946e-01 0.000000e+00 8.715660e-02
      outer loop
         vertex 6.976156e+01 8.986825e+01 1.365307e+02
         vertex 6.976156e+01 9.074825e+01 1.365307e+02
         vertex 6.975959e+01 8.986825e+01 1.365081e+02
      endloop
   endfacet
   facet normal -9.961946e-01 0.000000e+00 8.715660e-02
      outer loop
         vertex 6.975959e+01 8.986825e+01 1.365081e+02
         vertex 6.976156e+01 9.074825e+01 1.365307e+02
         vertex 6.975959e+01 9.074825e+01 1.365081e+02
      endloop
   endfacet
   facet normal -9.659261e-01 0.000000e+00 2.588181e-01
      outer loop
         vertex 6.975959e+01 8.986825e+01 1.365081e+02
         vertex 6.975959e+01 9.074825e+01 1.365081e+02
         vertex 6.975372e+01 8.986825e+01 1.364863e+02
      endloop
   endfacet
   facet normal -9.659261e-01 0.000000e+00 2.588181e-01
      outer loop
         vertex 6.975372e+01 8.986825e+01 1.364863e+02
         vertex 6.975959e+01 9.074825e+01 1.365081e+02
         vertex 6.975372e+01 9.074825e+01 1.364863e+02
      endloop
   endfacet
   facet normal -9.063074e-01 0.000000e+00 4.226192e-01
      outer loop
         vertex 6.975372e+01 8.986825e+01 1.364863e+02
         vertex 6.975372e+01 9.074825e+01 1.364863e+02
         vertex 6.974414e+01 8.986825e+01 1.364657e+02
      endloop
   endfacet
   facet normal -9.063074e-01 0.000000e+00 4.226192e-01
      outer loop
         vertex 6.974414e+01 8.986825e+01 1.364657e+02
         vertex 6.975372e+01 9.074825e+01 1.364863e+02
         vertex 6.974414e+01 9.074825e+01 1.364657e+02
      endloop
   endfacet
   facet normal -8.191526e-01 0.000000e+00 5.735757e-01
      outer loop
         vertex 6.974414e+01 8.986825e+01 1.364657e+02
         vertex 6.974414e+01 9.074825e+01 1.364657e+02
         vertex 6.973115e+01 8.986825e+01 1.364472e+02
      endloop
   endfacet
   facet normal -8.191526e-01 0.000000e+00 5.735757e-01
      outer loop
         vertex 6.973115e+01 8.986825e+01 1.364472e+02
         vertex 6.974414e+01 9.074825e+01 1.364657e+02
         vertex 6.973115e+01 9.074825e+01 1.364472e+02
      endloop
   endfacet
   facet normal -7.071068e-01 0.000000e+00 7.071068e-01
      outer loop
         vertex 6.973115e+01 8.986825e+01 1.364472e+02
         vertex 6.973115e+01 9.074825e+01 1.364472e+02
         vertex 6.971512e+01 8.986825e+01 1.364311e+02
      endloop
   endfacet
   facet normal -7.071068e-01 0.000000e+00 7.071068e-01
      outer loop
         vertex 6.971512e+01 8.986825e+01 1.364311e+02
         vertex 6.973115e+01 9.074825e+01 1.364472e+02
         vertex 6.971512e+01 9.074825e+01 1.364311e+02
      endloop
   endfacet
   facet normal -5.735771e-01 0.000000e+00 8.191516e-01
      outer loop
         vertex 6.971512e+01 8.986825e+01 1.364311e+02
         vertex 6.971512e+01 9.074825e+01 1.364311e+02
         vertex 6.969656e+01 8.986825e+01 1.364181e+02
      endloop
   endfacet
   facet normal -5.735771e-01 0.000000e+00 8.191516e-01
      outer loop
         vertex 6.969656e+01 8.986825e+01 1.364181e+02
         vertex 6.971512e+01 9.074825e+01 1.364311e+02
         vertex 6.969656e+01 9.074825e+01 1.364181e+02
      endloop
   endfacet
   facet normal -4.226167e-01 0.000000e+00 9.063085e-01
      outer loop
         vertex 6.969656e+01 8.986825e+01 1.364181e+02
         vertex 6.969656e+01 9.074825e+01 1.364181e+02
         vertex 6.967602e+01 8.986825e+01 1.364086e+02
      endloop
   endfacet
   facet normal -4.226167e-01 0.000000e+00 9.063085e-01
      outer loop
         vertex 6.967602e+01 8.986825e+01 1.364086e+02
         vertex 6.969656e+01 9.074825e+01 1.364181e+02
         vertex 6.967602e+01 9.074825e+01 1.364086e+02
      endloop
   endfacet
   facet normal -2.588205e-01 0.000000e+00 9.659254e-01
      outer loop
         vertex 6.967602e+01 8.986825e+01 1.364086e+02
         vertex 6.967602e+01 9.074825e+01 1.364086e+02
         vertex 6.965414e+01 8.986825e+01 1.364027e+02
      endloop
   endfacet
   facet normal -2.588205e-01 0.000000e+00 9.659254e-01
      outer loop
         vertex 6.965414e+01 8.986825e+01 1.364027e+02
         vertex 6.967602e+01 9.074825e+01 1.364086e+02
         vertex 6.965414e+01 9.074825e+01 1.364027e+02
      endloop
   endfacet
   facet normal -8.715438e-02 0.000000e+00 9.961948e-01
      outer loop
         vertex 6.965414e+01 8.986825e+01 1.364027e+02
         vertex 6.965414e+01 9.074825e+01 1.364027e+02
         vertex 6.963156e+01 8.986825e+01 1.364007e+02
      endloop
   endfacet
   facet normal -8.715438e-02 0.000000e+00 9.961948e-01
      outer loop
         vertex 6.963156e+01 8.986825e+01 1.364007e+02
         vertex 6.965414e+01 9.074825e+01 1.364027e+02
         vertex 6.963156e+01 9.074825e+01 1.364007e+02
      endloop
   endfacet
   facet normal 8.715456e-02 -0.000000e+00 9.961948e-01
      outer loop
         vertex 6.963156e+01 8.986825e+01 1.364007e+02
         vertex 6.963156e+01 9.074825e+01 1.364007e+02
         vertex 6.960899e+01 8.986825e+01 1.364027e+02
      endloop
   endfacet
   facet normal 8.715456e-02 -0.000000e+00 9.961948e-01
      outer loop
         vertex 6.960899e+01 8.986825e+01 1.364027e+02
         vertex 6.963156e+01 9.074825e+01 1.364007e+02
         vertex 6.960899e+01 9.074825e+01 1.364027e+02
      endloop
   endfacet
   facet normal 2.588205e-01 -0.000000e+00 9.659254e-01
      outer loop
         vertex 6.960899e+01 8.986825e+01 1.364027e+02
         vertex 6.960899e+01 9.074825e+01 1.364027e+02
         vertex 6.958710e+01 8.986825e+01 1.364086e+02
      endloop
   endfacet
   facet normal 2.588205e-01 -0.000000e+00 9.659254e-01
      outer loop
         vertex 6.958710e+01 8.986825e+01 1.364086e+02
         vertex 6.960899e+01 9.074825e+01 1.364027e+02
         vertex 6.958710e+01 9.074825e+01 1.364086e+02
      endloop
   endfacet
   facet normal 4.226167e-01 -0.000000e+00 9.063085e-01
      outer loop
         vertex 6.958710e+01 8.986825e+01 1.364086e+02
         vertex 6.958710e+01 9.074825e+01 1.364086e+02
         vertex 6.956656e+01 8.986825e+01 1.364181e+02
      endloop
   endfacet
   facet normal 4.226167e-01 -0.000000e+00 9.063085e-01
      outer loop
         vertex 6.956656e+01 8.986825e+01 1.364181e+02
         vertex 6.958710e+01 9.074825e+01 1.364086e+02
         vertex 6.956656e+01 9.074825e+01 1.364181e+02
      endloop
   endfacet
   facet normal 5.735771e-01 -0.000000e+00 8.191516e-01
      outer loop
         vertex 6.956656e+01 8.986825e+01 1.364181e+02
         vertex 6.956656e+01 9.074825e+01 1.364181e+02
         vertex 6.954800e+01 8.986825e+01 1.364311e+02
      endloop
   endfacet
   facet normal 5.735771e-01 -0.000000e+00 8.191516e-01
      outer loop
         vertex 6.954800e+01 8.986825e+01 1.364311e+02
         vertex 6.956656e+01 9.074825e+01 1.364181e+02
         vertex 6.954800e+01 9.074825e+01 1.364311e+02
      endloop
   endfacet
   facet normal 7.071068e-01 -0.000000e+00 7.071068e-01
      outer loop
         vertex 6.954800e+01 8.986825e+01 1.364311e+02
         vertex 6.954800e+01 9.074825e+01 1.364311e+02
         vertex 6.953198e+01 8.986825e+01 1.364472e+02
      endloop
   endfacet
   facet normal 7.071068e-01 -0.000000e+00 7.071068e-01
      outer loop
         vertex 6.953198e+01 8.986825e+01 1.364472e+02
         vertex 6.954800e+01 9.074825e+01 1.364311e+02
         vertex 6.953198e+01 9.074825e+01 1.364472e+02
      endloop
   endfacet
   facet normal 8.191516e-01 -0.000000e+00 5.735771e-01
      outer loop
         vertex 6.953198e+01 8.986825e+01 1.364472e+02
         vertex 6.953198e+01 9.074825e+01 1.364472e+02
         vertex 6.951898e+01 8.986825e+01 1.364657e+02
      endloop
   endfacet
   facet normal 8.191516e-01 -0.000000e+00 5.735771e-01
      outer loop
         vertex 6.951898e+01 8.986825e+01 1.364657e+02
         vertex 6.953198e+01 9.074825e+01 1.364472e+02
         vertex 6.951898e+01 9.074825e+01 1.364657e+02
      endloop
   endfacet
   facet normal 9.063078e-01 -0.000000e+00 4.226183e-01
      outer loop
         vertex 6.951898e+01 8.986825e+01 1.364657e+02
         vertex 6.951898e+01 9.074825e+01 1.364657e+02
         vertex 6.950940e+01 8.986825e+01 1.364863e+02
      endloop
   endfacet
   facet normal 9.063078e-01 -0.000000e+00 4.226183e-01
      outer loop
         vertex 6.950940e+01 8.986825e+01 1.364863e+02
         vertex 6.951898e+01 9.074825e+01 1.364657e+02
         vertex 6.950940e+01 9.074825e+01 1.364863e+02
      endloop
   endfacet
   facet normal 9.659258e-01 -0.000000e+00 2.588190e-01
      outer loop
         vertex 6.950940e+01 8.986825e+01 1.364863e+02
         vertex 6.950940e+01 9.074825e+01 1.364863e+02
         vertex 6.950354e+01 8.986825e+01 1.365081e+02
      endloop
   endfacet
   facet normal 9.659258e-01 -0.000000e+00 2.588190e-01
      outer loop
         vertex 6.950354e+01 8.986825e+01 1.365081e+02
         vertex 6.950940e+01 9.074825e+01 1.364863e+02
         vertex 6.950354e+01 9.074825e+01 1.365081e+02
      endloop
   endfacet
   facet normal 9.961947e-01 -0.000000e+00 8.715558e-02
      outer loop
         vertex 6.950354e+01 8.986825e+01 1.365081e+02
         vertex 6.950354e+01 9.074825e+01 1.365081e+02
         vertex 6.950156e+01 8.986825e+01 1.365307e+02
      endloop
   endfacet
   facet normal 9.961947e-01 -0.000000e+00 8.715558e-02
      outer loop
         vertex 6.950156e+01 8.986825e+01 1.365307e+02
         vertex 6.950354e+01 9.074825e+01 1.365081e+02
         vertex 6.950156e+01 9.074825e+01 1.365307e+02
      endloop
   endfacet
   facet normal 9.961947e-01 0.000000e+00 -8.715558e-02
      outer loop
         vertex 6.950156e+01 8.986825e+01 1.365307e+02
         vertex 6.950156e+01 9.074825e+01 1.365307e+02
         vertex 6.950354e+01 8.986825e+01 1.365533e+02
      endloop
   endfacet
   facet normal 9.961947e-01 0.000000e+00 -8.715558e-02
      outer loop
         vertex 6.950354e+01 8.986825e+01 1.365533e+02
         vertex 6.950156e+01 9.074825e+01 1.365307e+02
         vertex 6.950354e+01 9.074825e+01 1.365533e+02
      endloop
   endfacet
   facet normal 9.659258e-01 0.000000e+00 -2.588190e-01
      outer loop
         vertex 6.950354e+01 8.986825e+01 1.365533e+02
         vertex 6.950354e+01 9.074825e+01 1.365533e+02
         vertex 6.950940e+01 8.986825e+01 1.365752e+02
      endloop
   endfacet
   facet normal 9.659258e-01 0.000000e+00 -2.588190e-01
      outer loop
         vertex 6.950940e+01 8.986825e+01 1.365752e+02
         vertex 6.950354e+01 9.074825e+01 1.365533e+02
         vertex 6.950940e+01 9.074825e+01 1.365752e+02
      endloop
   endfacet
   facet normal 9.063078e-01 0.000000e+00 -4.226183e-01
      outer loop
         vertex 6.950940e+01 8.986825e+01 1.365752e+02
         vertex 6.950940e+01 9.074825e+01 1.365752e+02
         vertex 6.951898e+01 8.986825e+01 1.365957e+02
      endloop
   endfacet
   facet normal 9.063078e-01 0.000000e+00 -4.226183e-01
      outer loop
         vertex 6.951898e+01 8.986825e+01 1.365957e+02
         vertex 6.950940e+01 9.074825e+01 1.365752e+02
         vertex 6.951898e+01 9.074825e+01 1.365957e+02
      endloop
   endfacet
   facet normal 8.191529e-01 0.000000e+00 -5.735752e-01
      outer loop
         vertex 6.951898e+01 8.986825e+01 1.365957e+02
         vertex 6.951898e+01 9.074825e+01 1.365957e+02
         vertex 6.953198e+01 8.986825e+01 1.366143e+02
      endloop
   endfacet
   facet normal 8.191529e-01 0.000000e+00 -5.735752e-01
      outer loop
         vertex 6.953198e+01 8.986825e+01 1.366143e+02
         vertex 6.951898e+01 9.074825e+01 1.365957e+02
         vertex 6.953198e+01 9.074825e+01 1.366143e+02
      endloop
   endfacet
   facet normal 7.071047e-01 0.000000e+00 -7.071088e-01
      outer loop
         vertex 6.953198e+01 8.986825e+01 1.366143e+02
         vertex 6.953198e+01 9.074825e+01 1.366143e+02
         vertex 6.954800e+01 8.986825e+01 1.366303e+02
      endloop
   endfacet
   facet normal 7.071047e-01 0.000000e+00 -7.071088e-01
      outer loop
         vertex 6.954800e+01 8.986825e+01 1.366303e+02
         vertex 6.953198e+01 9.074825e+01 1.366143e+02
         vertex 6.954800e+01 9.074825e+01 1.366303e+02
      endloop
   endfacet
   facet normal 5.735771e-01 0.000000e+00 -8.191516e-01
      outer loop
         vertex 6.954800e+01 8.986825e+01 1.366303e+02
         vertex 6.954800e+01 9.074825e+01 1.366303e+02
         vertex 6.956656e+01 8.986825e+01 1.366433e+02
      endloop
   endfacet
   facet normal 5.735771e-01 0.000000e+00 -8.191516e-01
      outer loop
         vertex 6.956656e+01 8.986825e+01 1.366433e+02
         vertex 6.954800e+01 9.074825e+01 1.366303e+02
         vertex 6.956656e+01 9.074825e+01 1.366433e+02
      endloop
   endfacet
   facet normal 4.226201e-01 0.000000e+00 -9.063069e-01
      outer loop
         vertex 6.956656e+01 8.986825e+01 1.366433e+02
         vertex 6.956656e+01 9.074825e+01 1.366433e+02
         vertex 6.958710e+01 8.986825e+01 1.366529e+02
      endloop
   endfacet
   facet normal 4.226201e-01 0.000000e+00 -9.063069e-01
      outer loop
         vertex 6.958710e+01 8.986825e+01 1.366529e+02
         vertex 6.956656e+01 9.074825e+01 1.366433e+02
         vertex 6.958710e+01 9.074825e+01 1.366529e+02
      endloop
   endfacet
   facet normal 2.588166e-01 0.000000e+00 -9.659265e-01
      outer loop
         vertex 6.958710e+01 8.986825e+01 1.366529e+02
         vertex 6.958710e+01 9.074825e+01 1.366529e+02
         vertex 6.960899e+01 8.986825e+01 1.366587e+02
      endloop
   endfacet
   facet normal 2.588166e-01 0.000000e+00 -9.659265e-01
      outer loop
         vertex 6.960899e+01 8.986825e+01 1.366587e+02
         vertex 6.958710e+01 9.074825e+01 1.366529e+02
         vertex 6.960899e+01 9.074825e+01 1.366587e+02
      endloop
   endfacet
   facet normal 8.715456e-02 0.000000e+00 -9.961948e-01
      outer loop
         vertex 6.960899e+01 8.986825e+01 1.366587e+02
         vertex 6.960899e+01 9.074825e+01 1.366587e+02
         vertex 6.963156e+01 8.986825e+01 1.366607e+02
      endloop
   endfacet
   facet normal 8.715456e-02 0.000000e+00 -9.961948e-01
      outer loop
         vertex 6.963156e+01 8.986825e+01 1.366607e+02
         vertex 6.960899e+01 9.074825e+01 1.366587e+02
         vertex 6.963156e+01 9.074825e+01 1.366607e+02
      endloop
   endfacet
   facet normal 0.000000e+00 1.000000e+00 0.000000e+00
      outer loop
         vertex 6.967602e+01 8.986825e+01 1.364086e+02
         vertex 6.965414e+01 8.986825e+01 1.364027e+02
         vertex 6.963156e+01 8.986825e+01 1.365307e+02
      endloop
   endfacet
   facet normal 0.000000e+00 1.000000e+00 0.000000e+00
      outer loop
         vertex 6.963156e+01 8.986825e+01 1.365307e+02
         vertex 6.965414e+01 8.986825e+01 1.364027e+02
         vertex 6.963156e+01 8.986825e+01 1.364007e+02
      endloop
   endfacet
   facet normal 0.000000e+00 1.000000e+00 0.000000e+00
      outer loop
         vertex 6.963156e+01 8.986825e+01 1.365307e+02
         vertex 6.963156e+01 8.986825e+01 1.364007e+02
         vertex 6.960899e+01 8.986825e+01 1.364027e+02
      endloop
   endfacet
   facet normal 0.000000e+00 1.000000e+00 0.000000e+00
      outer loop
         vertex 6.973115e+01 8.986825e+01 1.364472e+02
         vertex 6.971512e+01 8.986825e+01 1.364311e+02
         vertex 6.963156e+01 8.986825e+01 1.365307e+02
      endloop
   endfacet
   facet normal 0.000000e+00 1.000000e+00 0.000000e+00
      outer loop
         vertex 6.963156e+01 8.986825e+01 1.365307e+02
         vertex 6.971512e+01 8.986825e+01 1.364311e+02
         vertex 6.969656e+01 8.986825e+01 1.364181e+02
      endloop
   endfacet
   facet normal 0.000000e+00 1.000000e+00 0.000000e+00
      outer loop
         vertex 6.963156e+01 8.986825e+01 1.365307e+02
         vertex 6.969656e+01 8.986825e+01 1.364181e+02
         vertex 6.967602e+01 8.986825e+01 1.364086e+02
      endloop
   endfacet
   facet normal 0.000000e+00 1.000000e+00 0.000000e+00
      outer loop
         vertex 6.975959e+01 8.986825e+01 1.365081e+02
         vertex 6.975372e+01 8.986825e+01 1.364863e+02
         vertex 6.963156e+01 8.986825e+01 1.365307e+02
      endloop
   endfacet
   facet normal 0.000000e+00 1.000000e+00 0.000000e+00
      outer loop
         vertex 6.963156e+01 8.986825e+01 1.365307e+02
         vertex 6.975372e+01 8.986825e+01 1.364863e+02
         vertex 6.974414e+01 8.986825e+01 1.364657e+02
      endloop
   endfacet
   facet normal 0.000000e+00 1.000000e+00 0.000000e+00
      outer loop
         vertex 6.963156e+01 8.986825e+01 1.365307e+02
         vertex 6.974414e+01 8.986825e+01 1.364657e+02
         vertex 6.973115e+01 8.986825e+01 1.364472e+02
      endloop
   endfacet
   facet normal 0.000000e+00 1.000000e+00 0.000000e+00
      outer loop
         vertex 6.975372e+01 8.986825e+01 1.365752e+02
         vertex 6.975959e+01 8.986825e+01 1.365533e+02
         vertex 6.963156e+01 8.986825e+01 1.365307e+02
      endloop
   endfacet
   facet normal 0.000000e+00 1.000000e+00 0.000000e+00
      outer loop
         vertex 6.963156e+01 8.986825e+01 1.365307e+02
         vertex 6.975959e+01 8.986825e+01 1.365533e+02
         vertex 6.976156e+01 8.986825e+01 1.365307e+02
      endloop
   endfacet
   facet normal -0.000000e+00 1.000000e+00 0.000000e+00
      outer loop
         vertex 6.963156e+01 8.986825e+01 1.365307e+02
         vertex 6.976156e+01 8.986825e+01 1.365307e+02
         vertex 6.975959e+01 8.986825e+01 1.365081e+02
      endloop
   endfacet
   facet normal 0.000000e+00 1.000000e+00 0.000000e+00
      outer loop
         vertex 6.971512e+01 8.986825e+01 1.366303e+02
         vertex 6.973115e+01 8.986825e+01 1.366143e+02
         vertex 6.963156e+01 8.986825e+01 1.365307e+02
      endloop
   endfacet
   facet normal 0.000000e+00 1.000000e+00 0.000000e+00
      outer loop
         vertex 6.963156e+01 8.986825e+01 1.365307e+02
         vertex 6.973115e+01 8.986825e+01 1.366143e+02
         vertex 6.974414e+01 8.986825e+01 1.365957e+02
      endloop
   endfacet
   facet normal 0.000000e+00 1.000000e+00 0.000000e+00
      outer loop
         vertex 6.963156e+01 8.986825e+01 1.365307e+02
         vertex 6.974414e+01 8.986825e+01 1.365957e+02
         vertex 6.975372e+01 8.986825e+01 1.365752e+02
      endloop
   endfacet
   facet normal 0.000000e+00 1.000000e+00 0.000000e+00
      outer loop
         vertex 6.965414e+01 8.986825e+01 1.366587e+02
         vertex 6.967602e+01 8.986825e+01 1.366529e+02
         vertex 6.963156e+01 8.986825e+01 1.365307e+02
      endloop
   endfacet
   facet normal 0.000000e+00 1.000000e+00 0.000000e+00
      outer loop
         vertex 6.963156e+01 8.986825e+01 1.365307e+02
         vertex 6.967602e+01 8.986825e+01 1.366529e+02
         vertex 6.969656e+01 8.986825e+01 1.366433e+02
      endloop
   endfacet
   facet normal 0.000000e+00 1.000000e+00 0.000000e+00
      outer loop
         vertex 6.963156e+01 8.986825e+01 1.365307e+02
         vertex 6.969656e+01 8.986825e+01 1.366433e+02
         vertex 6.971512e+01 8.986825e+01 1.366303e+02
      endloop
   endfacet
   facet normal -0.000000e+00 1.000000e+00 0.000000e+00
      outer loop
         vertex 6.958710e+01 8.986825e+01 1.366529e+02
         vertex 6.960899e+01 8.986825e+01 1.366587e+02
         vertex 6.963156e+01 8.986825e+01 1.365307e+02
      endloop
   endfacet
   facet normal 0.000000e+00 1.000000e+00 -0.000000e+00
      outer loop
         vertex 6.963156e+01 8.986825e+01 1.365307e+02
         vertex 6.960899e+01 8.986825e+01 1.366587e+02
         vertex 6.963156e+01 8.986825e+01 1.366607e+02
      endloop
   endfacet
   facet normal 0.000000e+00 1.000000e+00 0.000000e+00
      outer loop
         vertex 6.963156e+01 8.986825e+01 1.365307e+02
         vertex 6.963156e+01 8.986825e+01 1.366607e+02
         vertex 6.965414e+01 8.986825e+01 1.366587e+02
      endloop
   endfacet
   facet normal -0.000000e+00 1.000000e+00 0.000000e+00
      outer loop
         vertex 6.953198e+01 8.986825e+01 1.366143e+02
         vertex 6.954800e+01 8.986825e+01 1.366303e+02
         vertex 6.963156e+01 8.986825e+01 1.365307e+02
      endloop
   endfacet
   facet normal 0.000000e+00 1.000000e+00 0.000000e+00
      outer loop
         vertex 6.963156e+01 8.986825e+01 1.365307e+02
         vertex 6.954800e+01 8.986825e+01 1.366303e+02
         vertex 6.956656e+01 8.986825e+01 1.366433e+02
      endloop
   endfacet
   facet normal 0.000000e+00 1.000000e+00 0.000000e+00
      outer loop
         vertex 6.963156e+01 8.986825e+01 1.365307e+02
         vertex 6.956656e+01 8.986825e+01 1.366433e+02
         vertex 6.958710e+01 8.986825e+01 1.366529e+02
      endloop
   endfacet
   facet normal -0.000000e+00 1.000000e+00 0.000000e+00
      outer loop
         vertex 6.950354e+01 8.986825e+01 1.365533e+02
         vertex 6.950940e+01 8.986825e+01 1.365752e+02
         vertex 6.963156e+01 8.986825e+01 1.365307e+02
      endloop
   endfacet
   facet normal 0.000000e+00 1.000000e+00 0.000000e+00
      outer loop
         vertex 6.963156e+01 8.986825e+01 1.365307e+02
         vertex 6.950940e+01 8.986825e+01 1.365752e+02
         vertex 6.951898e+01 8.986825e+01 1.365957e+02
      endloop
   endfacet
   facet normal 0.000000e+00 1.000000e+00 0.000000e+00
      outer loop
         vertex 6.963156e+01 8.986825e+01 1.365307e+02
         vertex 6.951898e+01 8.986825e+01 1.365957e+02
         vertex 6.953198e+01 8.986825e+01 1.366143e+02
      endloop
   endfacet
   facet normal 0.000000e+00 1.000000e+00 -0.000000e+00
      outer loop
         vertex 6.950940e+01 8.986825e+01 1.364863e+02
         vertex 6.950354e+01 8.986825e+01 1.365081e+02
         vertex 6.963156e+01 8.986825e+01 1.365307e+02
      endloop
   endfacet
   facet normal 0.000000e+00 1.000000e+00 0.000000e+00
      outer loop
         vertex 6.963156e+01 8.986825e+01 1.365307e+02
         vertex 6.950354e+01 8.986825e+01 1.365081e+02
         vertex 6.950156e+01 8.986825e+01 1.365307e+02
      endloop
   endfacet
   facet normal 0.000000e+00 1.000000e+00 0.000000e+00
      outer loop
         vertex 6.963156e+01 8.986825e+01 1.365307e+02
         vertex 6.950156e+01 8.986825e+01 1.365307e+02
         vertex 6.950354e+01 8.986825e+01 1.365533e+02
      endloop
   endfacet
   facet normal 0.000000e+00 1.000000e+00 -0.000000e+00
      outer loop
         vertex 6.954800e+01 8.986825e+01 1.364311e+02
         vertex 6.953198e+01 8.986825e+01 1.364472e+02
         vertex 6.963156e+01 8.986825e+01 1.365307e+02
      endloop
   endfacet
   facet normal 0.000000e+00 1.000000e+00 0.000000e+00
      outer loop
         vertex 6.963156e+01 8.986825e+01 1.365307e+02
         vertex 6.953198e+01 8.986825e+01 1.364472e+02
         vertex 6.951898e+01 8.986825e+01 1.364657e+02
      endloop
   endfacet
   facet normal 0.000000e+00 1.000000e+00 0.000000e+00
      outer loop
         vertex 6.963156e+01 8.986825e+01 1.365307e+02
         vertex 6.951898e+01 8.986825e+01 1.364657e+02
         vertex 6.950940e+01 8.986825e+01 1.364863e+02
      endloop
   endfacet
   facet normal 0.000000e+00 1.000000e+00 -0.000000e+00
      outer loop
         vertex 6.960899e+01 8.986825e+01 1.364027e+02
         vertex 6.958710e+01 8.986825e+01 1.364086e+02
         vertex 6.963156e+01 8.986825e+01 1.365307e+02
      endloop
   endfacet
   facet normal 0.000000e+00 1.000000e+00 0.000000e+00
      outer loop
         vertex 6.963156e+01 8.986825e+01 1.365307e+02
         vertex 6.958710e+01 8.986825e+01 1.364086e+02
         vertex 6.956656e+01 8.986825e+01 1.364181e+02
      endloop
   endfacet
   facet normal 0.000000e+00 1.000000e+00 0.000000e+00
      outer loop
         vertex 6.963156e+01 8.986825e+01 1.365307e+02
         vertex 6.956656e+01 8.986825e+01 1.364181e+02
         vertex 6.954800e+01 8.986825e+01 1.364311e+02
      endloop
   endfacet
endsolid Assem-T - Base-1