solid Assem-T - Articulación-1-1
   facet normal 5.170538e-01 8.559528e-01 -3.902335e-04
      outer loop
         vertex 7.171247e+01 9.836658e+01 1.356334e+02
         vertex 7.171029e+01 9.836788e+01 1.356022e+02
         vertex 7.171050e+01 9.836788e+01 1.358688e+02
      endloop
   endfacet
   facet normal 9.467787e-01 -3.218844e-01 -7.145577e-04
      outer loop
         vertex 7.263481e+01 9.595900e+01 1.358663e+02
         vertex 7.259077e+01 9.582944e+01 1.358847e+02
         vertex 7.259026e+01 9.582944e+01 1.352015e+02
      endloop
   endfacet
   facet normal 8.648500e-01 -5.020300e-01 -6.529984e-04
      outer loop
         vertex 7.245009e+01 9.552990e+01 1.359393e+02
         vertex 7.243349e+01 9.550128e+01 1.359463e+02
         vertex 7.243292e+01 9.550126e+01 1.352016e+02
      endloop
   endfacet
   facet normal -7.984110e-01 6.021028e-01 3.474614e-03
      outer loop
         vertex 6.900493e+01 9.790531e+01 1.358185e+02
         vertex 6.896541e+01 9.785645e+01 1.352042e+02
         vertex 6.889558e+01 9.776024e+01 1.358292e+02
      endloop
   endfacet
   facet normal -8.322627e-01 5.543284e-01 -7.661998e-03
      outer loop
         vertex 6.889558e+01 9.776024e+01 1.358292e+02
         vertex 6.896541e+01 9.785645e+01 1.352042e+02
         vertex 6.879822e+01 9.760544e+01 1.352044e+02
      endloop
   endfacet
   facet normal -8.476765e-01 5.305130e-01 6.397628e-04
      outer loop
         vertex 6.889558e+01 9.776024e+01 1.358292e+02
         vertex 6.879822e+01 9.760544e+01 1.352044e+02
         vertex 6.879871e+01 9.760544e+01 1.358443e+02
      endloop
   endfacet
   facet normal 1.584145e-01 9.873727e-01 -1.195594e-04
      outer loop
         vertex 7.095914e+01 9.864313e+01 1.356027e+02
         vertex 7.095669e+01 9.864353e+01 1.356340e+02
         vertex 7.095934e+01 9.864313e+01 1.358694e+02
      endloop
   endfacet
   facet normal 1.560666e-01 9.877465e-01 -9.244716e-05
      outer loop
         vertex 7.095934e+01 9.864313e+01 1.358694e+02
         vertex 7.095669e+01 9.864353e+01 1.356340e+02
         vertex 7.094933e+01 9.864469e+01 1.356645e+02
      endloop
   endfacet
   facet normal 1.518929e-01 9.883969e-01 1.164273e-04
      outer loop
         vertex 7.095934e+01 9.864313e+01 1.358694e+02
         vertex 7.094933e+01 9.864469e+01 1.356645e+02
         vertex 7.093724e+01 9.864655e+01 1.356935e+02
      endloop
   endfacet
   facet normal 1.460657e-01 9.892745e-01 8.658304e-04
      outer loop
         vertex 7.093724e+01 9.864655e+01 1.356935e+02
         vertex 7.092069e+01 9.864897e+01 1.357203e+02
         vertex 7.095934e+01 9.864313e+01 1.358694e+02
      endloop
   endfacet
   facet normal 1.389012e-01 9.903024e-01 2.764046e-03
      outer loop
         vertex 7.095934e+01 9.864313e+01 1.358694e+02
         vertex 7.092069e+01 9.864897e+01 1.357203e+02
         vertex 7.090003e+01 9.865180e+01 1.357442e+02
      endloop
   endfacet
   facet normal 1.306086e-01 9.914109e-01 6.769763e-03
      outer loop
         vertex 7.095934e+01 9.864313e+01 1.358694e+02
         vertex 7.090003e+01 9.865180e+01 1.357442e+02
         vertex 7.087575e+01 9.865486e+01 1.357646e+02
      endloop
   endfacet
   facet normal 1.212132e-01 9.925222e-01 1.438963e-02
      outer loop
         vertex 7.087575e+01 9.865486e+01 1.357646e+02
         vertex 7.084840e+01 9.865796e+01 1.357810e+02
         vertex 7.095934e+01 9.864313e+01 1.358694e+02
      endloop
   endfacet
   facet normal 1.103113e-01 9.934958e-01 2.824113e-02
      outer loop
         vertex 7.095934e+01 9.864313e+01 1.358694e+02
         vertex 7.084840e+01 9.865796e+01 1.357810e+02
         vertex 7.081862e+01 9.866093e+01 1.357930e+02
      endloop
   endfacet
   facet normal 1.154571e-01 9.931370e-01 1.866992e-02
      outer loop
         vertex 7.095934e+01 9.864313e+01 1.358694e+02
         vertex 7.081862e+01 9.866093e+01 1.357930e+02
         vertex 7.077861e+01 9.866424e+01 1.358642e+02
      endloop
   endfacet
   facet normal 8.474469e-02 9.964019e-01 1.259717e-03
      outer loop
         vertex 7.081862e+01 9.866093e+01 1.357930e+02
         vertex 7.078710e+01 9.866360e+01 1.358004e+02
         vertex 7.077861e+01 9.866424e+01 1.358642e+02
      endloop
   endfacet
   facet normal 6.913336e-02 9.976071e-01 -8.282991e-04
      outer loop
         vertex 7.077861e+01 9.866424e+01 1.358642e+02
         vertex 7.078710e+01 9.866360e+01 1.358004e+02
         vertex 7.075461e+01 9.866585e+01 1.358029e+02
      endloop
   endfacet
   facet normal 2.894533e-02 9.994693e-01 1.494305e-02
      outer loop
         vertex 7.077861e+01 9.866424e+01 1.358642e+02
         vertex 7.075461e+01 9.866585e+01 1.358029e+02
         vertex 7.059635e+01 9.866962e+01 1.358576e+02
      endloop
   endfacet
   facet normal 2.377951e-02 9.997172e-01 -1.794700e-05
      outer loop
         vertex 7.059635e+01 9.866962e+01 1.358576e+02
         vertex 7.075461e+01 9.866585e+01 1.358029e+02
         vertex 7.059631e+01 9.866962e+01 1.358030e+02
      endloop
   endfacet
   facet normal -5.740995e-02 9.983507e-01 4.332873e-05
      outer loop
         vertex 7.059635e+01 9.866962e+01 1.358576e+02
         vertex 7.059631e+01 9.866962e+01 1.358030e+02
         vertex 7.041395e+01 9.865913e+01 1.358498e+02
      endloop
   endfacet
   facet normal -9.923727e-02 9.809794e-01 -1.668276e-01
      outer loop
         vertex 7.041395e+01 9.865913e+01 1.358498e+02
         vertex 7.059631e+01 9.866962e+01 1.358030e+02
         vertex 7.023420e+01 9.863303e+01 1.358033e+02
      endloop
   endfacet
   facet normal -1.437050e-01 9.896206e-01 1.084578e-04
      outer loop
         vertex 7.041395e+01 9.865913e+01 1.358498e+02
         vertex 7.023420e+01 9.863303e+01 1.358033e+02
         vertex 7.023423e+01 9.863303e+01 1.358414e+02
      endloop
   endfacet
   facet normal -1.945424e-01 9.808941e-01 1.468260e-04
      outer loop
         vertex 7.023423e+01 9.863303e+01 1.358414e+02
         vertex 7.023420e+01 9.863303e+01 1.358033e+02
         vertex 7.019984e+01 9.862622e+01 1.358033e+02
      endloop
   endfacet
   facet normal -2.301169e-01 9.725780e-01 3.373885e-02
      outer loop
         vertex 7.023423e+01 9.863303e+01 1.358414e+02
         vertex 7.019984e+01 9.862622e+01 1.358033e+02
         vertex 7.005722e+01 9.859144e+01 1.358329e+02
      endloop
   endfacet
   facet normal -2.416236e-01 9.700561e-01 -2.468139e-02
      outer loop
         vertex 7.005722e+01 9.859144e+01 1.358329e+02
         vertex 7.019984e+01 9.862622e+01 1.358033e+02
         vertex 6.996695e+01 9.856391e+01 1.356345e+02
      endloop
   endfacet
   facet normal -3.126279e-01 9.498184e-01 1.043338e-02
      outer loop
         vertex 7.005722e+01 9.859144e+01 1.358329e+02
         vertex 6.996695e+01 9.856391e+01 1.356345e+02
         vertex 6.988387e+01 9.853448e+01 1.358248e+02
      endloop
   endfacet
   facet normal -3.334509e-01 9.427674e-01 2.516638e-04
      outer loop
         vertex 6.988387e+01 9.853448e+01 1.358248e+02
         vertex 6.996695e+01 9.856391e+01 1.356345e+02
         vertex 6.988368e+01 9.853448e+01 1.355782e+02
      endloop
   endfacet
   facet normal -3.918970e-01 9.200091e-01 2.957745e-04
      outer loop
         vertex 6.988387e+01 9.853448e+01 1.358248e+02
         vertex 6.988368e+01 9.853448e+01 1.355782e+02
         vertex 6.972274e+01 9.846584e+01 1.358180e+02
      endloop
   endfacet
   facet normal -3.924597e-01 9.197692e-01 -1.505554e-04
      outer loop
         vertex 6.972274e+01 9.846584e+01 1.358180e+02
         vertex 6.988368e+01 9.853448e+01 1.355782e+02
         vertex 6.971918e+01 9.846427e+01 1.354748e+02
      endloop
   endfacet
   facet normal -4.701577e-01 8.825820e-01 8.258504e-04
      outer loop
         vertex 6.972274e+01 9.846584e+01 1.358180e+02
         vertex 6.971918e+01 9.846427e+01 1.354748e+02
         vertex 6.955579e+01 9.837691e+01 1.358124e+02
      endloop
   endfacet
   facet normal -4.709141e-01 8.821790e-01 3.554107e-04
      outer loop
         vertex 6.955579e+01 9.837691e+01 1.358124e+02
         vertex 6.971918e+01 9.846427e+01 1.354748e+02
         vertex 6.955546e+01 9.837691e+01 1.353837e+02
      endloop
   endfacet
   facet normal -5.461620e-01 8.376795e-01 4.122022e-04
      outer loop
         vertex 6.955579e+01 9.837691e+01 1.358124e+02
         vertex 6.955546e+01 9.837691e+01 1.353837e+02
         vertex 6.940360e+01 9.827769e+01 1.358092e+02
      endloop
   endfacet
   facet normal -5.529232e-01 8.332267e-01 -3.039181e-03
      outer loop
         vertex 6.940360e+01 9.827769e+01 1.358092e+02
         vertex 6.955546e+01 9.837691e+01 1.353837e+02
         vertex 6.937122e+01 9.825434e+01 1.352983e+02
      endloop
   endfacet
   facet normal -6.166978e-01 7.871939e-01 3.105095e-03
      outer loop
         vertex 6.940360e+01 9.827769e+01 1.358092e+02
         vertex 6.937122e+01 9.825434e+01 1.352983e+02
         vertex 6.925984e+01 9.816507e+01 1.358089e+02
      endloop
   endfacet
   facet normal -6.240914e-01 7.813512e-01 4.710175e-04
      outer loop
         vertex 6.925984e+01 9.816507e+01 1.358089e+02
         vertex 6.937122e+01 9.825434e+01 1.352983e+02
         vertex 6.925943e+01 9.816507e+01 1.352572e+02
      endloop
   endfacet
   facet normal -6.835306e-01 7.299217e-01 5.158777e-04
      outer loop
         vertex 6.925984e+01 9.816507e+01 1.358089e+02
         vertex 6.925943e+01 9.816507e+01 1.352572e+02
         vertex 6.912330e+01 9.803720e+01 1.358120e+02
      endloop
   endfacet
   facet normal -6.825226e-01 7.308638e-01 9.803414e-04
      outer loop
         vertex 6.912330e+01 9.803720e+01 1.358120e+02
         vertex 6.925943e+01 9.816507e+01 1.352572e+02
         vertex 6.912718e+01 9.804161e+01 1.352218e+02
      endloop
   endfacet
   facet normal -7.442214e-01 6.679330e-01 1.044048e-04
      outer loop
         vertex 6.912330e+01 9.803720e+01 1.358120e+02
         vertex 6.912718e+01 9.804161e+01 1.352218e+02
         vertex 6.900493e+01 9.790531e+01 1.358185e+02
      endloop
   endfacet
   facet normal -7.432267e-01 6.690394e-01 5.609319e-04
      outer loop
         vertex 6.900493e+01 9.790531e+01 1.358185e+02
         vertex 6.912718e+01 9.804161e+01 1.352218e+02
         vertex 6.900447e+01 9.790531e+01 1.352053e+02
      endloop
   endfacet
   facet normal -7.811177e-01 6.243836e-01 5.895292e-04
      outer loop
         vertex 6.900493e+01 9.790531e+01 1.358185e+02
         vertex 6.900447e+01 9.790531e+01 1.352053e+02
         vertex 6.896541e+01 9.785645e+01 1.352042e+02
      endloop
   endfacet
   facet normal -8.954441e-01 4.451736e-01 6.758141e-04
      outer loop
         vertex 6.879871e+01 9.760544e+01 1.358443e+02
         vertex 6.879822e+01 9.760544e+01 1.352044e+02
         vertex 6.869717e+01 9.740117e+01 1.358694e+02
      endloop
   endfacet
   facet normal -9.093559e-01 4.158881e-01 -1.043386e-02
      outer loop
         vertex 6.869717e+01 9.740117e+01 1.358694e+02
         vertex 6.879822e+01 9.760544e+01 1.352044e+02
         vertex 6.864685e+01 9.727447e+01 1.352045e+02
      endloop
   endfacet
   facet normal -9.306517e-01 3.659055e-01 7.023863e-04
      outer loop
         vertex 6.869717e+01 9.740117e+01 1.358694e+02
         vertex 6.864685e+01 9.727447e+01 1.352045e+02
         vertex 6.864737e+01 9.727447e+01 1.358877e+02
      endloop
   endfacet
   facet normal -9.544999e-01 2.982102e-01 7.203851e-04
      outer loop
         vertex 6.864737e+01 9.727447e+01 1.358877e+02
         vertex 6.864685e+01 9.727447e+01 1.352045e+02
         vertex 6.859809e+01 9.711668e+01 1.359132e+02
      endloop
   endfacet
   facet normal -9.675058e-01 2.526380e-01 -1.032026e-02
      outer loop
         vertex 6.859809e+01 9.711668e+01 1.359132e+02
         vertex 6.864685e+01 9.727447e+01 1.352045e+02
         vertex 6.855490e+01 9.692233e+01 1.352045e+02
      endloop
   endfacet
   facet normal -9.751122e-01 2.217078e-01 -1.373677e-03
      outer loop
         vertex 6.859809e+01 9.711668e+01 1.359132e+02
         vertex 6.855490e+01 9.692233e+01 1.352045e+02
         vertex 6.856127e+01 9.695492e+01 1.359422e+02
      endloop
   endfacet
   facet normal -9.966410e-01 8.180301e-02 -3.871688e-03
      outer loop
         vertex 6.852513e+01 9.655960e+01 1.352046e+02
         vertex 6.852609e+01 9.660969e+01 1.360146e+02
         vertex 6.855490e+01 9.692233e+01 1.352045e+02
      endloop
   endfacet
   facet normal -9.956010e-01 9.369142e-02 7.537377e-04
      outer loop
         vertex 6.855490e+01 9.692233e+01 1.352045e+02
         vertex 6.852609e+01 9.660969e+01 1.360146e+02
         vertex 6.855547e+01 9.692235e+01 1.359492e+02
      endloop
   endfacet
   facet normal -9.844560e-01 1.756301e-01 7.427192e-04
      outer loop
         vertex 6.855490e+01 9.692233e+01 1.352045e+02
         vertex 6.855547e+01 9.692235e+01 1.359492e+02
         vertex 6.856127e+01 9.695492e+01 1.359422e+02
      endloop
   endfacet
   facet normal -9.957699e-01 -9.149829e-02 -8.387272e-03
      outer loop
         vertex 6.855843e+01 9.619718e+01 1.352045e+02
         vertex 6.853464e+01 9.637687e+01 1.360689e+02
         vertex 6.852513e+01 9.655960e+01 1.352046e+02
      endloop
   endfacet
   facet normal -9.988268e-01 -4.841986e-02 7.538397e-04
      outer loop
         vertex 6.852513e+01 9.655960e+01 1.352046e+02
         vertex 6.853464e+01 9.637687e+01 1.360689e+02
         vertex 6.852575e+01 9.655960e+01 1.360258e+02
      endloop
   endfacet
   facet normal -9.999748e-01 7.057525e-03 7.547061e-04
      outer loop
         vertex 6.852513e+01 9.655960e+01 1.352046e+02
         vertex 6.852575e+01 9.655960e+01 1.360258e+02
         vertex 6.852609e+01 9.660969e+01 1.360146e+02
      endloop
   endfacet
   facet normal -9.650288e-01 -2.620536e-01 -6.874308e-03
      outer loop
         vertex 6.865381e+01 9.584595e+01 1.352045e+02
         vertex 6.858540e+01 9.607314e+01 1.361474e+02
         vertex 6.855843e+01 9.619718e+01 1.352045e+02
      endloop
   endfacet
   facet normal -9.783242e-01 -2.070777e-01 7.383659e-04
      outer loop
         vertex 6.855843e+01 9.619718e+01 1.352045e+02
         vertex 6.858540e+01 9.607314e+01 1.361474e+02
         vertex 6.855912e+01 9.619718e+01 1.361144e+02
      endloop
   endfacet
   facet normal -9.908738e-01 -1.347910e-01 7.478374e-04
      outer loop
         vertex 6.855843e+01 9.619718e+01 1.352045e+02
         vertex 6.855912e+01 9.619718e+01 1.361144e+02
         vertex 6.853464e+01 9.637687e+01 1.360689e+02
      endloop
   endfacet
   facet normal -9.052916e-01 -4.247361e-01 -6.806183e-03
      outer loop
         vertex 6.880839e+01 9.551646e+01 1.352043e+02
         vertex 6.872468e+01 9.567799e+01 1.362591e+02
         vertex 6.865381e+01 9.584595e+01 1.352045e+02
      endloop
   endfacet
   facet normal -9.228938e-01 -3.850539e-01 6.965312e-04
      outer loop
         vertex 6.865381e+01 9.584595e+01 1.352045e+02
         vertex 6.872468e+01 9.567799e+01 1.362591e+02
         vertex 6.865457e+01 9.584595e+01 1.362106e+02
      endloop
   endfacet
   facet normal -9.567007e-01 -2.910724e-01 7.220461e-04
      outer loop
         vertex 6.865381e+01 9.584595e+01 1.352045e+02
         vertex 6.865457e+01 9.584595e+01 1.362106e+02
         vertex 6.858540e+01 9.607314e+01 1.361474e+02
      endloop
   endfacet
   facet normal -7.929540e-01 -6.092811e-01 5.984624e-04
      outer loop
         vertex 6.901842e+01 9.521861e+01 1.363672e+02
         vertex 6.890631e+01 9.536450e+01 1.363439e+02
         vertex 6.901755e+01 9.521861e+01 1.352042e+02
      endloop
   endfacet
   facet normal -8.361210e-01 -5.484265e-01 -1.140451e-02
      outer loop
         vertex 6.901755e+01 9.521861e+01 1.352042e+02
         vertex 6.890631e+01 9.536450e+01 1.363439e+02
         vertex 6.883023e+01 9.548106e+01 1.363169e+02
      endloop
   endfacet
   facet normal -8.183783e-01 -5.746755e-01 -2.226588e-03
      outer loop
         vertex 6.901755e+01 9.521861e+01 1.352042e+02
         vertex 6.883023e+01 9.548106e+01 1.363169e+02
         vertex 6.880839e+01 9.551646e+01 1.352043e+02
      endloop
   endfacet
   facet normal -8.601458e-01 -5.100478e-01 6.496054e-04
      outer loop
         vertex 6.880839e+01 9.551646e+01 1.352043e+02
         vertex 6.883023e+01 9.548106e+01 1.363169e+02
         vertex 6.880920e+01 9.551651e+01 1.363065e+02
      endloop
   endfacet
   facet normal -8.860632e-01 -4.635640e-01 6.665762e-04
      outer loop
         vertex 6.880839e+01 9.551646e+01 1.352043e+02
         vertex 6.880920e+01 9.551651e+01 1.363065e+02
         vertex 6.872468e+01 9.567799e+01 1.362591e+02
      endloop
   endfacet
   facet normal -7.396840e-01 -6.729541e-01 5.582581e-04
      outer loop
         vertex 6.901842e+01 9.521861e+01 1.363672e+02
         vertex 6.901755e+01 9.521861e+01 1.352042e+02
         vertex 6.912926e+01 9.509679e+01 1.363792e+02
      endloop
   endfacet
   facet normal -7.068574e-01 -7.073295e-01 -6.127024e-03
      outer loop
         vertex 6.912926e+01 9.509679e+01 1.363792e+02
         vertex 6.901755e+01 9.521861e+01 1.352042e+02
         vertex 6.927498e+01 9.496135e+01 1.352040e+02
      endloop
   endfacet
   facet normal -6.785876e-01 -7.345193e-01 5.121471e-04
      outer loop
         vertex 6.912926e+01 9.509679e+01 1.363792e+02
         vertex 6.927498e+01 9.496135e+01 1.352040e+02
         vertex 6.927587e+01 9.496135e+01 1.363860e+02
      endloop
   endfacet
   facet normal -6.090827e-01 -7.931066e-01 4.596901e-04
      outer loop
         vertex 6.927587e+01 9.496135e+01 1.363860e+02
         vertex 6.927498e+01 9.496135e+01 1.352040e+02
         vertex 6.942038e+01 9.485037e+01 1.363878e+02
      endloop
   endfacet
   facet normal -5.741166e-01 -8.187498e-01 -6.238728e-03
      outer loop
         vertex 6.942038e+01 9.485037e+01 1.363878e+02
         vertex 6.927498e+01 9.496135e+01 1.352040e+02
         vertex 6.957297e+01 9.475240e+01 1.352038e+02
      endloop
   endfacet
   facet normal -5.380634e-01 -8.429043e-01 4.060900e-04
      outer loop
         vertex 6.942038e+01 9.485037e+01 1.363878e+02
         vertex 6.957297e+01 9.475240e+01 1.352038e+02
         vertex 6.957386e+01 9.475240e+01 1.363875e+02
      endloop
   endfacet
   facet normal -2.614087e-01 -9.652065e-01 -6.480398e-03
      outer loop
         vertex 7.025385e+01 9.450290e+01 1.352033e+02
         vertex 7.007679e+01 9.454291e+01 1.363864e+02
         vertex 6.990256e+01 9.459804e+01 1.352035e+02
      endloop
   endfacet
   facet normal -3.030836e-01 -9.529639e-01 2.287448e-04
      outer loop
         vertex 6.990256e+01 9.459804e+01 1.352035e+02
         vertex 7.007679e+01 9.454291e+01 1.363864e+02
         vertex 6.990345e+01 9.459804e+01 1.363861e+02
      endloop
   endfacet
   facet normal -4.241362e-01 -9.055984e-01 3.201062e-04
      outer loop
         vertex 6.990256e+01 9.459804e+01 1.352035e+02
         vertex 6.990345e+01 9.459804e+01 1.363861e+02
         vertex 6.957297e+01 9.475240e+01 1.352038e+02
      endloop
   endfacet
   facet normal -3.843491e-01 -9.230951e-01 -1.308501e-02
      outer loop
         vertex 6.957297e+01 9.475240e+01 1.352038e+02
         vertex 6.990345e+01 9.459804e+01 1.363861e+02
         vertex 6.973578e+01 9.466784e+01 1.363866e+02
      endloop
   endfacet
   facet normal -4.629027e-01 -8.864090e-01 3.493643e-04
      outer loop
         vertex 6.957297e+01 9.475240e+01 1.352038e+02
         vertex 6.973578e+01 9.466784e+01 1.363866e+02
         vertex 6.957386e+01 9.475240e+01 1.363875e+02
      endloop
   endfacet
   facet normal 3.758507e-03 -9.999929e-01 -3.341091e-06
      outer loop
         vertex 7.065055e+01 9.446996e+01 1.363843e+02
         vertex 7.061719e+01 9.446984e+01 1.363850e+02
         vertex 7.061630e+01 9.446984e+01 1.352030e+02
      endloop
   endfacet
   facet normal -4.739850e-02 -9.988761e-01 3.543142e-05
      outer loop
         vertex 7.061630e+01 9.446984e+01 1.352030e+02
         vertex 7.061719e+01 9.446984e+01 1.363850e+02
         vertex 7.043592e+01 9.447844e+01 1.363871e+02
      endloop
   endfacet
   facet normal -9.083337e-02 -9.958442e-01 -6.603416e-03
      outer loop
         vertex 7.061630e+01 9.446984e+01 1.352030e+02
         vertex 7.043592e+01 9.447844e+01 1.363871e+02
         vertex 7.025385e+01 9.450290e+01 1.352033e+02
      endloop
   endfacet
   facet normal -1.337776e-01 -9.910114e-01 1.009654e-04
      outer loop
         vertex 7.025385e+01 9.450290e+01 1.352033e+02
         vertex 7.043592e+01 9.447844e+01 1.363871e+02
         vertex 7.025475e+01 9.450290e+01 1.363870e+02
      endloop
   endfacet
   facet normal -2.193600e-01 -9.756440e-01 1.655565e-04
      outer loop
         vertex 7.025385e+01 9.450290e+01 1.352033e+02
         vertex 7.025475e+01 9.450290e+01 1.363870e+02
         vertex 7.007679e+01 9.454291e+01 1.363864e+02
      endloop
   endfacet
   facet normal 5.098226e-02 -9.986986e-01 -1.372823e-03
      outer loop
         vertex 7.065055e+01 9.446996e+01 1.363843e+02
         vertex 7.061630e+01 9.446984e+01 1.352030e+02
         vertex 7.081560e+01 9.447840e+01 1.363779e+02
      endloop
   endfacet
   facet normal 8.247002e-02 -9.965708e-01 -6.729389e-03
      outer loop
         vertex 7.081560e+01 9.447840e+01 1.363779e+02
         vertex 7.061630e+01 9.446984e+01 1.352030e+02
         vertex 7.097901e+01 9.449986e+01 1.352027e+02
      endloop
   endfacet
   facet normal 1.295265e-01 -9.915760e-01 -9.525546e-05
      outer loop
         vertex 7.081560e+01 9.447840e+01 1.363779e+02
         vertex 7.097901e+01 9.449986e+01 1.352027e+02
         vertex 7.097996e+01 9.449987e+01 1.363657e+02
      endloop
   endfacet
   facet normal 2.839116e-01 -9.587717e-01 -1.228608e-02
      outer loop
         vertex 7.129303e+01 9.457859e+01 1.363150e+02
         vertex 7.116022e+01 9.453892e+01 1.363421e+02
         vertex 7.097901e+01 9.449986e+01 1.352027e+02
      endloop
   endfacet
   facet normal 2.218143e-01 -9.750872e-01 -1.850185e-03
      outer loop
         vertex 7.097901e+01 9.449986e+01 1.352027e+02
         vertex 7.116022e+01 9.453892e+01 1.363421e+02
         vertex 7.102375e+01 9.450784e+01 1.363611e+02
      endloop
   endfacet
   facet normal 1.790009e-01 -9.838489e-01 -1.361003e-04
      outer loop
         vertex 7.097901e+01 9.449986e+01 1.352027e+02
         vertex 7.102375e+01 9.450784e+01 1.363611e+02
         vertex 7.097996e+01 9.449987e+01 1.363657e+02
      endloop
   endfacet
   facet normal 3.211993e-01 -9.467159e-01 -2.366596e-02
      outer loop
         vertex 7.129303e+01 9.457859e+01 1.363150e+02
         vertex 7.097901e+01 9.449986e+01 1.352027e+02
         vertex 7.133192e+01 9.459205e+01 1.363046e+02
      endloop
   endfacet
   facet normal 2.533055e-01 -9.673863e-01 -1.911760e-04
      outer loop
         vertex 7.133192e+01 9.459205e+01 1.363046e+02
         vertex 7.097901e+01 9.449986e+01 1.352027e+02
         vertex 7.133108e+01 9.459205e+01 1.352024e+02
      endloop
   endfacet
   facet normal 3.768493e-01 -9.262745e-01 -2.844177e-04
      outer loop
         vertex 7.133192e+01 9.459205e+01 1.363046e+02
         vertex 7.133108e+01 9.459205e+01 1.352024e+02
         vertex 7.150118e+01 9.466092e+01 1.362568e+02
      endloop
   endfacet
   facet normal 4.165102e-01 -9.090975e-01 -7.804695e-03
      outer loop
         vertex 7.150118e+01 9.466092e+01 1.362568e+02
         vertex 7.133108e+01 9.459205e+01 1.352024e+02
         vertex 7.166196e+01 9.474364e+01 1.352022e+02
      endloop
   endfacet
   facet normal 4.556954e-01 -8.901357e-01 -3.439248e-04
      outer loop
         vertex 7.150118e+01 9.466092e+01 1.362568e+02
         vertex 7.166196e+01 9.474364e+01 1.352022e+02
         vertex 7.166272e+01 9.474364e+01 1.362083e+02
      endloop
   endfacet
   facet normal 5.672383e-01 -8.235536e-01 -4.281090e-04
      outer loop
         vertex 7.196169e+01 9.495009e+01 1.352020e+02
         vertex 7.196237e+01 9.495009e+01 1.361118e+02
         vertex 7.166196e+01 9.474364e+01 1.352022e+02
      endloop
   endfacet
   facet normal 6.085280e-01 -7.932560e-01 -2.094117e-02
      outer loop
         vertex 7.166196e+01 9.474364e+01 1.352022e+02
         vertex 7.196237e+01 9.495009e+01 1.361118e+02
         vertex 7.186222e+01 9.487238e+01 1.361449e+02
      endloop
   endfacet
   facet normal 5.421203e-01 -8.403008e-01 -4.091518e-04
      outer loop
         vertex 7.166196e+01 9.474364e+01 1.352022e+02
         vertex 7.186222e+01 9.487238e+01 1.361449e+02
         vertex 7.166272e+01 9.474364e+01 1.362083e+02
      endloop
   endfacet
   facet normal 8.135325e-01 -5.815191e-01 -6.112856e-04
      outer loop
         vertex 7.243292e+01 9.550126e+01 1.352016e+02
         vertex 7.243349e+01 9.550128e+01 1.359463e+02
         vertex 7.222127e+01 9.520518e+01 1.352018e+02
      endloop
   endfacet
   facet normal 8.197688e-01 -5.726642e-01 -5.910348e-03
      outer loop
         vertex 7.243349e+01 9.550128e+01 1.359463e+02
         vertex 7.225398e+01 9.524364e+01 1.360117e+02
         vertex 7.222127e+01 9.520518e+01 1.352018e+02
      endloop
   endfacet
   facet normal 7.677618e-01 -6.407351e-01 -5.780422e-04
      outer loop
         vertex 7.222127e+01 9.520518e+01 1.352018e+02
         vertex 7.225398e+01 9.524364e+01 1.360117e+02
         vertex 7.222183e+01 9.520510e+01 1.360230e+02
      endloop
   endfacet
   facet normal 7.009121e-01 -7.132474e-01 -5.399874e-04
      outer loop
         vertex 7.222127e+01 9.520518e+01 1.352018e+02
         vertex 7.222183e+01 9.520510e+01 1.360230e+02
         vertex 7.196169e+01 9.495009e+01 1.352020e+02
      endloop
   endfacet
   facet normal 7.281955e-01 -6.851352e-01 -1.791626e-02
      outer loop
         vertex 7.196169e+01 9.495009e+01 1.352020e+02
         vertex 7.222183e+01 9.520510e+01 1.360230e+02
         vertex 7.209745e+01 9.507178e+01 1.360661e+02
      endloop
   endfacet
   facet normal 6.692660e-01 -7.430227e-01 -5.051119e-04
      outer loop
         vertex 7.196169e+01 9.495009e+01 1.352020e+02
         vertex 7.209745e+01 9.507178e+01 1.360661e+02
         vertex 7.196237e+01 9.495009e+01 1.361118e+02
      endloop
   endfacet
   facet normal 9.017181e-01 -4.323240e-01 -6.805493e-04
      outer loop
         vertex 7.259026e+01 9.582944e+01 1.352015e+02
         vertex 7.259077e+01 9.582944e+01 1.358847e+02
         vertex 7.243292e+01 9.550126e+01 1.352016e+02
      endloop
   endfacet
   facet normal 9.194650e-01 -3.924421e-01 -2.394227e-02
      outer loop
         vertex 7.243292e+01 9.550126e+01 1.352016e+02
         vertex 7.259077e+01 9.582944e+01 1.358847e+02
         vertex 7.252622e+01 9.567662e+01 1.359103e+02
      endloop
   endfacet
   facet normal 8.874221e-01 -4.609493e-01 -2.773030e-03
      outer loop
         vertex 7.243292e+01 9.550126e+01 1.352016e+02
         vertex 7.252622e+01 9.567662e+01 1.359103e+02
         vertex 7.245009e+01 9.552990e+01 1.359393e+02
      endloop
   endfacet
   facet normal 9.652136e-01 -2.610985e-01 -1.379571e-02
      outer loop
         vertex 7.263481e+01 9.595900e+01 1.358663e+02
         vertex 7.259026e+01 9.582944e+01 1.352015e+02
         vertex 7.267019e+01 9.609064e+01 1.358505e+02
      endloop
   endfacet
   facet normal 9.627726e-01 -2.701329e-01 -9.859097e-03
      outer loop
         vertex 7.267019e+01 9.609064e+01 1.358505e+02
         vertex 7.259026e+01 9.582944e+01 1.352015e+02
         vertex 7.268858e+01 9.617986e+01 1.352014e+02
      endloop
   endfacet
   facet normal 9.783434e-01 -2.069869e-01 -7.383804e-04
      outer loop
         vertex 7.267019e+01 9.609064e+01 1.358505e+02
         vertex 7.268858e+01 9.617986e+01 1.352014e+02
         vertex 7.268906e+01 9.617986e+01 1.358413e+02
      endloop
   endfacet
   facet normal 9.897054e-01 -1.431179e-01 -7.469555e-04
      outer loop
         vertex 7.268906e+01 9.617986e+01 1.358413e+02
         vertex 7.268858e+01 9.617986e+01 1.352014e+02
         vertex 7.271499e+01 9.635924e+01 1.358264e+02
      endloop
   endfacet
   facet normal 9.933640e-01 -1.146547e-01 -9.071104e-03
      outer loop
         vertex 7.271499e+01 9.635924e+01 1.358264e+02
         vertex 7.268858e+01 9.617986e+01 1.352014e+02
         vertex 7.272316e+01 9.647946e+01 1.352014e+02
      endloop
   endfacet
   facet normal 9.983919e-01 -5.664792e-02 2.151463e-03
      outer loop
         vertex 7.271499e+01 9.635924e+01 1.358264e+02
         vertex 7.272316e+01 9.647946e+01 1.352014e+02
         vertex 7.272538e+01 9.654199e+01 1.358157e+02
      endloop
   endfacet
   facet normal 9.996036e-01 -2.814437e-02 -7.544260e-04
      outer loop
         vertex 7.272538e+01 9.654199e+01 1.358157e+02
         vertex 7.272316e+01 9.647946e+01 1.352014e+02
         vertex 7.272492e+01 9.654199e+01 1.352025e+02
      endloop
   endfacet
   facet normal 9.995806e-01 2.895042e-02 -7.544086e-04
      outer loop
         vertex 7.272538e+01 9.654199e+01 1.358157e+02
         vertex 7.272492e+01 9.654199e+01 1.352025e+02
         vertex 7.272025e+01 9.671913e+01 1.358092e+02
      endloop
   endfacet
   facet normal 9.995353e-01 3.046055e-02 -1.195679e-03
      outer loop
         vertex 7.272025e+01 9.671913e+01 1.358092e+02
         vertex 7.272492e+01 9.654199e+01 1.352025e+02
         vertex 7.271935e+01 9.672529e+01 1.352191e+02
      endloop
   endfacet
   facet normal 9.933114e-01 1.154662e-01 -2.988026e-04
      outer loop
         vertex 7.272025e+01 9.671913e+01 1.358092e+02
         vertex 7.271935e+01 9.672529e+01 1.352191e+02
         vertex 7.269864e+01 9.690495e+01 1.358063e+02
      endloop
   endfacet
   facet normal 9.931411e-01 1.169197e-01 -7.495486e-04
      outer loop
         vertex 7.269864e+01 9.690495e+01 1.358063e+02
         vertex 7.271935e+01 9.672529e+01 1.352191e+02
         vertex 7.269823e+01 9.690495e+01 1.352546e+02
      endloop
   endfacet
   facet normal 9.793669e-01 2.020890e-01 -7.391528e-04
      outer loop
         vertex 7.269864e+01 9.690495e+01 1.358063e+02
         vertex 7.269823e+01 9.690495e+01 1.352546e+02
         vertex 7.266198e+01 9.708266e+01 1.358068e+02
      endloop
   endfacet
   facet normal 9.813567e-01 1.921781e-01 2.581178e-03
      outer loop
         vertex 7.266198e+01 9.708266e+01 1.358068e+02
         vertex 7.269823e+01 9.690495e+01 1.352546e+02
         vertex 7.267064e+01 9.704530e+01 1.352958e+02
      endloop
   endfacet
   facet normal 9.581407e-01 2.862592e-01 -4.691067e-03
      outer loop
         vertex 7.266198e+01 9.708266e+01 1.358068e+02
         vertex 7.267064e+01 9.704530e+01 1.352958e+02
         vertex 7.260965e+01 9.725785e+01 1.358101e+02
      endloop
   endfacet
   facet normal 9.607508e-01 2.774120e-01 -7.251028e-04
      outer loop
         vertex 7.260965e+01 9.725785e+01 1.358101e+02
         vertex 7.267064e+01 9.704530e+01 1.352958e+02
         vertex 7.260933e+01 9.725785e+01 1.353814e+02
      endloop
   endfacet
   facet normal 9.290902e-01 3.698526e-01 -7.012077e-04
      outer loop
         vertex 7.260965e+01 9.725785e+01 1.358101e+02
         vertex 7.260933e+01 9.725785e+01 1.353814e+02
         vertex 7.253970e+01 9.743359e+01 1.358159e+02
      endloop
   endfacet
   facet normal 9.294998e-01 3.688225e-01 -2.188606e-04
      outer loop
         vertex 7.253970e+01 9.743359e+01 1.358159e+02
         vertex 7.260933e+01 9.725785e+01 1.353814e+02
         vertex 7.254094e+01 9.743026e+01 1.354727e+02
      endloop
   endfacet
   facet normal 8.935376e-01 4.489870e-01 -1.127829e-03
      outer loop
         vertex 7.253970e+01 9.743359e+01 1.358159e+02
         vertex 7.254094e+01 9.743026e+01 1.354727e+02
         vertex 7.246107e+01 9.759009e+01 1.358228e+02
      endloop
   endfacet
   facet normal 8.939363e-01 4.481934e-01 -6.746762e-04
      outer loop
         vertex 7.246107e+01 9.759009e+01 1.358228e+02
         vertex 7.254094e+01 9.743026e+01 1.354727e+02
         vertex 7.246088e+01 9.759009e+01 1.355762e+02
      endloop
   endfacet
   facet normal 8.522286e-01 5.231692e-01 -6.431983e-04
      outer loop
         vertex 7.246107e+01 9.759009e+01 1.358228e+02
         vertex 7.246088e+01 9.759009e+01 1.355762e+02
         vertex 7.236610e+01 9.774481e+01 1.358311e+02
      endloop
   endfacet
   facet normal 5.277089e-01 8.494251e-01 5.777946e-04
      outer loop
         vertex 7.174357e+01 9.834743e+01 1.357197e+02
         vertex 7.172933e+01 9.835629e+01 1.356929e+02
         vertex 7.171050e+01 9.836788e+01 1.358688e+02
      endloop
   endfacet
   facet normal 5.226933e-01 8.525208e-01 -1.634250e-04
      outer loop
         vertex 7.171050e+01 9.836788e+01 1.358688e+02
         vertex 7.172933e+01 9.835629e+01 1.356929e+02
         vertex 7.171887e+01 9.836270e+01 1.356640e+02
      endloop
   endfacet
   facet normal 5.190873e-01 8.547211e-01 -3.664280e-04
      outer loop
         vertex 7.171050e+01 9.836788e+01 1.358688e+02
         vertex 7.171887e+01 9.836270e+01 1.356640e+02
         vertex 7.171247e+01 9.836658e+01 1.356334e+02
      endloop
   endfacet
   facet normal 5.487936e-01 8.358395e-01 1.406692e-02
      outer loop
         vertex 7.180463e+01 9.830756e+01 1.357803e+02
         vertex 7.178173e+01 9.832287e+01 1.357639e+02
         vertex 7.171050e+01 9.836788e+01 1.358688e+02
      endloop
   endfacet
   facet normal 5.408945e-01 8.410656e-01 6.460110e-03
      outer loop
         vertex 7.171050e+01 9.836788e+01 1.358688e+02
         vertex 7.178173e+01 9.832287e+01 1.357639e+02
         vertex 7.176119e+01 9.833624e+01 1.357435e+02
      endloop
   endfacet
   facet normal 5.338438e-01 8.455795e-01 2.465973e-03
      outer loop
         vertex 7.171050e+01 9.836788e+01 1.358688e+02
         vertex 7.176119e+01 9.833624e+01 1.357435e+02
         vertex 7.174357e+01 9.834743e+01 1.357197e+02
      endloop
   endfacet
   facet normal 8.724928e-01 4.878030e-01 2.836496e-02
      outer loop
         vertex 7.246088e+01 9.759009e+01 1.355762e+02
         vertex 7.241643e+01 9.766633e+01 1.356326e+02
         vertex 7.236610e+01 9.774481e+01 1.358311e+02
      endloop
   endfacet
   facet normal 8.112422e-01 5.841638e-01 -2.527462e-02
      outer loop
         vertex 7.236610e+01 9.774481e+01 1.358311e+02
         vertex 7.241643e+01 9.766633e+01 1.356326e+02
         vertex 7.227916e+01 9.786427e+01 1.358017e+02
      endloop
   endfacet
   facet normal 8.042109e-01 5.934178e-01 3.316843e-02
      outer loop
         vertex 7.236610e+01 9.774481e+01 1.358311e+02
         vertex 7.227916e+01 9.786427e+01 1.358017e+02
         vertex 7.225736e+01 9.789167e+01 1.358399e+02
      endloop
   endfacet
   facet normal 7.822571e-01 6.229555e-01 -5.903891e-04
      outer loop
         vertex 7.225736e+01 9.789167e+01 1.358399e+02
         vertex 7.227916e+01 9.786427e+01 1.358017e+02
         vertex 7.225733e+01 9.789167e+01 1.358017e+02
      endloop
   endfacet
   facet normal 7.489719e-01 6.626015e-01 -5.652679e-04
      outer loop
         vertex 7.225736e+01 9.789167e+01 1.358399e+02
         vertex 7.225733e+01 9.789167e+01 1.358017e+02
         vertex 7.213653e+01 9.802827e+01 1.358485e+02
      endloop
   endfacet
   facet normal 7.093645e-01 6.846946e-01 -1.673180e-01
      outer loop
         vertex 7.213653e+01 9.802827e+01 1.358485e+02
         vertex 7.225733e+01 9.789167e+01 1.358017e+02
         vertex 7.200460e+01 9.815356e+01 1.358019e+02
      endloop
   endfacet
   facet normal 6.887366e-01 7.250114e-01 -5.198069e-04
      outer loop
         vertex 7.213653e+01 9.802827e+01 1.358485e+02
         vertex 7.200460e+01 9.815356e+01 1.358019e+02
         vertex 7.200464e+01 9.815356e+01 1.358565e+02
      endloop
   endfacet
   facet normal 6.234517e-01 7.818617e-01 -4.705347e-04
      outer loop
         vertex 7.200464e+01 9.815356e+01 1.358565e+02
         vertex 7.200460e+01 9.815356e+01 1.358019e+02
         vertex 7.186260e+01 9.826683e+01 1.358634e+02
      endloop
   endfacet
   facet normal 6.277154e-01 7.782788e-01 1.598365e-02
      outer loop
         vertex 7.200460e+01 9.815356e+01 1.358019e+02
         vertex 7.188134e+01 9.825297e+01 1.358020e+02
         vertex 7.186260e+01 9.826683e+01 1.358634e+02
      endloop
   endfacet
   facet normal 5.918101e-01 8.060764e-01 -1.259058e-03
      outer loop
         vertex 7.186260e+01 9.826683e+01 1.358634e+02
         vertex 7.188134e+01 9.825297e+01 1.358020e+02
         vertex 7.185508e+01 9.827225e+01 1.357996e+02
      endloop
   endfacet
   facet normal 5.534917e-01 8.328363e-01 5.527985e-03
      outer loop
         vertex 7.186260e+01 9.826683e+01 1.358634e+02
         vertex 7.185508e+01 9.827225e+01 1.357996e+02
         vertex 7.171050e+01 9.836788e+01 1.358688e+02
      endloop
   endfacet
   facet normal 5.684329e-01 8.210159e-01 5.307450e-02
      outer loop
         vertex 7.171050e+01 9.836788e+01 1.358688e+02
         vertex 7.185508e+01 9.827225e+01 1.357996e+02
         vertex 7.182929e+01 9.829057e+01 1.357923e+02
      endloop
   endfacet
   facet normal 5.577618e-01 8.295319e-01 2.790343e-02
      outer loop
         vertex 7.171050e+01 9.836788e+01 1.358688e+02
         vertex 7.182929e+01 9.829057e+01 1.357923e+02
         vertex 7.180463e+01 9.830756e+01 1.357803e+02
      endloop
   endfacet
   facet normal -5.170538e-01 -8.559528e-01 3.902335e-04
      outer loop
         vertex 7.456837e+01 1.084997e+02 1.356313e+02
         vertex 7.457049e+01 1.084984e+02 1.356000e+02
         vertex 7.457069e+01 1.084984e+02 1.358642e+02
      endloop
   endfacet
   facet normal -9.472765e-01 3.204166e-01 7.149334e-04
      outer loop
         vertex 7.364449e+01 1.109010e+02 1.358671e+02
         vertex 7.369044e+01 1.110368e+02 1.358866e+02
         vertex 7.368992e+01 1.110368e+02 1.352007e+02
      endloop
   endfacet
   facet normal -8.671650e-01 4.980206e-01 6.538824e-04
      outer loop
         vertex 7.382166e+01 1.113194e+02 1.359383e+02
         vertex 7.384781e+01 1.113649e+02 1.359494e+02
         vertex 7.384726e+01 1.113650e+02 1.352005e+02
      endloop
   endfacet
   facet normal 7.986010e-01 -6.018564e-01 2.296099e-03
      outer loop
         vertex 7.727618e+01 1.089609e+02 1.358132e+02
         vertex 7.731477e+01 1.090098e+02 1.351979e+02
         vertex 7.738630e+01 1.091071e+02 1.358243e+02
      endloop
   endfacet
   facet normal 8.322498e-01 -5.543289e-01 -8.929881e-03
      outer loop
         vertex 7.738630e+01 1.091071e+02 1.358243e+02
         vertex 7.731477e+01 1.090098e+02 1.351979e+02
         vertex 7.748196e+01 1.092608e+02 1.351978e+02
      endloop
   endfacet
   facet normal 8.478551e-01 -5.302276e-01 -6.343055e-04
      outer loop
         vertex 7.738630e+01 1.091071e+02 1.358243e+02
         vertex 7.748196e+01 1.092608e+02 1.351978e+02
         vertex 7.748248e+01 1.092609e+02 1.358396e+02
      endloop
   endfacet
   facet normal -1.584145e-01 -9.873727e-01 1.195594e-04
      outer loop
         vertex 7.532165e+01 1.082231e+02 1.355994e+02
         vertex 7.532415e+01 1.082227e+02 1.356307e+02
         vertex 7.532184e+01 1.082231e+02 1.358637e+02
      endloop
   endfacet
   facet normal -1.560676e-01 -9.877464e-01 1.433797e-04
      outer loop
         vertex 7.532184e+01 1.082231e+02 1.358637e+02
         vertex 7.532415e+01 1.082227e+02 1.356307e+02
         vertex 7.533154e+01 1.082215e+02 1.356612e+02
      endloop
   endfacet
   facet normal -1.518984e-01 -9.883961e-01 3.481718e-04
      outer loop
         vertex 7.532184e+01 1.082231e+02 1.358637e+02
         vertex 7.533154e+01 1.082215e+02 1.356612e+02
         vertex 7.534368e+01 1.082197e+02 1.356902e+02
      endloop
   endfacet
   facet normal -1.460641e-01 -9.892745e-01 1.099891e-03
      outer loop
         vertex 7.534368e+01 1.082197e+02 1.356902e+02
         vertex 7.536028e+01 1.082173e+02 1.357170e+02
         vertex 7.532184e+01 1.082231e+02 1.358637e+02
      endloop
   endfacet
   facet normal -1.389356e-01 -9.902968e-01 3.008008e-03
      outer loop
         vertex 7.532184e+01 1.082231e+02 1.358637e+02
         vertex 7.536028e+01 1.082173e+02 1.357170e+02
         vertex 7.538096e+01 1.082144e+02 1.357408e+02
      endloop
   endfacet
   facet normal -1.306860e-01 -9.913987e-01 7.055677e-03
      outer loop
         vertex 7.532184e+01 1.082231e+02 1.358637e+02
         vertex 7.538096e+01 1.082144e+02 1.357408e+02
         vertex 7.540527e+01 1.082114e+02 1.357612e+02
      endloop
   endfacet
   facet normal -1.213172e-01 -9.925033e-01 1.480872e-02
      outer loop
         vertex 7.540527e+01 1.082114e+02 1.357612e+02
         vertex 7.543265e+01 1.082083e+02 1.357775e+02
         vertex 7.532184e+01 1.082231e+02 1.358637e+02
      endloop
   endfacet
   facet normal -1.104815e-01 -9.934574e-01 2.891618e-02
      outer loop
         vertex 7.532184e+01 1.082231e+02 1.358637e+02
         vertex 7.543265e+01 1.082083e+02 1.357775e+02
         vertex 7.546245e+01 1.082053e+02 1.357895e+02
      endloop
   endfacet
   facet normal -1.152888e-01 -9.931363e-01 1.971968e-02
      outer loop
         vertex 7.532184e+01 1.082231e+02 1.358637e+02
         vertex 7.546245e+01 1.082053e+02 1.357895e+02
         vertex 7.550308e+01 1.082020e+02 1.358583e+02
      endloop
   endfacet
   facet normal -8.477943e-02 -9.963985e-01 1.547473e-03
      outer loop
         vertex 7.546245e+01 1.082053e+02 1.357895e+02
         vertex 7.549398e+01 1.082026e+02 1.357968e+02
         vertex 7.550308e+01 1.082020e+02 1.358583e+02
      endloop
   endfacet
   facet normal -6.913026e-02 -9.976073e-01 -7.810846e-04
      outer loop
         vertex 7.550308e+01 1.082020e+02 1.358583e+02
         vertex 7.549398e+01 1.082026e+02 1.357968e+02
         vertex 7.552648e+01 1.082004e+02 1.357993e+02
      endloop
   endfacet
   facet normal -2.880293e-02 -9.994689e-01 1.524190e-02
      outer loop
         vertex 7.550308e+01 1.082020e+02 1.358583e+02
         vertex 7.552648e+01 1.082004e+02 1.357993e+02
         vertex 7.568482e+01 1.081966e+02 1.358516e+02
      endloop
   endfacet
   facet normal -2.377951e-02 -9.997172e-01 1.794700e-05
      outer loop
         vertex 7.568482e+01 1.081966e+02 1.358516e+02
         vertex 7.552648e+01 1.082004e+02 1.357993e+02
         vertex 7.568478e+01 1.081966e+02 1.357992e+02
      endloop
   endfacet
   facet normal 5.724165e-02 -9.983604e-01 -4.320171e-05
      outer loop
         vertex 7.568482e+01 1.081966e+02 1.358516e+02
         vertex 7.568478e+01 1.081966e+02 1.357992e+02
         vertex 7.586651e+01 1.082070e+02 1.358437e+02
      endloop
   endfacet
   facet normal 9.885747e-02 -9.797663e-01 -1.740263e-01
      outer loop
         vertex 7.586651e+01 1.082070e+02 1.358437e+02
         vertex 7.568478e+01 1.081966e+02 1.357992e+02
         vertex 7.604688e+01 1.082332e+02 1.357989e+02
      endloop
   endfacet
   facet normal 1.435387e-01 -9.896447e-01 -1.083323e-04
      outer loop
         vertex 7.586651e+01 1.082070e+02 1.358437e+02
         vertex 7.604688e+01 1.082332e+02 1.357989e+02
         vertex 7.604691e+01 1.082332e+02 1.358353e+02
      endloop
   endfacet
   facet normal 1.945513e-01 -9.808923e-01 -1.468327e-04
      outer loop
         vertex 7.604691e+01 1.082332e+02 1.358353e+02
         vertex 7.604688e+01 1.082332e+02 1.357989e+02
         vertex 7.608125e+01 1.082400e+02 1.357989e+02
      endloop
   endfacet
   facet normal 2.303815e-01 -9.724624e-01 3.523011e-02
      outer loop
         vertex 7.604691e+01 1.082332e+02 1.358353e+02
         vertex 7.608125e+01 1.082400e+02 1.357989e+02
         vertex 7.622469e+01 1.082750e+02 1.358267e+02
      endloop
   endfacet
   facet normal 2.415125e-01 -9.700717e-01 -2.515293e-02
      outer loop
         vertex 7.622469e+01 1.082750e+02 1.358267e+02
         vertex 7.608125e+01 1.082400e+02 1.357989e+02
         vertex 7.631388e+01 1.083023e+02 1.356297e+02
      endloop
   endfacet
   facet normal 3.128090e-01 -9.497640e-01 9.944768e-03
      outer loop
         vertex 7.622469e+01 1.082750e+02 1.358267e+02
         vertex 7.631388e+01 1.083023e+02 1.356297e+02
         vertex 7.639725e+01 1.083318e+02 1.358186e+02
      endloop
   endfacet
   facet normal 3.334478e-01 -9.427685e-01 -2.516614e-04
      outer loop
         vertex 7.639725e+01 1.083318e+02 1.358186e+02
         vertex 7.631388e+01 1.083023e+02 1.356297e+02
         vertex 7.639706e+01 1.083318e+02 1.355733e+02
      endloop
   endfacet
   facet normal 3.904807e-01 -9.206111e-01 -2.947056e-04
      outer loop
         vertex 7.639725e+01 1.083318e+02 1.358186e+02
         vertex 7.639706e+01 1.083318e+02 1.355733e+02
         vertex 7.655253e+01 1.083976e+02 1.358121e+02
      endloop
   endfacet
   facet normal 3.920533e-01 -9.199413e-01 -1.503002e-03
      outer loop
         vertex 7.655253e+01 1.083976e+02 1.358121e+02
         vertex 7.639706e+01 1.083318e+02 1.355733e+02
         vertex 7.656141e+01 1.084020e+02 1.354696e+02
      endloop
   endfacet
   facet normal 4.688204e-01 -8.832930e-01 9.526865e-04
      outer loop
         vertex 7.655253e+01 1.083976e+02 1.358121e+02
         vertex 7.656141e+01 1.084020e+02 1.354696e+02
         vertex 7.672531e+01 1.084893e+02 1.358064e+02
      endloop
   endfacet
   facet normal 4.709141e-01 -8.821790e-01 -3.554107e-04
      outer loop
         vertex 7.672531e+01 1.084893e+02 1.358064e+02
         vertex 7.656141e+01 1.084020e+02 1.354696e+02
         vertex 7.672499e+01 1.084893e+02 1.353783e+02
      endloop
   endfacet
   facet normal 5.463801e-01 -8.375372e-01 -4.123668e-04
      outer loop
         vertex 7.672531e+01 1.084893e+02 1.358064e+02
         vertex 7.672499e+01 1.084893e+02 1.353783e+02
         vertex 7.687838e+01 1.085892e+02 1.358034e+02
      endloop
   endfacet
   facet normal 5.529429e-01 -8.332105e-01 -3.797221e-03
      outer loop
         vertex 7.687838e+01 1.085892e+02 1.358034e+02
         vertex 7.672499e+01 1.084893e+02 1.353783e+02
         vertex 7.690910e+01 1.086119e+02 1.352926e+02
      endloop
   endfacet
   facet normal 6.169014e-01 -7.870376e-01 2.102616e-03
      outer loop
         vertex 7.687838e+01 1.085892e+02 1.358034e+02
         vertex 7.690910e+01 1.086119e+02 1.352926e+02
         vertex 7.702125e+01 1.087012e+02 1.358032e+02
      endloop
   endfacet
   facet normal 6.240925e-01 -7.813504e-01 -4.710183e-04
      outer loop
         vertex 7.702125e+01 1.087012e+02 1.358032e+02
         vertex 7.690910e+01 1.086119e+02 1.352926e+02
         vertex 7.702083e+01 1.087012e+02 1.352513e+02
      endloop
   endfacet
   facet normal 6.817252e-01 -7.316082e-01 -5.145151e-04
      outer loop
         vertex 7.702125e+01 1.087012e+02 1.358032e+02
         vertex 7.702083e+01 1.087012e+02 1.352513e+02
         vertex 7.715053e+01 1.088216e+02 1.358062e+02
      endloop
   endfacet
   facet normal 6.824132e-01 -7.309662e-01 -8.147324e-04
      outer loop
         vertex 7.715053e+01 1.088216e+02 1.358062e+02
         vertex 7.702083e+01 1.087012e+02 1.352513e+02
         vertex 7.715303e+01 1.088246e+02 1.352158e+02
      endloop
   endfacet
   facet normal 7.425489e-01 -6.697918e-01 -2.495833e-04
      outer loop
         vertex 7.715053e+01 1.088216e+02 1.358062e+02
         vertex 7.715303e+01 1.088246e+02 1.352158e+02
         vertex 7.727618e+01 1.089609e+02 1.358132e+02
      endloop
   endfacet
   facet normal 7.432267e-01 -6.690394e-01 -5.609319e-04
      outer loop
         vertex 7.727618e+01 1.089609e+02 1.358132e+02
         vertex 7.715303e+01 1.088246e+02 1.352158e+02
         vertex 7.727571e+01 1.089609e+02 1.351991e+02
      endloop
   endfacet
   facet normal 7.811177e-01 -6.243836e-01 -5.895292e-04
      outer loop
         vertex 7.727618e+01 1.089609e+02 1.358132e+02
         vertex 7.727571e+01 1.089609e+02 1.351991e+02
         vertex 7.731477e+01 1.090098e+02 1.351979e+02
      endloop
   endfacet
   facet normal 9.299637e-01 -3.676506e-01 -7.018670e-04
      outer loop
         vertex 7.763333e+01 1.095918e+02 1.351977e+02
         vertex 7.763384e+01 1.095918e+02 1.358837e+02
         vertex 7.758088e+01 1.094578e+02 1.358641e+02
      endloop
   endfacet
   facet normal 9.093369e-01 -4.158870e-01 -1.201998e-02
      outer loop
         vertex 7.763333e+01 1.095918e+02 1.351977e+02
         vertex 7.758088e+01 1.094578e+02 1.358641e+02
         vertex 7.748196e+01 1.092608e+02 1.351978e+02
      endloop
   endfacet
   facet normal 9.029154e-01 -4.297620e-01 -6.963320e-03
      outer loop
         vertex 7.748196e+01 1.092608e+02 1.351978e+02
         vertex 7.758088e+01 1.094578e+02 1.358641e+02
         vertex 7.751907e+01 1.093282e+02 1.358474e+02
      endloop
   endfacet
   facet normal 8.788183e-01 -4.771561e-01 -6.656274e-04
      outer loop
         vertex 7.748196e+01 1.092608e+02 1.351978e+02
         vertex 7.751907e+01 1.093282e+02 1.358474e+02
         vertex 7.748248e+01 1.092609e+02 1.358396e+02
      endloop
   endfacet
   facet normal 9.538479e-01 -3.002893e-01 -7.198930e-04
      outer loop
         vertex 7.763384e+01 1.095918e+02 1.358837e+02
         vertex 7.763333e+01 1.095918e+02 1.351977e+02
         vertex 7.768076e+01 1.097407e+02 1.359080e+02
      endloop
   endfacet
   facet normal 9.674909e-01 -2.526384e-01 -1.162309e-02
      outer loop
         vertex 7.768076e+01 1.097407e+02 1.359080e+02
         vertex 7.763333e+01 1.095918e+02 1.351977e+02
         vertex 7.772528e+01 1.099439e+02 1.351976e+02
      endloop
   endfacet
   facet normal 9.736285e-01 -2.281002e-01 -4.219840e-03
      outer loop
         vertex 7.768076e+01 1.097407e+02 1.359080e+02
         vertex 7.772528e+01 1.099439e+02 1.351976e+02
         vertex 7.771637e+01 1.098922e+02 1.359353e+02
      endloop
   endfacet
   facet normal 9.966252e-01 -8.180238e-02 -6.826985e-03
      outer loop
         vertex 7.775505e+01 1.103066e+02 1.351976e+02
         vertex 7.775483e+01 1.102363e+02 1.360076e+02
         vertex 7.772528e+01 1.099439e+02 1.351976e+02
      endloop
   endfacet
   facet normal 9.951375e-01 -9.849235e-02 -7.478060e-04
      outer loop
         vertex 7.772528e+01 1.099439e+02 1.351976e+02
         vertex 7.775483e+01 1.102363e+02 1.360076e+02
         vertex 7.772584e+01 1.099439e+02 1.359464e+02
      endloop
   endfacet
   facet normal 9.836323e-01 -1.801860e-01 -7.429609e-04
      outer loop
         vertex 7.772528e+01 1.099439e+02 1.351976e+02
         vertex 7.772584e+01 1.099439e+02 1.359464e+02
         vertex 7.771637e+01 1.098922e+02 1.359353e+02
      endloop
   endfacet
   facet normal 9.957566e-01 9.149921e-02 -9.837108e-03
      outer loop
         vertex 7.772175e+01 1.106691e+02 1.351976e+02
         vertex 7.774690e+01 1.104888e+02 1.360670e+02
         vertex 7.775505e+01 1.103066e+02 1.351976e+02
      endloop
   endfacet
   facet normal 9.988317e-01 4.831888e-02 -7.612841e-04
      outer loop
         vertex 7.775505e+01 1.103066e+02 1.351976e+02
         vertex 7.774690e+01 1.104888e+02 1.360670e+02
         vertex 7.775567e+01 1.103068e+02 1.360235e+02
      endloop
   endfacet
   facet normal 9.999296e-01 -1.184402e-02 -7.514511e-04
      outer loop
         vertex 7.775505e+01 1.103066e+02 1.351976e+02
         vertex 7.775567e+01 1.103068e+02 1.360235e+02
         vertex 7.775483e+01 1.102363e+02 1.360076e+02
      endloop
   endfacet
   facet normal 9.650234e-01 2.620550e-01 -7.554731e-03
      outer loop
         vertex 7.762637e+01 1.110203e+02 1.351977e+02
         vertex 7.770152e+01 1.107707e+02 1.361405e+02
         vertex 7.772175e+01 1.106691e+02 1.351976e+02
      endloop
   endfacet
   facet normal 9.794433e-01 2.017182e-01 -7.392105e-04
      outer loop
         vertex 7.772175e+01 1.106691e+02 1.351976e+02
         vertex 7.770152e+01 1.107707e+02 1.361405e+02
         vertex 7.772244e+01 1.106691e+02 1.361132e+02
      endloop
   endfacet
   facet normal 9.908923e-01 1.346547e-01 -7.478513e-04
      outer loop
         vertex 7.772175e+01 1.106691e+02 1.351976e+02
         vertex 7.772244e+01 1.106691e+02 1.361132e+02
         vertex 7.774690e+01 1.104888e+02 1.360670e+02
      endloop
   endfacet
   facet normal 9.052813e-01 4.247350e-01 -8.122887e-03
      outer loop
         vertex 7.747179e+01 1.113498e+02 1.351978e+02
         vertex 7.755735e+01 1.111877e+02 1.362595e+02
         vertex 7.762637e+01 1.110203e+02 1.351977e+02
      endloop
   endfacet
   facet normal 9.229487e-01 3.849223e-01 -6.965726e-04
      outer loop
         vertex 7.762637e+01 1.110203e+02 1.351977e+02
         vertex 7.755735e+01 1.111877e+02 1.362595e+02
         vertex 7.762714e+01 1.110203e+02 1.362106e+02
      endloop
   endfacet
   facet normal 9.582793e-01 2.858326e-01 -7.232375e-04
      outer loop
         vertex 7.762637e+01 1.110203e+02 1.351977e+02
         vertex 7.762714e+01 1.110203e+02 1.362106e+02
         vertex 7.770152e+01 1.107707e+02 1.361405e+02
      endloop
   endfacet
   facet normal 7.758863e-01 6.308725e-01 -5.873333e-04
      outer loop
         vertex 7.726263e+01 1.116476e+02 1.351980e+02
         vertex 7.726359e+01 1.116475e+02 1.363645e+02
         vertex 7.730662e+01 1.115946e+02 1.363578e+02
      endloop
   endfacet
   facet normal 8.064274e-01 5.913224e-01 -3.553587e-03
      outer loop
         vertex 7.730662e+01 1.115946e+02 1.363578e+02
         vertex 7.739130e+01 1.114790e+02 1.363384e+02
         vertex 7.726263e+01 1.116476e+02 1.351980e+02
      endloop
   endfacet
   facet normal 8.432320e-01 5.373207e-01 -1.569039e-02
      outer loop
         vertex 7.726263e+01 1.116476e+02 1.351980e+02
         vertex 7.739130e+01 1.114790e+02 1.363384e+02
         vertex 7.746722e+01 1.113591e+02 1.363104e+02
      endloop
   endfacet
   facet normal 8.183786e-01 5.746776e-01 -1.428881e-03
      outer loop
         vertex 7.726263e+01 1.116476e+02 1.351980e+02
         vertex 7.746722e+01 1.113591e+02 1.363104e+02
         vertex 7.747179e+01 1.113498e+02 1.351978e+02
      endloop
   endfacet
   facet normal 8.637946e-01 5.038437e-01 -6.519275e-04
      outer loop
         vertex 7.747179e+01 1.113498e+02 1.351978e+02
         vertex 7.746722e+01 1.113591e+02 1.363104e+02
         vertex 7.747263e+01 1.113498e+02 1.363076e+02
      endloop
   endfacet
   facet normal 8.861220e-01 4.634516e-01 -6.687786e-04
      outer loop
         vertex 7.747179e+01 1.113498e+02 1.351978e+02
         vertex 7.747263e+01 1.113498e+02 1.363076e+02
         vertex 7.755735e+01 1.111877e+02 1.362595e+02
      endloop
   endfacet
   facet normal 7.406983e-01 6.718376e-01 -5.555584e-04
      outer loop
         vertex 7.726359e+01 1.116475e+02 1.363645e+02
         vertex 7.726263e+01 1.116476e+02 1.351980e+02
         vertex 7.715706e+01 1.117650e+02 1.363750e+02
      endloop
   endfacet
   facet normal 7.068477e-01 7.073298e-01 -7.131006e-03
      outer loop
         vertex 7.715706e+01 1.117650e+02 1.363750e+02
         vertex 7.726263e+01 1.116476e+02 1.351980e+02
         vertex 7.700520e+01 1.119049e+02 1.351982e+02
      endloop
   endfacet
   facet normal 6.879819e-01 7.257235e-01 -2.510273e-03
      outer loop
         vertex 7.715706e+01 1.117650e+02 1.363750e+02
         vertex 7.700520e+01 1.119049e+02 1.351982e+02
         vertex 7.704257e+01 1.118735e+02 1.363803e+02
      endloop
   endfacet
   facet normal 4.629295e-01 8.863950e-01 -3.493845e-04
      outer loop
         vertex 7.654630e+01 1.121983e+02 1.363805e+02
         vertex 7.670810e+01 1.121138e+02 1.363815e+02
         vertex 7.670721e+01 1.121138e+02 1.351984e+02
      endloop
   endfacet
   facet normal 5.382257e-01 8.428007e-01 -4.062125e-04
      outer loop
         vertex 7.670721e+01 1.121138e+02 1.351984e+02
         vertex 7.670810e+01 1.121138e+02 1.363815e+02
         vertex 7.686225e+01 1.120154e+02 1.363823e+02
      endloop
   endfacet
   facet normal 5.741065e-01 8.187498e-01 -7.104920e-03
      outer loop
         vertex 7.670721e+01 1.121138e+02 1.351984e+02
         vertex 7.686225e+01 1.120154e+02 1.363823e+02
         vertex 7.700520e+01 1.119049e+02 1.351982e+02
      endloop
   endfacet
   facet normal 6.092380e-01 7.929873e-01 -4.594416e-04
      outer loop
         vertex 7.700520e+01 1.119049e+02 1.351982e+02
         vertex 7.686225e+01 1.120154e+02 1.363823e+02
         vertex 7.700609e+01 1.119049e+02 1.363812e+02
      endloop
   endfacet
   facet normal 6.516431e-01 7.585255e-01 -4.916126e-04
      outer loop
         vertex 7.700520e+01 1.119049e+02 1.351982e+02
         vertex 7.700609e+01 1.119049e+02 1.363812e+02
         vertex 7.704257e+01 1.118735e+02 1.363803e+02
      endloop
   endfacet
   facet normal 3.843663e-01 9.230795e-01 -1.366514e-02
      outer loop
         vertex 7.654630e+01 1.121983e+02 1.363805e+02
         vertex 7.670721e+01 1.121138e+02 1.351984e+02
         vertex 7.637851e+01 1.122682e+02 1.363802e+02
      endloop
   endfacet
   facet normal 4.241362e-01 9.055984e-01 -3.201062e-04
      outer loop
         vertex 7.637851e+01 1.122682e+02 1.363802e+02
         vertex 7.670721e+01 1.121138e+02 1.351984e+02
         vertex 7.637762e+01 1.122682e+02 1.351986e+02
      endloop
   endfacet
   facet normal 3.031769e-01 9.529343e-01 -2.288152e-04
      outer loop
         vertex 7.637851e+01 1.122682e+02 1.363802e+02
         vertex 7.637762e+01 1.122682e+02 1.351986e+02
         vertex 7.620558e+01 1.123232e+02 1.363808e+02
      endloop
   endfacet
   facet normal 2.613986e-01 9.652064e-01 -6.880174e-03
      outer loop
         vertex 7.620558e+01 1.123232e+02 1.363808e+02
         vertex 7.637762e+01 1.122682e+02 1.351986e+02
         vertex 7.602633e+01 1.123633e+02 1.351989e+02
      endloop
   endfacet
   facet normal 2.194580e-01 9.756219e-01 -1.656305e-04
      outer loop
         vertex 7.620558e+01 1.123232e+02 1.363808e+02
         vertex 7.602633e+01 1.123633e+02 1.351989e+02
         vertex 7.602722e+01 1.123633e+02 1.363821e+02
      endloop
   endfacet
   facet normal 1.339186e-01 9.909923e-01 -1.010717e-04
      outer loop
         vertex 7.602722e+01 1.123633e+02 1.363821e+02
         vertex 7.602633e+01 1.123633e+02 1.351989e+02
         vertex 7.584665e+01 1.123877e+02 1.363830e+02
      endloop
   endfacet
   facet normal 9.082330e-02 9.958442e-01 -6.740047e-03
      outer loop
         vertex 7.584665e+01 1.123877e+02 1.363830e+02
         vertex 7.602633e+01 1.123633e+02 1.351989e+02
         vertex 7.566388e+01 1.123964e+02 1.351992e+02
      endloop
   endfacet
   facet normal 4.754085e-02 9.988693e-01 -3.588028e-05
      outer loop
         vertex 7.584665e+01 1.123877e+02 1.363830e+02
         vertex 7.566388e+01 1.123964e+02 1.351992e+02
         vertex 7.566478e+01 1.123964e+02 1.363822e+02
      endloop
   endfacet
   facet normal -4.506258e-02 9.989842e-01 3.400986e-05
      outer loop
         vertex 7.566478e+01 1.123964e+02 1.363822e+02
         vertex 7.566388e+01 1.123964e+02 1.351992e+02
         vertex 7.545813e+01 1.123871e+02 1.363763e+02
      endloop
   endfacet
   facet normal -8.248007e-02 9.965713e-01 -6.525667e-03
      outer loop
         vertex 7.545813e+01 1.123871e+02 1.363763e+02
         vertex 7.566388e+01 1.123964e+02 1.351992e+02
         vertex 7.530117e+01 1.123664e+02 1.351994e+02
      endloop
   endfacet
   facet normal -1.314607e-01 9.913214e-01 9.921670e-05
      outer loop
         vertex 7.545813e+01 1.123871e+02 1.363763e+02
         vertex 7.530117e+01 1.123664e+02 1.351994e+02
         vertex 7.530205e+01 1.123664e+02 1.363659e+02
      endloop
   endfacet
   facet normal -2.963199e-01 9.549742e-01 -1.479340e-02
      outer loop
         vertex 7.496006e+01 1.122778e+02 1.363123e+02
         vertex 7.509604e+01 1.123204e+02 1.363402e+02
         vertex 7.530117e+01 1.123664e+02 1.351994e+02
      endloop
   endfacet
   facet normal -2.324318e-01 9.726092e-01 -2.594125e-03
      outer loop
         vertex 7.530117e+01 1.123664e+02 1.351994e+02
         vertex 7.509604e+01 1.123204e+02 1.363402e+02
         vertex 7.523873e+01 1.123546e+02 1.363597e+02
      endloop
   endfacet
   facet normal -1.836246e-01 9.829964e-01 1.385861e-04
      outer loop
         vertex 7.530117e+01 1.123664e+02 1.351994e+02
         vertex 7.523873e+01 1.123546e+02 1.363597e+02
         vertex 7.530205e+01 1.123664e+02 1.363659e+02
      endloop
   endfacet
   facet normal -3.274793e-01 9.445228e-01 -2.517689e-02
      outer loop
         vertex 7.496006e+01 1.122778e+02 1.363123e+02
         vertex 7.530117e+01 1.123664e+02 1.351994e+02
         vertex 7.494992e+01 1.122742e+02 1.363095e+02
      endloop
   endfacet
   facet normal -2.533055e-01 9.673863e-01 1.922840e-04
      outer loop
         vertex 7.494992e+01 1.122742e+02 1.363095e+02
         vertex 7.530117e+01 1.123664e+02 1.351994e+02
         vertex 7.494910e+01 1.122742e+02 1.351997e+02
      endloop
   endfacet
   facet normal -3.767672e-01 9.263079e-01 2.838284e-04
      outer loop
         vertex 7.494992e+01 1.122742e+02 1.363095e+02
         vertex 7.494910e+01 1.122742e+02 1.351997e+02
         vertex 7.478094e+01 1.122055e+02 1.362617e+02
      endloop
   endfacet
   facet normal -4.165230e-01 9.090973e-01 -7.124733e-03
      outer loop
         vertex 7.478094e+01 1.122055e+02 1.362617e+02
         vertex 7.494910e+01 1.122742e+02 1.351997e+02
         vertex 7.461822e+01 1.121226e+02 1.352000e+02
      endloop
   endfacet
   facet normal -4.556181e-01 8.901753e-01 3.438664e-04
      outer loop
         vertex 7.478094e+01 1.122055e+02 1.362617e+02
         vertex 7.461822e+01 1.121226e+02 1.352000e+02
         vertex 7.461899e+01 1.121226e+02 1.362128e+02
      endloop
   endfacet
   facet normal -5.672383e-01 8.235536e-01 4.281090e-04
      outer loop
         vertex 7.431849e+01 1.119162e+02 1.352002e+02
         vertex 7.431918e+01 1.119162e+02 1.361158e+02
         vertex 7.461822e+01 1.121226e+02 1.352000e+02
      endloop
   endfacet
   facet normal -6.124519e-01 7.902057e-01 -2.185298e-02
      outer loop
         vertex 7.461822e+01 1.121226e+02 1.352000e+02
         vertex 7.431918e+01 1.119162e+02 1.361158e+02
         vertex 7.440088e+01 1.119802e+02 1.361430e+02
      endloop
   endfacet
   facet normal -5.467107e-01 8.373215e-01 4.126163e-04
      outer loop
         vertex 7.461822e+01 1.121226e+02 1.352000e+02
         vertex 7.440088e+01 1.119802e+02 1.361430e+02
         vertex 7.461899e+01 1.121226e+02 1.362128e+02
      endloop
   endfacet
   facet normal -8.135325e-01 5.815191e-01 6.180203e-04
      outer loop
         vertex 7.384726e+01 1.113650e+02 1.352005e+02
         vertex 7.384781e+01 1.113649e+02 1.359494e+02
         vertex 7.405891e+01 1.116611e+02 1.352004e+02
      endloop
   endfacet
   facet normal -8.222703e-01 5.690568e-01 -6.771592e-03
      outer loop
         vertex 7.384781e+01 1.113649e+02 1.359494e+02
         vertex 7.401471e+01 1.116068e+02 1.360104e+02
         vertex 7.405891e+01 1.116611e+02 1.352004e+02
      endloop
   endfacet
   facet normal -7.708581e-01 6.370066e-01 5.817860e-04
      outer loop
         vertex 7.405891e+01 1.116611e+02 1.352004e+02
         vertex 7.401471e+01 1.116068e+02 1.360104e+02
         vertex 7.405953e+01 1.116611e+02 1.360263e+02
      endloop
   endfacet
   facet normal -7.009115e-01 7.132480e-01 5.289956e-04
      outer loop
         vertex 7.405891e+01 1.116611e+02 1.352004e+02
         vertex 7.405953e+01 1.116611e+02 1.360263e+02
         vertex 7.431849e+01 1.119162e+02 1.352002e+02
      endloop
   endfacet
   facet normal -7.281606e-01 6.852037e-01 -1.667352e-02
      outer loop
         vertex 7.431849e+01 1.119162e+02 1.352002e+02
         vertex 7.405953e+01 1.116611e+02 1.360263e+02
         vertex 7.418434e+01 1.117947e+02 1.360698e+02
      endloop
   endfacet
   facet normal -6.691904e-01 7.430908e-01 5.050548e-04
      outer loop
         vertex 7.431849e+01 1.119162e+02 1.352002e+02
         vertex 7.418434e+01 1.117947e+02 1.360698e+02
         vertex 7.431918e+01 1.119162e+02 1.361158e+02
      endloop
   endfacet
   facet normal -9.017181e-01 4.323240e-01 6.805493e-04
      outer loop
         vertex 7.368992e+01 1.110368e+02 1.352007e+02
         vertex 7.369044e+01 1.110368e+02 1.358866e+02
         vertex 7.384726e+01 1.113650e+02 1.352005e+02
      endloop
   endfacet
   facet normal -9.203532e-01 3.903727e-01 -2.364531e-02
      outer loop
         vertex 7.384726e+01 1.113650e+02 1.352005e+02
         vertex 7.369044e+01 1.110368e+02 1.358866e+02
         vertex 7.375068e+01 1.111803e+02 1.359109e+02
      endloop
   endfacet
   facet normal -8.905518e-01 4.548731e-01 -2.822134e-03
      outer loop
         vertex 7.384726e+01 1.113650e+02 1.352005e+02
         vertex 7.375068e+01 1.111803e+02 1.359109e+02
         vertex 7.382166e+01 1.113194e+02 1.359383e+02
      endloop
   endfacet
   facet normal -9.708473e-01 2.390615e-01 -1.746697e-02
      outer loop
         vertex 7.364449e+01 1.109010e+02 1.358671e+02
         vertex 7.368992e+01 1.110368e+02 1.352007e+02
         vertex 7.359209e+01 1.106864e+02 1.358425e+02
      endloop
   endfacet
   facet normal -9.628196e-01 2.701443e-01 7.266641e-04
      outer loop
         vertex 7.359209e+01 1.106864e+02 1.358425e+02
         vertex 7.368992e+01 1.110368e+02 1.352007e+02
         vertex 7.359160e+01 1.106864e+02 1.352007e+02
      endloop
   endfacet
   facet normal -9.897544e-01 1.427784e-01 7.469925e-04
      outer loop
         vertex 7.359209e+01 1.106864e+02 1.358425e+02
         vertex 7.359160e+01 1.106864e+02 1.352007e+02
         vertex 7.356599e+01 1.105056e+02 1.358271e+02
      endloop
   endfacet
   facet normal -9.933770e-01 1.146542e-01 -7.520185e-03
      outer loop
         vertex 7.356599e+01 1.105056e+02 1.358271e+02
         vertex 7.359160e+01 1.106864e+02 1.352007e+02
         vertex 7.355702e+01 1.103868e+02 1.352008e+02
      endloop
   endfacet
   facet normal -9.984072e-01 5.630193e-02 3.618659e-03
      outer loop
         vertex 7.356599e+01 1.105056e+02 1.358271e+02
         vertex 7.355702e+01 1.103868e+02 1.352008e+02
         vertex 7.355573e+01 1.103242e+02 1.358160e+02
      endloop
   endfacet
   facet normal -9.996036e-01 2.814437e-02 7.544260e-04
      outer loop
         vertex 7.355573e+01 1.103242e+02 1.358160e+02
         vertex 7.355702e+01 1.103868e+02 1.352008e+02
         vertex 7.355526e+01 1.103242e+02 1.352019e+02
      endloop
   endfacet
   facet normal -9.995059e-01 -3.142116e-02 7.543523e-04
      outer loop
         vertex 7.355573e+01 1.103242e+02 1.358160e+02
         vertex 7.355526e+01 1.103242e+02 1.352019e+02
         vertex 7.356162e+01 1.101368e+02 1.358089e+02
      endloop
   endfacet
   facet normal -9.995375e-01 -3.039189e-02 1.072619e-03
      outer loop
         vertex 7.356162e+01 1.101368e+02 1.358089e+02
         vertex 7.355526e+01 1.103242e+02 1.352019e+02
         vertex 7.356086e+01 1.101409e+02 1.352185e+02
      endloop
   endfacet
   facet normal -9.930245e-01 -1.179075e-01 4.431079e-04
      outer loop
         vertex 7.356162e+01 1.101368e+02 1.358089e+02
         vertex 7.356086e+01 1.101409e+02 1.352185e+02
         vertex 7.358245e+01 1.099613e+02 1.358058e+02
      endloop
   endfacet
   facet normal -9.931411e-01 -1.169197e-01 7.495486e-04
      outer loop
         vertex 7.358245e+01 1.099613e+02 1.358058e+02
         vertex 7.356086e+01 1.101409e+02 1.352185e+02
         vertex 7.358203e+01 1.099613e+02 1.352539e+02
      endloop
   endfacet
   facet normal -9.793077e-01 -2.023756e-01 7.391081e-04
      outer loop
         vertex 7.358245e+01 1.099613e+02 1.358058e+02
         vertex 7.358203e+01 1.099613e+02 1.352539e+02
         vertex 7.361942e+01 1.097824e+02 1.358058e+02
      endloop
   endfacet
   facet normal -9.813588e-01 -1.921388e-01 4.196443e-03
      outer loop
         vertex 7.361942e+01 1.097824e+02 1.358058e+02
         vertex 7.358203e+01 1.099613e+02 1.352539e+02
         vertex 7.360969e+01 1.098209e+02 1.352951e+02
      endloop
   endfacet
   facet normal -9.580635e-01 -2.865363e-01 -3.373960e-03
      outer loop
         vertex 7.361942e+01 1.097824e+02 1.358058e+02
         vertex 7.360969e+01 1.098209e+02 1.352951e+02
         vertex 7.367145e+01 1.096084e+02 1.358087e+02
      endloop
   endfacet
   facet normal -9.607508e-01 -2.774120e-01 7.251028e-04
      outer loop
         vertex 7.367145e+01 1.096084e+02 1.358087e+02
         vertex 7.360969e+01 1.098209e+02 1.352951e+02
         vertex 7.367112e+01 1.096084e+02 1.353806e+02
      endloop
   endfacet
   facet normal -9.285199e-01 -3.712820e-01 7.007773e-04
      outer loop
         vertex 7.367145e+01 1.096084e+02 1.358087e+02
         vertex 7.367112e+01 1.096084e+02 1.353806e+02
         vertex 7.374408e+01 1.094268e+02 1.358142e+02
      endloop
   endfacet
   facet normal -9.296633e-01 -3.684043e-01 2.098467e-03
      outer loop
         vertex 7.374408e+01 1.094268e+02 1.358142e+02
         vertex 7.367112e+01 1.096084e+02 1.353806e+02
         vertex 7.373965e+01 1.094360e+02 1.354718e+02
      endloop
   endfacet
   facet normal -8.928328e-01 -4.503878e-01 -5.851644e-04
      outer loop
         vertex 7.374408e+01 1.094268e+02 1.358142e+02
         vertex 7.373965e+01 1.094360e+02 1.354718e+02
         vertex 7.382005e+01 1.092762e+02 1.358206e+02
      endloop
   endfacet
   facet normal -8.939363e-01 -4.481934e-01 6.746762e-04
      outer loop
         vertex 7.382005e+01 1.092762e+02 1.358206e+02
         vertex 7.373965e+01 1.094360e+02 1.354718e+02
         vertex 7.381986e+01 1.092762e+02 1.355752e+02
      endloop
   endfacet
   facet normal -8.521050e-01 -5.233705e-01 6.431051e-04
      outer loop
         vertex 7.382005e+01 1.092762e+02 1.358206e+02
         vertex 7.381986e+01 1.092762e+02 1.355752e+02
         vertex 7.391559e+01 1.091206e+02 1.358285e+02
      endloop
   endfacet
   facet normal -5.277075e-01 -8.494250e-01 1.387927e-03
      outer loop
         vertex 7.453739e+01 1.085188e+02 1.357176e+02
         vertex 7.455159e+01 1.085099e+02 1.356908e+02
         vertex 7.457069e+01 1.084984e+02 1.358642e+02
      endloop
   endfacet
   facet normal -5.226880e-01 -8.525238e-01 6.280160e-04
      outer loop
         vertex 7.457069e+01 1.084984e+02 1.358642e+02
         vertex 7.455159e+01 1.085099e+02 1.356908e+02
         vertex 7.456201e+01 1.085035e+02 1.356618e+02
      endloop
   endfacet
   facet normal -5.190864e-01 -8.547217e-01 4.173591e-04
      outer loop
         vertex 7.457069e+01 1.084984e+02 1.358642e+02
         vertex 7.456201e+01 1.085035e+02 1.356618e+02
         vertex 7.456837e+01 1.084997e+02 1.356313e+02
      endloop
   endfacet
   facet normal -5.486632e-01 -8.359066e-01 1.513124e-02
      outer loop
         vertex 7.447642e+01 1.085587e+02 1.357783e+02
         vertex 7.449930e+01 1.085434e+02 1.357619e+02
         vertex 7.457069e+01 1.084984e+02 1.358642e+02
      endloop
   endfacet
   facet normal -5.408092e-01 -8.411131e-01 7.365207e-03
      outer loop
         vertex 7.457069e+01 1.084984e+02 1.358642e+02
         vertex 7.449930e+01 1.085434e+02 1.357619e+02
         vertex 7.451980e+01 1.085300e+02 1.357415e+02
      endloop
   endfacet
   facet normal -5.338062e-01 -8.456004e-01 3.306027e-03
      outer loop
         vertex 7.457069e+01 1.084984e+02 1.358642e+02
         vertex 7.451980e+01 1.085300e+02 1.357415e+02
         vertex 7.453739e+01 1.085188e+02 1.357176e+02
      endloop
   endfacet
   facet normal -8.727083e-01 -4.872822e-01 3.059686e-02
      outer loop
         vertex 7.381986e+01 1.092762e+02 1.355752e+02
         vertex 7.386441e+01 1.091999e+02 1.356315e+02
         vertex 7.391559e+01 1.091206e+02 1.358285e+02
      endloop
   endfacet
   facet normal -8.110627e-01 -5.844437e-01 -2.455469e-02
      outer loop
         vertex 7.391559e+01 1.091206e+02 1.358285e+02
         vertex 7.386441e+01 1.091999e+02 1.356315e+02
         vertex 7.400193e+01 1.090020e+02 1.358004e+02
      endloop
   endfacet
   facet normal -8.039914e-01 -5.935624e-01 3.579941e-02
      outer loop
         vertex 7.391559e+01 1.091206e+02 1.358285e+02
         vertex 7.400193e+01 1.090020e+02 1.358004e+02
         vertex 7.402378e+01 1.089746e+02 1.358368e+02
      endloop
   endfacet
   facet normal -7.822627e-01 -6.229484e-01 5.903934e-04
      outer loop
         vertex 7.402378e+01 1.089746e+02 1.358368e+02
         vertex 7.400193e+01 1.090020e+02 1.358004e+02
         vertex 7.402375e+01 1.089746e+02 1.358004e+02
      endloop
   endfacet
   facet normal -7.491095e-01 -6.624459e-01 5.653718e-04
      outer loop
         vertex 7.402378e+01 1.089746e+02 1.358368e+02
         vertex 7.402375e+01 1.089746e+02 1.358004e+02
         vertex 7.414402e+01 1.088386e+02 1.358450e+02
      endloop
   endfacet
   facet normal -7.087126e-01 -6.838172e-01 -1.735525e-01
      outer loop
         vertex 7.414402e+01 1.088386e+02 1.358450e+02
         vertex 7.402375e+01 1.089746e+02 1.358004e+02
         vertex 7.427649e+01 1.087127e+02 1.358002e+02
      endloop
   endfacet
   facet normal -6.888864e-01 -7.248691e-01 5.199199e-04
      outer loop
         vertex 7.414402e+01 1.088386e+02 1.358450e+02
         vertex 7.427649e+01 1.087127e+02 1.358002e+02
         vertex 7.427653e+01 1.087127e+02 1.358526e+02
      endloop
   endfacet
   facet normal -6.233130e-01 -7.819723e-01 4.704300e-04
      outer loop
         vertex 7.427653e+01 1.087127e+02 1.358526e+02
         vertex 7.427649e+01 1.087127e+02 1.358002e+02
         vertex 7.441918e+01 1.085990e+02 1.358592e+02
      endloop
   endfacet
   facet normal -6.276762e-01 -7.782621e-01 1.818350e-02
      outer loop
         vertex 7.427649e+01 1.087127e+02 1.358002e+02
         vertex 7.439974e+01 1.086133e+02 1.358001e+02
         vertex 7.441918e+01 1.085990e+02 1.358592e+02
      endloop
   endfacet
   facet normal -5.918103e-01 -8.060772e-01 -3.499565e-04
      outer loop
         vertex 7.441918e+01 1.085990e+02 1.358592e+02
         vertex 7.439974e+01 1.086133e+02 1.358001e+02
         vertex 7.442600e+01 1.085940e+02 1.357976e+02
      endloop
   endfacet
   facet normal -5.533280e-01 -8.329412e-01 6.091790e-03
      outer loop
         vertex 7.441918e+01 1.085990e+02 1.358592e+02
         vertex 7.442600e+01 1.085940e+02 1.357976e+02
         vertex 7.457069e+01 1.084984e+02 1.358642e+02
      endloop
   endfacet
   facet normal -5.680841e-01 -8.211214e-01 5.513643e-02
      outer loop
         vertex 7.457069e+01 1.084984e+02 1.358642e+02
         vertex 7.442600e+01 1.085940e+02 1.357976e+02
         vertex 7.445178e+01 1.085757e+02 1.357903e+02
      endloop
   endfacet
   facet normal -5.575311e-01 -8.296405e-01 2.925358e-02
      outer loop
         vertex 7.457069e+01 1.084984e+02 1.358642e+02
         vertex 7.445178e+01 1.085757e+02 1.357903e+02
         vertex 7.447642e+01 1.085587e+02 1.357783e+02
      endloop
   endfacet
   facet normal 9.053843e-01 -4.245925e-01 -6.833163e-04
      outer loop
         vertex 7.525842e+01 1.096493e+02 1.354995e+02
         vertex 7.525819e+01 1.096493e+02 1.351995e+02
         vertex 7.526952e+01 1.096730e+02 1.354995e+02
      endloop
   endfacet
   facet normal 9.053843e-01 -4.245925e-01 -6.833163e-04
      outer loop
         vertex 7.526952e+01 1.096730e+02 1.354995e+02
         vertex 7.525819e+01 1.096493e+02 1.351995e+02
         vertex 7.526929e+01 1.096730e+02 1.351995e+02
      endloop
   endfacet
   facet normal 8.178967e-01 -5.753647e-01 -6.172872e-04
      outer loop
         vertex 7.526952e+01 1.096730e+02 1.354995e+02
         vertex 7.526929e+01 1.096730e+02 1.351995e+02
         vertex 7.528456e+01 1.096944e+02 1.354995e+02
      endloop
   endfacet
   facet normal 8.178967e-01 -5.753647e-01 -6.172872e-04
      outer loop
         vertex 7.528456e+01 1.096944e+02 1.354995e+02
         vertex 7.526929e+01 1.096730e+02 1.351995e+02
         vertex 7.528434e+01 1.096944e+02 1.351995e+02
      endloop
   endfacet
   facet normal 7.055678e-01 -7.086422e-01 -5.325097e-04
      outer loop
         vertex 7.528456e+01 1.096944e+02 1.354995e+02
         vertex 7.528434e+01 1.096944e+02 1.351995e+02
         vertex 7.530309e+01 1.097128e+02 1.354994e+02
      endloop
   endfacet
   facet normal 7.055678e-01 -7.086422e-01 -5.325097e-04
      outer loop
         vertex 7.530309e+01 1.097128e+02 1.354994e+02
         vertex 7.528434e+01 1.096944e+02 1.351995e+02
         vertex 7.530287e+01 1.097128e+02 1.351994e+02
      endloop
   endfacet
   facet normal 5.717905e-01 -8.203996e-01 -4.315447e-04
      outer loop
         vertex 7.530309e+01 1.097128e+02 1.354994e+02
         vertex 7.530287e+01 1.097128e+02 1.351994e+02
         vertex 7.532454e+01 1.097277e+02 1.354994e+02
      endloop
   endfacet
   facet normal 5.717905e-01 -8.203996e-01 -4.315447e-04
      outer loop
         vertex 7.532454e+01 1.097277e+02 1.354994e+02
         vertex 7.530287e+01 1.097128e+02 1.351994e+02
         vertex 7.532432e+01 1.097277e+02 1.351994e+02
      endloop
   endfacet
   facet normal 4.206445e-01 -9.072255e-01 -3.174710e-04
      outer loop
         vertex 7.532454e+01 1.097277e+02 1.354994e+02
         vertex 7.532432e+01 1.097277e+02 1.351994e+02
         vertex 7.534826e+01 1.097387e+02 1.354994e+02
      endloop
   endfacet
   facet normal 4.206445e-01 -9.072255e-01 -3.174710e-04
      outer loop
         vertex 7.534826e+01 1.097387e+02 1.354994e+02
         vertex 7.532432e+01 1.097277e+02 1.351994e+02
         vertex 7.534804e+01 1.097387e+02 1.351994e+02
      endloop
   endfacet
   facet normal 2.567173e-01 -9.664865e-01 -1.937510e-04
      outer loop
         vertex 7.534826e+01 1.097387e+02 1.354994e+02
         vertex 7.534804e+01 1.097387e+02 1.351994e+02
         vertex 7.537353e+01 1.097455e+02 1.354994e+02
      endloop
   endfacet
   facet normal 2.567173e-01 -9.664865e-01 -1.937510e-04
      outer loop
         vertex 7.537353e+01 1.097455e+02 1.354994e+02
         vertex 7.534804e+01 1.097387e+02 1.351994e+02
         vertex 7.537331e+01 1.097455e+02 1.351994e+02
      endloop
   endfacet
   facet normal 8.498019e-02 -9.963826e-01 -6.413668e-05
      outer loop
         vertex 7.537353e+01 1.097455e+02 1.354994e+02
         vertex 7.537331e+01 1.097455e+02 1.351994e+02
         vertex 7.539959e+01 1.097477e+02 1.354994e+02
      endloop
   endfacet
   facet normal 8.498019e-02 -9.963826e-01 -6.413668e-05
      outer loop
         vertex 7.539959e+01 1.097477e+02 1.354994e+02
         vertex 7.537331e+01 1.097455e+02 1.351994e+02
         vertex 7.539936e+01 1.097477e+02 1.351994e+02
      endloop
   endfacet
   facet normal -8.932305e-02 -9.960027e-01 6.741436e-05
      outer loop
         vertex 7.539959e+01 1.097477e+02 1.354994e+02
         vertex 7.539936e+01 1.097477e+02 1.351994e+02
         vertex 7.542563e+01 1.097453e+02 1.354993e+02
      endloop
   endfacet
   facet normal -8.932305e-02 -9.960027e-01 6.741436e-05
      outer loop
         vertex 7.542563e+01 1.097453e+02 1.354993e+02
         vertex 7.539936e+01 1.097477e+02 1.351994e+02
         vertex 7.542540e+01 1.097453e+02 1.351993e+02
      endloop
   endfacet
   facet normal -2.609399e-01 -9.653550e-01 1.969379e-04
      outer loop
         vertex 7.542563e+01 1.097453e+02 1.354993e+02
         vertex 7.542540e+01 1.097453e+02 1.351993e+02
         vertex 7.545087e+01 1.097385e+02 1.354993e+02
      endloop
   endfacet
   facet normal -2.609399e-01 -9.653550e-01 1.969379e-04
      outer loop
         vertex 7.545087e+01 1.097385e+02 1.354993e+02
         vertex 7.542540e+01 1.097453e+02 1.351993e+02
         vertex 7.545064e+01 1.097385e+02 1.351993e+02
      endloop
   endfacet
   facet normal -4.245767e-01 -9.053919e-01 3.204387e-04
      outer loop
         vertex 7.545087e+01 1.097385e+02 1.354993e+02
         vertex 7.545064e+01 1.097385e+02 1.351993e+02
         vertex 7.547454e+01 1.097274e+02 1.354993e+02
      endloop
   endfacet
   facet normal -4.245767e-01 -9.053919e-01 3.204387e-04
      outer loop
         vertex 7.547454e+01 1.097274e+02 1.354993e+02
         vertex 7.545064e+01 1.097385e+02 1.351993e+02
         vertex 7.547432e+01 1.097274e+02 1.351993e+02
      endloop
   endfacet
   facet normal -5.753628e-01 -8.178982e-01 4.342408e-04
      outer loop
         vertex 7.547454e+01 1.097274e+02 1.354993e+02
         vertex 7.547432e+01 1.097274e+02 1.351993e+02
         vertex 7.549593e+01 1.097124e+02 1.354993e+02
      endloop
   endfacet
   facet normal -5.753628e-01 -8.178982e-01 4.342408e-04
      outer loop
         vertex 7.549593e+01 1.097124e+02 1.354993e+02
         vertex 7.547432e+01 1.097274e+02 1.351993e+02
         vertex 7.549570e+01 1.097124e+02 1.351993e+02
      endloop
   endfacet
   facet normal -7.086428e-01 -7.055673e-01 5.348305e-04
      outer loop
         vertex 7.549593e+01 1.097124e+02 1.354993e+02
         vertex 7.549570e+01 1.097124e+02 1.351993e+02
         vertex 7.551438e+01 1.096938e+02 1.354993e+02
      endloop
   endfacet
   facet normal -7.086428e-01 -7.055673e-01 5.348305e-04
      outer loop
         vertex 7.551438e+01 1.096938e+02 1.354993e+02
         vertex 7.549570e+01 1.097124e+02 1.351993e+02
         vertex 7.551415e+01 1.096938e+02 1.351993e+02
      endloop
   endfacet
   facet normal -8.204021e-01 -5.717866e-01 6.191781e-04
      outer loop
         vertex 7.551438e+01 1.096938e+02 1.354993e+02
         vertex 7.551415e+01 1.096938e+02 1.351993e+02
         vertex 7.552933e+01 1.096724e+02 1.354993e+02
      endloop
   endfacet
   facet normal -8.204021e-01 -5.717866e-01 6.191781e-04
      outer loop
         vertex 7.552933e+01 1.096724e+02 1.354993e+02
         vertex 7.551415e+01 1.096938e+02 1.351993e+02
         vertex 7.552910e+01 1.096724e+02 1.351993e+02
      endloop
   endfacet
   facet normal -9.072275e-01 -4.206398e-01 6.847074e-04
      outer loop
         vertex 7.552933e+01 1.096724e+02 1.354993e+02
         vertex 7.552910e+01 1.096724e+02 1.351993e+02
         vertex 7.554032e+01 1.096487e+02 1.354993e+02
      endloop
   endfacet
   facet normal -9.072275e-01 -4.206398e-01 6.847074e-04
      outer loop
         vertex 7.554032e+01 1.096487e+02 1.354993e+02
         vertex 7.552910e+01 1.096724e+02 1.351993e+02
         vertex 7.554010e+01 1.096487e+02 1.351993e+02
      endloop
   endfacet
   facet normal -9.664875e-01 -2.567126e-01 7.294324e-04
      outer loop
         vertex 7.554032e+01 1.096487e+02 1.354993e+02
         vertex 7.554010e+01 1.096487e+02 1.351993e+02
         vertex 7.554704e+01 1.096234e+02 1.354993e+02
      endloop
   endfacet
   facet normal -9.664875e-01 -2.567126e-01 7.294324e-04
      outer loop
         vertex 7.554704e+01 1.096234e+02 1.354993e+02
         vertex 7.554010e+01 1.096487e+02 1.351993e+02
         vertex 7.554681e+01 1.096234e+02 1.351993e+02
      endloop
   endfacet
   facet normal -9.963824e-01 -8.497920e-02 7.519949e-04
      outer loop
         vertex 7.554704e+01 1.096234e+02 1.354993e+02
         vertex 7.554681e+01 1.096234e+02 1.351993e+02
         vertex 7.554926e+01 1.095974e+02 1.354993e+02
      endloop
   endfacet
   facet normal -9.963824e-01 -8.497920e-02 7.519949e-04
      outer loop
         vertex 7.554926e+01 1.095974e+02 1.354993e+02
         vertex 7.554681e+01 1.096234e+02 1.351993e+02
         vertex 7.554903e+01 1.095974e+02 1.351993e+02
      endloop
   endfacet
   facet normal -9.960026e-01 8.932097e-02 7.517082e-04
      outer loop
         vertex 7.554926e+01 1.095974e+02 1.354993e+02
         vertex 7.554903e+01 1.095974e+02 1.351993e+02
         vertex 7.554692e+01 1.095713e+02 1.354993e+02
      endloop
   endfacet
   facet normal -9.960026e-01 8.932097e-02 7.517082e-04
      outer loop
         vertex 7.554692e+01 1.095713e+02 1.354993e+02
         vertex 7.554903e+01 1.095974e+02 1.351993e+02
         vertex 7.554670e+01 1.095713e+02 1.351993e+02
      endloop
   endfacet
   facet normal -9.653593e-01 2.609233e-01 7.285809e-04
      outer loop
         vertex 7.554692e+01 1.095713e+02 1.354993e+02
         vertex 7.554670e+01 1.095713e+02 1.351993e+02
         vertex 7.554010e+01 1.095461e+02 1.354993e+02
      endloop
   endfacet
   facet normal -9.653593e-01 2.609233e-01 7.285809e-04
      outer loop
         vertex 7.554010e+01 1.095461e+02 1.354993e+02
         vertex 7.554670e+01 1.095713e+02 1.351993e+02
         vertex 7.553987e+01 1.095461e+02 1.351993e+02
      endloop
   endfacet
   facet normal -9.053843e-01 4.245925e-01 6.833163e-04
      outer loop
         vertex 7.554010e+01 1.095461e+02 1.354993e+02
         vertex 7.553987e+01 1.095461e+02 1.351993e+02
         vertex 7.552900e+01 1.095224e+02 1.354993e+02
      endloop
   endfacet
   facet normal -9.053843e-01 4.245925e-01 6.833163e-04
      outer loop
         vertex 7.552900e+01 1.095224e+02 1.354993e+02
         vertex 7.553987e+01 1.095461e+02 1.351993e+02
         vertex 7.552877e+01 1.095224e+02 1.351993e+02
      endloop
   endfacet
   facet normal -8.179010e-01 5.753587e-01 6.172904e-04
      outer loop
         vertex 7.552900e+01 1.095224e+02 1.354993e+02
         vertex 7.552877e+01 1.095224e+02 1.351993e+02
         vertex 7.551396e+01 1.095010e+02 1.354993e+02
      endloop
   endfacet
   facet normal -8.179010e-01 5.753587e-01 6.172904e-04
      outer loop
         vertex 7.551396e+01 1.095010e+02 1.354993e+02
         vertex 7.552877e+01 1.095224e+02 1.351993e+02
         vertex 7.551373e+01 1.095010e+02 1.351993e+02
      endloop
   endfacet
   facet normal -7.055678e-01 7.086422e-01 5.325097e-04
      outer loop
         vertex 7.551396e+01 1.095010e+02 1.354993e+02
         vertex 7.551373e+01 1.095010e+02 1.351993e+02
         vertex 7.549543e+01 1.094826e+02 1.354993e+02
      endloop
   endfacet
   facet normal -7.055678e-01 7.086422e-01 5.325097e-04
      outer loop
         vertex 7.549543e+01 1.094826e+02 1.354993e+02
         vertex 7.551373e+01 1.095010e+02 1.351993e+02
         vertex 7.549520e+01 1.094826e+02 1.351993e+02
      endloop
   endfacet
   facet normal -5.717905e-01 8.203996e-01 4.315447e-04
      outer loop
         vertex 7.549543e+01 1.094826e+02 1.354993e+02
         vertex 7.549520e+01 1.094826e+02 1.351993e+02
         vertex 7.547398e+01 1.094676e+02 1.354993e+02
      endloop
   endfacet
   facet normal -5.717905e-01 8.203996e-01 4.315447e-04
      outer loop
         vertex 7.547398e+01 1.094676e+02 1.354993e+02
         vertex 7.549520e+01 1.094826e+02 1.351993e+02
         vertex 7.547375e+01 1.094676e+02 1.351993e+02
      endloop
   endfacet
   facet normal -4.206445e-01 9.072255e-01 3.174710e-04
      outer loop
         vertex 7.547398e+01 1.094676e+02 1.354993e+02
         vertex 7.547375e+01 1.094676e+02 1.351993e+02
         vertex 7.545025e+01 1.094566e+02 1.354993e+02
      endloop
   endfacet
   facet normal -4.206445e-01 9.072255e-01 3.174710e-04
      outer loop
         vertex 7.545025e+01 1.094566e+02 1.354993e+02
         vertex 7.547375e+01 1.094676e+02 1.351993e+02
         vertex 7.545003e+01 1.094566e+02 1.351993e+02
      endloop
   endfacet
   facet normal -2.566947e-01 9.664925e-01 1.937339e-04
      outer loop
         vertex 7.545025e+01 1.094566e+02 1.354993e+02
         vertex 7.545003e+01 1.094566e+02 1.351993e+02
         vertex 7.542498e+01 1.094499e+02 1.354994e+02
      endloop
   endfacet
   facet normal -2.566947e-01 9.664925e-01 1.937339e-04
      outer loop
         vertex 7.542498e+01 1.094499e+02 1.354994e+02
         vertex 7.545003e+01 1.094566e+02 1.351993e+02
         vertex 7.542476e+01 1.094499e+02 1.351994e+02
      endloop
   endfacet
   facet normal -8.498019e-02 9.963826e-01 6.413668e-05
      outer loop
         vertex 7.542498e+01 1.094499e+02 1.354994e+02
         vertex 7.542476e+01 1.094499e+02 1.351994e+02
         vertex 7.539893e+01 1.094477e+02 1.354994e+02
      endloop
   endfacet
   facet normal -8.498019e-02 9.963826e-01 6.413668e-05
      outer loop
         vertex 7.539893e+01 1.094477e+02 1.354994e+02
         vertex 7.542476e+01 1.094499e+02 1.351994e+02
         vertex 7.539871e+01 1.094477e+02 1.351994e+02
      endloop
   endfacet
   facet normal 8.932305e-02 9.960027e-01 -6.741436e-05
      outer loop
         vertex 7.539893e+01 1.094477e+02 1.354994e+02
         vertex 7.539871e+01 1.094477e+02 1.351994e+02
         vertex 7.537289e+01 1.094500e+02 1.354994e+02
      endloop
   endfacet
   facet normal 8.932305e-02 9.960027e-01 -6.741436e-05
      outer loop
         vertex 7.537289e+01 1.094500e+02 1.354994e+02
         vertex 7.539871e+01 1.094477e+02 1.351994e+02
         vertex 7.537266e+01 1.094500e+02 1.351994e+02
      endloop
   endfacet
   facet normal 2.609125e-01 9.653624e-01 -1.969172e-04
      outer loop
         vertex 7.537289e+01 1.094500e+02 1.354994e+02
         vertex 7.537266e+01 1.094500e+02 1.351994e+02
         vertex 7.534765e+01 1.094568e+02 1.354994e+02
      endloop
   endfacet
   facet normal 2.609125e-01 9.653624e-01 -1.969172e-04
      outer loop
         vertex 7.534765e+01 1.094568e+02 1.354994e+02
         vertex 7.537266e+01 1.094500e+02 1.351994e+02
         vertex 7.534742e+01 1.094568e+02 1.351994e+02
      endloop
   endfacet
   facet normal 4.246024e-01 9.053799e-01 -3.204581e-04
      outer loop
         vertex 7.534765e+01 1.094568e+02 1.354994e+02
         vertex 7.534742e+01 1.094568e+02 1.351994e+02
         vertex 7.532398e+01 1.094679e+02 1.354994e+02
      endloop
   endfacet
   facet normal 4.246024e-01 9.053799e-01 -3.204581e-04
      outer loop
         vertex 7.532398e+01 1.094679e+02 1.354994e+02
         vertex 7.534742e+01 1.094568e+02 1.351994e+02
         vertex 7.532375e+01 1.094679e+02 1.351994e+02
      endloop
   endfacet
   facet normal 5.753628e-01 8.178982e-01 -4.342408e-04
      outer loop
         vertex 7.532398e+01 1.094679e+02 1.354994e+02
         vertex 7.532375e+01 1.094679e+02 1.351994e+02
         vertex 7.530259e+01 1.094830e+02 1.354994e+02
      endloop
   endfacet
   facet normal 5.753628e-01 8.178982e-01 -4.342408e-04
      outer loop
         vertex 7.530259e+01 1.094830e+02 1.354994e+02
         vertex 7.532375e+01 1.094679e+02 1.351994e+02
         vertex 7.530236e+01 1.094830e+02 1.351994e+02
      endloop
   endfacet
   facet normal 7.086428e-01 7.055673e-01 -5.348305e-04
      outer loop
         vertex 7.530259e+01 1.094830e+02 1.354994e+02
         vertex 7.530236e+01 1.094830e+02 1.351994e+02
         vertex 7.528414e+01 1.095015e+02 1.354995e+02
      endloop
   endfacet
   facet normal 7.086428e-01 7.055673e-01 -5.348305e-04
      outer loop
         vertex 7.528414e+01 1.095015e+02 1.354995e+02
         vertex 7.530236e+01 1.094830e+02 1.351994e+02
         vertex 7.528392e+01 1.095015e+02 1.351995e+02
      endloop
   endfacet
   facet normal 8.203888e-01 5.718058e-01 -6.191680e-04
      outer loop
         vertex 7.528414e+01 1.095015e+02 1.354995e+02
         vertex 7.528392e+01 1.095015e+02 1.351995e+02
         vertex 7.526919e+01 1.095230e+02 1.354995e+02
      endloop
   endfacet
   facet normal 8.203888e-01 5.718058e-01 -6.191680e-04
      outer loop
         vertex 7.526919e+01 1.095230e+02 1.354995e+02
         vertex 7.528392e+01 1.095015e+02 1.351995e+02
         vertex 7.526897e+01 1.095230e+02 1.351995e+02
      endloop
   endfacet
   facet normal 9.072275e-01 4.206398e-01 -6.847074e-04
      outer loop
         vertex 7.526919e+01 1.095230e+02 1.354995e+02
         vertex 7.526897e+01 1.095230e+02 1.351995e+02
         vertex 7.525819e+01 1.095467e+02 1.354995e+02
      endloop
   endfacet
   facet normal 9.072275e-01 4.206398e-01 -6.847074e-04
      outer loop
         vertex 7.525819e+01 1.095467e+02 1.354995e+02
         vertex 7.526897e+01 1.095230e+02 1.351995e+02
         vertex 7.525797e+01 1.095467e+02 1.351995e+02
      endloop
   endfacet
   facet normal 9.664875e-01 2.567126e-01 -7.294324e-04
      outer loop
         vertex 7.525819e+01 1.095467e+02 1.354995e+02
         vertex 7.525797e+01 1.095467e+02 1.351995e+02
         vertex 7.525148e+01 1.095720e+02 1.354995e+02
      endloop
   endfacet
   facet normal 9.664875e-01 2.567126e-01 -7.294324e-04
      outer loop
         vertex 7.525148e+01 1.095720e+02 1.354995e+02
         vertex 7.525797e+01 1.095467e+02 1.351995e+02
         vertex 7.525126e+01 1.095720e+02 1.351995e+02
      endloop
   endfacet
   facet normal 9.963824e-01 8.497920e-02 -7.519949e-04
      outer loop
         vertex 7.525148e+01 1.095720e+02 1.354995e+02
         vertex 7.525126e+01 1.095720e+02 1.351995e+02
         vertex 7.524926e+01 1.095980e+02 1.354995e+02
      endloop
   endfacet
   facet normal 9.963824e-01 8.497920e-02 -7.519949e-04
      outer loop
         vertex 7.524926e+01 1.095980e+02 1.354995e+02
         vertex 7.525126e+01 1.095720e+02 1.351995e+02
         vertex 7.524903e+01 1.095980e+02 1.351995e+02
      endloop
   endfacet
   facet normal 9.960020e-01 -8.932831e-02 -7.517077e-04
      outer loop
         vertex 7.524926e+01 1.095980e+02 1.354995e+02
         vertex 7.524903e+01 1.095980e+02 1.351995e+02
         vertex 7.525160e+01 1.096241e+02 1.354995e+02
      endloop
   endfacet
   facet normal 9.960020e-01 -8.932831e-02 -7.517077e-04
      outer loop
         vertex 7.525160e+01 1.096241e+02 1.354995e+02
         vertex 7.524903e+01 1.095980e+02 1.351995e+02
         vertex 7.525137e+01 1.096241e+02 1.351995e+02
      endloop
   endfacet
   facet normal 9.653593e-01 -2.609233e-01 -7.285809e-04
      outer loop
         vertex 7.525160e+01 1.096241e+02 1.354995e+02
         vertex 7.525137e+01 1.096241e+02 1.351995e+02
         vertex 7.525842e+01 1.096493e+02 1.354995e+02
      endloop
   endfacet
   facet normal 9.653593e-01 -2.609233e-01 -7.285809e-04
      outer loop
         vertex 7.525842e+01 1.096493e+02 1.354995e+02
         vertex 7.525137e+01 1.096241e+02 1.351995e+02
         vertex 7.525819e+01 1.096493e+02 1.351995e+02
      endloop
   endfacet
   facet normal 9.053842e-01 -4.245928e-01 -6.833162e-04
      outer loop
         vertex 7.022628e+01 9.671605e+01 1.355033e+02
         vertex 7.022605e+01 9.671605e+01 1.352033e+02
         vertex 7.025773e+01 9.678312e+01 1.355033e+02
      endloop
   endfacet
   facet normal 9.053842e-01 -4.245928e-01 -6.833162e-04
      outer loop
         vertex 7.025773e+01 9.678312e+01 1.355033e+02
         vertex 7.022605e+01 9.671605e+01 1.352033e+02
         vertex 7.025751e+01 9.678312e+01 1.352033e+02
      endloop
   endfacet
   facet normal 8.179005e-01 -5.753594e-01 -6.172901e-04
      outer loop
         vertex 7.025773e+01 9.678312e+01 1.355033e+02
         vertex 7.025751e+01 9.678312e+01 1.352033e+02
         vertex 7.030036e+01 9.684371e+01 1.355032e+02
      endloop
   endfacet
   facet normal 8.179005e-01 -5.753594e-01 -6.172901e-04
      outer loop
         vertex 7.030036e+01 9.684371e+01 1.355032e+02
         vertex 7.025751e+01 9.678312e+01 1.352033e+02
         vertex 7.030013e+01 9.684371e+01 1.352032e+02
      endloop
   endfacet
   facet normal 7.055647e-01 -7.086453e-01 -5.325075e-04
      outer loop
         vertex 7.030036e+01 9.684371e+01 1.355032e+02
         vertex 7.030013e+01 9.684371e+01 1.352032e+02
         vertex 7.035285e+01 9.689598e+01 1.355032e+02
      endloop
   endfacet
   facet normal 7.055647e-01 -7.086453e-01 -5.325075e-04
      outer loop
         vertex 7.035285e+01 9.689598e+01 1.355032e+02
         vertex 7.030013e+01 9.684371e+01 1.352032e+02
         vertex 7.035263e+01 9.689598e+01 1.352032e+02
      endloop
   endfacet
   facet normal 5.717865e-01 -8.204023e-01 -4.315417e-04
      outer loop
         vertex 7.035285e+01 9.689598e+01 1.355032e+02
         vertex 7.035263e+01 9.689598e+01 1.352032e+02
         vertex 7.041363e+01 9.693834e+01 1.355031e+02
      endloop
   endfacet
   facet normal 5.717865e-01 -8.204023e-01 -4.315417e-04
      outer loop
         vertex 7.041363e+01 9.693834e+01 1.355031e+02
         vertex 7.035263e+01 9.689598e+01 1.352032e+02
         vertex 7.041341e+01 9.693834e+01 1.352031e+02
      endloop
   endfacet
   facet normal 4.206433e-01 -9.072261e-01 -3.174701e-04
      outer loop
         vertex 7.041363e+01 9.693834e+01 1.355031e+02
         vertex 7.041341e+01 9.693834e+01 1.352031e+02
         vertex 7.048084e+01 9.696950e+01 1.355031e+02
      endloop
   endfacet
   facet normal 4.206433e-01 -9.072261e-01 -3.174701e-04
      outer loop
         vertex 7.048084e+01 9.696950e+01 1.355031e+02
         vertex 7.041341e+01 9.693834e+01 1.352031e+02
         vertex 7.048061e+01 9.696950e+01 1.352031e+02
      endloop
   endfacet
   facet normal 2.567161e-01 -9.664868e-01 -1.937501e-04
      outer loop
         vertex 7.048084e+01 9.696950e+01 1.355031e+02
         vertex 7.048061e+01 9.696950e+01 1.352031e+02
         vertex 7.055244e+01 9.698852e+01 1.355030e+02
      endloop
   endfacet
   facet normal 2.567161e-01 -9.664868e-01 -1.937501e-04
      outer loop
         vertex 7.055244e+01 9.698852e+01 1.355030e+02
         vertex 7.048061e+01 9.696950e+01 1.352031e+02
         vertex 7.055221e+01 9.698852e+01 1.352030e+02
      endloop
   endfacet
   facet normal 8.497859e-02 -9.963828e-01 -6.413548e-05
      outer loop
         vertex 7.055244e+01 9.698852e+01 1.355030e+02
         vertex 7.055221e+01 9.698852e+01 1.352030e+02
         vertex 7.062626e+01 9.699482e+01 1.355030e+02
      endloop
   endfacet
   facet normal 8.497859e-02 -9.963828e-01 -6.413548e-05
      outer loop
         vertex 7.062626e+01 9.699482e+01 1.355030e+02
         vertex 7.055221e+01 9.698852e+01 1.352030e+02
         vertex 7.062603e+01 9.699482e+01 1.352030e+02
      endloop
   endfacet
   facet normal -8.932466e-02 -9.960026e-01 6.741557e-05
      outer loop
         vertex 7.062626e+01 9.699482e+01 1.355030e+02
         vertex 7.062603e+01 9.699482e+01 1.352030e+02
         vertex 7.070004e+01 9.698820e+01 1.355029e+02
      endloop
   endfacet
   facet normal -8.932466e-02 -9.960026e-01 6.741557e-05
      outer loop
         vertex 7.070004e+01 9.698820e+01 1.355029e+02
         vertex 7.062603e+01 9.699482e+01 1.352030e+02
         vertex 7.069981e+01 9.698820e+01 1.352029e+02
      endloop
   endfacet
   facet normal -2.609238e-01 -9.653594e-01 1.969257e-04
      outer loop
         vertex 7.070004e+01 9.698820e+01 1.355029e+02
         vertex 7.069981e+01 9.698820e+01 1.352029e+02
         vertex 7.077156e+01 9.696887e+01 1.355029e+02
      endloop
   endfacet
   facet normal -2.609238e-01 -9.653594e-01 1.969257e-04
      outer loop
         vertex 7.077156e+01 9.696887e+01 1.355029e+02
         vertex 7.069981e+01 9.698820e+01 1.352029e+02
         vertex 7.077133e+01 9.696887e+01 1.352029e+02
      endloop
   endfacet
   facet normal -4.245918e-01 -9.053848e-01 3.204501e-04
      outer loop
         vertex 7.077156e+01 9.696887e+01 1.355029e+02
         vertex 7.077133e+01 9.696887e+01 1.352029e+02
         vertex 7.083863e+01 9.693742e+01 1.355028e+02
      endloop
   endfacet
   facet normal -4.245918e-01 -9.053848e-01 3.204501e-04
      outer loop
         vertex 7.083863e+01 9.693742e+01 1.355028e+02
         vertex 7.077133e+01 9.696887e+01 1.352029e+02
         vertex 7.083840e+01 9.693742e+01 1.352028e+02
      endloop
   endfacet
   facet normal -5.753615e-01 -8.178991e-01 4.342398e-04
      outer loop
         vertex 7.083863e+01 9.693742e+01 1.355028e+02
         vertex 7.083840e+01 9.693742e+01 1.352028e+02
         vertex 7.089922e+01 9.689479e+01 1.355028e+02
      endloop
   endfacet
   facet normal -5.753615e-01 -8.178991e-01 4.342398e-04
      outer loop
         vertex 7.089922e+01 9.689479e+01 1.355028e+02
         vertex 7.083840e+01 9.693742e+01 1.352028e+02
         vertex 7.089900e+01 9.689479e+01 1.352028e+02
      endloop
   endfacet
   facet normal -7.086416e-01 -7.055684e-01 5.348297e-04
      outer loop
         vertex 7.089922e+01 9.689479e+01 1.355028e+02
         vertex 7.089900e+01 9.689479e+01 1.352028e+02
         vertex 7.095149e+01 9.684229e+01 1.355027e+02
      endloop
   endfacet
   facet normal -7.086416e-01 -7.055684e-01 5.348297e-04
      outer loop
         vertex 7.095149e+01 9.684229e+01 1.355027e+02
         vertex 7.089900e+01 9.689479e+01 1.352028e+02
         vertex 7.095127e+01 9.684229e+01 1.352027e+02
      endloop
   endfacet
   facet normal -8.204014e-01 -5.717877e-01 6.191776e-04
      outer loop
         vertex 7.095149e+01 9.684229e+01 1.355027e+02
         vertex 7.095127e+01 9.684229e+01 1.352027e+02
         vertex 7.099385e+01 9.678152e+01 1.355027e+02
      endloop
   endfacet
   facet normal -8.204014e-01 -5.717877e-01 6.191776e-04
      outer loop
         vertex 7.099385e+01 9.678152e+01 1.355027e+02
         vertex 7.095127e+01 9.684229e+01 1.352027e+02
         vertex 7.099363e+01 9.678152e+01 1.352027e+02
      endloop
   endfacet
   facet normal -9.072269e-01 -4.206410e-01 6.847070e-04
      outer loop
         vertex 7.099385e+01 9.678152e+01 1.355027e+02
         vertex 7.099363e+01 9.678152e+01 1.352027e+02
         vertex 7.102501e+01 9.671431e+01 1.355027e+02
      endloop
   endfacet
   facet normal -9.072269e-01 -4.206410e-01 6.847070e-04
      outer loop
         vertex 7.102501e+01 9.671431e+01 1.355027e+02
         vertex 7.099363e+01 9.678152e+01 1.352027e+02
         vertex 7.102479e+01 9.671431e+01 1.352027e+02
      endloop
   endfacet
   facet normal -9.664863e-01 -2.567173e-01 7.294315e-04
      outer loop
         vertex 7.102501e+01 9.671431e+01 1.355027e+02
         vertex 7.102479e+01 9.671431e+01 1.352027e+02
         vertex 7.104403e+01 9.664271e+01 1.355027e+02
      endloop
   endfacet
   facet normal -9.664863e-01 -2.567173e-01 7.294315e-04
      outer loop
         vertex 7.104403e+01 9.664271e+01 1.355027e+02
         vertex 7.102479e+01 9.671431e+01 1.352027e+02
         vertex 7.104381e+01 9.664271e+01 1.352027e+02
      endloop
   endfacet
   facet normal -9.963821e-01 -8.498345e-02 7.519946e-04
      outer loop
         vertex 7.104403e+01 9.664271e+01 1.355027e+02
         vertex 7.104381e+01 9.664271e+01 1.352027e+02
         vertex 7.105033e+01 9.656889e+01 1.355027e+02
      endloop
   endfacet
   facet normal -9.963821e-01 -8.498345e-02 7.519946e-04
      outer loop
         vertex 7.105033e+01 9.656889e+01 1.355027e+02
         vertex 7.104381e+01 9.664271e+01 1.352027e+02
         vertex 7.105010e+01 9.656889e+01 1.352027e+02
      endloop
   endfacet
   facet normal -9.960020e-01 8.932745e-02 7.517078e-04
      outer loop
         vertex 7.105033e+01 9.656889e+01 1.355027e+02
         vertex 7.105010e+01 9.656889e+01 1.352027e+02
         vertex 7.104371e+01 9.649511e+01 1.355027e+02
      endloop
   endfacet
   facet normal -9.960020e-01 8.932745e-02 7.517078e-04
      outer loop
         vertex 7.104371e+01 9.649511e+01 1.355027e+02
         vertex 7.105010e+01 9.656889e+01 1.352027e+02
         vertex 7.104348e+01 9.649511e+01 1.352027e+02
      endloop
   endfacet
   facet normal -9.653594e-01 2.609230e-01 7.285810e-04
      outer loop
         vertex 7.104371e+01 9.649511e+01 1.355027e+02
         vertex 7.104348e+01 9.649511e+01 1.352027e+02
         vertex 7.102438e+01 9.642359e+01 1.355027e+02
      endloop
   endfacet
   facet normal -9.653594e-01 2.609230e-01 7.285810e-04
      outer loop
         vertex 7.102438e+01 9.642359e+01 1.355027e+02
         vertex 7.104348e+01 9.649511e+01 1.352027e+02
         vertex 7.102415e+01 9.642359e+01 1.352027e+02
      endloop
   endfacet
   facet normal -9.053842e-01 4.245928e-01 6.833162e-04
      outer loop
         vertex 7.102438e+01 9.642359e+01 1.355027e+02
         vertex 7.102415e+01 9.642359e+01 1.352027e+02
         vertex 7.099293e+01 9.635652e+01 1.355027e+02
      endloop
   endfacet
   facet normal -9.053842e-01 4.245928e-01 6.833162e-04
      outer loop
         vertex 7.099293e+01 9.635652e+01 1.355027e+02
         vertex 7.102415e+01 9.642359e+01 1.352027e+02
         vertex 7.099270e+01 9.635652e+01 1.352027e+02
      endloop
   endfacet
   facet normal -8.179005e-01 5.753594e-01 6.172901e-04
      outer loop
         vertex 7.099293e+01 9.635652e+01 1.355027e+02
         vertex 7.099270e+01 9.635652e+01 1.352027e+02
         vertex 7.095030e+01 9.629593e+01 1.355027e+02
      endloop
   endfacet
   facet normal -8.179005e-01 5.753594e-01 6.172901e-04
      outer loop
         vertex 7.095030e+01 9.629593e+01 1.355027e+02
         vertex 7.099270e+01 9.635652e+01 1.352027e+02
         vertex 7.095008e+01 9.629593e+01 1.352027e+02
      endloop
   endfacet
   facet normal -7.055647e-01 7.086453e-01 5.325075e-04
      outer loop
         vertex 7.095030e+01 9.629593e+01 1.355027e+02
         vertex 7.095008e+01 9.629593e+01 1.352027e+02
         vertex 7.089780e+01 9.624366e+01 1.355028e+02
      endloop
   endfacet
   facet normal -7.055647e-01 7.086453e-01 5.325075e-04
      outer loop
         vertex 7.089780e+01 9.624366e+01 1.355028e+02
         vertex 7.095008e+01 9.629593e+01 1.352027e+02
         vertex 7.089758e+01 9.624366e+01 1.352028e+02
      endloop
   endfacet
   facet normal -5.717865e-01 8.204023e-01 4.315417e-04
      outer loop
         vertex 7.089780e+01 9.624366e+01 1.355028e+02
         vertex 7.089758e+01 9.624366e+01 1.352028e+02
         vertex 7.083703e+01 9.620130e+01 1.355028e+02
      endloop
   endfacet
   facet normal -5.717865e-01 8.204023e-01 4.315417e-04
      outer loop
         vertex 7.083703e+01 9.620130e+01 1.355028e+02
         vertex 7.089758e+01 9.624366e+01 1.352028e+02
         vertex 7.083680e+01 9.620130e+01 1.352028e+02
      endloop
   endfacet
   facet normal -4.206433e-01 9.072261e-01 3.174701e-04
      outer loop
         vertex 7.083703e+01 9.620130e+01 1.355028e+02
         vertex 7.083680e+01 9.620130e+01 1.352028e+02
         vertex 7.076982e+01 9.617013e+01 1.355029e+02
      endloop
   endfacet
   facet normal -4.206433e-01 9.072261e-01 3.174701e-04
      outer loop
         vertex 7.076982e+01 9.617013e+01 1.355029e+02
         vertex 7.083680e+01 9.620130e+01 1.352028e+02
         vertex 7.076959e+01 9.617013e+01 1.352029e+02
      endloop
   endfacet
   facet normal -2.567161e-01 9.664868e-01 1.937501e-04
      outer loop
         vertex 7.076982e+01 9.617013e+01 1.355029e+02
         vertex 7.076959e+01 9.617013e+01 1.352029e+02
         vertex 7.069822e+01 9.615112e+01 1.355029e+02
      endloop
   endfacet
   facet normal -2.567161e-01 9.664868e-01 1.937501e-04
      outer loop
         vertex 7.069822e+01 9.615112e+01 1.355029e+02
         vertex 7.076959e+01 9.617013e+01 1.352029e+02
         vertex 7.069799e+01 9.615112e+01 1.352029e+02
      endloop
   endfacet
   facet normal -8.498768e-02 9.963820e-01 6.414234e-05
      outer loop
         vertex 7.069822e+01 9.615112e+01 1.355029e+02
         vertex 7.069799e+01 9.615112e+01 1.352029e+02
         vertex 7.062440e+01 9.614482e+01 1.355030e+02
      endloop
   endfacet
   facet normal -8.498768e-02 9.963820e-01 6.414234e-05
      outer loop
         vertex 7.062440e+01 9.614482e+01 1.355030e+02
         vertex 7.069799e+01 9.615112e+01 1.352029e+02
         vertex 7.062418e+01 9.614482e+01 1.352030e+02
      endloop
   endfacet
   facet normal 8.933433e-02 9.960017e-01 -6.742287e-05
      outer loop
         vertex 7.062440e+01 9.614482e+01 1.355030e+02
         vertex 7.062418e+01 9.614482e+01 1.352030e+02
         vertex 7.055062e+01 9.615144e+01 1.355030e+02
      endloop
   endfacet
   facet normal 8.933433e-02 9.960017e-01 -6.742287e-05
      outer loop
         vertex 7.055062e+01 9.615144e+01 1.355030e+02
         vertex 7.062418e+01 9.614482e+01 1.352030e+02
         vertex 7.055039e+01 9.615144e+01 1.352030e+02
      endloop
   endfacet
   facet normal 2.609238e-01 9.653594e-01 -1.969257e-04
      outer loop
         vertex 7.055062e+01 9.615144e+01 1.355030e+02
         vertex 7.055039e+01 9.615144e+01 1.352030e+02
         vertex 7.047910e+01 9.617077e+01 1.355031e+02
      endloop
   endfacet
   facet normal 2.609238e-01 9.653594e-01 -1.969257e-04
      outer loop
         vertex 7.047910e+01 9.617077e+01 1.355031e+02
         vertex 7.055039e+01 9.615144e+01 1.352030e+02
         vertex 7.047887e+01 9.617077e+01 1.352031e+02
      endloop
   endfacet
   facet normal 4.245918e-01 9.053848e-01 -3.204501e-04
      outer loop
         vertex 7.047910e+01 9.617077e+01 1.355031e+02
         vertex 7.047887e+01 9.617077e+01 1.352031e+02
         vertex 7.041203e+01 9.620222e+01 1.355031e+02
      endloop
   endfacet
   facet normal 4.245918e-01 9.053848e-01 -3.204501e-04
      outer loop
         vertex 7.041203e+01 9.620222e+01 1.355031e+02
         vertex 7.047887e+01 9.617077e+01 1.352031e+02
         vertex 7.041180e+01 9.620222e+01 1.352031e+02
      endloop
   endfacet
   facet normal 5.753536e-01 8.179047e-01 -4.342338e-04
      outer loop
         vertex 7.041203e+01 9.620222e+01 1.355031e+02
         vertex 7.041180e+01 9.620222e+01 1.352031e+02
         vertex 7.035144e+01 9.624485e+01 1.355032e+02
      endloop
   endfacet
   facet normal 5.753536e-01 8.179047e-01 -4.342338e-04
      outer loop
         vertex 7.035144e+01 9.624485e+01 1.355032e+02
         vertex 7.041180e+01 9.620222e+01 1.352031e+02
         vertex 7.035121e+01 9.624485e+01 1.352032e+02
      endloop
   endfacet
   facet normal 7.086481e-01 7.055619e-01 -5.348345e-04
      outer loop
         vertex 7.035144e+01 9.624485e+01 1.355032e+02
         vertex 7.035121e+01 9.624485e+01 1.352032e+02
         vertex 7.029917e+01 9.629735e+01 1.355032e+02
      endloop
   endfacet
   facet normal 7.086481e-01 7.055619e-01 -5.348345e-04
      outer loop
         vertex 7.029917e+01 9.629735e+01 1.355032e+02
         vertex 7.035121e+01 9.624485e+01 1.352032e+02
         vertex 7.029894e+01 9.629735e+01 1.352032e+02
      endloop
   endfacet
   facet normal 8.204014e-01 5.717877e-01 -6.191776e-04
      outer loop
         vertex 7.029917e+01 9.629735e+01 1.355032e+02
         vertex 7.029894e+01 9.629735e+01 1.352032e+02
         vertex 7.025681e+01 9.635812e+01 1.355033e+02
      endloop
   endfacet
   facet normal 8.204014e-01 5.717877e-01 -6.191776e-04
      outer loop
         vertex 7.025681e+01 9.635812e+01 1.355033e+02
         vertex 7.029894e+01 9.629735e+01 1.352032e+02
         vertex 7.025658e+01 9.635812e+01 1.352033e+02
      endloop
   endfacet
   facet normal 9.072269e-01 4.206410e-01 -6.847070e-04
      outer loop
         vertex 7.025681e+01 9.635812e+01 1.355033e+02
         vertex 7.025658e+01 9.635812e+01 1.352033e+02
         vertex 7.022564e+01 9.642533e+01 1.355033e+02
      endloop
   endfacet
   facet normal 9.072269e-01 4.206410e-01 -6.847070e-04
      outer loop
         vertex 7.022564e+01 9.642533e+01 1.355033e+02
         vertex 7.025658e+01 9.635812e+01 1.352033e+02
         vertex 7.022542e+01 9.642533e+01 1.352033e+02
      endloop
   endfacet
   facet normal 9.664863e-01 2.567173e-01 -7.294315e-04
      outer loop
         vertex 7.022564e+01 9.642533e+01 1.355033e+02
         vertex 7.022542e+01 9.642533e+01 1.352033e+02
         vertex 7.020663e+01 9.649693e+01 1.355033e+02
      endloop
   endfacet
   facet normal 9.664863e-01 2.567173e-01 -7.294315e-04
      outer loop
         vertex 7.020663e+01 9.649693e+01 1.355033e+02
         vertex 7.022542e+01 9.642533e+01 1.352033e+02
         vertex 7.020640e+01 9.649693e+01 1.352033e+02
      endloop
   endfacet
   facet normal 9.963821e-01 8.498345e-02 -7.519946e-04
      outer loop
         vertex 7.020663e+01 9.649693e+01 1.355033e+02
         vertex 7.020640e+01 9.649693e+01 1.352033e+02
         vertex 7.020033e+01 9.657075e+01 1.355033e+02
      endloop
   endfacet
   facet normal 9.963821e-01 8.498345e-02 -7.519946e-04
      outer loop
         vertex 7.020033e+01 9.657075e+01 1.355033e+02
         vertex 7.020640e+01 9.649693e+01 1.352033e+02
         vertex 7.020010e+01 9.657075e+01 1.352033e+02
      endloop
   endfacet
   facet normal 9.960020e-01 -8.932745e-02 -7.517078e-04
      outer loop
         vertex 7.020033e+01 9.657075e+01 1.355033e+02
         vertex 7.020010e+01 9.657075e+01 1.352033e+02
         vertex 7.020695e+01 9.664453e+01 1.355033e+02
      endloop
   endfacet
   facet normal 9.960020e-01 -8.932745e-02 -7.517078e-04
      outer loop
         vertex 7.020695e+01 9.664453e+01 1.355033e+02
         vertex 7.020010e+01 9.657075e+01 1.352033e+02
         vertex 7.020672e+01 9.664453e+01 1.352033e+02
      endloop
   endfacet
   facet normal 9.653594e-01 -2.609230e-01 -7.285810e-04
      outer loop
         vertex 7.020695e+01 9.664453e+01 1.355033e+02
         vertex 7.020672e+01 9.664453e+01 1.352033e+02
         vertex 7.022628e+01 9.671605e+01 1.355033e+02
      endloop
   endfacet
   facet normal 9.653594e-01 -2.609230e-01 -7.285810e-04
      outer loop
         vertex 7.022628e+01 9.671605e+01 1.355033e+02
         vertex 7.020672e+01 9.664453e+01 1.352033e+02
         vertex 7.022605e+01 9.671605e+01 1.352033e+02
      endloop
   endfacet
   facet normal 9.053843e-01 -4.245925e-01 -6.833163e-04
      outer loop
         vertex 7.073394e+01 9.730216e+01 1.355029e+02
         vertex 7.073371e+01 9.730216e+01 1.352029e+02
         vertex 7.074504e+01 9.732584e+01 1.355029e+02
      endloop
   endfacet
   facet normal 9.053843e-01 -4.245925e-01 -6.833163e-04
      outer loop
         vertex 7.074504e+01 9.732584e+01 1.355029e+02
         vertex 7.073371e+01 9.730216e+01 1.352029e+02
         vertex 7.074481e+01 9.732584e+01 1.352029e+02
      endloop
   endfacet
   facet normal 8.179010e-01 -5.753587e-01 -6.172904e-04
      outer loop
         vertex 7.074504e+01 9.732584e+01 1.355029e+02
         vertex 7.074481e+01 9.732584e+01 1.352029e+02
         vertex 7.076008e+01 9.734722e+01 1.355029e+02
      endloop
   endfacet
   facet normal 8.179010e-01 -5.753587e-01 -6.172904e-04
      outer loop
         vertex 7.076008e+01 9.734722e+01 1.355029e+02
         vertex 7.074481e+01 9.732584e+01 1.352029e+02
         vertex 7.075985e+01 9.734722e+01 1.352029e+02
      endloop
   endfacet
   facet normal 7.055678e-01 -7.086422e-01 -5.325097e-04
      outer loop
         vertex 7.076008e+01 9.734722e+01 1.355029e+02
         vertex 7.075985e+01 9.734722e+01 1.352029e+02
         vertex 7.077861e+01 9.736567e+01 1.355029e+02
      endloop
   endfacet
   facet normal 7.055678e-01 -7.086422e-01 -5.325097e-04
      outer loop
         vertex 7.077861e+01 9.736567e+01 1.355029e+02
         vertex 7.075985e+01 9.734722e+01 1.352029e+02
         vertex 7.077838e+01 9.736567e+01 1.352029e+02
      endloop
   endfacet
   facet normal 5.717905e-01 -8.203996e-01 -4.315447e-04
      outer loop
         vertex 7.077861e+01 9.736567e+01 1.355029e+02
         vertex 7.077838e+01 9.736567e+01 1.352029e+02
         vertex 7.080006e+01 9.738062e+01 1.355028e+02
      endloop
   endfacet
   facet normal 5.717905e-01 -8.203996e-01 -4.315447e-04
      outer loop
         vertex 7.080006e+01 9.738062e+01 1.355028e+02
         vertex 7.077838e+01 9.736567e+01 1.352029e+02
         vertex 7.079983e+01 9.738062e+01 1.352028e+02
      endloop
   endfacet
   facet normal 4.206445e-01 -9.072255e-01 -3.174710e-04
      outer loop
         vertex 7.080006e+01 9.738062e+01 1.355028e+02
         vertex 7.079983e+01 9.738062e+01 1.352028e+02
         vertex 7.082378e+01 9.739162e+01 1.355028e+02
      endloop
   endfacet
   facet normal 4.206445e-01 -9.072255e-01 -3.174710e-04
      outer loop
         vertex 7.082378e+01 9.739162e+01 1.355028e+02
         vertex 7.079983e+01 9.738062e+01 1.352028e+02
         vertex 7.082356e+01 9.739162e+01 1.352028e+02
      endloop
   endfacet
   facet normal 2.566947e-01 -9.664925e-01 -1.937339e-04
      outer loop
         vertex 7.082378e+01 9.739162e+01 1.355028e+02
         vertex 7.082356e+01 9.739162e+01 1.352028e+02
         vertex 7.084905e+01 9.739833e+01 1.355028e+02
      endloop
   endfacet
   facet normal 2.566947e-01 -9.664925e-01 -1.937339e-04
      outer loop
         vertex 7.084905e+01 9.739833e+01 1.355028e+02
         vertex 7.082356e+01 9.739162e+01 1.352028e+02
         vertex 7.084883e+01 9.739833e+01 1.352028e+02
      endloop
   endfacet
   facet normal 8.498019e-02 -9.963826e-01 -6.413668e-05
      outer loop
         vertex 7.084905e+01 9.739833e+01 1.355028e+02
         vertex 7.084883e+01 9.739833e+01 1.352028e+02
         vertex 7.087510e+01 9.740055e+01 1.355028e+02
      endloop
   endfacet
   facet normal 8.498019e-02 -9.963826e-01 -6.413668e-05
      outer loop
         vertex 7.087510e+01 9.740055e+01 1.355028e+02
         vertex 7.084883e+01 9.739833e+01 1.352028e+02
         vertex 7.087488e+01 9.740055e+01 1.352028e+02
      endloop
   endfacet
   facet normal -8.932305e-02 -9.960027e-01 6.741436e-05
      outer loop
         vertex 7.087510e+01 9.740055e+01 1.355028e+02
         vertex 7.087488e+01 9.740055e+01 1.352028e+02
         vertex 7.090115e+01 9.739822e+01 1.355028e+02
      endloop
   endfacet
   facet normal -8.932305e-02 -9.960027e-01 6.741436e-05
      outer loop
         vertex 7.090115e+01 9.739822e+01 1.355028e+02
         vertex 7.087488e+01 9.740055e+01 1.352028e+02
         vertex 7.090092e+01 9.739822e+01 1.352028e+02
      endloop
   endfacet
   facet normal -2.609125e-01 -9.653624e-01 1.969172e-04
      outer loop
         vertex 7.090115e+01 9.739822e+01 1.355028e+02
         vertex 7.090092e+01 9.739822e+01 1.352028e+02
         vertex 7.092639e+01 9.739140e+01 1.355027e+02
      endloop
   endfacet
   facet normal -2.609125e-01 -9.653624e-01 1.969172e-04
      outer loop
         vertex 7.092639e+01 9.739140e+01 1.355027e+02
         vertex 7.090092e+01 9.739822e+01 1.352028e+02
         vertex 7.092616e+01 9.739140e+01 1.352027e+02
      endloop
   endfacet
   facet normal -4.246024e-01 -9.053799e-01 3.204581e-04
      outer loop
         vertex 7.092639e+01 9.739140e+01 1.355027e+02
         vertex 7.092616e+01 9.739140e+01 1.352027e+02
         vertex 7.095006e+01 9.738029e+01 1.355027e+02
      endloop
   endfacet
   facet normal -4.246024e-01 -9.053799e-01 3.204581e-04
      outer loop
         vertex 7.095006e+01 9.738029e+01 1.355027e+02
         vertex 7.092616e+01 9.739140e+01 1.352027e+02
         vertex 7.094983e+01 9.738029e+01 1.352027e+02
      endloop
   endfacet
   facet normal -5.753628e-01 -8.178982e-01 4.342408e-04
      outer loop
         vertex 7.095006e+01 9.738029e+01 1.355027e+02
         vertex 7.094983e+01 9.738029e+01 1.352027e+02
         vertex 7.097145e+01 9.736525e+01 1.355027e+02
      endloop
   endfacet
   facet normal -5.753628e-01 -8.178982e-01 4.342408e-04
      outer loop
         vertex 7.097145e+01 9.736525e+01 1.355027e+02
         vertex 7.094983e+01 9.738029e+01 1.352027e+02
         vertex 7.097122e+01 9.736525e+01 1.352027e+02
      endloop
   endfacet
   facet normal -7.086428e-01 -7.055673e-01 5.348305e-04
      outer loop
         vertex 7.097145e+01 9.736525e+01 1.355027e+02
         vertex 7.097122e+01 9.736525e+01 1.352027e+02
         vertex 7.098989e+01 9.734672e+01 1.355027e+02
      endloop
   endfacet
   facet normal -7.086428e-01 -7.055673e-01 5.348305e-04
      outer loop
         vertex 7.098989e+01 9.734672e+01 1.355027e+02
         vertex 7.097122e+01 9.736525e+01 1.352027e+02
         vertex 7.098967e+01 9.734672e+01 1.352027e+02
      endloop
   endfacet
   facet normal -8.203888e-01 -5.718058e-01 6.191680e-04
      outer loop
         vertex 7.098989e+01 9.734672e+01 1.355027e+02
         vertex 7.098967e+01 9.734672e+01 1.352027e+02
         vertex 7.100484e+01 9.732527e+01 1.355027e+02
      endloop
   endfacet
   facet normal -8.203888e-01 -5.718058e-01 6.191680e-04
      outer loop
         vertex 7.100484e+01 9.732527e+01 1.355027e+02
         vertex 7.098967e+01 9.734672e+01 1.352027e+02
         vertex 7.100462e+01 9.732527e+01 1.352027e+02
      endloop
   endfacet
   facet normal -9.072275e-01 -4.206398e-01 6.847074e-04
      outer loop
         vertex 7.100484e+01 9.732527e+01 1.355027e+02
         vertex 7.100462e+01 9.732527e+01 1.352027e+02
         vertex 7.101584e+01 9.730155e+01 1.355027e+02
      endloop
   endfacet
   facet normal -9.072275e-01 -4.206398e-01 6.847074e-04
      outer loop
         vertex 7.101584e+01 9.730155e+01 1.355027e+02
         vertex 7.100462e+01 9.732527e+01 1.352027e+02
         vertex 7.101562e+01 9.730155e+01 1.352027e+02
      endloop
   endfacet
   facet normal -9.664875e-01 -2.567126e-01 7.294324e-04
      outer loop
         vertex 7.101584e+01 9.730155e+01 1.355027e+02
         vertex 7.101562e+01 9.730155e+01 1.352027e+02
         vertex 7.102256e+01 9.727628e+01 1.355027e+02
      endloop
   endfacet
   facet normal -9.664875e-01 -2.567126e-01 7.294324e-04
      outer loop
         vertex 7.102256e+01 9.727628e+01 1.355027e+02
         vertex 7.101562e+01 9.730155e+01 1.352027e+02
         vertex 7.102233e+01 9.727628e+01 1.352027e+02
      endloop
   endfacet
   facet normal -9.963824e-01 -8.497920e-02 7.519949e-04
      outer loop
         vertex 7.102256e+01 9.727628e+01 1.355027e+02
         vertex 7.102233e+01 9.727628e+01 1.352027e+02
         vertex 7.102478e+01 9.725023e+01 1.355027e+02
      endloop
   endfacet
   facet normal -9.963824e-01 -8.497920e-02 7.519949e-04
      outer loop
         vertex 7.102478e+01 9.725023e+01 1.355027e+02
         vertex 7.102233e+01 9.727628e+01 1.352027e+02
         vertex 7.102455e+01 9.725023e+01 1.352027e+02
      endloop
   endfacet
   facet normal -9.960020e-01 8.932831e-02 7.517077e-04
      outer loop
         vertex 7.102478e+01 9.725023e+01 1.355027e+02
         vertex 7.102455e+01 9.725023e+01 1.352027e+02
         vertex 7.102244e+01 9.722419e+01 1.355027e+02
      endloop
   endfacet
   facet normal -9.960020e-01 8.932831e-02 7.517077e-04
      outer loop
         vertex 7.102244e+01 9.722419e+01 1.355027e+02
         vertex 7.102455e+01 9.725023e+01 1.352027e+02
         vertex 7.102222e+01 9.722419e+01 1.352027e+02
      endloop
   endfacet
   facet normal -9.653593e-01 2.609233e-01 7.285809e-04
      outer loop
         vertex 7.102244e+01 9.722419e+01 1.355027e+02
         vertex 7.102222e+01 9.722419e+01 1.352027e+02
         vertex 7.101562e+01 9.719894e+01 1.355027e+02
      endloop
   endfacet
   facet normal -9.653593e-01 2.609233e-01 7.285809e-04
      outer loop
         vertex 7.101562e+01 9.719894e+01 1.355027e+02
         vertex 7.102222e+01 9.722419e+01 1.352027e+02
         vertex 7.101539e+01 9.719894e+01 1.352027e+02
      endloop
   endfacet
   facet normal -9.053843e-01 4.245925e-01 6.833163e-04
      outer loop
         vertex 7.101562e+01 9.719894e+01 1.355027e+02
         vertex 7.101539e+01 9.719894e+01 1.352027e+02
         vertex 7.100452e+01 9.717527e+01 1.355027e+02
      endloop
   endfacet
   facet normal -9.053843e-01 4.245925e-01 6.833163e-04
      outer loop
         vertex 7.100452e+01 9.717527e+01 1.355027e+02
         vertex 7.101539e+01 9.719894e+01 1.352027e+02
         vertex 7.100429e+01 9.717527e+01 1.352027e+02
      endloop
   endfacet
   facet normal -8.178967e-01 5.753647e-01 6.172872e-04
      outer loop
         vertex 7.100452e+01 9.717527e+01 1.355027e+02
         vertex 7.100429e+01 9.717527e+01 1.352027e+02
         vertex 7.098947e+01 9.715389e+01 1.355027e+02
      endloop
   endfacet
   facet normal -8.178967e-01 5.753647e-01 6.172872e-04
      outer loop
         vertex 7.098947e+01 9.715389e+01 1.355027e+02
         vertex 7.100429e+01 9.717527e+01 1.352027e+02
         vertex 7.098925e+01 9.715389e+01 1.352027e+02
      endloop
   endfacet
   facet normal -7.055678e-01 7.086422e-01 5.325097e-04
      outer loop
         vertex 7.098947e+01 9.715389e+01 1.355027e+02
         vertex 7.098925e+01 9.715389e+01 1.352027e+02
         vertex 7.097094e+01 9.713544e+01 1.355027e+02
      endloop
   endfacet
   facet normal -7.055678e-01 7.086422e-01 5.325097e-04
      outer loop
         vertex 7.097094e+01 9.713544e+01 1.355027e+02
         vertex 7.098925e+01 9.715389e+01 1.352027e+02
         vertex 7.097072e+01 9.713544e+01 1.352027e+02
      endloop
   endfacet
   facet normal -5.717905e-01 8.203996e-01 4.315447e-04
      outer loop
         vertex 7.097094e+01 9.713544e+01 1.355027e+02
         vertex 7.097072e+01 9.713544e+01 1.352027e+02
         vertex 7.094949e+01 9.712049e+01 1.355027e+02
      endloop
   endfacet
   facet normal -5.717905e-01 8.203996e-01 4.315447e-04
      outer loop
         vertex 7.094949e+01 9.712049e+01 1.355027e+02
         vertex 7.097072e+01 9.713544e+01 1.352027e+02
         vertex 7.094927e+01 9.712049e+01 1.352027e+02
      endloop
   endfacet
   facet normal -4.206445e-01 9.072255e-01 3.174710e-04
      outer loop
         vertex 7.094949e+01 9.712049e+01 1.355027e+02
         vertex 7.094927e+01 9.712049e+01 1.352027e+02
         vertex 7.092577e+01 9.710949e+01 1.355027e+02
      endloop
   endfacet
   facet normal -4.206445e-01 9.072255e-01 3.174710e-04
      outer loop
         vertex 7.092577e+01 9.710949e+01 1.355027e+02
         vertex 7.094927e+01 9.712049e+01 1.352027e+02
         vertex 7.092555e+01 9.710949e+01 1.352027e+02
      endloop
   endfacet
   facet normal -2.567173e-01 9.664865e-01 1.937510e-04
      outer loop
         vertex 7.092577e+01 9.710949e+01 1.355027e+02
         vertex 7.092555e+01 9.710949e+01 1.352027e+02
         vertex 7.090050e+01 9.710278e+01 1.355028e+02
      endloop
   endfacet
   facet normal -2.567173e-01 9.664865e-01 1.937510e-04
      outer loop
         vertex 7.090050e+01 9.710278e+01 1.355028e+02
         vertex 7.092555e+01 9.710949e+01 1.352027e+02
         vertex 7.090028e+01 9.710278e+01 1.352028e+02
      endloop
   endfacet
   facet normal -8.498019e-02 9.963826e-01 6.413668e-05
      outer loop
         vertex 7.090050e+01 9.710278e+01 1.355028e+02
         vertex 7.090028e+01 9.710278e+01 1.352028e+02
         vertex 7.087445e+01 9.710055e+01 1.355028e+02
      endloop
   endfacet
   facet normal -8.498019e-02 9.963826e-01 6.413668e-05
      outer loop
         vertex 7.087445e+01 9.710055e+01 1.355028e+02
         vertex 7.090028e+01 9.710278e+01 1.352028e+02
         vertex 7.087422e+01 9.710055e+01 1.352028e+02
      endloop
   endfacet
   facet normal 8.932305e-02 9.960027e-01 -6.741436e-05
      outer loop
         vertex 7.087445e+01 9.710055e+01 1.355028e+02
         vertex 7.087422e+01 9.710055e+01 1.352028e+02
         vertex 7.084841e+01 9.710289e+01 1.355028e+02
      endloop
   endfacet
   facet normal 8.932305e-02 9.960027e-01 -6.741436e-05
      outer loop
         vertex 7.084841e+01 9.710289e+01 1.355028e+02
         vertex 7.087422e+01 9.710055e+01 1.352028e+02
         vertex 7.084818e+01 9.710289e+01 1.352028e+02
      endloop
   endfacet
   facet normal 2.609399e-01 9.653550e-01 -1.969379e-04
      outer loop
         vertex 7.084841e+01 9.710289e+01 1.355028e+02
         vertex 7.084818e+01 9.710289e+01 1.352028e+02
         vertex 7.082317e+01 9.710971e+01 1.355028e+02
      endloop
   endfacet
   facet normal 2.609399e-01 9.653550e-01 -1.969379e-04
      outer loop
         vertex 7.082317e+01 9.710971e+01 1.355028e+02
         vertex 7.084818e+01 9.710289e+01 1.352028e+02
         vertex 7.082294e+01 9.710971e+01 1.352028e+02
      endloop
   endfacet
   facet normal 4.245767e-01 9.053919e-01 -3.204387e-04
      outer loop
         vertex 7.082317e+01 9.710971e+01 1.355028e+02
         vertex 7.082294e+01 9.710971e+01 1.352028e+02
         vertex 7.079949e+01 9.712081e+01 1.355028e+02
      endloop
   endfacet
   facet normal 4.245767e-01 9.053919e-01 -3.204387e-04
      outer loop
         vertex 7.079949e+01 9.712081e+01 1.355028e+02
         vertex 7.082294e+01 9.710971e+01 1.352028e+02
         vertex 7.079927e+01 9.712081e+01 1.352028e+02
      endloop
   endfacet
   facet normal 5.753628e-01 8.178982e-01 -4.342408e-04
      outer loop
         vertex 7.079949e+01 9.712081e+01 1.355028e+02
         vertex 7.079927e+01 9.712081e+01 1.352028e+02
         vertex 7.077811e+01 9.713586e+01 1.355029e+02
      endloop
   endfacet
   facet normal 5.753628e-01 8.178982e-01 -4.342408e-04
      outer loop
         vertex 7.077811e+01 9.713586e+01 1.355029e+02
         vertex 7.079927e+01 9.712081e+01 1.352028e+02
         vertex 7.077788e+01 9.713586e+01 1.352029e+02
      endloop
   endfacet
   facet normal 7.086428e-01 7.055673e-01 -5.348305e-04
      outer loop
         vertex 7.077811e+01 9.713586e+01 1.355029e+02
         vertex 7.077788e+01 9.713586e+01 1.352029e+02
         vertex 7.075966e+01 9.715439e+01 1.355029e+02
      endloop
   endfacet
   facet normal 7.086428e-01 7.055673e-01 -5.348305e-04
      outer loop
         vertex 7.075966e+01 9.715439e+01 1.355029e+02
         vertex 7.077788e+01 9.713586e+01 1.352029e+02
         vertex 7.075943e+01 9.715439e+01 1.352029e+02
      endloop
   endfacet
   facet normal 8.204021e-01 5.717866e-01 -6.191781e-04
      outer loop
         vertex 7.075966e+01 9.715439e+01 1.355029e+02
         vertex 7.075943e+01 9.715439e+01 1.352029e+02
         vertex 7.074471e+01 9.717584e+01 1.355029e+02
      endloop
   endfacet
   facet normal 8.204021e-01 5.717866e-01 -6.191781e-04
      outer loop
         vertex 7.074471e+01 9.717584e+01 1.355029e+02
         vertex 7.075943e+01 9.715439e+01 1.352029e+02
         vertex 7.074448e+01 9.717584e+01 1.352029e+02
      endloop
   endfacet
   facet normal 9.072275e-01 4.206398e-01 -6.847074e-04
      outer loop
         vertex 7.074471e+01 9.717584e+01 1.355029e+02
         vertex 7.074448e+01 9.717584e+01 1.352029e+02
         vertex 7.073371e+01 9.719956e+01 1.355029e+02
      endloop
   endfacet
   facet normal 9.072275e-01 4.206398e-01 -6.847074e-04
      outer loop
         vertex 7.073371e+01 9.719956e+01 1.355029e+02
         vertex 7.074448e+01 9.717584e+01 1.352029e+02
         vertex 7.073349e+01 9.719956e+01 1.352029e+02
      endloop
   endfacet
   facet normal 9.664875e-01 2.567126e-01 -7.294324e-04
      outer loop
         vertex 7.073371e+01 9.719956e+01 1.355029e+02
         vertex 7.073349e+01 9.719956e+01 1.352029e+02
         vertex 7.072700e+01 9.722483e+01 1.355029e+02
      endloop
   endfacet
   facet normal 9.664875e-01 2.567126e-01 -7.294324e-04
      outer loop
         vertex 7.072700e+01 9.722483e+01 1.355029e+02
         vertex 7.073349e+01 9.719956e+01 1.352029e+02
         vertex 7.072677e+01 9.722483e+01 1.352029e+02
      endloop
   endfacet
   facet normal 9.963824e-01 8.497920e-02 -7.519949e-04
      outer loop
         vertex 7.072700e+01 9.722483e+01 1.355029e+02
         vertex 7.072677e+01 9.722483e+01 1.352029e+02
         vertex 7.072478e+01 9.725088e+01 1.355029e+02
      endloop
   endfacet
   facet normal 9.963824e-01 8.497920e-02 -7.519949e-04
      outer loop
         vertex 7.072478e+01 9.725088e+01 1.355029e+02
         vertex 7.072677e+01 9.722483e+01 1.352029e+02
         vertex 7.072455e+01 9.725088e+01 1.352029e+02
      endloop
   endfacet
   facet normal 9.960026e-01 -8.932097e-02 -7.517082e-04
      outer loop
         vertex 7.072478e+01 9.725088e+01 1.355029e+02
         vertex 7.072455e+01 9.725088e+01 1.352029e+02
         vertex 7.072711e+01 9.727692e+01 1.355029e+02
      endloop
   endfacet
   facet normal 9.960026e-01 -8.932097e-02 -7.517082e-04
      outer loop
         vertex 7.072711e+01 9.727692e+01 1.355029e+02
         vertex 7.072455e+01 9.725088e+01 1.352029e+02
         vertex 7.072689e+01 9.727692e+01 1.352029e+02
      endloop
   endfacet
   facet normal 9.653593e-01 -2.609233e-01 -7.285809e-04
      outer loop
         vertex 7.072711e+01 9.727692e+01 1.355029e+02
         vertex 7.072689e+01 9.727692e+01 1.352029e+02
         vertex 7.073394e+01 9.730216e+01 1.355029e+02
      endloop
   endfacet
   facet normal 9.653593e-01 -2.609233e-01 -7.285809e-04
      outer loop
         vertex 7.073394e+01 9.730216e+01 1.355029e+02
         vertex 7.072689e+01 9.727692e+01 1.352029e+02
         vertex 7.073371e+01 9.730216e+01 1.352029e+02
      endloop
   endfacet
   facet normal 9.053843e-01 -4.245925e-01 -6.833163e-04
      outer loop
         vertex 7.023504e+01 9.594069e+01 1.355033e+02
         vertex 7.023481e+01 9.594069e+01 1.352033e+02
         vertex 7.024614e+01 9.596437e+01 1.355033e+02
      endloop
   endfacet
   facet normal 9.053843e-01 -4.245925e-01 -6.833163e-04
      outer loop
         vertex 7.024614e+01 9.596437e+01 1.355033e+02
         vertex 7.023481e+01 9.594069e+01 1.352033e+02
         vertex 7.024591e+01 9.596437e+01 1.352033e+02
      endloop
   endfacet
   facet normal 8.179010e-01 -5.753587e-01 -6.172904e-04
      outer loop
         vertex 7.024614e+01 9.596437e+01 1.355033e+02
         vertex 7.024591e+01 9.596437e+01 1.352033e+02
         vertex 7.026118e+01 9.598575e+01 1.355032e+02
      endloop
   endfacet
   facet normal 8.179010e-01 -5.753587e-01 -6.172904e-04
      outer loop
         vertex 7.026118e+01 9.598575e+01 1.355032e+02
         vertex 7.024591e+01 9.596437e+01 1.352033e+02
         vertex 7.026096e+01 9.598575e+01 1.352032e+02
      endloop
   endfacet
   facet normal 7.055678e-01 -7.086422e-01 -5.325097e-04
      outer loop
         vertex 7.026118e+01 9.598575e+01 1.355032e+02
         vertex 7.026096e+01 9.598575e+01 1.352032e+02
         vertex 7.027971e+01 9.600420e+01 1.355032e+02
      endloop
   endfacet
   facet normal 7.055678e-01 -7.086422e-01 -5.325097e-04
      outer loop
         vertex 7.027971e+01 9.600420e+01 1.355032e+02
         vertex 7.026096e+01 9.598575e+01 1.352032e+02
         vertex 7.027949e+01 9.600420e+01 1.352032e+02
      endloop
   endfacet
   facet normal 5.717905e-01 -8.203996e-01 -4.315447e-04
      outer loop
         vertex 7.027971e+01 9.600420e+01 1.355032e+02
         vertex 7.027949e+01 9.600420e+01 1.352032e+02
         vertex 7.030116e+01 9.601915e+01 1.355032e+02
      endloop
   endfacet
   facet normal 5.717905e-01 -8.203996e-01 -4.315447e-04
      outer loop
         vertex 7.030116e+01 9.601915e+01 1.355032e+02
         vertex 7.027949e+01 9.600420e+01 1.352032e+02
         vertex 7.030094e+01 9.601915e+01 1.352032e+02
      endloop
   endfacet
   facet normal 4.206262e-01 -9.072340e-01 -3.174572e-04
      outer loop
         vertex 7.030116e+01 9.601915e+01 1.355032e+02
         vertex 7.030094e+01 9.601915e+01 1.352032e+02
         vertex 7.032488e+01 9.603015e+01 1.355032e+02
      endloop
   endfacet
   facet normal 4.206262e-01 -9.072340e-01 -3.174572e-04
      outer loop
         vertex 7.032488e+01 9.603015e+01 1.355032e+02
         vertex 7.030094e+01 9.601915e+01 1.352032e+02
         vertex 7.032466e+01 9.603015e+01 1.352032e+02
      endloop
   endfacet
   facet normal 2.567173e-01 -9.664865e-01 -1.937510e-04
      outer loop
         vertex 7.032488e+01 9.603015e+01 1.355032e+02
         vertex 7.032466e+01 9.603015e+01 1.352032e+02
         vertex 7.035015e+01 9.603686e+01 1.355032e+02
      endloop
   endfacet
   facet normal 2.567173e-01 -9.664865e-01 -1.937510e-04
      outer loop
         vertex 7.035015e+01 9.603686e+01 1.355032e+02
         vertex 7.032466e+01 9.603015e+01 1.352032e+02
         vertex 7.034993e+01 9.603686e+01 1.352032e+02
      endloop
   endfacet
   facet normal 8.498019e-02 -9.963826e-01 -6.413668e-05
      outer loop
         vertex 7.035015e+01 9.603686e+01 1.355032e+02
         vertex 7.034993e+01 9.603686e+01 1.352032e+02
         vertex 7.037621e+01 9.603908e+01 1.355032e+02
      endloop
   endfacet
   facet normal 8.498019e-02 -9.963826e-01 -6.413668e-05
      outer loop
         vertex 7.037621e+01 9.603908e+01 1.355032e+02
         vertex 7.034993e+01 9.603686e+01 1.352032e+02
         vertex 7.037598e+01 9.603908e+01 1.352032e+02
      endloop
   endfacet
   facet normal -8.932305e-02 -9.960027e-01 6.741436e-05
      outer loop
         vertex 7.037621e+01 9.603908e+01 1.355032e+02
         vertex 7.037598e+01 9.603908e+01 1.352032e+02
         vertex 7.040225e+01 9.603675e+01 1.355031e+02
      endloop
   endfacet
   facet normal -8.932305e-02 -9.960027e-01 6.741436e-05
      outer loop
         vertex 7.040225e+01 9.603675e+01 1.355031e+02
         vertex 7.037598e+01 9.603908e+01 1.352032e+02
         vertex 7.040202e+01 9.603675e+01 1.352031e+02
      endloop
   endfacet
   facet normal -2.609125e-01 -9.653624e-01 1.969172e-04
      outer loop
         vertex 7.040225e+01 9.603675e+01 1.355031e+02
         vertex 7.040202e+01 9.603675e+01 1.352031e+02
         vertex 7.042749e+01 9.602993e+01 1.355031e+02
      endloop
   endfacet
   facet normal -2.609125e-01 -9.653624e-01 1.969172e-04
      outer loop
         vertex 7.042749e+01 9.602993e+01 1.355031e+02
         vertex 7.040202e+01 9.603675e+01 1.352031e+02
         vertex 7.042726e+01 9.602993e+01 1.352031e+02
      endloop
   endfacet
   facet normal -4.246024e-01 -9.053799e-01 3.204581e-04
      outer loop
         vertex 7.042749e+01 9.602993e+01 1.355031e+02
         vertex 7.042726e+01 9.602993e+01 1.352031e+02
         vertex 7.045116e+01 9.601882e+01 1.355031e+02
      endloop
   endfacet
   facet normal -4.246024e-01 -9.053799e-01 3.204581e-04
      outer loop
         vertex 7.045116e+01 9.601882e+01 1.355031e+02
         vertex 7.042726e+01 9.602993e+01 1.352031e+02
         vertex 7.045094e+01 9.601882e+01 1.352031e+02
      endloop
   endfacet
   facet normal -5.753628e-01 -8.178982e-01 4.342408e-04
      outer loop
         vertex 7.045116e+01 9.601882e+01 1.355031e+02
         vertex 7.045094e+01 9.601882e+01 1.352031e+02
         vertex 7.047255e+01 9.600378e+01 1.355031e+02
      endloop
   endfacet
   facet normal -5.753628e-01 -8.178982e-01 4.342408e-04
      outer loop
         vertex 7.047255e+01 9.600378e+01 1.355031e+02
         vertex 7.045094e+01 9.601882e+01 1.352031e+02
         vertex 7.047232e+01 9.600378e+01 1.352031e+02
      endloop
   endfacet
   facet normal -7.086428e-01 -7.055673e-01 5.348305e-04
      outer loop
         vertex 7.047255e+01 9.600378e+01 1.355031e+02
         vertex 7.047232e+01 9.600378e+01 1.352031e+02
         vertex 7.049100e+01 9.598525e+01 1.355031e+02
      endloop
   endfacet
   facet normal -7.086428e-01 -7.055673e-01 5.348305e-04
      outer loop
         vertex 7.049100e+01 9.598525e+01 1.355031e+02
         vertex 7.047232e+01 9.600378e+01 1.352031e+02
         vertex 7.049077e+01 9.598525e+01 1.352031e+02
      endloop
   endfacet
   facet normal -8.204021e-01 -5.717866e-01 6.191781e-04
      outer loop
         vertex 7.049100e+01 9.598525e+01 1.355031e+02
         vertex 7.049077e+01 9.598525e+01 1.352031e+02
         vertex 7.050595e+01 9.596380e+01 1.355031e+02
      endloop
   endfacet
   facet normal -8.204021e-01 -5.717866e-01 6.191781e-04
      outer loop
         vertex 7.050595e+01 9.596380e+01 1.355031e+02
         vertex 7.049077e+01 9.598525e+01 1.352031e+02
         vertex 7.050572e+01 9.596380e+01 1.352031e+02
      endloop
   endfacet
   facet normal -9.072190e-01 -4.206580e-01 6.847010e-04
      outer loop
         vertex 7.050595e+01 9.596380e+01 1.355031e+02
         vertex 7.050572e+01 9.596380e+01 1.352031e+02
         vertex 7.051695e+01 9.594008e+01 1.355031e+02
      endloop
   endfacet
   facet normal -9.072190e-01 -4.206580e-01 6.847010e-04
      outer loop
         vertex 7.051695e+01 9.594008e+01 1.355031e+02
         vertex 7.050572e+01 9.596380e+01 1.352031e+02
         vertex 7.051672e+01 9.594008e+01 1.352031e+02
      endloop
   endfacet
   facet normal -9.664875e-01 -2.567126e-01 7.294324e-04
      outer loop
         vertex 7.051695e+01 9.594008e+01 1.355031e+02
         vertex 7.051672e+01 9.594008e+01 1.352031e+02
         vertex 7.052366e+01 9.591481e+01 1.355030e+02
      endloop
   endfacet
   facet normal -9.664875e-01 -2.567126e-01 7.294324e-04
      outer loop
         vertex 7.052366e+01 9.591481e+01 1.355030e+02
         vertex 7.051672e+01 9.594008e+01 1.352031e+02
         vertex 7.052343e+01 9.591481e+01 1.352030e+02
      endloop
   endfacet
   facet normal -9.963824e-01 -8.497920e-02 7.519949e-04
      outer loop
         vertex 7.052366e+01 9.591481e+01 1.355030e+02
         vertex 7.052343e+01 9.591481e+01 1.352030e+02
         vertex 7.052588e+01 9.588876e+01 1.355030e+02
      endloop
   endfacet
   facet normal -9.963824e-01 -8.497920e-02 7.519949e-04
      outer loop
         vertex 7.052588e+01 9.588876e+01 1.355030e+02
         vertex 7.052343e+01 9.591481e+01 1.352030e+02
         vertex 7.052565e+01 9.588876e+01 1.352030e+02
      endloop
   endfacet
   facet normal -9.960020e-01 8.932831e-02 7.517077e-04
      outer loop
         vertex 7.052588e+01 9.588876e+01 1.355030e+02
         vertex 7.052565e+01 9.588876e+01 1.352030e+02
         vertex 7.052354e+01 9.586272e+01 1.355030e+02
      endloop
   endfacet
   facet normal -9.960020e-01 8.932831e-02 7.517077e-04
      outer loop
         vertex 7.052354e+01 9.586272e+01 1.355030e+02
         vertex 7.052565e+01 9.588876e+01 1.352030e+02
         vertex 7.052332e+01 9.586272e+01 1.352030e+02
      endloop
   endfacet
   facet normal -9.653593e-01 2.609233e-01 7.285809e-04
      outer loop
         vertex 7.052354e+01 9.586272e+01 1.355030e+02
         vertex 7.052332e+01 9.586272e+01 1.352030e+02
         vertex 7.051672e+01 9.583747e+01 1.355031e+02
      endloop
   endfacet
   facet normal -9.653593e-01 2.609233e-01 7.285809e-04
      outer loop
         vertex 7.051672e+01 9.583747e+01 1.355031e+02
         vertex 7.052332e+01 9.586272e+01 1.352030e+02
         vertex 7.051650e+01 9.583747e+01 1.352031e+02
      endloop
   endfacet
   facet normal -9.053843e-01 4.245925e-01 6.833163e-04
      outer loop
         vertex 7.051672e+01 9.583747e+01 1.355031e+02
         vertex 7.051650e+01 9.583747e+01 1.352031e+02
         vertex 7.050562e+01 9.581380e+01 1.355031e+02
      endloop
   endfacet
   facet normal -9.053843e-01 4.245925e-01 6.833163e-04
      outer loop
         vertex 7.050562e+01 9.581380e+01 1.355031e+02
         vertex 7.051650e+01 9.583747e+01 1.352031e+02
         vertex 7.050539e+01 9.581380e+01 1.352031e+02
      endloop
   endfacet
   facet normal -8.178967e-01 5.753647e-01 6.172872e-04
      outer loop
         vertex 7.050562e+01 9.581380e+01 1.355031e+02
         vertex 7.050539e+01 9.581380e+01 1.352031e+02
         vertex 7.049058e+01 9.579242e+01 1.355031e+02
      endloop
   endfacet
   facet normal -8.178967e-01 5.753647e-01 6.172872e-04
      outer loop
         vertex 7.049058e+01 9.579242e+01 1.355031e+02
         vertex 7.050539e+01 9.581380e+01 1.352031e+02
         vertex 7.049035e+01 9.579242e+01 1.352031e+02
      endloop
   endfacet
   facet normal -7.055678e-01 7.086422e-01 5.325097e-04
      outer loop
         vertex 7.049058e+01 9.579242e+01 1.355031e+02
         vertex 7.049035e+01 9.579242e+01 1.352031e+02
         vertex 7.047205e+01 9.577397e+01 1.355031e+02
      endloop
   endfacet
   facet normal -7.055678e-01 7.086422e-01 5.325097e-04
      outer loop
         vertex 7.047205e+01 9.577397e+01 1.355031e+02
         vertex 7.049035e+01 9.579242e+01 1.352031e+02
         vertex 7.047182e+01 9.577397e+01 1.352031e+02
      endloop
   endfacet
   facet normal -5.717905e-01 8.203996e-01 4.315447e-04
      outer loop
         vertex 7.047205e+01 9.577397e+01 1.355031e+02
         vertex 7.047182e+01 9.577397e+01 1.352031e+02
         vertex 7.045060e+01 9.575902e+01 1.355031e+02
      endloop
   endfacet
   facet normal -5.717905e-01 8.203996e-01 4.315447e-04
      outer loop
         vertex 7.045060e+01 9.575902e+01 1.355031e+02
         vertex 7.047182e+01 9.577397e+01 1.352031e+02
         vertex 7.045037e+01 9.575902e+01 1.352031e+02
      endloop
   endfacet
   facet normal -4.206445e-01 9.072255e-01 3.174710e-04
      outer loop
         vertex 7.045060e+01 9.575902e+01 1.355031e+02
         vertex 7.045037e+01 9.575902e+01 1.352031e+02
         vertex 7.042688e+01 9.574802e+01 1.355031e+02
      endloop
   endfacet
   facet normal -4.206445e-01 9.072255e-01 3.174710e-04
      outer loop
         vertex 7.042688e+01 9.574802e+01 1.355031e+02
         vertex 7.045037e+01 9.575902e+01 1.352031e+02
         vertex 7.042665e+01 9.574802e+01 1.352031e+02
      endloop
   endfacet
   facet normal -2.567173e-01 9.664865e-01 1.937510e-04
      outer loop
         vertex 7.042688e+01 9.574802e+01 1.355031e+02
         vertex 7.042665e+01 9.574802e+01 1.352031e+02
         vertex 7.040161e+01 9.574131e+01 1.355031e+02
      endloop
   endfacet
   facet normal -2.567173e-01 9.664865e-01 1.937510e-04
      outer loop
         vertex 7.040161e+01 9.574131e+01 1.355031e+02
         vertex 7.042665e+01 9.574802e+01 1.352031e+02
         vertex 7.040138e+01 9.574131e+01 1.352031e+02
      endloop
   endfacet
   facet normal -8.498019e-02 9.963826e-01 6.413668e-05
      outer loop
         vertex 7.040161e+01 9.574131e+01 1.355031e+02
         vertex 7.040138e+01 9.574131e+01 1.352031e+02
         vertex 7.037555e+01 9.573908e+01 1.355032e+02
      endloop
   endfacet
   facet normal -8.498019e-02 9.963826e-01 6.413668e-05
      outer loop
         vertex 7.037555e+01 9.573908e+01 1.355032e+02
         vertex 7.040138e+01 9.574131e+01 1.352031e+02
         vertex 7.037533e+01 9.573908e+01 1.352032e+02
      endloop
   endfacet
   facet normal 8.932305e-02 9.960027e-01 -6.741436e-05
      outer loop
         vertex 7.037555e+01 9.573908e+01 1.355032e+02
         vertex 7.037533e+01 9.573908e+01 1.352032e+02
         vertex 7.034951e+01 9.574142e+01 1.355032e+02
      endloop
   endfacet
   facet normal 8.932305e-02 9.960027e-01 -6.741436e-05
      outer loop
         vertex 7.034951e+01 9.574142e+01 1.355032e+02
         vertex 7.037533e+01 9.573908e+01 1.352032e+02
         vertex 7.034928e+01 9.574142e+01 1.352032e+02
      endloop
   endfacet
   facet normal 2.609399e-01 9.653550e-01 -1.969379e-04
      outer loop
         vertex 7.034951e+01 9.574142e+01 1.355032e+02
         vertex 7.034928e+01 9.574142e+01 1.352032e+02
         vertex 7.032427e+01 9.574824e+01 1.355032e+02
      endloop
   endfacet
   facet normal 2.609399e-01 9.653550e-01 -1.969379e-04
      outer loop
         vertex 7.032427e+01 9.574824e+01 1.355032e+02
         vertex 7.034928e+01 9.574142e+01 1.352032e+02
         vertex 7.032404e+01 9.574824e+01 1.352032e+02
      endloop
   endfacet
   facet normal 4.245767e-01 9.053919e-01 -3.204387e-04
      outer loop
         vertex 7.032427e+01 9.574824e+01 1.355032e+02
         vertex 7.032404e+01 9.574824e+01 1.352032e+02
         vertex 7.030060e+01 9.575934e+01 1.355032e+02
      endloop
   endfacet
   facet normal 4.245767e-01 9.053919e-01 -3.204387e-04
      outer loop
         vertex 7.030060e+01 9.575934e+01 1.355032e+02
         vertex 7.032404e+01 9.574824e+01 1.352032e+02
         vertex 7.030037e+01 9.575934e+01 1.352032e+02
      endloop
   endfacet
   facet normal 5.753628e-01 8.178982e-01 -4.342408e-04
      outer loop
         vertex 7.030060e+01 9.575934e+01 1.355032e+02
         vertex 7.030037e+01 9.575934e+01 1.352032e+02
         vertex 7.027921e+01 9.577439e+01 1.355032e+02
      endloop
   endfacet
   facet normal 5.753628e-01 8.178982e-01 -4.342408e-04
      outer loop
         vertex 7.027921e+01 9.577439e+01 1.355032e+02
         vertex 7.030037e+01 9.575934e+01 1.352032e+02
         vertex 7.027899e+01 9.577439e+01 1.352032e+02
      endloop
   endfacet
   facet normal 7.086428e-01 7.055673e-01 -5.348305e-04
      outer loop
         vertex 7.027921e+01 9.577439e+01 1.355032e+02
         vertex 7.027899e+01 9.577439e+01 1.352032e+02
         vertex 7.026076e+01 9.579292e+01 1.355032e+02
      endloop
   endfacet
   facet normal 7.086428e-01 7.055673e-01 -5.348305e-04
      outer loop
         vertex 7.026076e+01 9.579292e+01 1.355032e+02
         vertex 7.027899e+01 9.577439e+01 1.352032e+02
         vertex 7.026054e+01 9.579292e+01 1.352032e+02
      endloop
   endfacet
   facet normal 8.204021e-01 5.717866e-01 -6.191781e-04
      outer loop
         vertex 7.026076e+01 9.579292e+01 1.355032e+02
         vertex 7.026054e+01 9.579292e+01 1.352032e+02
         vertex 7.024581e+01 9.581437e+01 1.355033e+02
      endloop
   endfacet
   facet normal 8.204021e-01 5.717866e-01 -6.191781e-04
      outer loop
         vertex 7.024581e+01 9.581437e+01 1.355033e+02
         vertex 7.026054e+01 9.579292e+01 1.352032e+02
         vertex 7.024559e+01 9.581437e+01 1.352033e+02
      endloop
   endfacet
   facet normal 9.072275e-01 4.206398e-01 -6.847074e-04
      outer loop
         vertex 7.024581e+01 9.581437e+01 1.355033e+02
         vertex 7.024559e+01 9.581437e+01 1.352033e+02
         vertex 7.023481e+01 9.583809e+01 1.355033e+02
      endloop
   endfacet
   facet normal 9.072275e-01 4.206398e-01 -6.847074e-04
      outer loop
         vertex 7.023481e+01 9.583809e+01 1.355033e+02
         vertex 7.024559e+01 9.581437e+01 1.352033e+02
         vertex 7.023459e+01 9.583809e+01 1.352033e+02
      endloop
   endfacet
   facet normal 9.664875e-01 2.567126e-01 -7.294324e-04
      outer loop
         vertex 7.023481e+01 9.583809e+01 1.355033e+02
         vertex 7.023459e+01 9.583809e+01 1.352033e+02
         vertex 7.022810e+01 9.586336e+01 1.355033e+02
      endloop
   endfacet
   facet normal 9.664875e-01 2.567126e-01 -7.294324e-04
      outer loop
         vertex 7.022810e+01 9.586336e+01 1.355033e+02
         vertex 7.023459e+01 9.583809e+01 1.352033e+02
         vertex 7.022788e+01 9.586336e+01 1.352033e+02
      endloop
   endfacet
   facet normal 9.963824e-01 8.497920e-02 -7.519949e-04
      outer loop
         vertex 7.022810e+01 9.586336e+01 1.355033e+02
         vertex 7.022788e+01 9.586336e+01 1.352033e+02
         vertex 7.022588e+01 9.588941e+01 1.355033e+02
      endloop
   endfacet
   facet normal 9.963824e-01 8.497920e-02 -7.519949e-04
      outer loop
         vertex 7.022588e+01 9.588941e+01 1.355033e+02
         vertex 7.022788e+01 9.586336e+01 1.352033e+02
         vertex 7.022565e+01 9.588941e+01 1.352033e+02
      endloop
   endfacet
   facet normal 9.960026e-01 -8.932097e-02 -7.517082e-04
      outer loop
         vertex 7.022588e+01 9.588941e+01 1.355033e+02
         vertex 7.022565e+01 9.588941e+01 1.352033e+02
         vertex 7.022822e+01 9.591545e+01 1.355033e+02
      endloop
   endfacet
   facet normal 9.960026e-01 -8.932097e-02 -7.517082e-04
      outer loop
         vertex 7.022822e+01 9.591545e+01 1.355033e+02
         vertex 7.022565e+01 9.588941e+01 1.352033e+02
         vertex 7.022799e+01 9.591545e+01 1.352033e+02
      endloop
   endfacet
   facet normal 9.653593e-01 -2.609233e-01 -7.285809e-04
      outer loop
         vertex 7.022822e+01 9.591545e+01 1.355033e+02
         vertex 7.022799e+01 9.591545e+01 1.352033e+02
         vertex 7.023504e+01 9.594069e+01 1.355033e+02
      endloop
   endfacet
   facet normal 9.653593e-01 -2.609233e-01 -7.285809e-04
      outer loop
         vertex 7.023504e+01 9.594069e+01 1.355033e+02
         vertex 7.022799e+01 9.591545e+01 1.352033e+02
         vertex 7.023481e+01 9.594069e+01 1.352033e+02
      endloop
   endfacet
   facet normal 9.053843e-01 -4.245925e-01 -6.833163e-04
      outer loop
         vertex 7.575731e+01 1.110108e+02 1.354991e+02
         vertex 7.575709e+01 1.110108e+02 1.351991e+02
         vertex 7.576842e+01 1.110344e+02 1.354991e+02
      endloop
   endfacet
   facet normal 9.053843e-01 -4.245925e-01 -6.833163e-04
      outer loop
         vertex 7.576842e+01 1.110344e+02 1.354991e+02
         vertex 7.575709e+01 1.110108e+02 1.351991e+02
         vertex 7.576819e+01 1.110344e+02 1.351991e+02
      endloop
   endfacet
   facet normal 8.178967e-01 -5.753647e-01 -6.172872e-04
      outer loop
         vertex 7.576842e+01 1.110344e+02 1.354991e+02
         vertex 7.576819e+01 1.110344e+02 1.351991e+02
         vertex 7.578346e+01 1.110558e+02 1.354991e+02
      endloop
   endfacet
   facet normal 8.178967e-01 -5.753647e-01 -6.172872e-04
      outer loop
         vertex 7.578346e+01 1.110558e+02 1.354991e+02
         vertex 7.576819e+01 1.110344e+02 1.351991e+02
         vertex 7.578323e+01 1.110558e+02 1.351991e+02
      endloop
   endfacet
   facet normal 7.055678e-01 -7.086422e-01 -5.325097e-04
      outer loop
         vertex 7.578346e+01 1.110558e+02 1.354991e+02
         vertex 7.578323e+01 1.110558e+02 1.351991e+02
         vertex 7.580199e+01 1.110743e+02 1.354991e+02
      endloop
   endfacet
   facet normal 7.055678e-01 -7.086422e-01 -5.325097e-04
      outer loop
         vertex 7.580199e+01 1.110743e+02 1.354991e+02
         vertex 7.578323e+01 1.110558e+02 1.351991e+02
         vertex 7.580176e+01 1.110743e+02 1.351991e+02
      endloop
   endfacet
   facet normal 5.717905e-01 -8.203996e-01 -4.315447e-04
      outer loop
         vertex 7.580199e+01 1.110743e+02 1.354991e+02
         vertex 7.580176e+01 1.110743e+02 1.351991e+02
         vertex 7.582344e+01 1.110892e+02 1.354990e+02
      endloop
   endfacet
   facet normal 5.717905e-01 -8.203996e-01 -4.315447e-04
      outer loop
         vertex 7.582344e+01 1.110892e+02 1.354990e+02
         vertex 7.580176e+01 1.110743e+02 1.351991e+02
         vertex 7.582321e+01 1.110892e+02 1.351990e+02
      endloop
   endfacet
   facet normal 4.206445e-01 -9.072255e-01 -3.174710e-04
      outer loop
         vertex 7.582344e+01 1.110892e+02 1.354990e+02
         vertex 7.582321e+01 1.110892e+02 1.351990e+02
         vertex 7.584716e+01 1.111002e+02 1.354990e+02
      endloop
   endfacet
   facet normal 4.206445e-01 -9.072255e-01 -3.174710e-04
      outer loop
         vertex 7.584716e+01 1.111002e+02 1.354990e+02
         vertex 7.582321e+01 1.110892e+02 1.351990e+02
         vertex 7.584693e+01 1.111002e+02 1.351990e+02
      endloop
   endfacet
   facet normal 2.567173e-01 -9.664865e-01 -1.937510e-04
      outer loop
         vertex 7.584716e+01 1.111002e+02 1.354990e+02
         vertex 7.584693e+01 1.111002e+02 1.351990e+02
         vertex 7.587243e+01 1.111069e+02 1.354990e+02
      endloop
   endfacet
   facet normal 2.567173e-01 -9.664865e-01 -1.937510e-04
      outer loop
         vertex 7.587243e+01 1.111069e+02 1.354990e+02
         vertex 7.584693e+01 1.111002e+02 1.351990e+02
         vertex 7.587220e+01 1.111069e+02 1.351990e+02
      endloop
   endfacet
   facet normal 8.498019e-02 -9.963826e-01 -6.413668e-05
      outer loop
         vertex 7.587243e+01 1.111069e+02 1.354990e+02
         vertex 7.587220e+01 1.111069e+02 1.351990e+02
         vertex 7.589848e+01 1.111092e+02 1.354990e+02
      endloop
   endfacet
   facet normal 8.498019e-02 -9.963826e-01 -6.413668e-05
      outer loop
         vertex 7.589848e+01 1.111092e+02 1.354990e+02
         vertex 7.587220e+01 1.111069e+02 1.351990e+02
         vertex 7.589826e+01 1.111092e+02 1.351990e+02
      endloop
   endfacet
   facet normal -8.932305e-02 -9.960027e-01 6.741436e-05
      outer loop
         vertex 7.589848e+01 1.111092e+02 1.354990e+02
         vertex 7.589826e+01 1.111092e+02 1.351990e+02
         vertex 7.592453e+01 1.111068e+02 1.354990e+02
      endloop
   endfacet
   facet normal -8.932305e-02 -9.960027e-01 6.741436e-05
      outer loop
         vertex 7.592453e+01 1.111068e+02 1.354990e+02
         vertex 7.589826e+01 1.111092e+02 1.351990e+02
         vertex 7.592430e+01 1.111068e+02 1.351990e+02
      endloop
   endfacet
   facet normal -2.609399e-01 -9.653550e-01 1.969379e-04
      outer loop
         vertex 7.592453e+01 1.111068e+02 1.354990e+02
         vertex 7.592430e+01 1.111068e+02 1.351990e+02
         vertex 7.594977e+01 1.111000e+02 1.354990e+02
      endloop
   endfacet
   facet normal -2.609399e-01 -9.653550e-01 1.969379e-04
      outer loop
         vertex 7.594977e+01 1.111000e+02 1.354990e+02
         vertex 7.592430e+01 1.111068e+02 1.351990e+02
         vertex 7.594954e+01 1.111000e+02 1.351990e+02
      endloop
   endfacet
   facet normal -4.245767e-01 -9.053919e-01 3.204387e-04
      outer loop
         vertex 7.594977e+01 1.111000e+02 1.354990e+02
         vertex 7.594954e+01 1.111000e+02 1.351990e+02
         vertex 7.597344e+01 1.110889e+02 1.354989e+02
      endloop
   endfacet
   facet normal -4.245767e-01 -9.053919e-01 3.204387e-04
      outer loop
         vertex 7.597344e+01 1.110889e+02 1.354989e+02
         vertex 7.594954e+01 1.111000e+02 1.351990e+02
         vertex 7.597321e+01 1.110889e+02 1.351989e+02
      endloop
   endfacet
   facet normal -5.753628e-01 -8.178982e-01 4.342408e-04
      outer loop
         vertex 7.597344e+01 1.110889e+02 1.354989e+02
         vertex 7.597321e+01 1.110889e+02 1.351989e+02
         vertex 7.599482e+01 1.110738e+02 1.354989e+02
      endloop
   endfacet
   facet normal -5.753628e-01 -8.178982e-01 4.342408e-04
      outer loop
         vertex 7.599482e+01 1.110738e+02 1.354989e+02
         vertex 7.597321e+01 1.110889e+02 1.351989e+02
         vertex 7.599460e+01 1.110738e+02 1.351989e+02
      endloop
   endfacet
   facet normal -7.086428e-01 -7.055673e-01 5.348305e-04
      outer loop
         vertex 7.599482e+01 1.110738e+02 1.354989e+02
         vertex 7.599460e+01 1.110738e+02 1.351989e+02
         vertex 7.601327e+01 1.110553e+02 1.354989e+02
      endloop
   endfacet
   facet normal -7.086428e-01 -7.055673e-01 5.348305e-04
      outer loop
         vertex 7.601327e+01 1.110553e+02 1.354989e+02
         vertex 7.599460e+01 1.110738e+02 1.351989e+02
         vertex 7.601305e+01 1.110553e+02 1.351989e+02
      endloop
   endfacet
   facet normal -8.204021e-01 -5.717866e-01 6.191781e-04
      outer loop
         vertex 7.601327e+01 1.110553e+02 1.354989e+02
         vertex 7.601305e+01 1.110553e+02 1.351989e+02
         vertex 7.602822e+01 1.110339e+02 1.354989e+02
      endloop
   endfacet
   facet normal -8.204021e-01 -5.717866e-01 6.191781e-04
      outer loop
         vertex 7.602822e+01 1.110339e+02 1.354989e+02
         vertex 7.601305e+01 1.110553e+02 1.351989e+02
         vertex 7.602800e+01 1.110339e+02 1.351989e+02
      endloop
   endfacet
   facet normal -9.072275e-01 -4.206398e-01 6.847074e-04
      outer loop
         vertex 7.602822e+01 1.110339e+02 1.354989e+02
         vertex 7.602800e+01 1.110339e+02 1.351989e+02
         vertex 7.603922e+01 1.110101e+02 1.354989e+02
      endloop
   endfacet
   facet normal -9.072275e-01 -4.206398e-01 6.847074e-04
      outer loop
         vertex 7.603922e+01 1.110101e+02 1.354989e+02
         vertex 7.602800e+01 1.110339e+02 1.351989e+02
         vertex 7.603900e+01 1.110101e+02 1.351989e+02
      endloop
   endfacet
   facet normal -9.664875e-01 -2.567126e-01 7.294324e-04
      outer loop
         vertex 7.603922e+01 1.110101e+02 1.354989e+02
         vertex 7.603900e+01 1.110101e+02 1.351989e+02
         vertex 7.604593e+01 1.109849e+02 1.354989e+02
      endloop
   endfacet
   facet normal -9.664875e-01 -2.567126e-01 7.294324e-04
      outer loop
         vertex 7.604593e+01 1.109849e+02 1.354989e+02
         vertex 7.603900e+01 1.110101e+02 1.351989e+02
         vertex 7.604571e+01 1.109849e+02 1.351989e+02
      endloop
   endfacet
   facet normal -9.963824e-01 -8.497920e-02 7.519949e-04
      outer loop
         vertex 7.604593e+01 1.109849e+02 1.354989e+02
         vertex 7.604571e+01 1.109849e+02 1.351989e+02
         vertex 7.604816e+01 1.109588e+02 1.354989e+02
      endloop
   endfacet
   facet normal -9.963824e-01 -8.497920e-02 7.519949e-04
      outer loop
         vertex 7.604816e+01 1.109588e+02 1.354989e+02
         vertex 7.604571e+01 1.109849e+02 1.351989e+02
         vertex 7.604793e+01 1.109588e+02 1.351989e+02
      endloop
   endfacet
   facet normal -9.960026e-01 8.932097e-02 7.517082e-04
      outer loop
         vertex 7.604816e+01 1.109588e+02 1.354989e+02
         vertex 7.604793e+01 1.109588e+02 1.351989e+02
         vertex 7.604582e+01 1.109328e+02 1.354989e+02
      endloop
   endfacet
   facet normal -9.960026e-01 8.932097e-02 7.517082e-04
      outer loop
         vertex 7.604582e+01 1.109328e+02 1.354989e+02
         vertex 7.604793e+01 1.109588e+02 1.351989e+02
         vertex 7.604559e+01 1.109328e+02 1.351989e+02
      endloop
   endfacet
   facet normal -9.653593e-01 2.609233e-01 7.285809e-04
      outer loop
         vertex 7.604582e+01 1.109328e+02 1.354989e+02
         vertex 7.604559e+01 1.109328e+02 1.351989e+02
         vertex 7.603900e+01 1.109075e+02 1.354989e+02
      endloop
   endfacet
   facet normal -9.653593e-01 2.609233e-01 7.285809e-04
      outer loop
         vertex 7.603900e+01 1.109075e+02 1.354989e+02
         vertex 7.604559e+01 1.109328e+02 1.351989e+02
         vertex 7.603877e+01 1.109075e+02 1.351989e+02
      endloop
   endfacet
   facet normal -9.053843e-01 4.245925e-01 6.833163e-04
      outer loop
         vertex 7.603900e+01 1.109075e+02 1.354989e+02
         vertex 7.603877e+01 1.109075e+02 1.351989e+02
         vertex 7.602790e+01 1.108839e+02 1.354989e+02
      endloop
   endfacet
   facet normal -9.053843e-01 4.245925e-01 6.833163e-04
      outer loop
         vertex 7.602790e+01 1.108839e+02 1.354989e+02
         vertex 7.603877e+01 1.109075e+02 1.351989e+02
         vertex 7.602767e+01 1.108839e+02 1.351989e+02
      endloop
   endfacet
   facet normal -8.179010e-01 5.753587e-01 6.172904e-04
      outer loop
         vertex 7.602790e+01 1.108839e+02 1.354989e+02
         vertex 7.602767e+01 1.108839e+02 1.351989e+02
         vertex 7.601285e+01 1.108625e+02 1.354989e+02
      endloop
   endfacet
   facet normal -8.179010e-01 5.753587e-01 6.172904e-04
      outer loop
         vertex 7.601285e+01 1.108625e+02 1.354989e+02
         vertex 7.602767e+01 1.108839e+02 1.351989e+02
         vertex 7.601263e+01 1.108625e+02 1.351989e+02
      endloop
   endfacet
   facet normal -7.055678e-01 7.086422e-01 5.325097e-04
      outer loop
         vertex 7.601285e+01 1.108625e+02 1.354989e+02
         vertex 7.601263e+01 1.108625e+02 1.351989e+02
         vertex 7.599432e+01 1.108440e+02 1.354989e+02
      endloop
   endfacet
   facet normal -7.055678e-01 7.086422e-01 5.325097e-04
      outer loop
         vertex 7.599432e+01 1.108440e+02 1.354989e+02
         vertex 7.601263e+01 1.108625e+02 1.351989e+02
         vertex 7.599410e+01 1.108440e+02 1.351989e+02
      endloop
   endfacet
   facet normal -5.717905e-01 8.203996e-01 4.315447e-04
      outer loop
         vertex 7.599432e+01 1.108440e+02 1.354989e+02
         vertex 7.599410e+01 1.108440e+02 1.351989e+02
         vertex 7.597287e+01 1.108291e+02 1.354989e+02
      endloop
   endfacet
   facet normal -5.717905e-01 8.203996e-01 4.315447e-04
      outer loop
         vertex 7.597287e+01 1.108291e+02 1.354989e+02
         vertex 7.599410e+01 1.108440e+02 1.351989e+02
         vertex 7.597265e+01 1.108291e+02 1.351989e+02
      endloop
   endfacet
   facet normal -4.206262e-01 9.072340e-01 3.174572e-04
      outer loop
         vertex 7.597287e+01 1.108291e+02 1.354989e+02
         vertex 7.597265e+01 1.108291e+02 1.351989e+02
         vertex 7.594915e+01 1.108181e+02 1.354990e+02
      endloop
   endfacet
   facet normal -4.206262e-01 9.072340e-01 3.174572e-04
      outer loop
         vertex 7.594915e+01 1.108181e+02 1.354990e+02
         vertex 7.597265e+01 1.108291e+02 1.351989e+02
         vertex 7.594893e+01 1.108181e+02 1.351990e+02
      endloop
   endfacet
   facet normal -2.567173e-01 9.664865e-01 1.937510e-04
      outer loop
         vertex 7.594915e+01 1.108181e+02 1.354990e+02
         vertex 7.594893e+01 1.108181e+02 1.351990e+02
         vertex 7.592388e+01 1.108114e+02 1.354990e+02
      endloop
   endfacet
   facet normal -2.567173e-01 9.664865e-01 1.937510e-04
      outer loop
         vertex 7.592388e+01 1.108114e+02 1.354990e+02
         vertex 7.594893e+01 1.108181e+02 1.351990e+02
         vertex 7.592366e+01 1.108114e+02 1.351990e+02
      endloop
   endfacet
   facet normal -8.498019e-02 9.963826e-01 6.413668e-05
      outer loop
         vertex 7.592388e+01 1.108114e+02 1.354990e+02
         vertex 7.592366e+01 1.108114e+02 1.351990e+02
         vertex 7.589783e+01 1.108092e+02 1.354990e+02
      endloop
   endfacet
   facet normal -8.498019e-02 9.963826e-01 6.413668e-05
      outer loop
         vertex 7.589783e+01 1.108092e+02 1.354990e+02
         vertex 7.592366e+01 1.108114e+02 1.351990e+02
         vertex 7.589760e+01 1.108092e+02 1.351990e+02
      endloop
   endfacet
   facet normal 8.932305e-02 9.960027e-01 -6.741436e-05
      outer loop
         vertex 7.589783e+01 1.108092e+02 1.354990e+02
         vertex 7.589760e+01 1.108092e+02 1.351990e+02
         vertex 7.587179e+01 1.108115e+02 1.354990e+02
      endloop
   endfacet
   facet normal 8.932305e-02 9.960027e-01 -6.741436e-05
      outer loop
         vertex 7.587179e+01 1.108115e+02 1.354990e+02
         vertex 7.589760e+01 1.108092e+02 1.351990e+02
         vertex 7.587156e+01 1.108115e+02 1.351990e+02
      endloop
   endfacet
   facet normal 2.609125e-01 9.653624e-01 -1.969172e-04
      outer loop
         vertex 7.587179e+01 1.108115e+02 1.354990e+02
         vertex 7.587156e+01 1.108115e+02 1.351990e+02
         vertex 7.584655e+01 1.108183e+02 1.354990e+02
      endloop
   endfacet
   facet normal 2.609125e-01 9.653624e-01 -1.969172e-04
      outer loop
         vertex 7.584655e+01 1.108183e+02 1.354990e+02
         vertex 7.587156e+01 1.108115e+02 1.351990e+02
         vertex 7.584632e+01 1.108183e+02 1.351990e+02
      endloop
   endfacet
   facet normal 4.246024e-01 9.053799e-01 -3.204581e-04
      outer loop
         vertex 7.584655e+01 1.108183e+02 1.354990e+02
         vertex 7.584632e+01 1.108183e+02 1.351990e+02
         vertex 7.582287e+01 1.108294e+02 1.354991e+02
      endloop
   endfacet
   facet normal 4.246024e-01 9.053799e-01 -3.204581e-04
      outer loop
         vertex 7.582287e+01 1.108294e+02 1.354991e+02
         vertex 7.584632e+01 1.108183e+02 1.351990e+02
         vertex 7.582265e+01 1.108294e+02 1.351991e+02
      endloop
   endfacet
   facet normal 5.753628e-01 8.178982e-01 -4.342408e-04
      outer loop
         vertex 7.582287e+01 1.108294e+02 1.354991e+02
         vertex 7.582265e+01 1.108294e+02 1.351991e+02
         vertex 7.580149e+01 1.108445e+02 1.354991e+02
      endloop
   endfacet
   facet normal 5.753628e-01 8.178982e-01 -4.342408e-04
      outer loop
         vertex 7.580149e+01 1.108445e+02 1.354991e+02
         vertex 7.582265e+01 1.108294e+02 1.351991e+02
         vertex 7.580126e+01 1.108445e+02 1.351991e+02
      endloop
   endfacet
   facet normal 7.086428e-01 7.055673e-01 -5.348305e-04
      outer loop
         vertex 7.580149e+01 1.108445e+02 1.354991e+02
         vertex 7.580126e+01 1.108445e+02 1.351991e+02
         vertex 7.578304e+01 1.108630e+02 1.354991e+02
      endloop
   endfacet
   facet normal 7.086428e-01 7.055673e-01 -5.348305e-04
      outer loop
         vertex 7.578304e+01 1.108630e+02 1.354991e+02
         vertex 7.580126e+01 1.108445e+02 1.351991e+02
         vertex 7.578281e+01 1.108630e+02 1.351991e+02
      endloop
   endfacet
   facet normal 8.204021e-01 5.717866e-01 -6.191781e-04
      outer loop
         vertex 7.578304e+01 1.108630e+02 1.354991e+02
         vertex 7.578281e+01 1.108630e+02 1.351991e+02
         vertex 7.576809e+01 1.108844e+02 1.354991e+02
      endloop
   endfacet
   facet normal 8.204021e-01 5.717866e-01 -6.191781e-04
      outer loop
         vertex 7.576809e+01 1.108844e+02 1.354991e+02
         vertex 7.578281e+01 1.108630e+02 1.351991e+02
         vertex 7.576786e+01 1.108844e+02 1.351991e+02
      endloop
   endfacet
   facet normal 9.072190e-01 4.206580e-01 -6.847010e-04
      outer loop
         vertex 7.576809e+01 1.108844e+02 1.354991e+02
         vertex 7.576786e+01 1.108844e+02 1.351991e+02
         vertex 7.575709e+01 1.109082e+02 1.354991e+02
      endloop
   endfacet
   facet normal 9.072190e-01 4.206580e-01 -6.847010e-04
      outer loop
         vertex 7.575709e+01 1.109082e+02 1.354991e+02
         vertex 7.576786e+01 1.108844e+02 1.351991e+02
         vertex 7.575686e+01 1.109082e+02 1.351991e+02
      endloop
   endfacet
   facet normal 9.664875e-01 2.567126e-01 -7.294324e-04
      outer loop
         vertex 7.575709e+01 1.109082e+02 1.354991e+02
         vertex 7.575686e+01 1.109082e+02 1.351991e+02
         vertex 7.575038e+01 1.109334e+02 1.354991e+02
      endloop
   endfacet
   facet normal 9.664875e-01 2.567126e-01 -7.294324e-04
      outer loop
         vertex 7.575038e+01 1.109334e+02 1.354991e+02
         vertex 7.575686e+01 1.109082e+02 1.351991e+02
         vertex 7.575015e+01 1.109334e+02 1.351991e+02
      endloop
   endfacet
   facet normal 9.963824e-01 8.497920e-02 -7.519949e-04
      outer loop
         vertex 7.575038e+01 1.109334e+02 1.354991e+02
         vertex 7.575015e+01 1.109334e+02 1.351991e+02
         vertex 7.574816e+01 1.109595e+02 1.354991e+02
      endloop
   endfacet
   facet normal 9.963824e-01 8.497920e-02 -7.519949e-04
      outer loop
         vertex 7.574816e+01 1.109595e+02 1.354991e+02
         vertex 7.575015e+01 1.109334e+02 1.351991e+02
         vertex 7.574793e+01 1.109595e+02 1.351991e+02
      endloop
   endfacet
   facet normal 9.960020e-01 -8.932831e-02 -7.517077e-04
      outer loop
         vertex 7.574816e+01 1.109595e+02 1.354991e+02
         vertex 7.574793e+01 1.109595e+02 1.351991e+02
         vertex 7.575049e+01 1.109855e+02 1.354991e+02
      endloop
   endfacet
   facet normal 9.960020e-01 -8.932831e-02 -7.517077e-04
      outer loop
         vertex 7.575049e+01 1.109855e+02 1.354991e+02
         vertex 7.574793e+01 1.109595e+02 1.351991e+02
         vertex 7.575027e+01 1.109855e+02 1.351991e+02
      endloop
   endfacet
   facet normal 9.653593e-01 -2.609233e-01 -7.285809e-04
      outer loop
         vertex 7.575049e+01 1.109855e+02 1.354991e+02
         vertex 7.575027e+01 1.109855e+02 1.351991e+02
         vertex 7.575731e+01 1.110108e+02 1.354991e+02
      endloop
   endfacet
   facet normal 9.653593e-01 -2.609233e-01 -7.285809e-04
      outer loop
         vertex 7.575731e+01 1.110108e+02 1.354991e+02
         vertex 7.575027e+01 1.109855e+02 1.351991e+02
         vertex 7.575709e+01 1.110108e+02 1.351991e+02
      endloop
   endfacet
   facet normal 9.053842e-01 -4.245928e-01 -6.833162e-04
      outer loop
         vertex 7.525625e+01 1.104426e+02 1.354995e+02
         vertex 7.525603e+01 1.104426e+02 1.351995e+02
         vertex 7.528771e+01 1.105097e+02 1.354995e+02
      endloop
   endfacet
   facet normal 9.053842e-01 -4.245928e-01 -6.833162e-04
      outer loop
         vertex 7.528771e+01 1.105097e+02 1.354995e+02
         vertex 7.525603e+01 1.104426e+02 1.351995e+02
         vertex 7.528748e+01 1.105097e+02 1.351995e+02
      endloop
   endfacet
   facet normal 8.179005e-01 -5.753594e-01 -6.172901e-04
      outer loop
         vertex 7.528771e+01 1.105097e+02 1.354995e+02
         vertex 7.528748e+01 1.105097e+02 1.351995e+02
         vertex 7.533033e+01 1.105703e+02 1.354994e+02
      endloop
   endfacet
   facet normal 8.179005e-01 -5.753594e-01 -6.172901e-04
      outer loop
         vertex 7.533033e+01 1.105703e+02 1.354994e+02
         vertex 7.528748e+01 1.105097e+02 1.351995e+02
         vertex 7.533011e+01 1.105703e+02 1.351994e+02
      endloop
   endfacet
   facet normal 7.055617e-01 -7.086483e-01 -5.325052e-04
      outer loop
         vertex 7.533033e+01 1.105703e+02 1.354994e+02
         vertex 7.533011e+01 1.105703e+02 1.351994e+02
         vertex 7.538283e+01 1.106226e+02 1.354994e+02
      endloop
   endfacet
   facet normal 7.055617e-01 -7.086483e-01 -5.325052e-04
      outer loop
         vertex 7.538283e+01 1.106226e+02 1.354994e+02
         vertex 7.533011e+01 1.105703e+02 1.351994e+02
         vertex 7.538260e+01 1.106226e+02 1.351994e+02
      endloop
   endfacet
   facet normal 5.717912e-01 -8.203990e-01 -4.315452e-04
      outer loop
         vertex 7.538283e+01 1.106226e+02 1.354994e+02
         vertex 7.538260e+01 1.106226e+02 1.351994e+02
         vertex 7.544361e+01 1.106649e+02 1.354993e+02
      endloop
   endfacet
   facet normal 5.717912e-01 -8.203990e-01 -4.315452e-04
      outer loop
         vertex 7.544361e+01 1.106649e+02 1.354993e+02
         vertex 7.538260e+01 1.106226e+02 1.351994e+02
         vertex 7.544338e+01 1.106649e+02 1.351993e+02
      endloop
   endfacet
   facet normal 4.206433e-01 -9.072261e-01 -3.174701e-04
      outer loop
         vertex 7.544361e+01 1.106649e+02 1.354993e+02
         vertex 7.544338e+01 1.106649e+02 1.351993e+02
         vertex 7.551082e+01 1.106961e+02 1.354993e+02
      endloop
   endfacet
   facet normal 4.206433e-01 -9.072261e-01 -3.174701e-04
      outer loop
         vertex 7.551082e+01 1.106961e+02 1.354993e+02
         vertex 7.544338e+01 1.106649e+02 1.351993e+02
         vertex 7.551059e+01 1.106961e+02 1.351993e+02
      endloop
   endfacet
   facet normal 2.567161e-01 -9.664868e-01 -1.937501e-04
      outer loop
         vertex 7.551082e+01 1.106961e+02 1.354993e+02
         vertex 7.551059e+01 1.106961e+02 1.351993e+02
         vertex 7.558242e+01 1.107151e+02 1.354992e+02
      endloop
   endfacet
   facet normal 2.567161e-01 -9.664868e-01 -1.937501e-04
      outer loop
         vertex 7.558242e+01 1.107151e+02 1.354992e+02
         vertex 7.551059e+01 1.106961e+02 1.351993e+02
         vertex 7.558219e+01 1.107151e+02 1.351992e+02
      endloop
   endfacet
   facet normal 8.497859e-02 -9.963828e-01 -6.413548e-05
      outer loop
         vertex 7.558242e+01 1.107151e+02 1.354992e+02
         vertex 7.558219e+01 1.107151e+02 1.351992e+02
         vertex 7.565623e+01 1.107214e+02 1.354992e+02
      endloop
   endfacet
   facet normal 8.497859e-02 -9.963828e-01 -6.413548e-05
      outer loop
         vertex 7.565623e+01 1.107214e+02 1.354992e+02
         vertex 7.558219e+01 1.107151e+02 1.351992e+02
         vertex 7.565600e+01 1.107214e+02 1.351992e+02
      endloop
   endfacet
   facet normal -8.932466e-02 -9.960026e-01 6.741557e-05
      outer loop
         vertex 7.565623e+01 1.107214e+02 1.354992e+02
         vertex 7.565600e+01 1.107214e+02 1.351992e+02
         vertex 7.573002e+01 1.107148e+02 1.354991e+02
      endloop
   endfacet
   facet normal -8.932466e-02 -9.960026e-01 6.741557e-05
      outer loop
         vertex 7.573002e+01 1.107148e+02 1.354991e+02
         vertex 7.565600e+01 1.107214e+02 1.351992e+02
         vertex 7.572979e+01 1.107148e+02 1.351991e+02
      endloop
   endfacet
   facet normal -2.609238e-01 -9.653594e-01 1.969257e-04
      outer loop
         vertex 7.573002e+01 1.107148e+02 1.354991e+02
         vertex 7.572979e+01 1.107148e+02 1.351991e+02
         vertex 7.580153e+01 1.106955e+02 1.354991e+02
      endloop
   endfacet
   facet normal -2.609238e-01 -9.653594e-01 1.969257e-04
      outer loop
         vertex 7.580153e+01 1.106955e+02 1.354991e+02
         vertex 7.572979e+01 1.107148e+02 1.351991e+02
         vertex 7.580131e+01 1.106955e+02 1.351991e+02
      endloop
   endfacet
   facet normal -4.245918e-01 -9.053848e-01 3.204501e-04
      outer loop
         vertex 7.580153e+01 1.106955e+02 1.354991e+02
         vertex 7.580131e+01 1.106955e+02 1.351991e+02
         vertex 7.586861e+01 1.106640e+02 1.354990e+02
      endloop
   endfacet
   facet normal -4.245918e-01 -9.053848e-01 3.204501e-04
      outer loop
         vertex 7.586861e+01 1.106640e+02 1.354990e+02
         vertex 7.580131e+01 1.106955e+02 1.351991e+02
         vertex 7.586838e+01 1.106640e+02 1.351990e+02
      endloop
   endfacet
   facet normal -5.753615e-01 -8.178991e-01 4.342398e-04
      outer loop
         vertex 7.586861e+01 1.106640e+02 1.354990e+02
         vertex 7.586838e+01 1.106640e+02 1.351990e+02
         vertex 7.592920e+01 1.106214e+02 1.354990e+02
      endloop
   endfacet
   facet normal -5.753615e-01 -8.178991e-01 4.342398e-04
      outer loop
         vertex 7.592920e+01 1.106214e+02 1.354990e+02
         vertex 7.586838e+01 1.106640e+02 1.351990e+02
         vertex 7.592897e+01 1.106214e+02 1.351990e+02
      endloop
   endfacet
   facet normal -7.086416e-01 -7.055684e-01 5.348297e-04
      outer loop
         vertex 7.592920e+01 1.106214e+02 1.354990e+02
         vertex 7.592897e+01 1.106214e+02 1.351990e+02
         vertex 7.598147e+01 1.105689e+02 1.354989e+02
      endloop
   endfacet
   facet normal -7.086416e-01 -7.055684e-01 5.348297e-04
      outer loop
         vertex 7.598147e+01 1.105689e+02 1.354989e+02
         vertex 7.592897e+01 1.106214e+02 1.351990e+02
         vertex 7.598124e+01 1.105689e+02 1.351989e+02
      endloop
   endfacet
   facet normal -8.204014e-01 -5.717877e-01 6.191776e-04
      outer loop
         vertex 7.598147e+01 1.105689e+02 1.354989e+02
         vertex 7.598124e+01 1.105689e+02 1.351989e+02
         vertex 7.602383e+01 1.105081e+02 1.354989e+02
      endloop
   endfacet
   facet normal -8.204014e-01 -5.717877e-01 6.191776e-04
      outer loop
         vertex 7.602383e+01 1.105081e+02 1.354989e+02
         vertex 7.598124e+01 1.105689e+02 1.351989e+02
         vertex 7.602360e+01 1.105081e+02 1.351989e+02
      endloop
   endfacet
   facet normal -9.072269e-01 -4.206410e-01 6.847070e-04
      outer loop
         vertex 7.602383e+01 1.105081e+02 1.354989e+02
         vertex 7.602360e+01 1.105081e+02 1.351989e+02
         vertex 7.605499e+01 1.104409e+02 1.354989e+02
      endloop
   endfacet
   facet normal -9.072269e-01 -4.206410e-01 6.847070e-04
      outer loop
         vertex 7.605499e+01 1.104409e+02 1.354989e+02
         vertex 7.602360e+01 1.105081e+02 1.351989e+02
         vertex 7.605476e+01 1.104409e+02 1.351989e+02
      endloop
   endfacet
   facet normal -9.664877e-01 -2.567117e-01 7.294326e-04
      outer loop
         vertex 7.605499e+01 1.104409e+02 1.354989e+02
         vertex 7.605476e+01 1.104409e+02 1.351989e+02
         vertex 7.607401e+01 1.103693e+02 1.354989e+02
      endloop
   endfacet
   facet normal -9.664877e-01 -2.567117e-01 7.294326e-04
      outer loop
         vertex 7.607401e+01 1.103693e+02 1.354989e+02
         vertex 7.605476e+01 1.104409e+02 1.351989e+02
         vertex 7.607378e+01 1.103693e+02 1.351989e+02
      endloop
   endfacet
   facet normal -9.963817e-01 -8.498769e-02 7.519943e-04
      outer loop
         vertex 7.607401e+01 1.103693e+02 1.354989e+02
         vertex 7.607378e+01 1.103693e+02 1.351989e+02
         vertex 7.608030e+01 1.102955e+02 1.354989e+02
      endloop
   endfacet
   facet normal -9.963817e-01 -8.498769e-02 7.519943e-04
      outer loop
         vertex 7.608030e+01 1.102955e+02 1.354989e+02
         vertex 7.607378e+01 1.103693e+02 1.351989e+02
         vertex 7.608008e+01 1.102955e+02 1.351989e+02
      endloop
   endfacet
   facet normal -9.960020e-01 8.932745e-02 7.517078e-04
      outer loop
         vertex 7.608030e+01 1.102955e+02 1.354989e+02
         vertex 7.608008e+01 1.102955e+02 1.351989e+02
         vertex 7.607369e+01 1.102217e+02 1.354989e+02
      endloop
   endfacet
   facet normal -9.960020e-01 8.932745e-02 7.517078e-04
      outer loop
         vertex 7.607369e+01 1.102217e+02 1.354989e+02
         vertex 7.608008e+01 1.102955e+02 1.351989e+02
         vertex 7.607346e+01 1.102217e+02 1.351989e+02
      endloop
   endfacet
   facet normal -9.653594e-01 2.609230e-01 7.285810e-04
      outer loop
         vertex 7.607369e+01 1.102217e+02 1.354989e+02
         vertex 7.607346e+01 1.102217e+02 1.351989e+02
         vertex 7.605436e+01 1.101502e+02 1.354989e+02
      endloop
   endfacet
   facet normal -9.653594e-01 2.609230e-01 7.285810e-04
      outer loop
         vertex 7.605436e+01 1.101502e+02 1.354989e+02
         vertex 7.607346e+01 1.102217e+02 1.351989e+02
         vertex 7.605413e+01 1.101502e+02 1.351989e+02
      endloop
   endfacet
   facet normal -9.053846e-01 4.245920e-01 6.833165e-04
      outer loop
         vertex 7.605436e+01 1.101502e+02 1.354989e+02
         vertex 7.605413e+01 1.101502e+02 1.351989e+02
         vertex 7.602290e+01 1.100831e+02 1.354989e+02
      endloop
   endfacet
   facet normal -9.053846e-01 4.245920e-01 6.833165e-04
      outer loop
         vertex 7.602290e+01 1.100831e+02 1.354989e+02
         vertex 7.605413e+01 1.101502e+02 1.351989e+02
         vertex 7.602267e+01 1.100831e+02 1.351989e+02
      endloop
   endfacet
   facet normal -8.178990e-01 5.753615e-01 6.172889e-04
      outer loop
         vertex 7.602290e+01 1.100831e+02 1.354989e+02
         vertex 7.602267e+01 1.100831e+02 1.351989e+02
         vertex 7.598028e+01 1.100225e+02 1.354989e+02
      endloop
   endfacet
   facet normal -8.178990e-01 5.753615e-01 6.172889e-04
      outer loop
         vertex 7.598028e+01 1.100225e+02 1.354989e+02
         vertex 7.602267e+01 1.100831e+02 1.351989e+02
         vertex 7.598005e+01 1.100225e+02 1.351989e+02
      endloop
   endfacet
   facet normal -7.055647e-01 7.086453e-01 5.325075e-04
      outer loop
         vertex 7.598028e+01 1.100225e+02 1.354989e+02
         vertex 7.598005e+01 1.100225e+02 1.351989e+02
         vertex 7.592778e+01 1.099703e+02 1.354990e+02
      endloop
   endfacet
   facet normal -7.055647e-01 7.086453e-01 5.325075e-04
      outer loop
         vertex 7.592778e+01 1.099703e+02 1.354990e+02
         vertex 7.598005e+01 1.100225e+02 1.351989e+02
         vertex 7.592755e+01 1.099703e+02 1.351990e+02
      endloop
   endfacet
   facet normal -5.717912e-01 8.203990e-01 4.315452e-04
      outer loop
         vertex 7.592778e+01 1.099703e+02 1.354990e+02
         vertex 7.592755e+01 1.099703e+02 1.351990e+02
         vertex 7.586700e+01 1.099279e+02 1.354990e+02
      endloop
   endfacet
   facet normal -5.717912e-01 8.203990e-01 4.315452e-04
      outer loop
         vertex 7.586700e+01 1.099279e+02 1.354990e+02
         vertex 7.592755e+01 1.099703e+02 1.351990e+02
         vertex 7.586677e+01 1.099279e+02 1.351990e+02
      endloop
   endfacet
   facet normal -4.206368e-01 9.072291e-01 3.174652e-04
      outer loop
         vertex 7.586700e+01 1.099279e+02 1.354990e+02
         vertex 7.586677e+01 1.099279e+02 1.351990e+02
         vertex 7.579979e+01 1.098967e+02 1.354991e+02
      endloop
   endfacet
   facet normal -4.206368e-01 9.072291e-01 3.174652e-04
      outer loop
         vertex 7.579979e+01 1.098967e+02 1.354991e+02
         vertex 7.586677e+01 1.099279e+02 1.351990e+02
         vertex 7.579957e+01 1.098967e+02 1.351991e+02
      endloop
   endfacet
   facet normal -2.567161e-01 9.664868e-01 1.937501e-04
      outer loop
         vertex 7.579979e+01 1.098967e+02 1.354991e+02
         vertex 7.579957e+01 1.098967e+02 1.351991e+02
         vertex 7.572819e+01 1.098777e+02 1.354991e+02
      endloop
   endfacet
   facet normal -2.567161e-01 9.664868e-01 1.937501e-04
      outer loop
         vertex 7.572819e+01 1.098777e+02 1.354991e+02
         vertex 7.579957e+01 1.098967e+02 1.351991e+02
         vertex 7.572797e+01 1.098777e+02 1.351991e+02
      endloop
   endfacet
   facet normal -8.498768e-02 9.963820e-01 6.414234e-05
      outer loop
         vertex 7.572819e+01 1.098777e+02 1.354991e+02
         vertex 7.572797e+01 1.098777e+02 1.351991e+02
         vertex 7.565438e+01 1.098714e+02 1.354992e+02
      endloop
   endfacet
   facet normal -8.498768e-02 9.963820e-01 6.414234e-05
      outer loop
         vertex 7.565438e+01 1.098714e+02 1.354992e+02
         vertex 7.572797e+01 1.098777e+02 1.351991e+02
         vertex 7.565415e+01 1.098714e+02 1.351992e+02
      endloop
   endfacet
   facet normal 8.932466e-02 9.960026e-01 -6.741557e-05
      outer loop
         vertex 7.565438e+01 1.098714e+02 1.354992e+02
         vertex 7.565415e+01 1.098714e+02 1.351992e+02
         vertex 7.558059e+01 1.098780e+02 1.354992e+02
      endloop
   endfacet
   facet normal 8.932466e-02 9.960026e-01 -6.741557e-05
      outer loop
         vertex 7.558059e+01 1.098780e+02 1.354992e+02
         vertex 7.565415e+01 1.098714e+02 1.351992e+02
         vertex 7.558037e+01 1.098780e+02 1.351992e+02
      endloop
   endfacet
   facet normal 2.609238e-01 9.653594e-01 -1.969257e-04
      outer loop
         vertex 7.558059e+01 1.098780e+02 1.354992e+02
         vertex 7.558037e+01 1.098780e+02 1.351992e+02
         vertex 7.550908e+01 1.098974e+02 1.354993e+02
      endloop
   endfacet
   facet normal 2.609238e-01 9.653594e-01 -1.969257e-04
      outer loop
         vertex 7.550908e+01 1.098974e+02 1.354993e+02
         vertex 7.558037e+01 1.098780e+02 1.351992e+02
         vertex 7.550885e+01 1.098974e+02 1.351993e+02
      endloop
   endfacet
   facet normal 4.245918e-01 9.053848e-01 -3.204501e-04
      outer loop
         vertex 7.550908e+01 1.098974e+02 1.354993e+02
         vertex 7.550885e+01 1.098974e+02 1.351993e+02
         vertex 7.544200e+01 1.099288e+02 1.354993e+02
      endloop
   endfacet
   facet normal 4.245918e-01 9.053848e-01 -3.204501e-04
      outer loop
         vertex 7.544200e+01 1.099288e+02 1.354993e+02
         vertex 7.550885e+01 1.098974e+02 1.351993e+02
         vertex 7.544178e+01 1.099288e+02 1.351993e+02
      endloop
   endfacet
   facet normal 5.753615e-01 8.178991e-01 -4.342398e-04
      outer loop
         vertex 7.544200e+01 1.099288e+02 1.354993e+02
         vertex 7.544178e+01 1.099288e+02 1.351993e+02
         vertex 7.538141e+01 1.099714e+02 1.354994e+02
      endloop
   endfacet
   facet normal 5.753615e-01 8.178991e-01 -4.342398e-04
      outer loop
         vertex 7.538141e+01 1.099714e+02 1.354994e+02
         vertex 7.544178e+01 1.099288e+02 1.351993e+02
         vertex 7.538118e+01 1.099714e+02 1.351994e+02
      endloop
   endfacet
   facet normal 7.086481e-01 7.055619e-01 -5.348345e-04
      outer loop
         vertex 7.538141e+01 1.099714e+02 1.354994e+02
         vertex 7.538118e+01 1.099714e+02 1.351994e+02
         vertex 7.532914e+01 1.100239e+02 1.354994e+02
      endloop
   endfacet
   facet normal 7.086481e-01 7.055619e-01 -5.348345e-04
      outer loop
         vertex 7.532914e+01 1.100239e+02 1.354994e+02
         vertex 7.538118e+01 1.099714e+02 1.351994e+02
         vertex 7.532891e+01 1.100239e+02 1.351994e+02
      endloop
   endfacet
   facet normal 8.204014e-01 5.717877e-01 -6.191776e-04
      outer loop
         vertex 7.532914e+01 1.100239e+02 1.354994e+02
         vertex 7.532891e+01 1.100239e+02 1.351994e+02
         vertex 7.528678e+01 1.100847e+02 1.354995e+02
      endloop
   endfacet
   facet normal 8.204014e-01 5.717877e-01 -6.191776e-04
      outer loop
         vertex 7.528678e+01 1.100847e+02 1.354995e+02
         vertex 7.532891e+01 1.100239e+02 1.351994e+02
         vertex 7.528655e+01 1.100847e+02 1.351995e+02
      endloop
   endfacet
   facet normal 9.072239e-01 4.206474e-01 -6.847047e-04
      outer loop
         vertex 7.528678e+01 1.100847e+02 1.354995e+02
         vertex 7.528655e+01 1.100847e+02 1.351995e+02
         vertex 7.525562e+01 1.101519e+02 1.354995e+02
      endloop
   endfacet
   facet normal 9.072239e-01 4.206474e-01 -6.847047e-04
      outer loop
         vertex 7.525562e+01 1.101519e+02 1.354995e+02
         vertex 7.528655e+01 1.100847e+02 1.351995e+02
         vertex 7.525539e+01 1.101519e+02 1.351995e+02
      endloop
   endfacet
   facet normal 9.664877e-01 2.567117e-01 -7.294326e-04
      outer loop
         vertex 7.525562e+01 1.101519e+02 1.354995e+02
         vertex 7.525539e+01 1.101519e+02 1.351995e+02
         vertex 7.523660e+01 1.102235e+02 1.354995e+02
      endloop
   endfacet
   facet normal 9.664877e-01 2.567117e-01 -7.294326e-04
      outer loop
         vertex 7.523660e+01 1.102235e+02 1.354995e+02
         vertex 7.525539e+01 1.101519e+02 1.351995e+02
         vertex 7.523637e+01 1.102235e+02 1.351995e+02
      endloop
   endfacet
   facet normal 9.963821e-01 8.498345e-02 -7.519946e-04
      outer loop
         vertex 7.523660e+01 1.102235e+02 1.354995e+02
         vertex 7.523637e+01 1.102235e+02 1.351995e+02
         vertex 7.523031e+01 1.102973e+02 1.354995e+02
      endloop
   endfacet
   facet normal 9.963821e-01 8.498345e-02 -7.519946e-04
      outer loop
         vertex 7.523031e+01 1.102973e+02 1.354995e+02
         vertex 7.523637e+01 1.102235e+02 1.351995e+02
         vertex 7.523008e+01 1.102973e+02 1.351995e+02
      endloop
   endfacet
   facet normal 9.960023e-01 -8.932486e-02 -7.517080e-04
      outer loop
         vertex 7.523031e+01 1.102973e+02 1.354995e+02
         vertex 7.523008e+01 1.102973e+02 1.351995e+02
         vertex 7.523692e+01 1.103711e+02 1.354995e+02
      endloop
   endfacet
   facet normal 9.960023e-01 -8.932486e-02 -7.517080e-04
      outer loop
         vertex 7.523692e+01 1.103711e+02 1.354995e+02
         vertex 7.523008e+01 1.102973e+02 1.351995e+02
         vertex 7.523670e+01 1.103711e+02 1.351995e+02
      endloop
   endfacet
   facet normal 9.653591e-01 -2.609238e-01 -7.285808e-04
      outer loop
         vertex 7.523692e+01 1.103711e+02 1.354995e+02
         vertex 7.523670e+01 1.103711e+02 1.351995e+02
         vertex 7.525625e+01 1.104426e+02 1.354995e+02
      endloop
   endfacet
   facet normal 9.653591e-01 -2.609238e-01 -7.285808e-04
      outer loop
         vertex 7.525625e+01 1.104426e+02 1.354995e+02
         vertex 7.523670e+01 1.103711e+02 1.351995e+02
         vertex 7.525603e+01 1.104426e+02 1.351995e+02
      endloop
   endfacet
   facet normal 7.547249e-04 -1.175638e-16 9.999997e-01
      outer loop
         vertex 7.184826e+01 9.789059e+01 1.355020e+02
         vertex 7.160474e+01 9.808003e+01 1.355022e+02
         vertex 7.106731e+01 9.694037e+01 1.355026e+02
      endloop
   endfacet
   facet normal 7.547249e-04 -1.175638e-16 9.999997e-01
      outer loop
         vertex 7.106731e+01 9.694037e+01 1.355026e+02
         vertex 7.160474e+01 9.808003e+01 1.355022e+02
         vertex 7.340697e+01 1.033252e+02 1.355009e+02
      endloop
   endfacet
   facet normal 7.547249e-04 -1.175638e-16 9.999997e-01
      outer loop
         vertex 7.242427e+01 9.650819e+01 1.355016e+02
         vertex 7.240837e+01 9.681631e+01 1.355016e+02
         vertex 7.106731e+01 9.694037e+01 1.355026e+02
      endloop
   endfacet
   facet normal 7.547249e-04 -1.175638e-16 9.999997e-01
      outer loop
         vertex 7.106731e+01 9.694037e+01 1.355026e+02
         vertex 7.240837e+01 9.681631e+01 1.355016e+02
         vertex 7.234008e+01 9.711719e+01 1.355017e+02
      endloop
   endfacet
   facet normal 7.547249e-04 -1.175638e-16 9.999997e-01
      outer loop
         vertex 7.234008e+01 9.711719e+01 1.355017e+02
         vertex 7.222142e+01 9.740199e+01 1.355018e+02
         vertex 7.106731e+01 9.694037e+01 1.355026e+02
      endloop
   endfacet
   facet normal 7.547249e-04 -1.175638e-16 9.999997e-01
      outer loop
         vertex 7.106731e+01 9.694037e+01 1.355026e+02
         vertex 7.222142e+01 9.740199e+01 1.355018e+02
         vertex 7.205585e+01 9.766234e+01 1.355019e+02
      endloop
   endfacet
   facet normal 7.547249e-04 -1.175638e-16 9.999997e-01
      outer loop
         vertex 7.106731e+01 9.694037e+01 1.355026e+02
         vertex 7.205585e+01 9.766234e+01 1.355019e+02
         vertex 7.184826e+01 9.789059e+01 1.355020e+02
      endloop
   endfacet
   facet normal 7.547249e-04 -1.175638e-16 9.999997e-01
      outer loop
         vertex 7.072324e+01 9.600143e+01 1.355029e+02
         vertex 7.216072e+01 9.563036e+01 1.355018e+02
         vertex 7.083703e+01 9.620130e+01 1.355028e+02
      endloop
   endfacet
   facet normal 7.547249e-04 -1.175638e-16 9.999997e-01
      outer loop
         vertex 7.099293e+01 9.635652e+01 1.355027e+02
         vertex 7.095030e+01 9.629593e+01 1.355027e+02
         vertex 7.216072e+01 9.563036e+01 1.355018e+02
      endloop
   endfacet
   facet normal 7.547249e-04 -1.175638e-16 9.999997e-01
      outer loop
         vertex 7.216072e+01 9.563036e+01 1.355018e+02
         vertex 7.095030e+01 9.629593e+01 1.355027e+02
         vertex 7.089780e+01 9.624366e+01 1.355028e+02
      endloop
   endfacet
   facet normal 7.547249e-04 -1.175638e-16 9.999997e-01
      outer loop
         vertex 7.216072e+01 9.563036e+01 1.355018e+02
         vertex 7.089780e+01 9.624366e+01 1.355028e+02
         vertex 7.083703e+01 9.620130e+01 1.355028e+02
      endloop
   endfacet
   facet normal 7.547249e-04 -1.175638e-16 9.999997e-01
      outer loop
         vertex 7.099293e+01 9.635652e+01 1.355027e+02
         vertex 7.216072e+01 9.563036e+01 1.355018e+02
         vertex 7.102438e+01 9.642359e+01 1.355027e+02
      endloop
   endfacet
   facet normal 7.547249e-04 -1.175638e-16 9.999997e-01
      outer loop
         vertex 7.102438e+01 9.642359e+01 1.355027e+02
         vertex 7.216072e+01 9.563036e+01 1.355018e+02
         vertex 7.229860e+01 9.590637e+01 1.355017e+02
      endloop
   endfacet
   facet normal 7.547249e-04 -1.175638e-16 9.999997e-01
      outer loop
         vertex 7.102438e+01 9.642359e+01 1.355027e+02
         vertex 7.229860e+01 9.590637e+01 1.355017e+02
         vertex 7.104371e+01 9.649511e+01 1.355027e+02
      endloop
   endfacet
   facet normal 7.547249e-04 -1.175638e-16 9.999997e-01
      outer loop
         vertex 7.104371e+01 9.649511e+01 1.355027e+02
         vertex 7.229860e+01 9.590637e+01 1.355017e+02
         vertex 7.238732e+01 9.620187e+01 1.355016e+02
      endloop
   endfacet
   facet normal 7.547249e-04 -1.175638e-16 9.999997e-01
      outer loop
         vertex 7.104371e+01 9.649511e+01 1.355027e+02
         vertex 7.238732e+01 9.620187e+01 1.355016e+02
         vertex 7.105033e+01 9.656889e+01 1.355027e+02
      endloop
   endfacet
   facet normal 7.547249e-04 -1.175638e-16 9.999997e-01
      outer loop
         vertex 7.105033e+01 9.656889e+01 1.355027e+02
         vertex 7.238732e+01 9.620187e+01 1.355016e+02
         vertex 7.242427e+01 9.650819e+01 1.355016e+02
      endloop
   endfacet
   facet normal 7.547249e-04 -1.175638e-16 9.999997e-01
      outer loop
         vertex 7.105033e+01 9.656889e+01 1.355027e+02
         vertex 7.242427e+01 9.650819e+01 1.355016e+02
         vertex 7.104403e+01 9.664271e+01 1.355027e+02
      endloop
   endfacet
   facet normal 7.547249e-04 -1.175638e-16 9.999997e-01
      outer loop
         vertex 7.121750e+01 9.487001e+01 1.355025e+02
         vertex 7.149908e+01 9.499611e+01 1.355023e+02
         vertex 7.072324e+01 9.600143e+01 1.355029e+02
      endloop
   endfacet
   facet normal 7.547249e-04 -1.175638e-16 9.999997e-01
      outer loop
         vertex 7.149908e+01 9.499611e+01 1.355023e+02
         vertex 7.175500e+01 9.516845e+01 1.355021e+02
         vertex 7.072324e+01 9.600143e+01 1.355029e+02
      endloop
   endfacet
   facet normal 7.547249e-04 -1.175638e-16 9.999997e-01
      outer loop
         vertex 7.072324e+01 9.600143e+01 1.355029e+02
         vertex 7.175500e+01 9.516845e+01 1.355021e+02
         vertex 7.197773e+01 9.538196e+01 1.355020e+02
      endloop
   endfacet
   facet normal 7.547249e-04 -1.175638e-16 9.999997e-01
      outer loop
         vertex 7.072324e+01 9.600143e+01 1.355029e+02
         vertex 7.197773e+01 9.538196e+01 1.355020e+02
         vertex 7.216072e+01 9.563036e+01 1.355018e+02
      endloop
   endfacet
   facet normal 7.547249e-04 -1.175638e-16 9.999997e-01
      outer loop
         vertex 7.121750e+01 9.487001e+01 1.355025e+02
         vertex 7.043509e+01 9.521506e+01 1.355031e+02
         vertex 7.091851e+01 9.479386e+01 1.355028e+02
      endloop
   endfacet
   facet normal 7.547249e-04 -1.175638e-16 9.999997e-01
      outer loop
         vertex 7.091851e+01 9.479386e+01 1.355028e+02
         vertex 7.043509e+01 9.521506e+01 1.355031e+02
         vertex 7.061091e+01 9.476988e+01 1.355030e+02
      endloop
   endfacet
   facet normal 7.547249e-04 -1.175638e-16 9.999997e-01
      outer loop
         vertex 6.989519e+01 9.541290e+01 1.355035e+02
         vertex 7.000601e+01 9.487972e+01 1.355034e+02
         vertex 7.043509e+01 9.521506e+01 1.355031e+02
      endloop
   endfacet
   facet normal 7.547249e-04 -1.175638e-16 9.999997e-01
      outer loop
         vertex 7.043509e+01 9.521506e+01 1.355031e+02
         vertex 7.000601e+01 9.487972e+01 1.355034e+02
         vertex 7.030374e+01 9.479878e+01 1.355032e+02
      endloop
   endfacet
   facet normal 7.547249e-04 -1.175638e-16 9.999997e-01
      outer loop
         vertex 7.043509e+01 9.521506e+01 1.355031e+02
         vertex 7.030374e+01 9.479878e+01 1.355032e+02
         vertex 7.061091e+01 9.476988e+01 1.355030e+02
      endloop
   endfacet
   facet normal 7.547249e-04 -1.175638e-16 9.999997e-01
      outer loop
         vertex 6.925408e+01 9.540377e+01 1.355040e+02
         vertex 6.947335e+01 9.518672e+01 1.355038e+02
         vertex 6.989519e+01 9.541290e+01 1.355035e+02
      endloop
   endfacet
   facet normal 7.547249e-04 -1.175638e-16 9.999997e-01
      outer loop
         vertex 6.989519e+01 9.541290e+01 1.355035e+02
         vertex 6.947335e+01 9.518672e+01 1.355038e+02
         vertex 6.972648e+01 9.501031e+01 1.355037e+02
      endloop
   endfacet
   facet normal 7.547249e-04 -1.175638e-16 9.999997e-01
      outer loop
         vertex 6.989519e+01 9.541290e+01 1.355035e+02
         vertex 6.972648e+01 9.501031e+01 1.355037e+02
         vertex 7.000601e+01 9.487972e+01 1.355034e+02
      endloop
   endfacet
   facet normal 7.547249e-04 -1.175638e-16 9.999997e-01
      outer loop
         vertex 7.018335e+01 9.619927e+01 1.355033e+02
         vertex 6.884646e+01 9.684484e+01 1.355043e+02
         vertex 6.882563e+01 9.653701e+01 1.355043e+02
      endloop
   endfacet
   facet normal 7.547249e-04 -1.175638e-16 9.999997e-01
      outer loop
         vertex 6.882563e+01 9.653701e+01 1.355043e+02
         vertex 6.885767e+01 9.623015e+01 1.355043e+02
         vertex 7.018335e+01 9.619927e+01 1.355033e+02
      endloop
   endfacet
   facet normal 7.547249e-04 -1.175638e-16 9.999997e-01
      outer loop
         vertex 7.018335e+01 9.619927e+01 1.355033e+02
         vertex 6.885767e+01 9.623015e+01 1.355043e+02
         vertex 6.894164e+01 9.593326e+01 1.355042e+02
      endloop
   endfacet
   facet normal 7.547249e-04 -1.175638e-16 9.999997e-01
      outer loop
         vertex 7.018335e+01 9.619927e+01 1.355033e+02
         vertex 6.894164e+01 9.593326e+01 1.355042e+02
         vertex 6.989519e+01 9.541290e+01 1.355035e+02
      endloop
   endfacet
   facet normal 7.547249e-04 -1.175638e-16 9.999997e-01
      outer loop
         vertex 6.989519e+01 9.541290e+01 1.355035e+02
         vertex 6.894164e+01 9.593326e+01 1.355042e+02
         vertex 6.907509e+01 9.565508e+01 1.355041e+02
      endloop
   endfacet
   facet normal 7.547249e-04 -1.175638e-16 9.999997e-01
      outer loop
         vertex 6.989519e+01 9.541290e+01 1.355035e+02
         vertex 6.907509e+01 9.565508e+01 1.355041e+02
         vertex 6.925408e+01 9.540377e+01 1.355040e+02
      endloop
   endfacet
   facet normal 7.547249e-04 -1.175638e-16 9.999997e-01
      outer loop
         vertex 7.020663e+01 9.649693e+01 1.355033e+02
         vertex 7.020033e+01 9.657075e+01 1.355033e+02
         vertex 6.884646e+01 9.684484e+01 1.355043e+02
      endloop
   endfacet
   facet normal 7.547249e-04 -1.175638e-16 9.999997e-01
      outer loop
         vertex 6.884646e+01 9.684484e+01 1.355043e+02
         vertex 7.020033e+01 9.657075e+01 1.355033e+02
         vertex 7.020695e+01 9.664453e+01 1.355033e+02
      endloop
   endfacet
   facet normal 7.547249e-04 -1.175638e-16 9.999997e-01
      outer loop
         vertex 6.884646e+01 9.684484e+01 1.355043e+02
         vertex 7.020695e+01 9.664453e+01 1.355033e+02
         vertex 6.891956e+01 9.714459e+01 1.355043e+02
      endloop
   endfacet
   facet normal 7.547249e-04 -1.175638e-16 9.999997e-01
      outer loop
         vertex 6.891956e+01 9.714459e+01 1.355043e+02
         vertex 7.020695e+01 9.664453e+01 1.355033e+02
         vertex 7.022628e+01 9.671605e+01 1.355033e+02
      endloop
   endfacet
   facet normal 7.547249e-04 -1.175638e-16 9.999997e-01
      outer loop
         vertex 6.891956e+01 9.714459e+01 1.355043e+02
         vertex 7.022628e+01 9.671605e+01 1.355033e+02
         vertex 6.904278e+01 9.742745e+01 1.355042e+02
      endloop
   endfacet
   facet normal 7.547249e-04 -1.175638e-16 9.999997e-01
      outer loop
         vertex 6.904278e+01 9.742745e+01 1.355042e+02
         vertex 7.022628e+01 9.671605e+01 1.355033e+02
         vertex 7.025773e+01 9.678312e+01 1.355033e+02
      endloop
   endfacet
   facet normal 7.547249e-04 -1.175638e-16 9.999997e-01
      outer loop
         vertex 6.904278e+01 9.742745e+01 1.355042e+02
         vertex 7.025773e+01 9.678312e+01 1.355033e+02
         vertex 6.921249e+01 9.768511e+01 1.355040e+02
      endloop
   endfacet
   facet normal 7.547249e-04 -1.175638e-16 9.999997e-01
      outer loop
         vertex 6.921249e+01 9.768511e+01 1.355040e+02
         vertex 7.025773e+01 9.678312e+01 1.355033e+02
         vertex 7.030036e+01 9.684371e+01 1.355032e+02
      endloop
   endfacet
   facet normal 7.547249e-04 -1.175638e-16 9.999997e-01
      outer loop
         vertex 6.921249e+01 9.768511e+01 1.355040e+02
         vertex 7.030036e+01 9.684371e+01 1.355032e+02
         vertex 7.035285e+01 9.689598e+01 1.355032e+02
      endloop
   endfacet
   facet normal 7.547249e-04 -1.175638e-16 9.999997e-01
      outer loop
         vertex 7.286707e+01 1.035230e+02 1.355013e+02
         vertex 7.085359e+01 9.835529e+01 1.355028e+02
         vertex 7.052742e+01 9.713821e+01 1.355030e+02
      endloop
   endfacet
   facet normal 7.547249e-04 -1.175638e-16 9.999997e-01
      outer loop
         vertex 7.052742e+01 9.713821e+01 1.355030e+02
         vertex 7.085359e+01 9.835529e+01 1.355028e+02
         vertex 7.054532e+01 9.836804e+01 1.355030e+02
      endloop
   endfacet
   facet normal 7.547249e-04 -1.175638e-16 9.999997e-01
      outer loop
         vertex 7.035285e+01 9.689598e+01 1.355032e+02
         vertex 7.041363e+01 9.693834e+01 1.355031e+02
         vertex 6.921249e+01 9.768511e+01 1.355040e+02
      endloop
   endfacet
   facet normal 7.547249e-04 -1.175638e-16 9.999997e-01
      outer loop
         vertex 6.921249e+01 9.768511e+01 1.355040e+02
         vertex 7.041363e+01 9.693834e+01 1.355031e+02
         vertex 7.052742e+01 9.713821e+01 1.355030e+02
      endloop
   endfacet
   facet normal 7.547249e-04 -1.175638e-16 9.999997e-01
      outer loop
         vertex 6.921249e+01 9.768511e+01 1.355040e+02
         vertex 7.052742e+01 9.713821e+01 1.355030e+02
         vertex 6.942371e+01 9.791001e+01 1.355039e+02
      endloop
   endfacet
   facet normal 7.547249e-04 -1.175638e-16 9.999997e-01
      outer loop
         vertex 6.942371e+01 9.791001e+01 1.355039e+02
         vertex 7.052742e+01 9.713821e+01 1.355030e+02
         vertex 6.967023e+01 9.809553e+01 1.355037e+02
      endloop
   endfacet
   facet normal 7.547249e-04 -1.175638e-16 9.999997e-01
      outer loop
         vertex 7.054532e+01 9.836804e+01 1.355030e+02
         vertex 7.023940e+01 9.832796e+01 1.355033e+02
         vertex 7.052742e+01 9.713821e+01 1.355030e+02
      endloop
   endfacet
   facet normal 7.547249e-04 -1.175638e-16 9.999997e-01
      outer loop
         vertex 7.052742e+01 9.713821e+01 1.355030e+02
         vertex 7.023940e+01 9.832796e+01 1.355033e+02
         vertex 6.994482e+01 9.823622e+01 1.355035e+02
      endloop
   endfacet
   facet normal 7.547249e-04 -1.175638e-16 9.999997e-01
      outer loop
         vertex 7.052742e+01 9.713821e+01 1.355030e+02
         vertex 6.994482e+01 9.823622e+01 1.355035e+02
         vertex 6.967023e+01 9.809553e+01 1.355037e+02
      endloop
   endfacet
   facet normal 7.547249e-04 -1.175638e-16 9.999997e-01
      outer loop
         vertex 7.521003e+01 1.099169e+02 1.354995e+02
         vertex 7.385636e+01 1.103581e+02 1.355005e+02
         vertex 7.387226e+01 1.100499e+02 1.355005e+02
      endloop
   endfacet
   facet normal 7.547249e-04 -1.175638e-16 9.999997e-01
      outer loop
         vertex 7.387226e+01 1.100499e+02 1.355005e+02
         vertex 7.394055e+01 1.097490e+02 1.355005e+02
         vertex 7.521003e+01 1.099169e+02 1.354995e+02
      endloop
   endfacet
   facet normal 7.547249e-04 -1.175638e-16 9.999997e-01
      outer loop
         vertex 7.521003e+01 1.099169e+02 1.354995e+02
         vertex 7.394055e+01 1.097490e+02 1.355005e+02
         vertex 7.405922e+01 1.094642e+02 1.355004e+02
      endloop
   endfacet
   facet normal 7.547249e-04 -1.175638e-16 9.999997e-01
      outer loop
         vertex 7.521003e+01 1.099169e+02 1.354995e+02
         vertex 7.405922e+01 1.094642e+02 1.355004e+02
         vertex 7.422478e+01 1.092039e+02 1.355003e+02
      endloop
   endfacet
   facet normal 7.547249e-04 -1.175638e-16 9.999997e-01
      outer loop
         vertex 7.422478e+01 1.092039e+02 1.355003e+02
         vertex 7.443237e+01 1.089756e+02 1.355001e+02
         vertex 7.521003e+01 1.099169e+02 1.354995e+02
      endloop
   endfacet
   facet normal 7.547249e-04 -1.175638e-16 9.999997e-01
      outer loop
         vertex 7.521003e+01 1.099169e+02 1.354995e+02
         vertex 7.443237e+01 1.089756e+02 1.355001e+02
         vertex 7.467589e+01 1.087862e+02 1.354999e+02
      endloop
   endfacet
   facet normal 7.547249e-04 -1.175638e-16 9.999997e-01
      outer loop
         vertex 7.521003e+01 1.099169e+02 1.354995e+02
         vertex 7.467589e+01 1.087862e+02 1.354999e+02
         vertex 7.286707e+01 1.035230e+02 1.355013e+02
      endloop
   endfacet
   facet normal 7.547249e-04 -1.175638e-16 9.999997e-01
      outer loop
         vertex 7.286707e+01 1.035230e+02 1.355013e+02
         vertex 7.467589e+01 1.087862e+02 1.354999e+02
         vertex 7.276144e+01 1.035617e+02 1.355014e+02
      endloop
   endfacet
   facet normal 7.547249e-04 -1.175638e-16 9.999997e-01
      outer loop
         vertex 7.286707e+01 1.035230e+02 1.355013e+02
         vertex 7.276144e+01 1.035617e+02 1.355014e+02
         vertex 7.085359e+01 9.835529e+01 1.355028e+02
      endloop
   endfacet
   facet normal 7.547249e-04 -1.175638e-16 9.999997e-01
      outer loop
         vertex 7.528771e+01 1.105097e+02 1.354995e+02
         vertex 7.533033e+01 1.105703e+02 1.354994e+02
         vertex 7.411991e+01 1.112359e+02 1.355003e+02
      endloop
   endfacet
   facet normal 7.547249e-04 -1.175638e-16 9.999997e-01
      outer loop
         vertex 7.411991e+01 1.112359e+02 1.355003e+02
         vertex 7.533033e+01 1.105703e+02 1.354994e+02
         vertex 7.538283e+01 1.106226e+02 1.354994e+02
      endloop
   endfacet
   facet normal 7.547249e-04 -1.175638e-16 9.999997e-01
      outer loop
         vertex 7.528771e+01 1.105097e+02 1.354995e+02
         vertex 7.411991e+01 1.112359e+02 1.355003e+02
         vertex 7.525625e+01 1.104426e+02 1.354995e+02
      endloop
   endfacet
   facet normal 7.547249e-04 -1.175638e-16 9.999997e-01
      outer loop
         vertex 7.525625e+01 1.104426e+02 1.354995e+02
         vertex 7.411991e+01 1.112359e+02 1.355003e+02
         vertex 7.398203e+01 1.109599e+02 1.355004e+02
      endloop
   endfacet
   facet normal 7.547249e-04 -1.175638e-16 9.999997e-01
      outer loop
         vertex 7.525625e+01 1.104426e+02 1.354995e+02
         vertex 7.398203e+01 1.109599e+02 1.355004e+02
         vertex 7.523692e+01 1.103711e+02 1.354995e+02
      endloop
   endfacet
   facet normal 7.547249e-04 -1.175638e-16 9.999997e-01
      outer loop
         vertex 7.523692e+01 1.103711e+02 1.354995e+02
         vertex 7.398203e+01 1.109599e+02 1.355004e+02
         vertex 7.389331e+01 1.106644e+02 1.355005e+02
      endloop
   endfacet
   facet normal 7.547249e-04 -1.175638e-16 9.999997e-01
      outer loop
         vertex 7.523692e+01 1.103711e+02 1.354995e+02
         vertex 7.389331e+01 1.106644e+02 1.355005e+02
         vertex 7.523031e+01 1.102973e+02 1.354995e+02
      endloop
   endfacet
   facet normal 7.547249e-04 -1.175638e-16 9.999997e-01
      outer loop
         vertex 7.523031e+01 1.102973e+02 1.354995e+02
         vertex 7.389331e+01 1.106644e+02 1.355005e+02
         vertex 7.385636e+01 1.103581e+02 1.355005e+02
      endloop
   endfacet
   facet normal 7.547249e-04 -1.175638e-16 9.999997e-01
      outer loop
         vertex 7.523031e+01 1.102973e+02 1.354995e+02
         vertex 7.385636e+01 1.103581e+02 1.355005e+02
         vertex 7.523660e+01 1.102235e+02 1.354995e+02
      endloop
   endfacet
   facet normal 7.547249e-04 -1.175638e-16 9.999997e-01
      outer loop
         vertex 7.536212e+01 1.120724e+02 1.354994e+02
         vertex 7.555409e+01 1.108558e+02 1.354993e+02
         vertex 7.566972e+01 1.120964e+02 1.354992e+02
      endloop
   endfacet
   facet normal 7.547249e-04 -1.175638e-16 9.999997e-01
      outer loop
         vertex 7.566972e+01 1.120964e+02 1.354992e+02
         vertex 7.555409e+01 1.108558e+02 1.354993e+02
         vertex 7.597690e+01 1.120675e+02 1.354989e+02
      endloop
   endfacet
   facet normal 7.547249e-04 -1.175638e-16 9.999997e-01
      outer loop
         vertex 7.536212e+01 1.120724e+02 1.354994e+02
         vertex 7.506314e+01 1.119962e+02 1.354996e+02
         vertex 7.555409e+01 1.108558e+02 1.354993e+02
      endloop
   endfacet
   facet normal 7.547249e-04 -1.175638e-16 9.999997e-01
      outer loop
         vertex 7.555409e+01 1.108558e+02 1.354993e+02
         vertex 7.506314e+01 1.119962e+02 1.354996e+02
         vertex 7.478155e+01 1.118701e+02 1.354998e+02
      endloop
   endfacet
   facet normal 7.547249e-04 -1.175638e-16 9.999997e-01
      outer loop
         vertex 7.555409e+01 1.108558e+02 1.354993e+02
         vertex 7.478155e+01 1.118701e+02 1.354998e+02
         vertex 7.452563e+01 1.116978e+02 1.355000e+02
      endloop
   endfacet
   facet normal 7.547249e-04 -1.175638e-16 9.999997e-01
      outer loop
         vertex 7.538283e+01 1.106226e+02 1.354994e+02
         vertex 7.544361e+01 1.106649e+02 1.354993e+02
         vertex 7.411991e+01 1.112359e+02 1.355003e+02
      endloop
   endfacet
   facet normal 7.547249e-04 -1.175638e-16 9.999997e-01
      outer loop
         vertex 7.411991e+01 1.112359e+02 1.355003e+02
         vertex 7.544361e+01 1.106649e+02 1.354993e+02
         vertex 7.555409e+01 1.108558e+02 1.354993e+02
      endloop
   endfacet
   facet normal 7.547249e-04 -1.175638e-16 9.999997e-01
      outer loop
         vertex 7.411991e+01 1.112359e+02 1.355003e+02
         vertex 7.555409e+01 1.108558e+02 1.354993e+02
         vertex 7.430291e+01 1.114843e+02 1.355002e+02
      endloop
   endfacet
   facet normal 7.547249e-04 -1.175638e-16 9.999997e-01
      outer loop
         vertex 7.430291e+01 1.114843e+02 1.355002e+02
         vertex 7.555409e+01 1.108558e+02 1.354993e+02
         vertex 7.452563e+01 1.116978e+02 1.355000e+02
      endloop
   endfacet
   facet normal 7.547249e-04 -1.175638e-16 9.999997e-01
      outer loop
         vertex 7.655416e+01 1.118559e+02 1.354985e+02
         vertex 7.599482e+01 1.110738e+02 1.354989e+02
         vertex 7.601327e+01 1.110553e+02 1.354989e+02
      endloop
   endfacet
   facet normal 7.547249e-04 -1.175638e-16 9.999997e-01
      outer loop
         vertex 7.601327e+01 1.110553e+02 1.354989e+02
         vertex 7.602822e+01 1.110339e+02 1.354989e+02
         vertex 7.655416e+01 1.118559e+02 1.354985e+02
      endloop
   endfacet
   facet normal 7.547249e-04 -1.175638e-16 9.999997e-01
      outer loop
         vertex 7.655416e+01 1.118559e+02 1.354985e+02
         vertex 7.602822e+01 1.110339e+02 1.354989e+02
         vertex 7.603922e+01 1.110101e+02 1.354989e+02
      endloop
   endfacet
   facet normal 7.547249e-04 -1.175638e-16 9.999997e-01
      outer loop
         vertex 7.655416e+01 1.118559e+02 1.354985e+02
         vertex 7.603922e+01 1.110101e+02 1.354989e+02
         vertex 7.604593e+01 1.109849e+02 1.354989e+02
      endloop
   endfacet
   facet normal 7.547249e-04 -1.175638e-16 9.999997e-01
      outer loop
         vertex 7.602790e+01 1.108839e+02 1.354989e+02
         vertex 7.601285e+01 1.108625e+02 1.354989e+02
         vertex 7.609399e+01 1.106580e+02 1.354988e+02
      endloop
   endfacet
   facet normal 7.547249e-04 -1.175638e-16 9.999997e-01
      outer loop
         vertex 7.609399e+01 1.106580e+02 1.354988e+02
         vertex 7.601285e+01 1.108625e+02 1.354989e+02
         vertex 7.599432e+01 1.108440e+02 1.354989e+02
      endloop
   endfacet
   facet normal 7.547249e-04 -1.175638e-16 9.999997e-01
      outer loop
         vertex 7.609399e+01 1.106580e+02 1.354988e+02
         vertex 7.599432e+01 1.108440e+02 1.354989e+02
         vertex 7.597287e+01 1.108291e+02 1.354989e+02
      endloop
   endfacet
   facet normal 7.547249e-04 -1.175638e-16 9.999997e-01
      outer loop
         vertex 7.597287e+01 1.108291e+02 1.354989e+02
         vertex 7.594915e+01 1.108181e+02 1.354990e+02
         vertex 7.609399e+01 1.106580e+02 1.354988e+02
      endloop
   endfacet
   facet normal 7.547249e-04 -1.175638e-16 9.999997e-01
      outer loop
         vertex 7.609399e+01 1.106580e+02 1.354988e+02
         vertex 7.594915e+01 1.108181e+02 1.354990e+02
         vertex 7.592388e+01 1.108114e+02 1.354990e+02
      endloop
   endfacet
   facet normal 7.547249e-04 -1.175638e-16 9.999997e-01
      outer loop
         vertex 7.609399e+01 1.106580e+02 1.354988e+02
         vertex 7.592388e+01 1.108114e+02 1.354990e+02
         vertex 7.589783e+01 1.108092e+02 1.354990e+02
      endloop
   endfacet
   facet normal 7.547249e-04 -1.175638e-16 9.999997e-01
      outer loop
         vertex 7.589783e+01 1.108092e+02 1.354990e+02
         vertex 7.587179e+01 1.108115e+02 1.354990e+02
         vertex 7.609399e+01 1.106580e+02 1.354988e+02
      endloop
   endfacet
   facet normal 7.547249e-04 -1.175638e-16 9.999997e-01
      outer loop
         vertex 7.609399e+01 1.106580e+02 1.354988e+02
         vertex 7.587179e+01 1.108115e+02 1.354990e+02
         vertex 7.584655e+01 1.108183e+02 1.354990e+02
      endloop
   endfacet
   facet normal 7.547249e-04 -1.175638e-16 9.999997e-01
      outer loop
         vertex 7.609399e+01 1.106580e+02 1.354988e+02
         vertex 7.584655e+01 1.108183e+02 1.354990e+02
         vertex 7.555409e+01 1.108558e+02 1.354993e+02
      endloop
   endfacet
   facet normal 7.547249e-04 -1.175638e-16 9.999997e-01
      outer loop
         vertex 7.555409e+01 1.108558e+02 1.354993e+02
         vertex 7.584655e+01 1.108183e+02 1.354990e+02
         vertex 7.582287e+01 1.108294e+02 1.354991e+02
      endloop
   endfacet
   facet normal 7.547249e-04 -1.175638e-16 9.999997e-01
      outer loop
         vertex 7.555409e+01 1.108558e+02 1.354993e+02
         vertex 7.582287e+01 1.108294e+02 1.354991e+02
         vertex 7.580149e+01 1.108445e+02 1.354991e+02
      endloop
   endfacet
   facet normal 7.547249e-04 -1.175638e-16 9.999997e-01
      outer loop
         vertex 7.580149e+01 1.108445e+02 1.354991e+02
         vertex 7.578304e+01 1.108630e+02 1.354991e+02
         vertex 7.555409e+01 1.108558e+02 1.354993e+02
      endloop
   endfacet
   facet normal 7.547249e-04 -1.175638e-16 9.999997e-01
      outer loop
         vertex 7.555409e+01 1.108558e+02 1.354993e+02
         vertex 7.578304e+01 1.108630e+02 1.354991e+02
         vertex 7.576809e+01 1.108844e+02 1.354991e+02
      endloop
   endfacet
   facet normal 7.547249e-04 -1.175638e-16 9.999997e-01
      outer loop
         vertex 7.555409e+01 1.108558e+02 1.354993e+02
         vertex 7.576809e+01 1.108844e+02 1.354991e+02
         vertex 7.575709e+01 1.109082e+02 1.354991e+02
      endloop
   endfacet
   facet normal 7.547249e-04 -1.175638e-16 9.999997e-01
      outer loop
         vertex 7.587243e+01 1.111069e+02 1.354990e+02
         vertex 7.589848e+01 1.111092e+02 1.354990e+02
         vertex 7.597690e+01 1.120675e+02 1.354989e+02
      endloop
   endfacet
   facet normal 7.547249e-04 -1.175638e-16 9.999997e-01
      outer loop
         vertex 7.597690e+01 1.120675e+02 1.354989e+02
         vertex 7.589848e+01 1.111092e+02 1.354990e+02
         vertex 7.592453e+01 1.111068e+02 1.354990e+02
      endloop
   endfacet
   facet normal 7.547249e-04 -1.175638e-16 9.999997e-01
      outer loop
         vertex 7.597690e+01 1.120675e+02 1.354989e+02
         vertex 7.592453e+01 1.111068e+02 1.354990e+02
         vertex 7.627462e+01 1.119865e+02 1.354987e+02
      endloop
   endfacet
   facet normal 7.547249e-04 -1.175638e-16 9.999997e-01
      outer loop
         vertex 7.627462e+01 1.119865e+02 1.354987e+02
         vertex 7.592453e+01 1.111068e+02 1.354990e+02
         vertex 7.594977e+01 1.111000e+02 1.354990e+02
      endloop
   endfacet
   facet normal 7.547249e-04 -1.175638e-16 9.999997e-01
      outer loop
         vertex 7.627462e+01 1.119865e+02 1.354987e+02
         vertex 7.594977e+01 1.111000e+02 1.354990e+02
         vertex 7.655416e+01 1.118559e+02 1.354985e+02
      endloop
   endfacet
   facet normal 7.547249e-04 -1.175638e-16 9.999997e-01
      outer loop
         vertex 7.655416e+01 1.118559e+02 1.354985e+02
         vertex 7.594977e+01 1.111000e+02 1.354990e+02
         vertex 7.597344e+01 1.110889e+02 1.354989e+02
      endloop
   endfacet
   facet normal 7.547249e-04 -1.175638e-16 9.999997e-01
      outer loop
         vertex 7.655416e+01 1.118559e+02 1.354985e+02
         vertex 7.597344e+01 1.110889e+02 1.354989e+02
         vertex 7.599482e+01 1.110738e+02 1.354989e+02
      endloop
   endfacet
   facet normal 7.547249e-04 -1.175638e-16 9.999997e-01
      outer loop
         vertex 7.604593e+01 1.109849e+02 1.354989e+02
         vertex 7.604816e+01 1.109588e+02 1.354989e+02
         vertex 7.655416e+01 1.118559e+02 1.354985e+02
      endloop
   endfacet
   facet normal 7.547249e-04 -1.175638e-16 9.999997e-01
      outer loop
         vertex 7.655416e+01 1.118559e+02 1.354985e+02
         vertex 7.604816e+01 1.109588e+02 1.354989e+02
         vertex 7.604582e+01 1.109328e+02 1.354989e+02
      endloop
   endfacet
   facet normal 7.547249e-04 -1.175638e-16 9.999997e-01
      outer loop
         vertex 7.655416e+01 1.118559e+02 1.354985e+02
         vertex 7.604582e+01 1.109328e+02 1.354989e+02
         vertex 7.609399e+01 1.106580e+02 1.354988e+02
      endloop
   endfacet
   facet normal 7.547249e-04 -1.175638e-16 9.999997e-01
      outer loop
         vertex 7.609399e+01 1.106580e+02 1.354988e+02
         vertex 7.604582e+01 1.109328e+02 1.354989e+02
         vertex 7.603900e+01 1.109075e+02 1.354989e+02
      endloop
   endfacet
   facet normal 7.547249e-04 -1.175638e-16 9.999997e-01
      outer loop
         vertex 7.609399e+01 1.106580e+02 1.354988e+02
         vertex 7.603900e+01 1.109075e+02 1.354989e+02
         vertex 7.602790e+01 1.108839e+02 1.354989e+02
      endloop
   endfacet
   facet normal 7.547249e-04 -1.175638e-16 9.999997e-01
      outer loop
         vertex 7.580199e+01 1.110743e+02 1.354991e+02
         vertex 7.582344e+01 1.110892e+02 1.354990e+02
         vertex 7.597690e+01 1.120675e+02 1.354989e+02
      endloop
   endfacet
   facet normal 7.547249e-04 -1.175638e-16 9.999997e-01
      outer loop
         vertex 7.597690e+01 1.120675e+02 1.354989e+02
         vertex 7.582344e+01 1.110892e+02 1.354990e+02
         vertex 7.584716e+01 1.111002e+02 1.354990e+02
      endloop
   endfacet
   facet normal 7.547249e-04 -1.175638e-16 9.999997e-01
      outer loop
         vertex 7.597690e+01 1.120675e+02 1.354989e+02
         vertex 7.584716e+01 1.111002e+02 1.354990e+02
         vertex 7.587243e+01 1.111069e+02 1.354990e+02
      endloop
   endfacet
   facet normal 7.547249e-04 -1.175638e-16 9.999997e-01
      outer loop
         vertex 7.575709e+01 1.109082e+02 1.354991e+02
         vertex 7.575038e+01 1.109334e+02 1.354991e+02
         vertex 7.555409e+01 1.108558e+02 1.354993e+02
      endloop
   endfacet
   facet normal 7.547249e-04 -1.175638e-16 9.999997e-01
      outer loop
         vertex 7.555409e+01 1.108558e+02 1.354993e+02
         vertex 7.575038e+01 1.109334e+02 1.354991e+02
         vertex 7.574816e+01 1.109595e+02 1.354991e+02
      endloop
   endfacet
   facet normal 7.547249e-04 -1.175638e-16 9.999997e-01
      outer loop
         vertex 7.555409e+01 1.108558e+02 1.354993e+02
         vertex 7.574816e+01 1.109595e+02 1.354991e+02
         vertex 7.575049e+01 1.109855e+02 1.354991e+02
      endloop
   endfacet
   facet normal 7.547249e-04 -1.175638e-16 9.999997e-01
      outer loop
         vertex 7.575049e+01 1.109855e+02 1.354991e+02
         vertex 7.575731e+01 1.110108e+02 1.354991e+02
         vertex 7.555409e+01 1.108558e+02 1.354993e+02
      endloop
   endfacet
   facet normal 7.547249e-04 -1.175638e-16 9.999997e-01
      outer loop
         vertex 7.555409e+01 1.108558e+02 1.354993e+02
         vertex 7.575731e+01 1.110108e+02 1.354991e+02
         vertex 7.576842e+01 1.110344e+02 1.354991e+02
      endloop
   endfacet
   facet normal 7.547249e-04 -1.175638e-16 9.999997e-01
      outer loop
         vertex 7.555409e+01 1.108558e+02 1.354993e+02
         vertex 7.576842e+01 1.110344e+02 1.354991e+02
         vertex 7.597690e+01 1.120675e+02 1.354989e+02
      endloop
   endfacet
   facet normal 7.547249e-04 -1.175638e-16 9.999997e-01
      outer loop
         vertex 7.597690e+01 1.120675e+02 1.354989e+02
         vertex 7.576842e+01 1.110344e+02 1.354991e+02
         vertex 7.578346e+01 1.110558e+02 1.354991e+02
      endloop
   endfacet
   facet normal 7.547249e-04 -1.175638e-16 9.999997e-01
      outer loop
         vertex 7.597690e+01 1.120675e+02 1.354989e+02
         vertex 7.578346e+01 1.110558e+02 1.354991e+02
         vertex 7.580199e+01 1.110743e+02 1.354991e+02
      endloop
   endfacet
   facet normal 7.547249e-04 -1.175638e-16 9.999997e-01
      outer loop
         vertex 7.609399e+01 1.106580e+02 1.354988e+02
         vertex 7.743417e+01 1.100214e+02 1.354978e+02
         vertex 7.745500e+01 1.103292e+02 1.354978e+02
      endloop
   endfacet
   facet normal 7.547249e-04 -1.175638e-16 9.999997e-01
      outer loop
         vertex 7.745500e+01 1.103292e+02 1.354978e+02
         vertex 7.742296e+01 1.106361e+02 1.354978e+02
         vertex 7.609399e+01 1.106580e+02 1.354988e+02
      endloop
   endfacet
   facet normal 7.547249e-04 -1.175638e-16 9.999997e-01
      outer loop
         vertex 7.609399e+01 1.106580e+02 1.354988e+02
         vertex 7.742296e+01 1.106361e+02 1.354978e+02
         vertex 7.733899e+01 1.109330e+02 1.354979e+02
      endloop
   endfacet
   facet normal 7.547249e-04 -1.175638e-16 9.999997e-01
      outer loop
         vertex 7.609399e+01 1.106580e+02 1.354988e+02
         vertex 7.733899e+01 1.109330e+02 1.354979e+02
         vertex 7.720555e+01 1.112112e+02 1.354980e+02
      endloop
   endfacet
   facet normal 7.547249e-04 -1.175638e-16 9.999997e-01
      outer loop
         vertex 7.720555e+01 1.112112e+02 1.354980e+02
         vertex 7.702656e+01 1.114625e+02 1.354981e+02
         vertex 7.609399e+01 1.106580e+02 1.354988e+02
      endloop
   endfacet
   facet normal 7.547249e-04 -1.175638e-16 9.999997e-01
      outer loop
         vertex 7.609399e+01 1.106580e+02 1.354988e+02
         vertex 7.702656e+01 1.114625e+02 1.354981e+02
         vertex 7.680728e+01 1.116795e+02 1.354983e+02
      endloop
   endfacet
   facet normal 7.547249e-04 -1.175638e-16 9.999997e-01
      outer loop
         vertex 7.609399e+01 1.106580e+02 1.354988e+02
         vertex 7.680728e+01 1.116795e+02 1.354983e+02
         vertex 7.655416e+01 1.118559e+02 1.354985e+02
      endloop
   endfacet
   facet normal 7.547249e-04 -1.175638e-16 9.999997e-01
      outer loop
         vertex 7.706814e+01 1.091811e+02 1.354981e+02
         vertex 7.592778e+01 1.099703e+02 1.354990e+02
         vertex 7.586700e+01 1.099279e+02 1.354990e+02
      endloop
   endfacet
   facet normal 7.547249e-04 -1.175638e-16 9.999997e-01
      outer loop
         vertex 7.706814e+01 1.091811e+02 1.354981e+02
         vertex 7.586700e+01 1.099279e+02 1.354990e+02
         vertex 7.574992e+01 1.097190e+02 1.354991e+02
      endloop
   endfacet
   facet normal 7.547249e-04 -1.175638e-16 9.999997e-01
      outer loop
         vertex 7.607401e+01 1.103693e+02 1.354989e+02
         vertex 7.608030e+01 1.102955e+02 1.354989e+02
         vertex 7.743417e+01 1.100214e+02 1.354978e+02
      endloop
   endfacet
   facet normal 7.547249e-04 -1.175638e-16 9.999997e-01
      outer loop
         vertex 7.743417e+01 1.100214e+02 1.354978e+02
         vertex 7.608030e+01 1.102955e+02 1.354989e+02
         vertex 7.607369e+01 1.102217e+02 1.354989e+02
      endloop
   endfacet
   facet normal 7.547249e-04 -1.175638e-16 9.999997e-01
      outer loop
         vertex 7.743417e+01 1.100214e+02 1.354978e+02
         vertex 7.607369e+01 1.102217e+02 1.354989e+02
         vertex 7.736107e+01 1.097217e+02 1.354979e+02
      endloop
   endfacet
   facet normal 7.547249e-04 -1.175638e-16 9.999997e-01
      outer loop
         vertex 7.736107e+01 1.097217e+02 1.354979e+02
         vertex 7.607369e+01 1.102217e+02 1.354989e+02
         vertex 7.605436e+01 1.101502e+02 1.354989e+02
      endloop
   endfacet
   facet normal 7.547249e-04 -1.175638e-16 9.999997e-01
      outer loop
         vertex 7.736107e+01 1.097217e+02 1.354979e+02
         vertex 7.605436e+01 1.101502e+02 1.354989e+02
         vertex 7.723786e+01 1.094388e+02 1.354980e+02
      endloop
   endfacet
   facet normal 7.547249e-04 -1.175638e-16 9.999997e-01
      outer loop
         vertex 7.723786e+01 1.094388e+02 1.354980e+02
         vertex 7.605436e+01 1.101502e+02 1.354989e+02
         vertex 7.602290e+01 1.100831e+02 1.354989e+02
      endloop
   endfacet
   facet normal 7.547249e-04 -1.175638e-16 9.999997e-01
      outer loop
         vertex 7.723786e+01 1.094388e+02 1.354980e+02
         vertex 7.602290e+01 1.100831e+02 1.354989e+02
         vertex 7.706814e+01 1.091811e+02 1.354981e+02
      endloop
   endfacet
   facet normal 7.547249e-04 -1.175638e-16 9.999997e-01
      outer loop
         vertex 7.706814e+01 1.091811e+02 1.354981e+02
         vertex 7.602290e+01 1.100831e+02 1.354989e+02
         vertex 7.598028e+01 1.100225e+02 1.354989e+02
      endloop
   endfacet
   facet normal 7.547249e-04 -1.175638e-16 9.999997e-01
      outer loop
         vertex 7.706814e+01 1.091811e+02 1.354981e+02
         vertex 7.598028e+01 1.100225e+02 1.354989e+02
         vertex 7.592778e+01 1.099703e+02 1.354990e+02
      endloop
   endfacet
   facet normal 7.547249e-04 -1.175638e-16 9.999997e-01
      outer loop
         vertex 7.604123e+01 1.085383e+02 1.354989e+02
         vertex 7.633581e+01 1.086300e+02 1.354987e+02
         vertex 7.574992e+01 1.097190e+02 1.354991e+02
      endloop
   endfacet
   facet normal 7.547249e-04 -1.175638e-16 9.999997e-01
      outer loop
         vertex 7.160474e+01 9.808003e+01 1.355022e+02
         vertex 7.351260e+01 1.032865e+02 1.355008e+02
         vertex 7.340697e+01 1.033252e+02 1.355009e+02
      endloop
   endfacet
   facet normal 7.547249e-04 -1.175638e-16 9.999997e-01
      outer loop
         vertex 7.340697e+01 1.033252e+02 1.355009e+02
         vertex 7.351260e+01 1.032865e+02 1.355008e+02
         vertex 7.542705e+01 1.085109e+02 1.354993e+02
      endloop
   endfacet
   facet normal 7.547249e-04 -1.175638e-16 9.999997e-01
      outer loop
         vertex 7.340697e+01 1.033252e+02 1.355009e+02
         vertex 7.542705e+01 1.085109e+02 1.354993e+02
         vertex 7.574992e+01 1.097190e+02 1.354991e+02
      endloop
   endfacet
   facet normal 7.547249e-04 -1.175638e-16 9.999997e-01
      outer loop
         vertex 7.574992e+01 1.097190e+02 1.354991e+02
         vertex 7.542705e+01 1.085109e+02 1.354993e+02
         vertex 7.573532e+01 1.084982e+02 1.354991e+02
      endloop
   endfacet
   facet normal 7.547249e-04 -1.175638e-16 9.999997e-01
      outer loop
         vertex 7.574992e+01 1.097190e+02 1.354991e+02
         vertex 7.573532e+01 1.084982e+02 1.354991e+02
         vertex 7.604123e+01 1.085383e+02 1.354989e+02
      endloop
   endfacet
   facet normal 7.547249e-04 -1.175638e-16 9.999997e-01
      outer loop
         vertex 7.633581e+01 1.086300e+02 1.354987e+02
         vertex 7.661040e+01 1.087707e+02 1.354985e+02
         vertex 7.574992e+01 1.097190e+02 1.354991e+02
      endloop
   endfacet
   facet normal 7.547249e-04 -1.175638e-16 9.999997e-01
      outer loop
         vertex 7.574992e+01 1.097190e+02 1.354991e+02
         vertex 7.661040e+01 1.087707e+02 1.354985e+02
         vertex 7.685692e+01 1.089562e+02 1.354983e+02
      endloop
   endfacet
   facet normal 7.547249e-04 -1.175638e-16 9.999997e-01
      outer loop
         vertex 7.574992e+01 1.097190e+02 1.354991e+02
         vertex 7.685692e+01 1.089562e+02 1.354983e+02
         vertex 7.706814e+01 1.091811e+02 1.354981e+02
      endloop
   endfacet
   facet normal 7.547249e-04 -1.175638e-16 9.999997e-01
      outer loop
         vertex 7.592920e+01 1.106214e+02 1.354990e+02
         vertex 7.598147e+01 1.105689e+02 1.354989e+02
         vertex 7.609399e+01 1.106580e+02 1.354988e+02
      endloop
   endfacet
   facet normal 7.547249e-04 -1.175638e-16 9.999997e-01
      outer loop
         vertex 7.609399e+01 1.106580e+02 1.354988e+02
         vertex 7.598147e+01 1.105689e+02 1.354989e+02
         vertex 7.602383e+01 1.105081e+02 1.354989e+02
      endloop
   endfacet
   facet normal 7.547249e-04 -1.175638e-16 9.999997e-01
      outer loop
         vertex 7.609399e+01 1.106580e+02 1.354988e+02
         vertex 7.602383e+01 1.105081e+02 1.354989e+02
         vertex 7.743417e+01 1.100214e+02 1.354978e+02
      endloop
   endfacet
   facet normal 7.547249e-04 -1.175638e-16 9.999997e-01
      outer loop
         vertex 7.743417e+01 1.100214e+02 1.354978e+02
         vertex 7.602383e+01 1.105081e+02 1.354989e+02
         vertex 7.605499e+01 1.104409e+02 1.354989e+02
      endloop
   endfacet
   facet normal 7.547249e-04 -1.175638e-16 9.999997e-01
      outer loop
         vertex 7.743417e+01 1.100214e+02 1.354978e+02
         vertex 7.605499e+01 1.104409e+02 1.354989e+02
         vertex 7.607401e+01 1.103693e+02 1.354989e+02
      endloop
   endfacet
   facet normal 7.547249e-04 -1.175638e-16 9.999997e-01
      outer loop
         vertex 7.544361e+01 1.106649e+02 1.354993e+02
         vertex 7.551082e+01 1.106961e+02 1.354993e+02
         vertex 7.555409e+01 1.108558e+02 1.354993e+02
      endloop
   endfacet
   facet normal 7.547249e-04 -1.175638e-16 9.999997e-01
      outer loop
         vertex 7.555409e+01 1.108558e+02 1.354993e+02
         vertex 7.551082e+01 1.106961e+02 1.354993e+02
         vertex 7.558242e+01 1.107151e+02 1.354992e+02
      endloop
   endfacet
   facet normal 7.547249e-04 -1.175638e-16 9.999997e-01
      outer loop
         vertex 7.555409e+01 1.108558e+02 1.354993e+02
         vertex 7.558242e+01 1.107151e+02 1.354992e+02
         vertex 7.565623e+01 1.107214e+02 1.354992e+02
      endloop
   endfacet
   facet normal 7.547249e-04 -1.175638e-16 9.999997e-01
      outer loop
         vertex 7.565623e+01 1.107214e+02 1.354992e+02
         vertex 7.573002e+01 1.107148e+02 1.354991e+02
         vertex 7.555409e+01 1.108558e+02 1.354993e+02
      endloop
   endfacet
   facet normal 7.547249e-04 -1.175638e-16 9.999997e-01
      outer loop
         vertex 7.555409e+01 1.108558e+02 1.354993e+02
         vertex 7.573002e+01 1.107148e+02 1.354991e+02
         vertex 7.580153e+01 1.106955e+02 1.354991e+02
      endloop
   endfacet
   facet normal 7.547249e-04 -1.175638e-16 9.999997e-01
      outer loop
         vertex 7.555409e+01 1.108558e+02 1.354993e+02
         vertex 7.580153e+01 1.106955e+02 1.354991e+02
         vertex 7.609399e+01 1.106580e+02 1.354988e+02
      endloop
   endfacet
   facet normal 7.547249e-04 -1.175638e-16 9.999997e-01
      outer loop
         vertex 7.609399e+01 1.106580e+02 1.354988e+02
         vertex 7.580153e+01 1.106955e+02 1.354991e+02
         vertex 7.586861e+01 1.106640e+02 1.354990e+02
      endloop
   endfacet
   facet normal 7.547249e-04 -1.175638e-16 9.999997e-01
      outer loop
         vertex 7.609399e+01 1.106580e+02 1.354988e+02
         vertex 7.586861e+01 1.106640e+02 1.354990e+02
         vertex 7.592920e+01 1.106214e+02 1.354990e+02
      endloop
   endfacet
   facet normal 7.547249e-04 -1.175638e-16 9.999997e-01
      outer loop
         vertex 7.586700e+01 1.099279e+02 1.354990e+02
         vertex 7.579979e+01 1.098967e+02 1.354991e+02
         vertex 7.574992e+01 1.097190e+02 1.354991e+02
      endloop
   endfacet
   facet normal 7.547249e-04 -1.175638e-16 9.999997e-01
      outer loop
         vertex 7.574992e+01 1.097190e+02 1.354991e+02
         vertex 7.579979e+01 1.098967e+02 1.354991e+02
         vertex 7.572819e+01 1.098777e+02 1.354991e+02
      endloop
   endfacet
   facet normal 7.547249e-04 -1.175638e-16 9.999997e-01
      outer loop
         vertex 7.574992e+01 1.097190e+02 1.354991e+02
         vertex 7.572819e+01 1.098777e+02 1.354991e+02
         vertex 7.565438e+01 1.098714e+02 1.354992e+02
      endloop
   endfacet
   facet normal 7.547249e-04 -1.175638e-16 9.999997e-01
      outer loop
         vertex 7.538141e+01 1.099714e+02 1.354994e+02
         vertex 7.532914e+01 1.100239e+02 1.354994e+02
         vertex 7.521003e+01 1.099169e+02 1.354995e+02
      endloop
   endfacet
   facet normal 7.547249e-04 -1.175638e-16 9.999997e-01
      outer loop
         vertex 7.521003e+01 1.099169e+02 1.354995e+02
         vertex 7.532914e+01 1.100239e+02 1.354994e+02
         vertex 7.528678e+01 1.100847e+02 1.354995e+02
      endloop
   endfacet
   facet normal 7.547249e-04 -1.175638e-16 9.999997e-01
      outer loop
         vertex 7.521003e+01 1.099169e+02 1.354995e+02
         vertex 7.528678e+01 1.100847e+02 1.354995e+02
         vertex 7.385636e+01 1.103581e+02 1.355005e+02
      endloop
   endfacet
   facet normal 7.547249e-04 -1.175638e-16 9.999997e-01
      outer loop
         vertex 7.385636e+01 1.103581e+02 1.355005e+02
         vertex 7.528678e+01 1.100847e+02 1.354995e+02
         vertex 7.525562e+01 1.101519e+02 1.354995e+02
      endloop
   endfacet
   facet normal 7.547249e-04 -1.175638e-16 9.999997e-01
      outer loop
         vertex 7.385636e+01 1.103581e+02 1.355005e+02
         vertex 7.525562e+01 1.101519e+02 1.354995e+02
         vertex 7.523660e+01 1.102235e+02 1.354995e+02
      endloop
   endfacet
   facet normal 7.547249e-04 -1.175638e-16 9.999997e-01
      outer loop
         vertex 7.565438e+01 1.098714e+02 1.354992e+02
         vertex 7.558059e+01 1.098780e+02 1.354992e+02
         vertex 7.574992e+01 1.097190e+02 1.354991e+02
      endloop
   endfacet
   facet normal 7.547249e-04 -1.175638e-16 9.999997e-01
      outer loop
         vertex 7.574992e+01 1.097190e+02 1.354991e+02
         vertex 7.558059e+01 1.098780e+02 1.354992e+02
         vertex 7.550908e+01 1.098974e+02 1.354993e+02
      endloop
   endfacet
   facet normal 7.547249e-04 -1.175638e-16 9.999997e-01
      outer loop
         vertex 7.574992e+01 1.097190e+02 1.354991e+02
         vertex 7.550908e+01 1.098974e+02 1.354993e+02
         vertex 7.521003e+01 1.099169e+02 1.354995e+02
      endloop
   endfacet
   facet normal 7.547249e-04 -1.175638e-16 9.999997e-01
      outer loop
         vertex 7.521003e+01 1.099169e+02 1.354995e+02
         vertex 7.550908e+01 1.098974e+02 1.354993e+02
         vertex 7.544200e+01 1.099288e+02 1.354993e+02
      endloop
   endfacet
   facet normal 7.547249e-04 -1.175638e-16 9.999997e-01
      outer loop
         vertex 7.521003e+01 1.099169e+02 1.354995e+02
         vertex 7.544200e+01 1.099288e+02 1.354993e+02
         vertex 7.538141e+01 1.099714e+02 1.354994e+02
      endloop
   endfacet
   facet normal 7.547249e-04 -1.175638e-16 9.999997e-01
      outer loop
         vertex 7.089922e+01 9.689479e+01 1.355028e+02
         vertex 7.095149e+01 9.684229e+01 1.355027e+02
         vertex 7.106731e+01 9.694037e+01 1.355026e+02
      endloop
   endfacet
   facet normal 7.547249e-04 -1.175638e-16 9.999997e-01
      outer loop
         vertex 7.106731e+01 9.694037e+01 1.355026e+02
         vertex 7.095149e+01 9.684229e+01 1.355027e+02
         vertex 7.099385e+01 9.678152e+01 1.355027e+02
      endloop
   endfacet
   facet normal 7.547249e-04 -1.175638e-16 9.999997e-01
      outer loop
         vertex 7.106731e+01 9.694037e+01 1.355026e+02
         vertex 7.099385e+01 9.678152e+01 1.355027e+02
         vertex 7.242427e+01 9.650819e+01 1.355016e+02
      endloop
   endfacet
   facet normal 7.547249e-04 -1.175638e-16 9.999997e-01
      outer loop
         vertex 7.242427e+01 9.650819e+01 1.355016e+02
         vertex 7.099385e+01 9.678152e+01 1.355027e+02
         vertex 7.102501e+01 9.671431e+01 1.355027e+02
      endloop
   endfacet
   facet normal 7.547249e-04 -1.175638e-16 9.999997e-01
      outer loop
         vertex 7.242427e+01 9.650819e+01 1.355016e+02
         vertex 7.102501e+01 9.671431e+01 1.355027e+02
         vertex 7.104403e+01 9.664271e+01 1.355027e+02
      endloop
   endfacet
   facet normal 7.547249e-04 -1.175638e-16 9.999997e-01
      outer loop
         vertex 7.041363e+01 9.693834e+01 1.355031e+02
         vertex 7.048084e+01 9.696950e+01 1.355031e+02
         vertex 7.052742e+01 9.713821e+01 1.355030e+02
      endloop
   endfacet
   facet normal 7.547249e-04 -1.175638e-16 9.999997e-01
      outer loop
         vertex 7.052742e+01 9.713821e+01 1.355030e+02
         vertex 7.048084e+01 9.696950e+01 1.355031e+02
         vertex 7.055244e+01 9.698852e+01 1.355030e+02
      endloop
   endfacet
   facet normal 7.547249e-04 -1.175638e-16 9.999997e-01
      outer loop
         vertex 7.052742e+01 9.713821e+01 1.355030e+02
         vertex 7.055244e+01 9.698852e+01 1.355030e+02
         vertex 7.062626e+01 9.699482e+01 1.355030e+02
      endloop
   endfacet
   facet normal 7.547249e-04 -1.175638e-16 9.999997e-01
      outer loop
         vertex 7.062626e+01 9.699482e+01 1.355030e+02
         vertex 7.070004e+01 9.698820e+01 1.355029e+02
         vertex 7.052742e+01 9.713821e+01 1.355030e+02
      endloop
   endfacet
   facet normal 7.547249e-04 -1.175638e-16 9.999997e-01
      outer loop
         vertex 7.052742e+01 9.713821e+01 1.355030e+02
         vertex 7.070004e+01 9.698820e+01 1.355029e+02
         vertex 7.077156e+01 9.696887e+01 1.355029e+02
      endloop
   endfacet
   facet normal 7.547249e-04 -1.175638e-16 9.999997e-01
      outer loop
         vertex 7.052742e+01 9.713821e+01 1.355030e+02
         vertex 7.077156e+01 9.696887e+01 1.355029e+02
         vertex 7.106731e+01 9.694037e+01 1.355026e+02
      endloop
   endfacet
   facet normal 7.547249e-04 -1.175638e-16 9.999997e-01
      outer loop
         vertex 7.106731e+01 9.694037e+01 1.355026e+02
         vertex 7.077156e+01 9.696887e+01 1.355029e+02
         vertex 7.083863e+01 9.693742e+01 1.355028e+02
      endloop
   endfacet
   facet normal 7.547249e-04 -1.175638e-16 9.999997e-01
      outer loop
         vertex 7.106731e+01 9.694037e+01 1.355026e+02
         vertex 7.083863e+01 9.693742e+01 1.355028e+02
         vertex 7.089922e+01 9.689479e+01 1.355028e+02
      endloop
   endfacet
   facet normal 7.547249e-04 -1.175638e-16 9.999997e-01
      outer loop
         vertex 7.083703e+01 9.620130e+01 1.355028e+02
         vertex 7.076982e+01 9.617013e+01 1.355029e+02
         vertex 7.072324e+01 9.600143e+01 1.355029e+02
      endloop
   endfacet
   facet normal 7.547249e-04 -1.175638e-16 9.999997e-01
      outer loop
         vertex 7.072324e+01 9.600143e+01 1.355029e+02
         vertex 7.076982e+01 9.617013e+01 1.355029e+02
         vertex 7.069822e+01 9.615112e+01 1.355029e+02
      endloop
   endfacet
   facet normal 7.547249e-04 -1.175638e-16 9.999997e-01
      outer loop
         vertex 7.072324e+01 9.600143e+01 1.355029e+02
         vertex 7.069822e+01 9.615112e+01 1.355029e+02
         vertex 7.062440e+01 9.614482e+01 1.355030e+02
      endloop
   endfacet
   facet normal 7.547249e-04 -1.175638e-16 9.999997e-01
      outer loop
         vertex 7.035144e+01 9.624485e+01 1.355032e+02
         vertex 7.029917e+01 9.629735e+01 1.355032e+02
         vertex 7.018335e+01 9.619927e+01 1.355033e+02
      endloop
   endfacet
   facet normal 7.547249e-04 -1.175638e-16 9.999997e-01
      outer loop
         vertex 7.018335e+01 9.619927e+01 1.355033e+02
         vertex 7.029917e+01 9.629735e+01 1.355032e+02
         vertex 7.025681e+01 9.635812e+01 1.355033e+02
      endloop
   endfacet
   facet normal 7.547249e-04 -1.175638e-16 9.999997e-01
      outer loop
         vertex 7.018335e+01 9.619927e+01 1.355033e+02
         vertex 7.025681e+01 9.635812e+01 1.355033e+02
         vertex 6.884646e+01 9.684484e+01 1.355043e+02
      endloop
   endfacet
   facet normal 7.547249e-04 -1.175638e-16 9.999997e-01
      outer loop
         vertex 6.884646e+01 9.684484e+01 1.355043e+02
         vertex 7.025681e+01 9.635812e+01 1.355033e+02
         vertex 7.022564e+01 9.642533e+01 1.355033e+02
      endloop
   endfacet
   facet normal 7.547249e-04 -1.175638e-16 9.999997e-01
      outer loop
         vertex 6.884646e+01 9.684484e+01 1.355043e+02
         vertex 7.022564e+01 9.642533e+01 1.355033e+02
         vertex 7.020663e+01 9.649693e+01 1.355033e+02
      endloop
   endfacet
   facet normal 7.547249e-04 -1.175638e-16 9.999997e-01
      outer loop
         vertex 7.062440e+01 9.614482e+01 1.355030e+02
         vertex 7.055062e+01 9.615144e+01 1.355030e+02
         vertex 7.072324e+01 9.600143e+01 1.355029e+02
      endloop
   endfacet
   facet normal 7.547249e-04 -1.175638e-16 9.999997e-01
      outer loop
         vertex 7.072324e+01 9.600143e+01 1.355029e+02
         vertex 7.055062e+01 9.615144e+01 1.355030e+02
         vertex 7.047910e+01 9.617077e+01 1.355031e+02
      endloop
   endfacet
   facet normal 7.547249e-04 -1.175638e-16 9.999997e-01
      outer loop
         vertex 7.072324e+01 9.600143e+01 1.355029e+02
         vertex 7.047910e+01 9.617077e+01 1.355031e+02
         vertex 7.018335e+01 9.619927e+01 1.355033e+02
      endloop
   endfacet
   facet normal 7.547249e-04 -1.175638e-16 9.999997e-01
      outer loop
         vertex 7.018335e+01 9.619927e+01 1.355033e+02
         vertex 7.047910e+01 9.617077e+01 1.355031e+02
         vertex 7.041203e+01 9.620222e+01 1.355031e+02
      endloop
   endfacet
   facet normal 7.547249e-04 -1.175638e-16 9.999997e-01
      outer loop
         vertex 7.018335e+01 9.619927e+01 1.355033e+02
         vertex 7.041203e+01 9.620222e+01 1.355031e+02
         vertex 7.035144e+01 9.624485e+01 1.355032e+02
      endloop
   endfacet
   facet normal 7.547249e-04 -1.175638e-16 9.999997e-01
      outer loop
         vertex 7.537353e+01 1.097455e+02 1.354994e+02
         vertex 7.539959e+01 1.097477e+02 1.354994e+02
         vertex 7.521003e+01 1.099169e+02 1.354995e+02
      endloop
   endfacet
   facet normal 7.547249e-04 -1.175638e-16 9.999997e-01
      outer loop
         vertex 7.549593e+01 1.097124e+02 1.354993e+02
         vertex 7.551438e+01 1.096938e+02 1.354993e+02
         vertex 7.574992e+01 1.097190e+02 1.354991e+02
      endloop
   endfacet
   facet normal 7.547249e-04 -1.175638e-16 9.999997e-01
      outer loop
         vertex 7.574992e+01 1.097190e+02 1.354991e+02
         vertex 7.551438e+01 1.096938e+02 1.354993e+02
         vertex 7.552933e+01 1.096724e+02 1.354993e+02
      endloop
   endfacet
   facet normal 7.547249e-04 -1.175638e-16 9.999997e-01
      outer loop
         vertex 7.574992e+01 1.097190e+02 1.354991e+02
         vertex 7.552933e+01 1.096724e+02 1.354993e+02
         vertex 7.554032e+01 1.096487e+02 1.354993e+02
      endloop
   endfacet
   facet normal 7.547249e-04 -1.175638e-16 9.999997e-01
      outer loop
         vertex 7.545025e+01 1.094566e+02 1.354993e+02
         vertex 7.340697e+01 1.033252e+02 1.355009e+02
         vertex 7.547398e+01 1.094676e+02 1.354993e+02
      endloop
   endfacet
   facet normal 7.547249e-04 -1.175638e-16 9.999997e-01
      outer loop
         vertex 7.547398e+01 1.094676e+02 1.354993e+02
         vertex 7.340697e+01 1.033252e+02 1.355009e+02
         vertex 7.549543e+01 1.094826e+02 1.354993e+02
      endloop
   endfacet
   facet normal 7.547249e-04 -1.175638e-16 9.999997e-01
      outer loop
         vertex 7.539959e+01 1.097477e+02 1.354994e+02
         vertex 7.542563e+01 1.097453e+02 1.354993e+02
         vertex 7.521003e+01 1.099169e+02 1.354995e+02
      endloop
   endfacet
   facet normal 7.547249e-04 -1.175638e-16 9.999997e-01
      outer loop
         vertex 7.521003e+01 1.099169e+02 1.354995e+02
         vertex 7.542563e+01 1.097453e+02 1.354993e+02
         vertex 7.545087e+01 1.097385e+02 1.354993e+02
      endloop
   endfacet
   facet normal 7.547249e-04 -1.175638e-16 9.999997e-01
      outer loop
         vertex 7.521003e+01 1.099169e+02 1.354995e+02
         vertex 7.545087e+01 1.097385e+02 1.354993e+02
         vertex 7.574992e+01 1.097190e+02 1.354991e+02
      endloop
   endfacet
   facet normal 7.547249e-04 -1.175638e-16 9.999997e-01
      outer loop
         vertex 7.574992e+01 1.097190e+02 1.354991e+02
         vertex 7.545087e+01 1.097385e+02 1.354993e+02
         vertex 7.547454e+01 1.097274e+02 1.354993e+02
      endloop
   endfacet
   facet normal 7.547249e-04 -1.175638e-16 9.999997e-01
      outer loop
         vertex 7.574992e+01 1.097190e+02 1.354991e+02
         vertex 7.547454e+01 1.097274e+02 1.354993e+02
         vertex 7.549593e+01 1.097124e+02 1.354993e+02
      endloop
   endfacet
   facet normal 7.547249e-04 -1.175638e-16 9.999997e-01
      outer loop
         vertex 7.554032e+01 1.096487e+02 1.354993e+02
         vertex 7.554704e+01 1.096234e+02 1.354993e+02
         vertex 7.574992e+01 1.097190e+02 1.354991e+02
      endloop
   endfacet
   facet normal 7.547249e-04 -1.175638e-16 9.999997e-01
      outer loop
         vertex 7.574992e+01 1.097190e+02 1.354991e+02
         vertex 7.554704e+01 1.096234e+02 1.354993e+02
         vertex 7.554926e+01 1.095974e+02 1.354993e+02
      endloop
   endfacet
   facet normal 7.547249e-04 -1.175638e-16 9.999997e-01
      outer loop
         vertex 7.574992e+01 1.097190e+02 1.354991e+02
         vertex 7.554926e+01 1.095974e+02 1.354993e+02
         vertex 7.554692e+01 1.095713e+02 1.354993e+02
      endloop
   endfacet
   facet normal 7.547249e-04 -1.175638e-16 9.999997e-01
      outer loop
         vertex 7.545025e+01 1.094566e+02 1.354993e+02
         vertex 7.542498e+01 1.094499e+02 1.354994e+02
         vertex 7.340697e+01 1.033252e+02 1.355009e+02
      endloop
   endfacet
   facet normal 7.547249e-04 -1.175638e-16 9.999997e-01
      outer loop
         vertex 7.340697e+01 1.033252e+02 1.355009e+02
         vertex 7.542498e+01 1.094499e+02 1.354994e+02
         vertex 7.539893e+01 1.094477e+02 1.354994e+02
      endloop
   endfacet
   facet normal 7.547249e-04 -1.175638e-16 9.999997e-01
      outer loop
         vertex 7.340697e+01 1.033252e+02 1.355009e+02
         vertex 7.539893e+01 1.094477e+02 1.354994e+02
         vertex 7.537289e+01 1.094500e+02 1.354994e+02
      endloop
   endfacet
   facet normal 7.547249e-04 -1.175638e-16 9.999997e-01
      outer loop
         vertex 7.534765e+01 1.094568e+02 1.354994e+02
         vertex 7.532398e+01 1.094679e+02 1.354994e+02
         vertex 7.286707e+01 1.035230e+02 1.355013e+02
      endloop
   endfacet
   facet normal 7.547249e-04 -1.175638e-16 9.999997e-01
      outer loop
         vertex 7.286707e+01 1.035230e+02 1.355013e+02
         vertex 7.532398e+01 1.094679e+02 1.354994e+02
         vertex 7.530259e+01 1.094830e+02 1.354994e+02
      endloop
   endfacet
   facet normal 7.547249e-04 -1.175638e-16 9.999997e-01
      outer loop
         vertex 7.530259e+01 1.094830e+02 1.354994e+02
         vertex 7.528414e+01 1.095015e+02 1.354995e+02
         vertex 7.286707e+01 1.035230e+02 1.355013e+02
      endloop
   endfacet
   facet normal 7.547249e-04 -1.175638e-16 9.999997e-01
      outer loop
         vertex 7.286707e+01 1.035230e+02 1.355013e+02
         vertex 7.528414e+01 1.095015e+02 1.354995e+02
         vertex 7.526919e+01 1.095230e+02 1.354995e+02
      endloop
   endfacet
   facet normal 7.547249e-04 -1.175638e-16 9.999997e-01
      outer loop
         vertex 7.286707e+01 1.035230e+02 1.355013e+02
         vertex 7.526919e+01 1.095230e+02 1.354995e+02
         vertex 7.525819e+01 1.095467e+02 1.354995e+02
      endloop
   endfacet
   facet normal 7.547249e-04 -1.175638e-16 9.999997e-01
      outer loop
         vertex 7.554692e+01 1.095713e+02 1.354993e+02
         vertex 7.554010e+01 1.095461e+02 1.354993e+02
         vertex 7.574992e+01 1.097190e+02 1.354991e+02
      endloop
   endfacet
   facet normal 7.547249e-04 -1.175638e-16 9.999997e-01
      outer loop
         vertex 7.574992e+01 1.097190e+02 1.354991e+02
         vertex 7.554010e+01 1.095461e+02 1.354993e+02
         vertex 7.552900e+01 1.095224e+02 1.354993e+02
      endloop
   endfacet
   facet normal 7.547249e-04 -1.175638e-16 9.999997e-01
      outer loop
         vertex 7.574992e+01 1.097190e+02 1.354991e+02
         vertex 7.552900e+01 1.095224e+02 1.354993e+02
         vertex 7.340697e+01 1.033252e+02 1.355009e+02
      endloop
   endfacet
   facet normal 7.547249e-04 -1.175638e-16 9.999997e-01
      outer loop
         vertex 7.340697e+01 1.033252e+02 1.355009e+02
         vertex 7.552900e+01 1.095224e+02 1.354993e+02
         vertex 7.551396e+01 1.095010e+02 1.354993e+02
      endloop
   endfacet
   facet normal 7.547249e-04 -1.175638e-16 9.999997e-01
      outer loop
         vertex 7.340697e+01 1.033252e+02 1.355009e+02
         vertex 7.551396e+01 1.095010e+02 1.354993e+02
         vertex 7.549543e+01 1.094826e+02 1.354993e+02
      endloop
   endfacet
   facet normal 7.547249e-04 -1.175638e-16 9.999997e-01
      outer loop
         vertex 7.530309e+01 1.097128e+02 1.354994e+02
         vertex 7.532454e+01 1.097277e+02 1.354994e+02
         vertex 7.521003e+01 1.099169e+02 1.354995e+02
      endloop
   endfacet
   facet normal 7.547249e-04 -1.175638e-16 9.999997e-01
      outer loop
         vertex 7.521003e+01 1.099169e+02 1.354995e+02
         vertex 7.532454e+01 1.097277e+02 1.354994e+02
         vertex 7.534826e+01 1.097387e+02 1.354994e+02
      endloop
   endfacet
   facet normal 7.547249e-04 -1.175638e-16 9.999997e-01
      outer loop
         vertex 7.521003e+01 1.099169e+02 1.354995e+02
         vertex 7.534826e+01 1.097387e+02 1.354994e+02
         vertex 7.537353e+01 1.097455e+02 1.354994e+02
      endloop
   endfacet
   facet normal 7.547249e-04 -1.175638e-16 9.999997e-01
      outer loop
         vertex 7.525842e+01 1.096493e+02 1.354995e+02
         vertex 7.526952e+01 1.096730e+02 1.354995e+02
         vertex 7.521003e+01 1.099169e+02 1.354995e+02
      endloop
   endfacet
   facet normal 7.547249e-04 -1.175638e-16 9.999997e-01
      outer loop
         vertex 7.521003e+01 1.099169e+02 1.354995e+02
         vertex 7.526952e+01 1.096730e+02 1.354995e+02
         vertex 7.528456e+01 1.096944e+02 1.354995e+02
      endloop
   endfacet
   facet normal 7.547249e-04 -1.175638e-16 9.999997e-01
      outer loop
         vertex 7.521003e+01 1.099169e+02 1.354995e+02
         vertex 7.528456e+01 1.096944e+02 1.354995e+02
         vertex 7.530309e+01 1.097128e+02 1.354994e+02
      endloop
   endfacet
   facet normal 7.547249e-04 -1.175638e-16 9.999997e-01
      outer loop
         vertex 7.525819e+01 1.095467e+02 1.354995e+02
         vertex 7.525148e+01 1.095720e+02 1.354995e+02
         vertex 7.286707e+01 1.035230e+02 1.355013e+02
      endloop
   endfacet
   facet normal 7.547249e-04 -1.175638e-16 9.999997e-01
      outer loop
         vertex 7.286707e+01 1.035230e+02 1.355013e+02
         vertex 7.525148e+01 1.095720e+02 1.354995e+02
         vertex 7.524926e+01 1.095980e+02 1.354995e+02
      endloop
   endfacet
   facet normal 7.547249e-04 -1.175638e-16 9.999997e-01
      outer loop
         vertex 7.286707e+01 1.035230e+02 1.355013e+02
         vertex 7.524926e+01 1.095980e+02 1.354995e+02
         vertex 7.521003e+01 1.099169e+02 1.354995e+02
      endloop
   endfacet
   facet normal 7.547249e-04 -1.175638e-16 9.999997e-01
      outer loop
         vertex 7.521003e+01 1.099169e+02 1.354995e+02
         vertex 7.524926e+01 1.095980e+02 1.354995e+02
         vertex 7.525160e+01 1.096241e+02 1.354995e+02
      endloop
   endfacet
   facet normal 7.547249e-04 -1.175638e-16 9.999997e-01
      outer loop
         vertex 7.521003e+01 1.099169e+02 1.354995e+02
         vertex 7.525160e+01 1.096241e+02 1.354995e+02
         vertex 7.525842e+01 1.096493e+02 1.354995e+02
      endloop
   endfacet
   facet normal 7.547249e-04 -1.175638e-16 9.999997e-01
      outer loop
         vertex 7.286707e+01 1.035230e+02 1.355013e+02
         vertex 7.084905e+01 9.739833e+01 1.355028e+02
         vertex 7.087510e+01 9.740055e+01 1.355028e+02
      endloop
   endfacet
   facet normal 7.547249e-04 -1.175638e-16 9.999997e-01
      outer loop
         vertex 7.087510e+01 9.740055e+01 1.355028e+02
         vertex 7.090115e+01 9.739822e+01 1.355028e+02
         vertex 7.286707e+01 1.035230e+02 1.355013e+02
      endloop
   endfacet
   facet normal 7.547249e-04 -1.175638e-16 9.999997e-01
      outer loop
         vertex 7.286707e+01 1.035230e+02 1.355013e+02
         vertex 7.090115e+01 9.739822e+01 1.355028e+02
         vertex 7.340697e+01 1.033252e+02 1.355009e+02
      endloop
   endfacet
   facet normal 7.547249e-04 -1.175638e-16 9.999997e-01
      outer loop
         vertex 7.286707e+01 1.035230e+02 1.355013e+02
         vertex 7.340697e+01 1.033252e+02 1.355009e+02
         vertex 7.534765e+01 1.094568e+02 1.354994e+02
      endloop
   endfacet
   facet normal 7.547249e-04 -1.175638e-16 9.999997e-01
      outer loop
         vertex 7.534765e+01 1.094568e+02 1.354994e+02
         vertex 7.340697e+01 1.033252e+02 1.355009e+02
         vertex 7.537289e+01 1.094500e+02 1.354994e+02
      endloop
   endfacet
   facet normal 7.547249e-04 -1.175638e-16 9.999997e-01
      outer loop
         vertex 7.106731e+01 9.694037e+01 1.355026e+02
         vertex 7.097094e+01 9.713544e+01 1.355027e+02
         vertex 7.094949e+01 9.712049e+01 1.355027e+02
      endloop
   endfacet
   facet normal 7.547249e-04 -1.175638e-16 9.999997e-01
      outer loop
         vertex 7.094949e+01 9.712049e+01 1.355027e+02
         vertex 7.092577e+01 9.710949e+01 1.355027e+02
         vertex 7.106731e+01 9.694037e+01 1.355026e+02
      endloop
   endfacet
   facet normal 7.547249e-04 -1.175638e-16 9.999997e-01
      outer loop
         vertex 7.106731e+01 9.694037e+01 1.355026e+02
         vertex 7.092577e+01 9.710949e+01 1.355027e+02
         vertex 7.090050e+01 9.710278e+01 1.355028e+02
      endloop
   endfacet
   facet normal 7.547249e-04 -1.175638e-16 9.999997e-01
      outer loop
         vertex 7.106731e+01 9.694037e+01 1.355026e+02
         vertex 7.090050e+01 9.710278e+01 1.355028e+02
         vertex 7.087445e+01 9.710055e+01 1.355028e+02
      endloop
   endfacet
   facet normal 7.547249e-04 -1.175638e-16 9.999997e-01
      outer loop
         vertex 7.090115e+01 9.739822e+01 1.355028e+02
         vertex 7.092639e+01 9.739140e+01 1.355027e+02
         vertex 7.340697e+01 1.033252e+02 1.355009e+02
      endloop
   endfacet
   facet normal 7.547249e-04 -1.175638e-16 9.999997e-01
      outer loop
         vertex 7.340697e+01 1.033252e+02 1.355009e+02
         vertex 7.092639e+01 9.739140e+01 1.355027e+02
         vertex 7.095006e+01 9.738029e+01 1.355027e+02
      endloop
   endfacet
   facet normal 7.547249e-04 -1.175638e-16 9.999997e-01
      outer loop
         vertex 7.340697e+01 1.033252e+02 1.355009e+02
         vertex 7.095006e+01 9.738029e+01 1.355027e+02
         vertex 7.097145e+01 9.736525e+01 1.355027e+02
      endloop
   endfacet
   facet normal 7.547249e-04 -1.175638e-16 9.999997e-01
      outer loop
         vertex 7.101562e+01 9.719894e+01 1.355027e+02
         vertex 7.100452e+01 9.717527e+01 1.355027e+02
         vertex 7.106731e+01 9.694037e+01 1.355026e+02
      endloop
   endfacet
   facet normal 7.547249e-04 -1.175638e-16 9.999997e-01
      outer loop
         vertex 7.106731e+01 9.694037e+01 1.355026e+02
         vertex 7.100452e+01 9.717527e+01 1.355027e+02
         vertex 7.098947e+01 9.715389e+01 1.355027e+02
      endloop
   endfacet
   facet normal 7.547249e-04 -1.175638e-16 9.999997e-01
      outer loop
         vertex 7.106731e+01 9.694037e+01 1.355026e+02
         vertex 7.098947e+01 9.715389e+01 1.355027e+02
         vertex 7.097094e+01 9.713544e+01 1.355027e+02
      endloop
   endfacet
   facet normal 7.547249e-04 -1.175638e-16 9.999997e-01
      outer loop
         vertex 7.087445e+01 9.710055e+01 1.355028e+02
         vertex 7.084841e+01 9.710289e+01 1.355028e+02
         vertex 7.106731e+01 9.694037e+01 1.355026e+02
      endloop
   endfacet
   facet normal 7.547249e-04 -1.175638e-16 9.999997e-01
      outer loop
         vertex 7.106731e+01 9.694037e+01 1.355026e+02
         vertex 7.084841e+01 9.710289e+01 1.355028e+02
         vertex 7.082317e+01 9.710971e+01 1.355028e+02
      endloop
   endfacet
   facet normal 7.547249e-04 -1.175638e-16 9.999997e-01
      outer loop
         vertex 7.106731e+01 9.694037e+01 1.355026e+02
         vertex 7.082317e+01 9.710971e+01 1.355028e+02
         vertex 7.052742e+01 9.713821e+01 1.355030e+02
      endloop
   endfacet
   facet normal 7.547249e-04 -1.175638e-16 9.999997e-01
      outer loop
         vertex 7.052742e+01 9.713821e+01 1.355030e+02
         vertex 7.082317e+01 9.710971e+01 1.355028e+02
         vertex 7.079949e+01 9.712081e+01 1.355028e+02
      endloop
   endfacet
   facet normal 7.547249e-04 -1.175638e-16 9.999997e-01
      outer loop
         vertex 7.052742e+01 9.713821e+01 1.355030e+02
         vertex 7.079949e+01 9.712081e+01 1.355028e+02
         vertex 7.077811e+01 9.713586e+01 1.355029e+02
      endloop
   endfacet
   facet normal 7.547249e-04 -1.175638e-16 9.999997e-01
      outer loop
         vertex 7.077811e+01 9.713586e+01 1.355029e+02
         vertex 7.075966e+01 9.715439e+01 1.355029e+02
         vertex 7.052742e+01 9.713821e+01 1.355030e+02
      endloop
   endfacet
   facet normal 7.547249e-04 -1.175638e-16 9.999997e-01
      outer loop
         vertex 7.052742e+01 9.713821e+01 1.355030e+02
         vertex 7.075966e+01 9.715439e+01 1.355029e+02
         vertex 7.074471e+01 9.717584e+01 1.355029e+02
      endloop
   endfacet
   facet normal 7.547249e-04 -1.175638e-16 9.999997e-01
      outer loop
         vertex 7.052742e+01 9.713821e+01 1.355030e+02
         vertex 7.074471e+01 9.717584e+01 1.355029e+02
         vertex 7.073371e+01 9.719956e+01 1.355029e+02
      endloop
   endfacet
   facet normal 7.547249e-04 -1.175638e-16 9.999997e-01
      outer loop
         vertex 7.097145e+01 9.736525e+01 1.355027e+02
         vertex 7.098989e+01 9.734672e+01 1.355027e+02
         vertex 7.340697e+01 1.033252e+02 1.355009e+02
      endloop
   endfacet
   facet normal 7.547249e-04 -1.175638e-16 9.999997e-01
      outer loop
         vertex 7.340697e+01 1.033252e+02 1.355009e+02
         vertex 7.098989e+01 9.734672e+01 1.355027e+02
         vertex 7.100484e+01 9.732527e+01 1.355027e+02
      endloop
   endfacet
   facet normal 7.547249e-04 -1.175638e-16 9.999997e-01
      outer loop
         vertex 7.340697e+01 1.033252e+02 1.355009e+02
         vertex 7.100484e+01 9.732527e+01 1.355027e+02
         vertex 7.101584e+01 9.730155e+01 1.355027e+02
      endloop
   endfacet
   facet normal 7.547249e-04 -1.175638e-16 9.999997e-01
      outer loop
         vertex 7.073371e+01 9.719956e+01 1.355029e+02
         vertex 7.072700e+01 9.722483e+01 1.355029e+02
         vertex 7.052742e+01 9.713821e+01 1.355030e+02
      endloop
   endfacet
   facet normal 7.547249e-04 -1.175638e-16 9.999997e-01
      outer loop
         vertex 7.052742e+01 9.713821e+01 1.355030e+02
         vertex 7.072700e+01 9.722483e+01 1.355029e+02
         vertex 7.072478e+01 9.725088e+01 1.355029e+02
      endloop
   endfacet
   facet normal 7.547249e-04 -1.175638e-16 9.999997e-01
      outer loop
         vertex 7.052742e+01 9.713821e+01 1.355030e+02
         vertex 7.072478e+01 9.725088e+01 1.355029e+02
         vertex 7.072711e+01 9.727692e+01 1.355029e+02
      endloop
   endfacet
   facet normal 7.547249e-04 -1.175638e-16 9.999997e-01
      outer loop
         vertex 7.077861e+01 9.736567e+01 1.355029e+02
         vertex 7.080006e+01 9.738062e+01 1.355028e+02
         vertex 7.286707e+01 1.035230e+02 1.355013e+02
      endloop
   endfacet
   facet normal 7.547249e-04 -1.175638e-16 9.999997e-01
      outer loop
         vertex 7.286707e+01 1.035230e+02 1.355013e+02
         vertex 7.080006e+01 9.738062e+01 1.355028e+02
         vertex 7.082378e+01 9.739162e+01 1.355028e+02
      endloop
   endfacet
   facet normal 7.547249e-04 -1.175638e-16 9.999997e-01
      outer loop
         vertex 7.286707e+01 1.035230e+02 1.355013e+02
         vertex 7.082378e+01 9.739162e+01 1.355028e+02
         vertex 7.084905e+01 9.739833e+01 1.355028e+02
      endloop
   endfacet
   facet normal 7.547249e-04 -1.175638e-16 9.999997e-01
      outer loop
         vertex 7.101584e+01 9.730155e+01 1.355027e+02
         vertex 7.102256e+01 9.727628e+01 1.355027e+02
         vertex 7.340697e+01 1.033252e+02 1.355009e+02
      endloop
   endfacet
   facet normal 7.547249e-04 -1.175638e-16 9.999997e-01
      outer loop
         vertex 7.340697e+01 1.033252e+02 1.355009e+02
         vertex 7.102256e+01 9.727628e+01 1.355027e+02
         vertex 7.102478e+01 9.725023e+01 1.355027e+02
      endloop
   endfacet
   facet normal 7.547249e-04 -1.175638e-16 9.999997e-01
      outer loop
         vertex 7.340697e+01 1.033252e+02 1.355009e+02
         vertex 7.102478e+01 9.725023e+01 1.355027e+02
         vertex 7.106731e+01 9.694037e+01 1.355026e+02
      endloop
   endfacet
   facet normal 7.547249e-04 -1.175638e-16 9.999997e-01
      outer loop
         vertex 7.106731e+01 9.694037e+01 1.355026e+02
         vertex 7.102478e+01 9.725023e+01 1.355027e+02
         vertex 7.102244e+01 9.722419e+01 1.355027e+02
      endloop
   endfacet
   facet normal 7.547249e-04 -1.175638e-16 9.999997e-01
      outer loop
         vertex 7.106731e+01 9.694037e+01 1.355026e+02
         vertex 7.102244e+01 9.722419e+01 1.355027e+02
         vertex 7.101562e+01 9.719894e+01 1.355027e+02
      endloop
   endfacet
   facet normal 7.547249e-04 -1.175638e-16 9.999997e-01
      outer loop
         vertex 7.072711e+01 9.727692e+01 1.355029e+02
         vertex 7.073394e+01 9.730216e+01 1.355029e+02
         vertex 7.052742e+01 9.713821e+01 1.355030e+02
      endloop
   endfacet
   facet normal 7.547249e-04 -1.175638e-16 9.999997e-01
      outer loop
         vertex 7.052742e+01 9.713821e+01 1.355030e+02
         vertex 7.073394e+01 9.730216e+01 1.355029e+02
         vertex 7.074504e+01 9.732584e+01 1.355029e+02
      endloop
   endfacet
   facet normal 7.547249e-04 -1.175638e-16 9.999997e-01
      outer loop
         vertex 7.052742e+01 9.713821e+01 1.355030e+02
         vertex 7.074504e+01 9.732584e+01 1.355029e+02
         vertex 7.286707e+01 1.035230e+02 1.355013e+02
      endloop
   endfacet
   facet normal 7.547249e-04 -1.175638e-16 9.999997e-01
      outer loop
         vertex 7.286707e+01 1.035230e+02 1.355013e+02
         vertex 7.074504e+01 9.732584e+01 1.355029e+02
         vertex 7.076008e+01 9.734722e+01 1.355029e+02
      endloop
   endfacet
   facet normal 7.547249e-04 -1.175638e-16 9.999997e-01
      outer loop
         vertex 7.286707e+01 1.035230e+02 1.355013e+02
         vertex 7.076008e+01 9.734722e+01 1.355029e+02
         vertex 7.077861e+01 9.736567e+01 1.355029e+02
      endloop
   endfacet
   facet normal 7.547249e-04 -1.175638e-16 9.999997e-01
      outer loop
         vertex 7.018335e+01 9.619927e+01 1.355033e+02
         vertex 7.035015e+01 9.603686e+01 1.355032e+02
         vertex 7.037621e+01 9.603908e+01 1.355032e+02
      endloop
   endfacet
   facet normal 7.547249e-04 -1.175638e-16 9.999997e-01
      outer loop
         vertex 7.047255e+01 9.600378e+01 1.355031e+02
         vertex 7.049100e+01 9.598525e+01 1.355031e+02
         vertex 7.072324e+01 9.600143e+01 1.355029e+02
      endloop
   endfacet
   facet normal 7.547249e-04 -1.175638e-16 9.999997e-01
      outer loop
         vertex 7.050562e+01 9.581380e+01 1.355031e+02
         vertex 7.049058e+01 9.579242e+01 1.355031e+02
         vertex 7.043509e+01 9.521506e+01 1.355031e+02
      endloop
   endfacet
   facet normal 7.547249e-04 -1.175638e-16 9.999997e-01
      outer loop
         vertex 7.043509e+01 9.521506e+01 1.355031e+02
         vertex 7.049058e+01 9.579242e+01 1.355031e+02
         vertex 7.047205e+01 9.577397e+01 1.355031e+02
      endloop
   endfacet
   facet normal 7.547249e-04 -1.175638e-16 9.999997e-01
      outer loop
         vertex 7.043509e+01 9.521506e+01 1.355031e+02
         vertex 7.047205e+01 9.577397e+01 1.355031e+02
         vertex 7.045060e+01 9.575902e+01 1.355031e+02
      endloop
   endfacet
   facet normal 7.547249e-04 -1.175638e-16 9.999997e-01
      outer loop
         vertex 7.045060e+01 9.575902e+01 1.355031e+02
         vertex 7.042688e+01 9.574802e+01 1.355031e+02
         vertex 7.043509e+01 9.521506e+01 1.355031e+02
      endloop
   endfacet
   facet normal 7.547249e-04 -1.175638e-16 9.999997e-01
      outer loop
         vertex 7.043509e+01 9.521506e+01 1.355031e+02
         vertex 7.042688e+01 9.574802e+01 1.355031e+02
         vertex 7.040161e+01 9.574131e+01 1.355031e+02
      endloop
   endfacet
   facet normal 7.547249e-04 -1.175638e-16 9.999997e-01
      outer loop
         vertex 7.043509e+01 9.521506e+01 1.355031e+02
         vertex 7.040161e+01 9.574131e+01 1.355031e+02
         vertex 7.037555e+01 9.573908e+01 1.355032e+02
      endloop
   endfacet
   facet normal 7.547249e-04 -1.175638e-16 9.999997e-01
      outer loop
         vertex 7.027921e+01 9.577439e+01 1.355032e+02
         vertex 7.026076e+01 9.579292e+01 1.355032e+02
         vertex 6.989519e+01 9.541290e+01 1.355035e+02
      endloop
   endfacet
   facet normal 7.547249e-04 -1.175638e-16 9.999997e-01
      outer loop
         vertex 7.037621e+01 9.603908e+01 1.355032e+02
         vertex 7.040225e+01 9.603675e+01 1.355031e+02
         vertex 7.018335e+01 9.619927e+01 1.355033e+02
      endloop
   endfacet
   facet normal 7.547249e-04 -1.175638e-16 9.999997e-01
      outer loop
         vertex 7.018335e+01 9.619927e+01 1.355033e+02
         vertex 7.040225e+01 9.603675e+01 1.355031e+02
         vertex 7.042749e+01 9.602993e+01 1.355031e+02
      endloop
   endfacet
   facet normal 7.547249e-04 -1.175638e-16 9.999997e-01
      outer loop
         vertex 7.018335e+01 9.619927e+01 1.355033e+02
         vertex 7.042749e+01 9.602993e+01 1.355031e+02
         vertex 7.072324e+01 9.600143e+01 1.355029e+02
      endloop
   endfacet
   facet normal 7.547249e-04 -1.175638e-16 9.999997e-01
      outer loop
         vertex 7.072324e+01 9.600143e+01 1.355029e+02
         vertex 7.042749e+01 9.602993e+01 1.355031e+02
         vertex 7.045116e+01 9.601882e+01 1.355031e+02
      endloop
   endfacet
   facet normal 7.547249e-04 -1.175638e-16 9.999997e-01
      outer loop
         vertex 7.072324e+01 9.600143e+01 1.355029e+02
         vertex 7.045116e+01 9.601882e+01 1.355031e+02
         vertex 7.047255e+01 9.600378e+01 1.355031e+02
      endloop
   endfacet
   facet normal 7.547249e-04 -1.175638e-16 9.999997e-01
      outer loop
         vertex 7.037555e+01 9.573908e+01 1.355032e+02
         vertex 7.034951e+01 9.574142e+01 1.355032e+02
         vertex 7.043509e+01 9.521506e+01 1.355031e+02
      endloop
   endfacet
   facet normal 7.547249e-04 -1.175638e-16 9.999997e-01
      outer loop
         vertex 7.043509e+01 9.521506e+01 1.355031e+02
         vertex 7.034951e+01 9.574142e+01 1.355032e+02
         vertex 7.032427e+01 9.574824e+01 1.355032e+02
      endloop
   endfacet
   facet normal 7.547249e-04 -1.175638e-16 9.999997e-01
      outer loop
         vertex 7.043509e+01 9.521506e+01 1.355031e+02
         vertex 7.032427e+01 9.574824e+01 1.355032e+02
         vertex 6.989519e+01 9.541290e+01 1.355035e+02
      endloop
   endfacet
   facet normal 7.547249e-04 -1.175638e-16 9.999997e-01
      outer loop
         vertex 6.989519e+01 9.541290e+01 1.355035e+02
         vertex 7.032427e+01 9.574824e+01 1.355032e+02
         vertex 7.030060e+01 9.575934e+01 1.355032e+02
      endloop
   endfacet
   facet normal 7.547249e-04 -1.175638e-16 9.999997e-01
      outer loop
         vertex 6.989519e+01 9.541290e+01 1.355035e+02
         vertex 7.030060e+01 9.575934e+01 1.355032e+02
         vertex 7.027921e+01 9.577439e+01 1.355032e+02
      endloop
   endfacet
   facet normal 7.547249e-04 -1.175638e-16 9.999997e-01
      outer loop
         vertex 7.026076e+01 9.579292e+01 1.355032e+02
         vertex 7.024581e+01 9.581437e+01 1.355033e+02
         vertex 6.989519e+01 9.541290e+01 1.355035e+02
      endloop
   endfacet
   facet normal 7.547249e-04 -1.175638e-16 9.999997e-01
      outer loop
         vertex 6.989519e+01 9.541290e+01 1.355035e+02
         vertex 7.024581e+01 9.581437e+01 1.355033e+02
         vertex 7.023481e+01 9.583809e+01 1.355033e+02
      endloop
   endfacet
   facet normal 7.547249e-04 -1.175638e-16 9.999997e-01
      outer loop
         vertex 6.989519e+01 9.541290e+01 1.355035e+02
         vertex 7.023481e+01 9.583809e+01 1.355033e+02
         vertex 7.022810e+01 9.586336e+01 1.355033e+02
      endloop
   endfacet
   facet normal 7.547249e-04 -1.175638e-16 9.999997e-01
      outer loop
         vertex 7.026118e+01 9.598575e+01 1.355032e+02
         vertex 7.027971e+01 9.600420e+01 1.355032e+02
         vertex 7.018335e+01 9.619927e+01 1.355033e+02
      endloop
   endfacet
   facet normal 7.547249e-04 -1.175638e-16 9.999997e-01
      outer loop
         vertex 7.121750e+01 9.487001e+01 1.355025e+02
         vertex 7.072324e+01 9.600143e+01 1.355029e+02
         vertex 7.043509e+01 9.521506e+01 1.355031e+02
      endloop
   endfacet
   facet normal 7.547249e-04 -1.175638e-16 9.999997e-01
      outer loop
         vertex 7.043509e+01 9.521506e+01 1.355031e+02
         vertex 7.072324e+01 9.600143e+01 1.355029e+02
         vertex 7.051672e+01 9.583747e+01 1.355031e+02
      endloop
   endfacet
   facet normal 7.547249e-04 -1.175638e-16 9.999997e-01
      outer loop
         vertex 7.043509e+01 9.521506e+01 1.355031e+02
         vertex 7.051672e+01 9.583747e+01 1.355031e+02
         vertex 7.050562e+01 9.581380e+01 1.355031e+02
      endloop
   endfacet
   facet normal 7.547249e-04 -1.175638e-16 9.999997e-01
      outer loop
         vertex 7.049100e+01 9.598525e+01 1.355031e+02
         vertex 7.050595e+01 9.596380e+01 1.355031e+02
         vertex 7.072324e+01 9.600143e+01 1.355029e+02
      endloop
   endfacet
   facet normal 7.547249e-04 -1.175638e-16 9.999997e-01
      outer loop
         vertex 7.072324e+01 9.600143e+01 1.355029e+02
         vertex 7.050595e+01 9.596380e+01 1.355031e+02
         vertex 7.051695e+01 9.594008e+01 1.355031e+02
      endloop
   endfacet
   facet normal 7.547249e-04 -1.175638e-16 9.999997e-01
      outer loop
         vertex 7.072324e+01 9.600143e+01 1.355029e+02
         vertex 7.051695e+01 9.594008e+01 1.355031e+02
         vertex 7.052366e+01 9.591481e+01 1.355030e+02
      endloop
   endfacet
   facet normal 7.547249e-04 -1.175638e-16 9.999997e-01
      outer loop
         vertex 7.052366e+01 9.591481e+01 1.355030e+02
         vertex 7.052588e+01 9.588876e+01 1.355030e+02
         vertex 7.072324e+01 9.600143e+01 1.355029e+02
      endloop
   endfacet
   facet normal 7.547249e-04 -1.175638e-16 9.999997e-01
      outer loop
         vertex 7.072324e+01 9.600143e+01 1.355029e+02
         vertex 7.052588e+01 9.588876e+01 1.355030e+02
         vertex 7.052354e+01 9.586272e+01 1.355030e+02
      endloop
   endfacet
   facet normal 7.547249e-04 -1.175638e-16 9.999997e-01
      outer loop
         vertex 7.072324e+01 9.600143e+01 1.355029e+02
         vertex 7.052354e+01 9.586272e+01 1.355030e+02
         vertex 7.051672e+01 9.583747e+01 1.355031e+02
      endloop
   endfacet
   facet normal 7.547249e-04 -1.175638e-16 9.999997e-01
      outer loop
         vertex 7.026118e+01 9.598575e+01 1.355032e+02
         vertex 7.018335e+01 9.619927e+01 1.355033e+02
         vertex 7.024614e+01 9.596437e+01 1.355033e+02
      endloop
   endfacet
   facet normal 7.547249e-04 -1.175638e-16 9.999997e-01
      outer loop
         vertex 7.027971e+01 9.600420e+01 1.355032e+02
         vertex 7.030116e+01 9.601915e+01 1.355032e+02
         vertex 7.018335e+01 9.619927e+01 1.355033e+02
      endloop
   endfacet
   facet normal 7.547249e-04 -1.175638e-16 9.999997e-01
      outer loop
         vertex 7.018335e+01 9.619927e+01 1.355033e+02
         vertex 7.030116e+01 9.601915e+01 1.355032e+02
         vertex 7.032488e+01 9.603015e+01 1.355032e+02
      endloop
   endfacet
   facet normal 7.547249e-04 -1.175638e-16 9.999997e-01
      outer loop
         vertex 7.018335e+01 9.619927e+01 1.355033e+02
         vertex 7.032488e+01 9.603015e+01 1.355032e+02
         vertex 7.035015e+01 9.603686e+01 1.355032e+02
      endloop
   endfacet
   facet normal 7.547249e-04 -1.175638e-16 9.999997e-01
      outer loop
         vertex 7.022810e+01 9.586336e+01 1.355033e+02
         vertex 7.022588e+01 9.588941e+01 1.355033e+02
         vertex 6.989519e+01 9.541290e+01 1.355035e+02
      endloop
   endfacet
   facet normal 7.547249e-04 -1.175638e-16 9.999997e-01
      outer loop
         vertex 6.989519e+01 9.541290e+01 1.355035e+02
         vertex 7.022588e+01 9.588941e+01 1.355033e+02
         vertex 7.022822e+01 9.591545e+01 1.355033e+02
      endloop
   endfacet
   facet normal 7.547249e-04 -1.175638e-16 9.999997e-01
      outer loop
         vertex 6.989519e+01 9.541290e+01 1.355035e+02
         vertex 7.022822e+01 9.591545e+01 1.355033e+02
         vertex 7.018335e+01 9.619927e+01 1.355033e+02
      endloop
   endfacet
   facet normal 7.547249e-04 -1.175638e-16 9.999997e-01
      outer loop
         vertex 7.018335e+01 9.619927e+01 1.355033e+02
         vertex 7.022822e+01 9.591545e+01 1.355033e+02
         vertex 7.023504e+01 9.594069e+01 1.355033e+02
      endloop
   endfacet
   facet normal 7.547249e-04 -1.175638e-16 9.999997e-01
      outer loop
         vertex 7.018335e+01 9.619927e+01 1.355033e+02
         vertex 7.023504e+01 9.594069e+01 1.355033e+02
         vertex 7.024614e+01 9.596437e+01 1.355033e+02
      endloop
   endfacet
   facet normal 3.261613e-02 9.894349e-02 9.945584e-01
      outer loop
         vertex 7.457069e+01 1.084984e+02 1.358642e+02
         vertex 7.467614e+01 1.087862e+02 1.358321e+02
         vertex 7.441918e+01 1.085990e+02 1.358592e+02
      endloop
   endfacet
   facet normal 3.880059e-02 9.053902e-02 9.951368e-01
      outer loop
         vertex 7.441918e+01 1.085990e+02 1.358592e+02
         vertex 7.467614e+01 1.087862e+02 1.358321e+02
         vertex 7.455058e+01 1.088755e+02 1.358289e+02
      endloop
   endfacet
   facet normal 2.992951e-02 9.474516e-02 9.950515e-01
      outer loop
         vertex 7.441918e+01 1.085990e+02 1.358592e+02
         vertex 7.455058e+01 1.088755e+02 1.358289e+02
         vertex 7.427653e+01 1.087127e+02 1.358526e+02
      endloop
   endfacet
   facet normal 3.702102e-02 8.292798e-02 9.958677e-01
      outer loop
         vertex 7.427653e+01 1.087127e+02 1.358526e+02
         vertex 7.455058e+01 1.088755e+02 1.358289e+02
         vertex 7.443261e+01 1.089756e+02 1.358249e+02
      endloop
   endfacet
   facet normal 2.699137e-02 8.886119e-02 9.956782e-01
      outer loop
         vertex 7.427653e+01 1.087127e+02 1.358526e+02
         vertex 7.443261e+01 1.089756e+02 1.358249e+02
         vertex 7.414402e+01 1.088386e+02 1.358450e+02
      endloop
   endfacet
   facet normal 3.426750e-02 7.368823e-02 9.966924e-01
      outer loop
         vertex 7.414402e+01 1.088386e+02 1.358450e+02
         vertex 7.443261e+01 1.089756e+02 1.358249e+02
         vertex 7.432351e+01 1.090858e+02 1.358206e+02
      endloop
   endfacet
   facet normal 2.381060e-02 8.125399e-02 9.964090e-01
      outer loop
         vertex 7.414402e+01 1.088386e+02 1.358450e+02
         vertex 7.432351e+01 1.090858e+02 1.358206e+02
         vertex 7.402378e+01 1.089746e+02 1.358368e+02
      endloop
   endfacet
   facet normal 3.062168e-02 6.305996e-02 9.975399e-01
      outer loop
         vertex 7.402378e+01 1.089746e+02 1.358368e+02
         vertex 7.432351e+01 1.090858e+02 1.358206e+02
         vertex 7.422502e+01 1.092039e+02 1.358161e+02
      endloop
   endfacet
   facet normal 2.044360e-02 7.196008e-02 9.971980e-01
      outer loop
         vertex 7.402378e+01 1.089746e+02 1.358368e+02
         vertex 7.422502e+01 1.092039e+02 1.358161e+02
         vertex 7.391559e+01 1.091206e+02 1.358285e+02
      endloop
   endfacet
   facet normal 2.558140e-02 5.303115e-02 9.982651e-01
      outer loop
         vertex 7.391559e+01 1.091206e+02 1.358285e+02
         vertex 7.422502e+01 1.092039e+02 1.358161e+02
         vertex 7.417858e+01 1.092675e+02 1.358139e+02
      endloop
   endfacet
   facet normal 2.005860e-02 6.287267e-02 9.978200e-01
      outer loop
         vertex 7.391559e+01 1.091206e+02 1.358285e+02
         vertex 7.417858e+01 1.092675e+02 1.358139e+02
         vertex 7.382005e+01 1.092762e+02 1.358206e+02
      endloop
   endfacet
   facet normal 1.980915e-02 5.200192e-02 9.984505e-01
      outer loop
         vertex 7.382005e+01 1.092762e+02 1.358206e+02
         vertex 7.417858e+01 1.092675e+02 1.358139e+02
         vertex 7.374408e+01 1.094268e+02 1.358142e+02
      endloop
   endfacet
   facet normal 1.407355e-02 3.634807e-02 9.992401e-01
      outer loop
         vertex 7.417858e+01 1.092675e+02 1.358139e+02
         vertex 7.405945e+01 1.094642e+02 1.358084e+02
         vertex 7.374408e+01 1.094268e+02 1.358142e+02
      endloop
   endfacet
   facet normal 1.550683e-02 2.434486e-02 9.995833e-01
      outer loop
         vertex 7.374408e+01 1.094268e+02 1.358142e+02
         vertex 7.405945e+01 1.094642e+02 1.358084e+02
         vertex 7.399377e+01 1.096047e+02 1.358060e+02
      endloop
   endfacet
   facet normal 8.578206e-03 3.406016e-02 9.993830e-01
      outer loop
         vertex 7.374408e+01 1.094268e+02 1.358142e+02
         vertex 7.399377e+01 1.096047e+02 1.358060e+02
         vertex 7.367145e+01 1.096084e+02 1.358087e+02
      endloop
   endfacet
   facet normal 8.294517e-03 9.136644e-03 9.999239e-01
      outer loop
         vertex 7.367145e+01 1.096084e+02 1.358087e+02
         vertex 7.399377e+01 1.096047e+02 1.358060e+02
         vertex 7.394078e+01 1.097490e+02 1.358052e+02
      endloop
   endfacet
   facet normal 3.902723e-03 1.754357e-02 9.998385e-01
      outer loop
         vertex 7.367145e+01 1.096084e+02 1.358087e+02
         vertex 7.394078e+01 1.097490e+02 1.358052e+02
         vertex 7.361942e+01 1.097824e+02 1.358058e+02
      endloop
   endfacet
   facet normal 1.489992e-03 -5.721955e-03 9.999825e-01
      outer loop
         vertex 7.361942e+01 1.097824e+02 1.358058e+02
         vertex 7.394078e+01 1.097490e+02 1.358052e+02
         vertex 7.390351e+01 1.098836e+02 1.358060e+02
      endloop
   endfacet
   facet normal -6.018323e-04 1.491334e-04 9.999998e-01
      outer loop
         vertex 7.361942e+01 1.097824e+02 1.358058e+02
         vertex 7.390351e+01 1.098836e+02 1.358060e+02
         vertex 7.358245e+01 1.099613e+02 1.358058e+02
      endloop
   endfacet
   facet normal -5.591344e-03 -2.047258e-02 9.997748e-01
      outer loop
         vertex 7.358245e+01 1.099613e+02 1.358058e+02
         vertex 7.390351e+01 1.098836e+02 1.358060e+02
         vertex 7.387669e+01 1.100213e+02 1.358087e+02
      endloop
   endfacet
   facet normal -6.004958e-03 -1.844650e-02 9.998118e-01
      outer loop
         vertex 7.358245e+01 1.099613e+02 1.358058e+02
         vertex 7.387669e+01 1.100213e+02 1.358087e+02
         vertex 7.356162e+01 1.101368e+02 1.358089e+02
      endloop
   endfacet
   facet normal -1.005914e-02 -2.950957e-02 9.995139e-01
      outer loop
         vertex 7.387669e+01 1.100213e+02 1.358087e+02
         vertex 7.387249e+01 1.100499e+02 1.358095e+02
         vertex 7.356162e+01 1.101368e+02 1.358089e+02
      endloop
   endfacet
   facet normal -1.282739e-02 -3.942493e-02 9.991402e-01
      outer loop
         vertex 7.356162e+01 1.101368e+02 1.358089e+02
         vertex 7.387249e+01 1.100499e+02 1.358095e+02
         vertex 7.385790e+01 1.102043e+02 1.358154e+02
      endloop
   endfacet
   facet normal -1.304281e-02 -3.848366e-02 9.991741e-01
      outer loop
         vertex 7.356162e+01 1.101368e+02 1.358089e+02
         vertex 7.385790e+01 1.102043e+02 1.358154e+02
         vertex 7.355573e+01 1.103242e+02 1.358160e+02
      endloop
   endfacet
   facet normal -2.026180e-02 -5.666835e-02 9.981874e-01
      outer loop
         vertex 7.355573e+01 1.103242e+02 1.358160e+02
         vertex 7.385790e+01 1.102043e+02 1.358154e+02
         vertex 7.385660e+01 1.103581e+02 1.358241e+02
      endloop
   endfacet
   facet normal -1.993006e-02 -5.958242e-02 9.980244e-01
      outer loop
         vertex 7.355573e+01 1.103242e+02 1.358160e+02
         vertex 7.385660e+01 1.103581e+02 1.358241e+02
         vertex 7.356599e+01 1.105056e+02 1.358271e+02
      endloop
   endfacet
   facet normal -2.728362e-02 -7.404631e-02 9.968815e-01
      outer loop
         vertex 7.356599e+01 1.105056e+02 1.358271e+02
         vertex 7.385660e+01 1.103581e+02 1.358241e+02
         vertex 7.386804e+01 1.105080e+02 1.358355e+02
      endloop
   endfacet
   facet normal -2.721115e-02 -8.106991e-02 9.963369e-01
      outer loop
         vertex 7.356599e+01 1.105056e+02 1.358271e+02
         vertex 7.386804e+01 1.105080e+02 1.358355e+02
         vertex 7.359209e+01 1.106864e+02 1.358425e+02
      endloop
   endfacet
   facet normal -5.954602e-02 -1.645264e-01 9.845737e-01
      outer loop
         vertex 7.410748e+01 1.112147e+02 1.359381e+02
         vertex 7.382166e+01 1.113194e+02 1.359383e+02
         vertex 7.403974e+01 1.110895e+02 1.359130e+02
      endloop
   endfacet
   facet normal -5.883485e-02 -1.638686e-01 9.847261e-01
      outer loop
         vertex 7.403974e+01 1.110895e+02 1.359130e+02
         vertex 7.382166e+01 1.113194e+02 1.359383e+02
         vertex 7.375068e+01 1.111803e+02 1.359109e+02
      endloop
   endfacet
   facet normal -5.365239e-02 -1.473001e-01 9.876356e-01
      outer loop
         vertex 7.403974e+01 1.110895e+02 1.359130e+02
         vertex 7.375068e+01 1.111803e+02 1.359109e+02
         vertex 7.398233e+01 1.109599e+02 1.358906e+02
      endloop
   endfacet
   facet normal -5.162143e-02 -1.452041e-01 9.880541e-01
      outer loop
         vertex 7.398233e+01 1.109599e+02 1.358906e+02
         vertex 7.375068e+01 1.111803e+02 1.359109e+02
         vertex 7.369044e+01 1.110368e+02 1.358866e+02
      endloop
   endfacet
   facet normal -4.748043e-02 -1.293688e-01 9.904591e-01
      outer loop
         vertex 7.398233e+01 1.109599e+02 1.358906e+02
         vertex 7.369044e+01 1.110368e+02 1.358866e+02
         vertex 7.393182e+01 1.108147e+02 1.358692e+02
      endloop
   endfacet
   facet normal -4.526725e-02 -1.269953e-01 9.908699e-01
      outer loop
         vertex 7.393182e+01 1.108147e+02 1.358692e+02
         vertex 7.369044e+01 1.110368e+02 1.358866e+02
         vertex 7.364449e+01 1.109010e+02 1.358671e+02
      endloop
   endfacet
   facet normal -4.044209e-02 -1.108737e-01 9.930113e-01
      outer loop
         vertex 7.393182e+01 1.108147e+02 1.358692e+02
         vertex 7.364449e+01 1.109010e+02 1.358671e+02
         vertex 7.389358e+01 1.106644e+02 1.358509e+02
      endloop
   endfacet
   facet normal -3.528639e-02 -1.055005e-01 9.937930e-01
      outer loop
         vertex 7.389358e+01 1.106644e+02 1.358509e+02
         vertex 7.364449e+01 1.109010e+02 1.358671e+02
         vertex 7.359209e+01 1.106864e+02 1.358425e+02
      endloop
   endfacet
   facet normal -3.500674e-02 -1.015071e-01 9.942187e-01
      outer loop
         vertex 7.389358e+01 1.106644e+02 1.358509e+02
         vertex 7.359209e+01 1.106864e+02 1.358425e+02
         vertex 7.389212e+01 1.106573e+02 1.358501e+02
      endloop
   endfacet
   facet normal -3.407625e-02 -9.164761e-02 9.952083e-01
      outer loop
         vertex 7.389212e+01 1.106573e+02 1.358501e+02
         vertex 7.359209e+01 1.106864e+02 1.358425e+02
         vertex 7.386804e+01 1.105080e+02 1.358355e+02
      endloop
   endfacet
   facet normal -1.331234e-02 -3.838672e-02 9.991743e-01
      outer loop
         vertex 6.994505e+01 9.823622e+01 1.358121e+02
         vertex 7.015534e+01 9.830732e+01 1.358177e+02
         vertex 6.972274e+01 9.846584e+01 1.358180e+02
      endloop
   endfacet
   facet normal 2.835470e-02 4.774224e-02 9.984572e-01
      outer loop
         vertex 6.931303e+01 9.780158e+01 1.358178e+02
         vertex 6.912330e+01 9.803720e+01 1.358120e+02
         vertex 6.921273e+01 9.768511e+01 1.358263e+02
      endloop
   endfacet
   facet normal 7.760902e-03 4.253593e-02 9.990648e-01
      outer loop
         vertex 6.921273e+01 9.768511e+01 1.358263e+02
         vertex 6.912330e+01 9.803720e+01 1.358120e+02
         vertex 6.900493e+01 9.790531e+01 1.358185e+02
      endloop
   endfacet
   facet normal 3.390408e-02 6.714024e-02 9.971673e-01
      outer loop
         vertex 6.921273e+01 9.768511e+01 1.358263e+02
         vertex 6.900493e+01 9.790531e+01 1.358185e+02
         vertex 6.912255e+01 9.756022e+01 1.358377e+02
      endloop
   endfacet
   facet normal 1.638181e-02 6.121375e-02 9.979902e-01
      outer loop
         vertex 6.912255e+01 9.756022e+01 1.358377e+02
         vertex 6.900493e+01 9.790531e+01 1.358185e+02
         vertex 6.889558e+01 9.776024e+01 1.358292e+02
      endloop
   endfacet
   facet normal 3.916497e-02 8.695847e-02 9.954418e-01
      outer loop
         vertex 6.912255e+01 9.756022e+01 1.358377e+02
         vertex 6.889558e+01 9.776024e+01 1.358292e+02
         vertex 6.904304e+01 9.742745e+01 1.358525e+02
      endloop
   endfacet
   facet normal 2.554992e-02 8.099167e-02 9.963872e-01
      outer loop
         vertex 6.904304e+01 9.742745e+01 1.358525e+02
         vertex 6.889558e+01 9.776024e+01 1.358292e+02
         vertex 6.879871e+01 9.760544e+01 1.358443e+02
      endloop
   endfacet
   facet normal 4.459951e-02 1.069972e-01 9.932585e-01
      outer loop
         vertex 6.904304e+01 9.742745e+01 1.358525e+02
         vertex 6.879871e+01 9.760544e+01 1.358443e+02
         vertex 6.897362e+01 9.728463e+01 1.358710e+02
      endloop
   endfacet
   facet normal 3.782973e-02 1.033616e-01 9.939242e-01
      outer loop
         vertex 6.897362e+01 9.728463e+01 1.358710e+02
         vertex 6.879871e+01 9.760544e+01 1.358443e+02
         vertex 6.869717e+01 9.740117e+01 1.358694e+02
      endloop
   endfacet
   facet normal 4.795732e-02 1.273413e-01 9.906989e-01
      outer loop
         vertex 6.897362e+01 9.728463e+01 1.358710e+02
         vertex 6.869717e+01 9.740117e+01 1.358694e+02
         vertex 6.891985e+01 9.714459e+01 1.358916e+02
      endloop
   endfacet
   facet normal 4.559627e-02 1.253241e-01 9.910675e-01
      outer loop
         vertex 6.891985e+01 9.714459e+01 1.358916e+02
         vertex 6.869717e+01 9.740117e+01 1.358694e+02
         vertex 6.864737e+01 9.727447e+01 1.358877e+02
      endloop
   endfacet
   facet normal 5.521850e-02 1.454147e-01 9.878287e-01
      outer loop
         vertex 6.891985e+01 9.714459e+01 1.358916e+02
         vertex 6.864737e+01 9.727447e+01 1.358877e+02
         vertex 6.887758e+01 9.699911e+01 1.359153e+02
      endloop
   endfacet
   facet normal 5.267506e-02 1.433327e-01 9.882718e-01
      outer loop
         vertex 6.887758e+01 9.699911e+01 1.359153e+02
         vertex 6.864737e+01 9.727447e+01 1.358877e+02
         vertex 6.859809e+01 9.711668e+01 1.359132e+02
      endloop
   endfacet
   facet normal 6.133418e-02 1.638494e-01 9.845768e-01
      outer loop
         vertex 6.887758e+01 9.699911e+01 1.359153e+02
         vertex 6.859809e+01 9.711668e+01 1.359132e+02
         vertex 6.884760e+01 9.685000e+01 1.359420e+02
      endloop
   endfacet
   facet normal 6.050795e-02 1.630954e-01 9.847531e-01
      outer loop
         vertex 6.884760e+01 9.685000e+01 1.359420e+02
         vertex 6.859809e+01 9.711668e+01 1.359132e+02
         vertex 6.856127e+01 9.695492e+01 1.359422e+02
      endloop
   endfacet
   facet normal -4.725744e-03 -3.008230e-02 9.995363e-01
      outer loop
         vertex 6.994505e+01 9.823622e+01 1.358121e+02
         vertex 6.972274e+01 9.846584e+01 1.358180e+02
         vertex 6.980421e+01 9.817150e+01 1.358095e+02
      endloop
   endfacet
   facet normal 1.475606e-02 3.681106e-02 9.992133e-01
      outer loop
         vertex 6.931303e+01 9.780158e+01 1.358178e+02
         vertex 6.942394e+01 9.791001e+01 1.358122e+02
         vertex 6.912330e+01 9.803720e+01 1.358120e+02
      endloop
   endfacet
   facet normal 1.092886e-02 2.776571e-02 9.995547e-01
      outer loop
         vertex 6.912330e+01 9.803720e+01 1.358120e+02
         vertex 6.942394e+01 9.791001e+01 1.358122e+02
         vertex 6.943752e+01 9.792206e+01 1.358117e+02
      endloop
   endfacet
   facet normal 6.874316e-03 1.670044e-02 9.998369e-01
      outer loop
         vertex 6.912330e+01 9.803720e+01 1.358120e+02
         vertex 6.943752e+01 9.792206e+01 1.358117e+02
         vertex 6.925984e+01 9.816507e+01 1.358089e+02
      endloop
   endfacet
   facet normal 8.752028e-03 1.807284e-02 9.997984e-01
      outer loop
         vertex 6.925984e+01 9.816507e+01 1.358089e+02
         vertex 6.943752e+01 9.792206e+01 1.358117e+02
         vertex 6.955074e+01 9.801369e+01 1.358091e+02
      endloop
   endfacet
   facet normal 6.964158e-03 -2.684852e-02 9.996153e-01
      outer loop
         vertex 6.980421e+01 9.817150e+01 1.358095e+02
         vertex 6.972274e+01 9.846584e+01 1.358180e+02
         vertex 6.967046e+01 9.809553e+01 1.358084e+02
      endloop
   endfacet
   facet normal -2.151205e-02 -2.282616e-02 9.995080e-01
      outer loop
         vertex 6.967046e+01 9.809553e+01 1.358084e+02
         vertex 6.972274e+01 9.846584e+01 1.358180e+02
         vertex 6.955579e+01 9.837691e+01 1.358124e+02
      endloop
   endfacet
   facet normal 1.184639e-02 -9.236294e-03 9.998872e-01
      outer loop
         vertex 6.967046e+01 9.809553e+01 1.358084e+02
         vertex 6.955579e+01 9.837691e+01 1.358124e+02
         vertex 6.955074e+01 9.801369e+01 1.358091e+02
      endloop
   endfacet
   facet normal -1.481225e-02 -8.865549e-03 9.998510e-01
      outer loop
         vertex 6.955074e+01 9.801369e+01 1.358091e+02
         vertex 6.955579e+01 9.837691e+01 1.358124e+02
         vertex 6.940360e+01 9.827769e+01 1.358092e+02
      endloop
   endfacet
   facet normal -1.366723e-03 -1.371519e-03 9.999981e-01
      outer loop
         vertex 6.955074e+01 9.801369e+01 1.358091e+02
         vertex 6.940360e+01 9.827769e+01 1.358092e+02
         vertex 6.925984e+01 9.816507e+01 1.358089e+02
      endloop
   endfacet
   facet normal -1.524783e-02 -5.871958e-02 9.981581e-01
      outer loop
         vertex 7.023964e+01 9.832796e+01 1.358202e+02
         vertex 7.005722e+01 9.859144e+01 1.358329e+02
         vertex 7.015534e+01 9.830732e+01 1.358177e+02
      endloop
   endfacet
   facet normal -2.609524e-02 -6.244166e-02 9.977074e-01
      outer loop
         vertex 7.015534e+01 9.830732e+01 1.358177e+02
         vertex 7.005722e+01 9.859144e+01 1.358329e+02
         vertex 6.988387e+01 9.853448e+01 1.358248e+02
      endloop
   endfacet
   facet normal -1.904968e-02 -5.404202e-02 9.983569e-01
      outer loop
         vertex 7.015534e+01 9.830732e+01 1.358177e+02
         vertex 6.988387e+01 9.853448e+01 1.358248e+02
         vertex 6.972274e+01 9.846584e+01 1.358180e+02
      endloop
   endfacet
   facet normal -3.004438e-02 -1.019640e-01 9.943343e-01
      outer loop
         vertex 7.085384e+01 9.835529e+01 1.358367e+02
         vertex 7.095934e+01 9.864313e+01 1.358694e+02
         vertex 7.070023e+01 9.836827e+01 1.358333e+02
      endloop
   endfacet
   facet normal -3.914333e-02 -9.345463e-02 9.948538e-01
      outer loop
         vertex 7.070023e+01 9.836827e+01 1.358333e+02
         vertex 7.095934e+01 9.864313e+01 1.358694e+02
         vertex 7.077861e+01 9.866424e+01 1.358642e+02
      endloop
   endfacet
   facet normal -2.596365e-02 -9.695497e-02 9.949501e-01
      outer loop
         vertex 7.070023e+01 9.836827e+01 1.358333e+02
         vertex 7.077861e+01 9.866424e+01 1.358642e+02
         vertex 7.054556e+01 9.836804e+01 1.358293e+02
      endloop
   endfacet
   facet normal -3.887480e-02 -8.685678e-02 9.954620e-01
      outer loop
         vertex 7.054556e+01 9.836804e+01 1.358293e+02
         vertex 7.077861e+01 9.866424e+01 1.358642e+02
         vertex 7.059635e+01 9.866962e+01 1.358576e+02
      endloop
   endfacet
   facet normal -2.125851e-02 -8.984832e-02 9.957286e-01
      outer loop
         vertex 7.054556e+01 9.836804e+01 1.358293e+02
         vertex 7.059635e+01 9.866962e+01 1.358576e+02
         vertex 7.039120e+01 9.835450e+01 1.358248e+02
      endloop
   endfacet
   facet normal -3.798233e-02 -7.900455e-02 9.961504e-01
      outer loop
         vertex 7.039120e+01 9.835450e+01 1.358248e+02
         vertex 7.059635e+01 9.866962e+01 1.358576e+02
         vertex 7.041395e+01 9.865913e+01 1.358498e+02
      endloop
   endfacet
   facet normal -1.610517e-02 -8.067617e-02 9.966102e-01
      outer loop
         vertex 7.039120e+01 9.835450e+01 1.358248e+02
         vertex 7.041395e+01 9.865913e+01 1.358498e+02
         vertex 7.023964e+01 9.832796e+01 1.358202e+02
      endloop
   endfacet
   facet normal -3.636652e-02 -7.003599e-02 9.968814e-01
      outer loop
         vertex 7.023964e+01 9.832796e+01 1.358202e+02
         vertex 7.041395e+01 9.865913e+01 1.358498e+02
         vertex 7.023423e+01 9.863303e+01 1.358414e+02
      endloop
   endfacet
   facet normal -3.156432e-02 -6.996262e-02 9.970501e-01
      outer loop
         vertex 7.023964e+01 9.832796e+01 1.358202e+02
         vertex 7.023423e+01 9.863303e+01 1.358414e+02
         vertex 7.005722e+01 9.859144e+01 1.358329e+02
      endloop
   endfacet
   facet normal -9.641813e-01 -2.652429e-01 7.276919e-04
      outer loop
         vertex 7.237901e+01 9.697654e+01 1.358070e+02
         vertex 7.234031e+01 9.711719e+01 1.358064e+02
         vertex 7.234008e+01 9.711719e+01 1.355017e+02
      endloop
   endfacet
   facet normal -5.797438e-01 -8.147987e-01 4.375472e-04
      outer loop
         vertex 7.160499e+01 9.808003e+01 1.358361e+02
         vertex 7.160474e+01 9.808003e+01 1.355022e+02
         vertex 7.173130e+01 9.799016e+01 1.358325e+02
      endloop
   endfacet
   facet normal -6.138843e-01 -7.891297e-01 2.050280e-02
      outer loop
         vertex 7.173130e+01 9.799016e+01 1.358325e+02
         vertex 7.160474e+01 9.808003e+01 1.355022e+02
         vertex 7.184826e+01 9.789059e+01 1.355020e+02
      endloop
   endfacet
   facet normal -6.474404e-01 -7.621159e-01 4.886396e-04
      outer loop
         vertex 7.173130e+01 9.799016e+01 1.358325e+02
         vertex 7.184826e+01 9.789059e+01 1.355020e+02
         vertex 7.184851e+01 9.789059e+01 1.358283e+02
      endloop
   endfacet
   facet normal -7.101547e-01 -7.040454e-01 5.359716e-04
      outer loop
         vertex 7.184851e+01 9.789059e+01 1.358283e+02
         vertex 7.184826e+01 9.789059e+01 1.355020e+02
         vertex 7.195686e+01 9.778130e+01 1.358236e+02
      endloop
   endfacet
   facet normal -7.396214e-01 -6.726910e-01 2.114313e-02
      outer loop
         vertex 7.195686e+01 9.778130e+01 1.358236e+02
         vertex 7.184826e+01 9.789059e+01 1.355020e+02
         vertex 7.205585e+01 9.766234e+01 1.355019e+02
      endloop
   endfacet
   facet normal -7.678804e-01 -6.405929e-01 5.792201e-04
      outer loop
         vertex 7.195686e+01 9.778130e+01 1.358236e+02
         vertex 7.205585e+01 9.766234e+01 1.355019e+02
         vertex 7.205609e+01 9.766234e+01 1.358188e+02
      endloop
   endfacet
   facet normal -9.230746e-01 -3.846203e-01 6.966676e-04
      outer loop
         vertex 7.234008e+01 9.711719e+01 1.355017e+02
         vertex 7.234031e+01 9.711719e+01 1.358064e+02
         vertex 7.222142e+01 9.740199e+01 1.355018e+02
      endloop
   endfacet
   facet normal -9.376546e-01 -3.448238e-01 4.359296e-02
      outer loop
         vertex 7.234031e+01 9.711719e+01 1.358064e+02
         vertex 7.228687e+01 9.726266e+01 1.358077e+02
         vertex 7.222142e+01 9.740199e+01 1.355018e+02
      endloop
   endfacet
   facet normal -9.056606e-01 -4.240029e-01 6.835248e-04
      outer loop
         vertex 7.222142e+01 9.740199e+01 1.355018e+02
         vertex 7.228687e+01 9.726266e+01 1.358077e+02
         vertex 7.222165e+01 9.740199e+01 1.358104e+02
      endloop
   endfacet
   facet normal -8.438308e-01 -5.366089e-01 6.368603e-04
      outer loop
         vertex 7.222142e+01 9.740199e+01 1.355018e+02
         vertex 7.222165e+01 9.740199e+01 1.358104e+02
         vertex 7.205585e+01 9.766234e+01 1.355019e+02
      endloop
   endfacet
   facet normal -8.559562e-01 -5.164847e-01 2.413465e-02
      outer loop
         vertex 7.205585e+01 9.766234e+01 1.355019e+02
         vertex 7.222165e+01 9.740199e+01 1.358104e+02
         vertex 7.210709e+01 9.759212e+01 1.358162e+02
      endloop
   endfacet
   facet normal -8.091363e-01 -5.876207e-01 6.100056e-04
      outer loop
         vertex 7.205585e+01 9.766234e+01 1.355019e+02
         vertex 7.210709e+01 9.759212e+01 1.358162e+02
         vertex 7.205609e+01 9.766234e+01 1.358188e+02
      endloop
   endfacet
   facet normal -9.826356e-01 -1.807249e-01 4.202119e-02
      outer loop
         vertex 7.237901e+01 9.697654e+01 1.358070e+02
         vertex 7.234008e+01 9.711719e+01 1.355017e+02
         vertex 7.240860e+01 9.681631e+01 1.358100e+02
      endloop
   endfacet
   facet normal -9.751984e-01 -2.213312e-01 7.360068e-04
      outer loop
         vertex 7.240860e+01 9.681631e+01 1.358100e+02
         vertex 7.234008e+01 9.711719e+01 1.355017e+02
         vertex 7.240837e+01 9.681631e+01 1.355016e+02
      endloop
   endfacet
   facet normal -9.955267e-01 -9.447750e-02 7.513491e-04
      outer loop
         vertex 7.240860e+01 9.681631e+01 1.358100e+02
         vertex 7.240837e+01 9.681631e+01 1.355016e+02
         vertex 7.242314e+01 9.666314e+01 1.358154e+02
      endloop
   endfacet
   facet normal -9.984325e-01 -5.152683e-02 2.185248e-02
      outer loop
         vertex 7.242314e+01 9.666314e+01 1.358154e+02
         vertex 7.240837e+01 9.681631e+01 1.355016e+02
         vertex 7.242427e+01 9.650819e+01 1.355016e+02
      endloop
   endfacet
   facet normal -9.999609e-01 -8.809092e-03 7.546957e-04
      outer loop
         vertex 7.242314e+01 9.666314e+01 1.358154e+02
         vertex 7.242427e+01 9.650819e+01 1.355016e+02
         vertex 7.242452e+01 9.650819e+01 1.358238e+02
      endloop
   endfacet
   facet normal -9.970114e-01 7.725085e-02 7.524696e-04
      outer loop
         vertex 7.242452e+01 9.650819e+01 1.358238e+02
         vertex 7.242427e+01 9.650819e+01 1.355016e+02
         vertex 7.241255e+01 9.635361e+01 1.358353e+02
      endloop
   endfacet
   facet normal -9.925912e-01 1.197445e-01 2.059046e-02
      outer loop
         vertex 7.241255e+01 9.635361e+01 1.358353e+02
         vertex 7.242427e+01 9.650819e+01 1.355016e+02
         vertex 7.238732e+01 9.620187e+01 1.355016e+02
      endloop
   endfacet
   facet normal -9.867222e-01 1.624152e-01 7.433306e-04
      outer loop
         vertex 7.241255e+01 9.635361e+01 1.358353e+02
         vertex 7.238732e+01 9.620187e+01 1.355016e+02
         vertex 7.238758e+01 9.620187e+01 1.358499e+02
      endloop
   endfacet
   facet normal -9.575937e-01 2.875094e-01 1.877757e-02
      outer loop
         vertex 7.229860e+01 9.590637e+01 1.355017e+02
         vertex 7.234865e+01 9.604914e+01 1.358683e+02
         vertex 7.238732e+01 9.620187e+01 1.355016e+02
      endloop
   endfacet
   facet normal -9.684663e-01 2.491392e-01 1.646330e-03
      outer loop
         vertex 7.238732e+01 9.620187e+01 1.355016e+02
         vertex 7.234865e+01 9.604914e+01 1.358683e+02
         vertex 7.238608e+01 9.619475e+01 1.358507e+02
      endloop
   endfacet
   facet normal -9.784731e-01 2.063729e-01 7.380682e-04
      outer loop
         vertex 7.238732e+01 9.620187e+01 1.355016e+02
         vertex 7.238608e+01 9.619475e+01 1.358507e+02
         vertex 7.238758e+01 9.620187e+01 1.358499e+02
      endloop
   endfacet
   facet normal -8.051257e-01 5.931040e-01 -4.312403e-04
      outer loop
         vertex 7.197773e+01 9.538196e+01 1.355020e+02
         vertex 7.216377e+01 9.563482e+01 1.359395e+02
         vertex 7.216072e+01 9.563036e+01 1.355018e+02
      endloop
   endfacet
   facet normal -8.755817e-01 4.830686e-01 1.179213e-03
      outer loop
         vertex 7.216072e+01 9.563036e+01 1.355018e+02
         vertex 7.216377e+01 9.563482e+01 1.359395e+02
         vertex 7.223699e+01 9.576760e+01 1.359129e+02
      endloop
   endfacet
   facet normal -8.944580e-01 4.468370e-01 1.677765e-02
      outer loop
         vertex 7.216072e+01 9.563036e+01 1.355018e+02
         vertex 7.223699e+01 9.576760e+01 1.359129e+02
         vertex 7.229860e+01 9.590637e+01 1.355017e+02
      endloop
   endfacet
   facet normal -9.132083e-01 4.074924e-01 6.892213e-04
      outer loop
         vertex 7.229860e+01 9.590637e+01 1.355017e+02
         vertex 7.223699e+01 9.576760e+01 1.359129e+02
         vertex 7.229889e+01 9.590637e+01 1.358890e+02
      endloop
   endfacet
   facet normal -9.442554e-01 3.292129e-01 7.126533e-04
      outer loop
         vertex 7.229860e+01 9.590637e+01 1.355017e+02
         vertex 7.229889e+01 9.590637e+01 1.358890e+02
         vertex 7.234865e+01 9.604914e+01 1.358683e+02
      endloop
   endfacet
   facet normal -6.563776e-01 7.544324e-01 4.953847e-04
      outer loop
         vertex 7.175543e+01 9.516845e+01 1.360737e+02
         vertex 7.185736e+01 9.525715e+01 1.360423e+02
         vertex 7.175500e+01 9.516845e+01 1.355021e+02
      endloop
   endfacet
   facet normal -7.083942e-01 7.055777e-01 1.837590e-02
      outer loop
         vertex 7.175500e+01 9.516845e+01 1.355021e+02
         vertex 7.185736e+01 9.525715e+01 1.360423e+02
         vertex 7.195298e+01 9.535394e+01 1.360120e+02
      endloop
   endfacet
   facet normal -6.919942e-01 7.218774e-01 6.077554e-03
      outer loop
         vertex 7.175500e+01 9.516845e+01 1.355021e+02
         vertex 7.195298e+01 9.535394e+01 1.360120e+02
         vertex 7.197773e+01 9.538196e+01 1.355020e+02
      endloop
   endfacet
   facet normal -7.443906e-01 6.677442e-01 5.618103e-04
      outer loop
         vertex 7.197773e+01 9.538196e+01 1.355020e+02
         vertex 7.195298e+01 9.535394e+01 1.360120e+02
         vertex 7.197811e+01 9.538196e+01 1.360044e+02
      endloop
   endfacet
   facet normal -8.059842e-01 5.919367e-01 6.082966e-04
      outer loop
         vertex 7.197773e+01 9.538196e+01 1.355020e+02
         vertex 7.197811e+01 9.538196e+01 1.360044e+02
         vertex 7.216377e+01 9.563482e+01 1.359395e+02
      endloop
   endfacet
   facet normal -5.948674e-01 8.038237e-01 4.489614e-04
      outer loop
         vertex 7.175543e+01 9.516845e+01 1.360737e+02
         vertex 7.175500e+01 9.516845e+01 1.355021e+02
         vertex 7.163580e+01 9.507990e+01 1.361092e+02
      endloop
   endfacet
   facet normal -5.585215e-01 8.294128e-01 1.131764e-02
      outer loop
         vertex 7.163580e+01 9.507990e+01 1.361092e+02
         vertex 7.175500e+01 9.516845e+01 1.355021e+02
         vertex 7.149908e+01 9.499611e+01 1.355023e+02
      endloop
   endfacet
   facet normal -5.263036e-01 8.502959e-01 1.177080e-03
      outer loop
         vertex 7.163580e+01 9.507990e+01 1.361092e+02
         vertex 7.149908e+01 9.499611e+01 1.355023e+02
         vertex 7.150946e+01 9.500165e+01 1.361452e+02
      endloop
   endfacet
   facet normal -4.086773e-01 9.126240e-01 1.001254e-02
      outer loop
         vertex 7.121750e+01 9.487001e+01 1.355025e+02
         vertex 7.136171e+01 9.492711e+01 1.361848e+02
         vertex 7.149908e+01 9.499611e+01 1.355023e+02
      endloop
   endfacet
   facet normal -4.475295e-01 8.942691e-01 3.372703e-04
      outer loop
         vertex 7.149908e+01 9.499611e+01 1.355023e+02
         vertex 7.136171e+01 9.492711e+01 1.361848e+02
         vertex 7.149958e+01 9.499612e+01 1.361479e+02
      endloop
   endfacet
   facet normal -4.881680e-01 8.727496e-01 3.682849e-04
      outer loop
         vertex 7.149908e+01 9.499611e+01 1.355023e+02
         vertex 7.149958e+01 9.499612e+01 1.361479e+02
         vertex 7.150946e+01 9.500165e+01 1.361452e+02
      endloop
   endfacet
   facet normal -2.468228e-01 9.690189e-01 8.991667e-03
      outer loop
         vertex 7.091851e+01 9.479386e+01 1.355028e+02
         vertex 7.107043e+01 9.482557e+01 1.362548e+02
         vertex 7.121750e+01 9.487001e+01 1.355025e+02
      endloop
   endfacet
   facet normal -2.882393e-01 9.575584e-01 2.175415e-04
      outer loop
         vertex 7.121750e+01 9.487001e+01 1.355025e+02
         vertex 7.107043e+01 9.482557e+01 1.362548e+02
         vertex 7.121804e+01 9.487001e+01 1.362208e+02
      endloop
   endfacet
   facet normal -3.692395e-01 9.293342e-01 2.786743e-04
      outer loop
         vertex 7.121750e+01 9.487001e+01 1.355025e+02
         vertex 7.121804e+01 9.487001e+01 1.362208e+02
         vertex 7.136171e+01 9.492711e+01 1.361848e+02
      endloop
   endfacet
   facet normal -7.771250e-02 9.969422e-01 8.186867e-03
      outer loop
         vertex 7.061091e+01 9.476988e+01 1.355030e+02
         vertex 7.075794e+01 9.477467e+01 1.363154e+02
         vertex 7.091851e+01 9.479386e+01 1.355028e+02
      endloop
   endfacet
   facet normal -1.182245e-01 9.929869e-01 8.922698e-05
      outer loop
         vertex 7.091851e+01 9.479386e+01 1.355028e+02
         vertex 7.075794e+01 9.477467e+01 1.363154e+02
         vertex 7.091910e+01 9.479386e+01 1.362862e+02
      endloop
   endfacet
   facet normal -2.051094e-01 9.787390e-01 1.548013e-04
      outer loop
         vertex 7.091851e+01 9.479386e+01 1.355028e+02
         vertex 7.091910e+01 9.479386e+01 1.362862e+02
         vertex 7.107043e+01 9.482557e+01 1.362548e+02
      endloop
   endfacet
   facet normal 9.368469e-02 9.955716e-01 7.772391e-03
      outer loop
         vertex 7.030374e+01 9.479878e+01 1.355032e+02
         vertex 7.045769e+01 9.477770e+01 1.363474e+02
         vertex 7.061091e+01 9.476988e+01 1.355030e+02
      endloop
   endfacet
   facet normal 5.079580e-02 9.987091e-01 -3.833687e-05
      outer loop
         vertex 7.061091e+01 9.476988e+01 1.355030e+02
         vertex 7.045769e+01 9.477770e+01 1.363474e+02
         vertex 7.061154e+01 9.476988e+01 1.363341e+02
      endloop
   endfacet
   facet normal -3.269130e-02 9.994655e-01 2.467295e-05
      outer loop
         vertex 7.061091e+01 9.476988e+01 1.355030e+02
         vertex 7.061154e+01 9.476988e+01 1.363341e+02
         vertex 7.075794e+01 9.477467e+01 1.363154e+02
      endloop
   endfacet
   facet normal 3.302899e-01 9.438795e-01 -2.493531e-04
      outer loop
         vertex 7.000665e+01 9.487972e+01 1.363620e+02
         vertex 7.005639e+01 9.486232e+01 1.363618e+02
         vertex 7.000601e+01 9.487972e+01 1.355034e+02
      endloop
   endfacet
   facet normal 2.825686e-01 9.592428e-01 2.863126e-03
      outer loop
         vertex 7.000601e+01 9.487972e+01 1.355034e+02
         vertex 7.005639e+01 9.486232e+01 1.363618e+02
         vertex 7.017911e+01 9.482617e+01 1.363599e+02
      endloop
   endfacet
   facet normal 2.623292e-01 9.649507e-01 7.310466e-03
      outer loop
         vertex 7.000601e+01 9.487972e+01 1.355034e+02
         vertex 7.017911e+01 9.482617e+01 1.363599e+02
         vertex 7.030374e+01 9.479878e+01 1.355032e+02
      endloop
   endfacet
   facet normal 2.135985e-01 9.769215e-01 -1.612082e-04
      outer loop
         vertex 7.030374e+01 9.479878e+01 1.355032e+02
         vertex 7.017911e+01 9.482617e+01 1.363599e+02
         vertex 7.030438e+01 9.479878e+01 1.363559e+02
      endloop
   endfacet
   facet normal 1.361984e-01 9.906816e-01 -1.027923e-04
      outer loop
         vertex 7.030374e+01 9.479878e+01 1.355032e+02
         vertex 7.030438e+01 9.479878e+01 1.363559e+02
         vertex 7.045769e+01 9.477770e+01 1.363474e+02
      endloop
   endfacet
   facet normal 3.908115e-01 9.204707e-01 -2.946977e-04
      outer loop
         vertex 7.000665e+01 9.487972e+01 1.363620e+02
         vertex 7.000601e+01 9.487972e+01 1.355034e+02
         vertex 6.984015e+01 9.495041e+01 1.363602e+02
      endloop
   endfacet
   facet normal 4.232651e-01 9.059774e-01 7.184022e-03
      outer loop
         vertex 6.984015e+01 9.495041e+01 1.363602e+02
         vertex 7.000601e+01 9.487972e+01 1.355034e+02
         vertex 6.972648e+01 9.501031e+01 1.355037e+02
      endloop
   endfacet
   facet normal 4.682619e-01 8.835896e-01 -3.534091e-04
      outer loop
         vertex 6.984015e+01 9.495041e+01 1.363602e+02
         vertex 6.972648e+01 9.501031e+01 1.355037e+02
         vertex 6.972712e+01 9.501031e+01 1.363563e+02
      endloop
   endfacet
   facet normal 5.361103e-01 8.441478e-01 -4.046159e-04
      outer loop
         vertex 6.972712e+01 9.501031e+01 1.363563e+02
         vertex 6.972648e+01 9.501031e+01 1.355037e+02
         vertex 6.959661e+01 9.509320e+01 1.363481e+02
      endloop
   endfacet
   facet normal 5.717658e-01 8.203834e-01 7.411450e-03
      outer loop
         vertex 6.959661e+01 9.509320e+01 1.363481e+02
         vertex 6.972648e+01 9.501031e+01 1.355037e+02
         vertex 6.947335e+01 9.518672e+01 1.355038e+02
      endloop
   endfacet
   facet normal 6.064811e-01 7.950978e-01 -4.577265e-04
      outer loop
         vertex 6.959661e+01 9.509320e+01 1.363481e+02
         vertex 6.947335e+01 9.518672e+01 1.355038e+02
         vertex 6.947398e+01 9.518672e+01 1.363350e+02
      endloop
   endfacet
   facet normal 6.707259e-01 7.417051e-01 -5.062137e-04
      outer loop
         vertex 6.947398e+01 9.518672e+01 1.363350e+02
         vertex 6.947335e+01 9.518672e+01 1.355038e+02
         vertex 6.936531e+01 9.528498e+01 1.363165e+02
      endloop
   endfacet
   facet normal 7.034682e-01 7.106862e-01 7.597291e-03
      outer loop
         vertex 6.936531e+01 9.528498e+01 1.363165e+02
         vertex 6.947335e+01 9.518672e+01 1.355038e+02
         vertex 6.925408e+01 9.540377e+01 1.355040e+02
      endloop
   endfacet
   facet normal 7.318219e-01 6.814957e-01 -5.523244e-04
      outer loop
         vertex 6.936531e+01 9.528498e+01 1.363165e+02
         vertex 6.925408e+01 9.540377e+01 1.355040e+02
         vertex 6.925467e+01 9.540377e+01 1.362874e+02
      endloop
   endfacet
   facet normal 7.890035e-01 6.143884e-01 -5.954808e-04
      outer loop
         vertex 6.925467e+01 9.540377e+01 1.362874e+02
         vertex 6.925408e+01 9.540377e+01 1.355040e+02
         vertex 6.915937e+01 9.552613e+01 1.362561e+02
      endloop
   endfacet
   facet normal 8.144983e-01 5.801081e-01 8.191782e-03
      outer loop
         vertex 6.915937e+01 9.552613e+01 1.362561e+02
         vertex 6.925408e+01 9.540377e+01 1.355040e+02
         vertex 6.907509e+01 9.565508e+01 1.355041e+02
      endloop
   endfacet
   facet normal 8.387585e-01 5.445032e-01 -6.330322e-04
      outer loop
         vertex 6.915937e+01 9.552613e+01 1.362561e+02
         vertex 6.907509e+01 9.565508e+01 1.355041e+02
         vertex 6.907563e+01 9.565508e+01 1.362224e+02
      endloop
   endfacet
   facet normal 8.821837e-01 4.709049e-01 -6.658062e-04
      outer loop
         vertex 6.907563e+01 9.565508e+01 1.362224e+02
         vertex 6.907509e+01 9.565508e+01 1.355041e+02
         vertex 6.900313e+01 9.579085e+01 1.361868e+02
      endloop
   endfacet
   facet normal 9.015947e-01 4.324877e-01 9.021124e-03
      outer loop
         vertex 6.900313e+01 9.579085e+01 1.361868e+02
         vertex 6.907509e+01 9.565508e+01 1.355041e+02
         vertex 6.894164e+01 9.593326e+01 1.355042e+02
      endloop
   endfacet
   facet normal 9.192958e-01 3.935667e-01 -6.938157e-04
      outer loop
         vertex 6.900313e+01 9.579085e+01 1.361868e+02
         vertex 6.894164e+01 9.593326e+01 1.355042e+02
         vertex 6.894213e+01 9.593326e+01 1.361498e+02
      endloop
   endfacet
   facet normal 9.985032e-01 3.686764e-02 4.039912e-02
      outer loop
         vertex 6.882601e+01 9.653701e+01 1.360068e+02
         vertex 6.882709e+01 9.649939e+01 1.360143e+02
         vertex 6.885767e+01 9.623015e+01 1.355043e+02
      endloop
   endfacet
   facet normal 9.965807e-01 8.084322e-02 1.706894e-02
      outer loop
         vertex 6.882709e+01 9.649939e+01 1.360143e+02
         vertex 6.883759e+01 9.636357e+01 1.360446e+02
         vertex 6.885767e+01 9.623015e+01 1.355043e+02
      endloop
   endfacet
   facet normal 9.884182e-01 1.517530e-01 -7.459841e-04
      outer loop
         vertex 6.885767e+01 9.623015e+01 1.355043e+02
         vertex 6.883759e+01 9.636357e+01 1.360446e+02
         vertex 6.885810e+01 9.623015e+01 1.360758e+02
      endloop
   endfacet
   facet normal 9.622472e-01 2.721760e-01 -7.262322e-04
      outer loop
         vertex 6.885767e+01 9.623015e+01 1.355043e+02
         vertex 6.885810e+01 9.623015e+01 1.360758e+02
         vertex 6.894164e+01 9.593326e+01 1.355042e+02
      endloop
   endfacet
   facet normal 9.720367e-01 2.339261e-01 2.057154e-02
      outer loop
         vertex 6.894164e+01 9.593326e+01 1.355042e+02
         vertex 6.885810e+01 9.623015e+01 1.360758e+02
         vertex 6.889213e+01 9.608565e+01 1.361112e+02
      endloop
   endfacet
   facet normal 9.502060e-01 3.116217e-01 -7.171444e-04
      outer loop
         vertex 6.894164e+01 9.593326e+01 1.355042e+02
         vertex 6.889213e+01 9.608565e+01 1.361112e+02
         vertex 6.894213e+01 9.593326e+01 1.361498e+02
      endloop
   endfacet
   facet normal 9.945927e-01 1.038498e-01 -7.506441e-04
      outer loop
         vertex 6.885767e+01 9.623015e+01 1.355043e+02
         vertex 6.882563e+01 9.653701e+01 1.355043e+02
         vertex 6.882601e+01 9.653701e+01 1.360068e+02
      endloop
   endfacet
   facet normal 9.977170e-01 -6.752967e-02 -7.530021e-04
      outer loop
         vertex 6.882601e+01 9.653701e+01 1.360068e+02
         vertex 6.882563e+01 9.653701e+01 1.355043e+02
         vertex 6.884646e+01 9.684484e+01 1.355043e+02
      endloop
   endfacet
   facet normal 9.976022e-01 -6.918561e-02 -1.772090e-03
      outer loop
         vertex 6.882601e+01 9.653701e+01 1.360068e+02
         vertex 6.884646e+01 9.684484e+01 1.355043e+02
         vertex 6.884760e+01 9.685000e+01 1.359420e+02
      endloop
   endfacet
   facet normal 9.715278e-01 -2.369243e-01 -7.332365e-04
      outer loop
         vertex 6.891956e+01 9.714459e+01 1.355043e+02
         vertex 6.891985e+01 9.714459e+01 1.358916e+02
         vertex 6.884646e+01 9.684484e+01 1.355043e+02
      endloop
   endfacet
   facet normal 9.611524e-01 -2.743601e-01 3.021015e-02
      outer loop
         vertex 6.884646e+01 9.684484e+01 1.355043e+02
         vertex 6.891985e+01 9.714459e+01 1.358916e+02
         vertex 6.887758e+01 9.699911e+01 1.359153e+02
      endloop
   endfacet
   facet normal 9.803711e-01 -1.971611e-01 -2.200072e-04
      outer loop
         vertex 6.884646e+01 9.684484e+01 1.355043e+02
         vertex 6.887758e+01 9.699911e+01 1.359153e+02
         vertex 6.884760e+01 9.685000e+01 1.359420e+02
      endloop
   endfacet
   facet normal 8.351261e-01 -5.500582e-01 -6.302907e-04
      outer loop
         vertex 6.904278e+01 9.742745e+01 1.355042e+02
         vertex 6.921249e+01 9.768511e+01 1.355040e+02
         vertex 6.921273e+01 9.768511e+01 1.358263e+02
      endloop
   endfacet
   facet normal 8.117988e-01 -5.827124e-01 3.780113e-02
      outer loop
         vertex 6.921273e+01 9.768511e+01 1.358263e+02
         vertex 6.912255e+01 9.756022e+01 1.358377e+02
         vertex 6.904278e+01 9.742745e+01 1.355042e+02
      endloop
   endfacet
   facet normal 8.578990e-01 -5.138180e-01 -6.474780e-04
      outer loop
         vertex 6.904278e+01 9.742745e+01 1.355042e+02
         vertex 6.912255e+01 9.756022e+01 1.358377e+02
         vertex 6.904304e+01 9.742745e+01 1.358525e+02
      endloop
   endfacet
   facet normal 9.167950e-01 -3.993574e-01 -6.919283e-04
      outer loop
         vertex 6.904278e+01 9.742745e+01 1.355042e+02
         vertex 6.904304e+01 9.742745e+01 1.358525e+02
         vertex 6.891956e+01 9.714459e+01 1.355043e+02
      endloop
   endfacet
   facet normal 9.005716e-01 -4.334705e-01 3.277311e-02
      outer loop
         vertex 6.891956e+01 9.714459e+01 1.355043e+02
         vertex 6.904304e+01 9.742745e+01 1.358525e+02
         vertex 6.897362e+01 9.728463e+01 1.358710e+02
      endloop
   endfacet
   facet normal 9.335195e-01 -3.585259e-01 -7.045507e-04
      outer loop
         vertex 6.891956e+01 9.714459e+01 1.355043e+02
         vertex 6.897362e+01 9.728463e+01 1.358710e+02
         vertex 6.891985e+01 9.714459e+01 1.358916e+02
      endloop
   endfacet
   facet normal 5.643237e-01 -8.255535e-01 -4.259093e-04
      outer loop
         vertex 6.967023e+01 9.809553e+01 1.355037e+02
         vertex 6.967046e+01 9.809553e+01 1.358084e+02
         vertex 6.955074e+01 9.801369e+01 1.358091e+02
      endloop
   endfacet
   facet normal 6.011756e-01 -7.988369e-01 2.115369e-02
      outer loop
         vertex 6.967023e+01 9.809553e+01 1.355037e+02
         vertex 6.955074e+01 9.801369e+01 1.358091e+02
         vertex 6.942371e+01 9.791001e+01 1.355039e+02
      endloop
   endfacet
   facet normal 6.291239e-01 -7.773019e-01 2.205002e-03
      outer loop
         vertex 6.955074e+01 9.801369e+01 1.358091e+02
         vertex 6.943752e+01 9.792206e+01 1.358117e+02
         vertex 6.942371e+01 9.791001e+01 1.355039e+02
      endloop
   endfacet
   facet normal 6.638114e-01 -7.478998e-01 -5.015625e-04
      outer loop
         vertex 6.942371e+01 9.791001e+01 1.355039e+02
         vertex 6.943752e+01 9.792206e+01 1.358117e+02
         vertex 6.942394e+01 9.791001e+01 1.358122e+02
      endloop
   endfacet
   facet normal 7.289211e-01 -6.845975e-01 -5.489852e-04
      outer loop
         vertex 6.942371e+01 9.791001e+01 1.355039e+02
         vertex 6.942394e+01 9.791001e+01 1.358122e+02
         vertex 6.921249e+01 9.768511e+01 1.355040e+02
      endloop
   endfacet
   facet normal 6.995187e-01 -7.134552e-01 4.068506e-02
      outer loop
         vertex 6.921249e+01 9.768511e+01 1.355040e+02
         vertex 6.942394e+01 9.791001e+01 1.358122e+02
         vertex 6.931303e+01 9.780158e+01 1.358178e+02
      endloop
   endfacet
   facet normal 7.577409e-01 -6.525553e-01 -5.718861e-04
      outer loop
         vertex 6.921249e+01 9.768511e+01 1.355040e+02
         vertex 6.931303e+01 9.780158e+01 1.358178e+02
         vertex 6.921273e+01 9.768511e+01 1.358263e+02
      endloop
   endfacet
   facet normal 4.939081e-01 -8.695140e-01 -3.727649e-04
      outer loop
         vertex 6.967046e+01 9.809553e+01 1.358084e+02
         vertex 6.967023e+01 9.809553e+01 1.355037e+02
         vertex 6.980421e+01 9.817150e+01 1.358095e+02
      endloop
   endfacet
   facet normal 4.559220e-01 -8.897648e-01 2.129933e-02
      outer loop
         vertex 6.980421e+01 9.817150e+01 1.358095e+02
         vertex 6.967023e+01 9.809553e+01 1.355037e+02
         vertex 6.994482e+01 9.823622e+01 1.355035e+02
      endloop
   endfacet
   facet normal 4.175675e-01 -9.086458e-01 -3.151487e-04
      outer loop
         vertex 6.980421e+01 9.817150e+01 1.358095e+02
         vertex 6.994482e+01 9.823622e+01 1.355035e+02
         vertex 6.994505e+01 9.823622e+01 1.358121e+02
      endloop
   endfacet
   facet normal 3.202576e-01 -9.473305e-01 -2.417064e-04
      outer loop
         vertex 6.994505e+01 9.823622e+01 1.358121e+02
         vertex 6.994482e+01 9.823622e+01 1.355035e+02
         vertex 7.015534e+01 9.830732e+01 1.358177e+02
      endloop
   endfacet
   facet normal 2.972977e-01 -9.546371e-01 1.679633e-02
      outer loop
         vertex 7.015534e+01 9.830732e+01 1.358177e+02
         vertex 6.994482e+01 9.823622e+01 1.355035e+02
         vertex 7.023940e+01 9.832796e+01 1.355033e+02
      endloop
   endfacet
   facet normal 2.378905e-01 -9.712920e-01 -1.795419e-04
      outer loop
         vertex 7.015534e+01 9.830732e+01 1.358177e+02
         vertex 7.023940e+01 9.832796e+01 1.355033e+02
         vertex 7.023964e+01 9.832796e+01 1.358202e+02
      endloop
   endfacet
   facet normal 1.724632e-01 -9.850159e-01 -1.301623e-04
      outer loop
         vertex 7.023964e+01 9.832796e+01 1.358202e+02
         vertex 7.023940e+01 9.832796e+01 1.355033e+02
         vertex 7.039120e+01 9.835450e+01 1.358248e+02
      endloop
   endfacet
   facet normal 1.298936e-01 -9.913162e-01 2.048877e-02
      outer loop
         vertex 7.039120e+01 9.835450e+01 1.358248e+02
         vertex 7.023940e+01 9.832796e+01 1.355033e+02
         vertex 7.054532e+01 9.836804e+01 1.355030e+02
      endloop
   endfacet
   facet normal 8.741158e-02 -9.961723e-01 -6.597172e-05
      outer loop
         vertex 7.039120e+01 9.835450e+01 1.358248e+02
         vertex 7.054532e+01 9.836804e+01 1.355030e+02
         vertex 7.054556e+01 9.836804e+01 1.358293e+02
      endloop
   endfacet
   facet normal 1.489296e-03 -9.999989e-01 -1.124009e-06
      outer loop
         vertex 7.054556e+01 9.836804e+01 1.358293e+02
         vertex 7.054532e+01 9.836804e+01 1.355030e+02
         vertex 7.070023e+01 9.836827e+01 1.358333e+02
      endloop
   endfacet
   facet normal -4.130753e-02 -9.989449e-01 2.007002e-02
      outer loop
         vertex 7.070023e+01 9.836827e+01 1.358333e+02
         vertex 7.054532e+01 9.836804e+01 1.355030e+02
         vertex 7.085359e+01 9.835529e+01 1.355028e+02
      endloop
   endfacet
   facet normal -8.421949e-02 -9.964472e-01 6.356257e-05
      outer loop
         vertex 7.070023e+01 9.836827e+01 1.358333e+02
         vertex 7.085359e+01 9.835529e+01 1.355028e+02
         vertex 7.085384e+01 9.835529e+01 1.358367e+02
      endloop
   endfacet
   facet normal -7.575254e-01 6.528054e-01 5.717235e-04
      outer loop
         vertex 7.696727e+01 1.090638e+02 1.358130e+02
         vertex 7.706839e+01 1.091811e+02 1.358216e+02
         vertex 7.706814e+01 1.091811e+02 1.354981e+02
      endloop
   endfacet
   facet normal 5.795299e-01 8.149508e-01 -4.373858e-04
      outer loop
         vertex 7.467614e+01 1.087862e+02 1.358321e+02
         vertex 7.467589e+01 1.087862e+02 1.354999e+02
         vertex 7.455058e+01 1.088755e+02 1.358289e+02
      endloop
   endfacet
   facet normal 6.139135e-01 7.891282e-01 1.966855e-02
      outer loop
         vertex 7.455058e+01 1.088755e+02 1.358289e+02
         vertex 7.467589e+01 1.087862e+02 1.354999e+02
         vertex 7.443237e+01 1.089756e+02 1.355001e+02
      endloop
   endfacet
   facet normal 6.472396e-01 7.622865e-01 -4.884880e-04
      outer loop
         vertex 7.455058e+01 1.088755e+02 1.358289e+02
         vertex 7.443237e+01 1.089756e+02 1.355001e+02
         vertex 7.443261e+01 1.089756e+02 1.358249e+02
      endloop
   endfacet
   facet normal 7.103716e-01 7.038266e-01 -5.361353e-04
      outer loop
         vertex 7.443261e+01 1.089756e+02 1.358249e+02
         vertex 7.443237e+01 1.089756e+02 1.355001e+02
         vertex 7.432351e+01 1.090858e+02 1.358206e+02
      endloop
   endfacet
   facet normal 7.396520e-01 6.726890e-01 2.010931e-02
      outer loop
         vertex 7.432351e+01 1.090858e+02 1.358206e+02
         vertex 7.443237e+01 1.089756e+02 1.355001e+02
         vertex 7.422478e+01 1.092039e+02 1.355003e+02
      endloop
   endfacet
   facet normal 7.680790e-01 6.403548e-01 -5.796886e-04
      outer loop
         vertex 7.432351e+01 1.090858e+02 1.358206e+02
         vertex 7.422478e+01 1.092039e+02 1.355003e+02
         vertex 7.422502e+01 1.092039e+02 1.358161e+02
      endloop
   endfacet
   facet normal 9.230746e-01 3.846203e-01 -6.966676e-04
      outer loop
         vertex 7.405922e+01 1.094642e+02 1.355004e+02
         vertex 7.394055e+01 1.097490e+02 1.355005e+02
         vertex 7.394078e+01 1.097490e+02 1.358052e+02
      endloop
   endfacet
   facet normal 9.378429e-01 3.444368e-01 4.259129e-02
      outer loop
         vertex 7.394078e+01 1.097490e+02 1.358052e+02
         vertex 7.399377e+01 1.096047e+02 1.358060e+02
         vertex 7.405922e+01 1.094642e+02 1.355004e+02
      endloop
   endfacet
   facet normal 9.057992e-01 4.237066e-01 -6.836295e-04
      outer loop
         vertex 7.405922e+01 1.094642e+02 1.355004e+02
         vertex 7.399377e+01 1.096047e+02 1.358060e+02
         vertex 7.405945e+01 1.094642e+02 1.358084e+02
      endloop
   endfacet
   facet normal 8.438303e-01 5.366098e-01 -6.368599e-04
      outer loop
         vertex 7.405922e+01 1.094642e+02 1.355004e+02
         vertex 7.405945e+01 1.094642e+02 1.358084e+02
         vertex 7.422478e+01 1.092039e+02 1.355003e+02
      endloop
   endfacet
   facet normal 8.549227e-01 5.183403e-01 2.074745e-02
      outer loop
         vertex 7.422478e+01 1.092039e+02 1.355003e+02
         vertex 7.405945e+01 1.094642e+02 1.358084e+02
         vertex 7.417858e+01 1.092675e+02 1.358139e+02
      endloop
   endfacet
   facet normal 8.078265e-01 5.894200e-01 -6.096870e-04
      outer loop
         vertex 7.422478e+01 1.092039e+02 1.355003e+02
         vertex 7.417858e+01 1.092675e+02 1.358139e+02
         vertex 7.422502e+01 1.092039e+02 1.358161e+02
      endloop
   endfacet
   facet normal 9.751781e-01 2.213246e-01 6.559337e-03
      outer loop
         vertex 7.387226e+01 1.100499e+02 1.355005e+02
         vertex 7.387669e+01 1.100213e+02 1.358087e+02
         vertex 7.394055e+01 1.097490e+02 1.355005e+02
      endloop
   endfacet
   facet normal 9.810703e-01 1.904534e-01 3.505178e-02
      outer loop
         vertex 7.394055e+01 1.097490e+02 1.355005e+02
         vertex 7.387669e+01 1.100213e+02 1.358087e+02
         vertex 7.390351e+01 1.098836e+02 1.358060e+02
      endloop
   endfacet
   facet normal 9.637187e-01 2.669191e-01 -7.273427e-04
      outer loop
         vertex 7.394055e+01 1.097490e+02 1.355005e+02
         vertex 7.390351e+01 1.098836e+02 1.358060e+02
         vertex 7.394078e+01 1.097490e+02 1.358052e+02
      endloop
   endfacet
   facet normal 9.984657e-01 5.152785e-02 2.027656e-02
      outer loop
         vertex 7.385636e+01 1.103581e+02 1.355005e+02
         vertex 7.385790e+01 1.102043e+02 1.358154e+02
         vertex 7.387226e+01 1.100499e+02 1.355005e+02
      endloop
   endfacet
   facet normal 9.955593e-01 9.413320e-02 -7.497478e-04
      outer loop
         vertex 7.387226e+01 1.100499e+02 1.355005e+02
         vertex 7.385790e+01 1.102043e+02 1.358154e+02
         vertex 7.387249e+01 1.100499e+02 1.358095e+02
      endloop
   endfacet
   facet normal 9.894461e-01 1.448996e-01 -7.466786e-04
      outer loop
         vertex 7.387226e+01 1.100499e+02 1.355005e+02
         vertex 7.387249e+01 1.100499e+02 1.358095e+02
         vertex 7.387669e+01 1.100213e+02 1.358087e+02
      endloop
   endfacet
   facet normal 9.792880e-01 -2.024709e-01 -7.391591e-04
      outer loop
         vertex 7.389358e+01 1.106644e+02 1.358509e+02
         vertex 7.389212e+01 1.106573e+02 1.358501e+02
         vertex 7.389331e+01 1.106644e+02 1.355005e+02
      endloop
   endfacet
   facet normal 9.872383e-01 -1.592500e-01 1.613488e-04
      outer loop
         vertex 7.389331e+01 1.106644e+02 1.355005e+02
         vertex 7.389212e+01 1.106573e+02 1.358501e+02
         vertex 7.386804e+01 1.105080e+02 1.358355e+02
      endloop
   endfacet
   facet normal 9.926228e-01 -1.197452e-01 1.900307e-02
      outer loop
         vertex 7.389331e+01 1.106644e+02 1.355005e+02
         vertex 7.386804e+01 1.105080e+02 1.358355e+02
         vertex 7.385636e+01 1.103581e+02 1.355005e+02
      endloop
   endfacet
   facet normal 9.971100e-01 -7.596811e-02 -7.525440e-04
      outer loop
         vertex 7.385636e+01 1.103581e+02 1.355005e+02
         vertex 7.386804e+01 1.105080e+02 1.358355e+02
         vertex 7.385660e+01 1.103581e+02 1.358241e+02
      endloop
   endfacet
   facet normal 9.999638e-01 8.469946e-03 -7.546979e-04
      outer loop
         vertex 7.385636e+01 1.103581e+02 1.355005e+02
         vertex 7.385660e+01 1.103581e+02 1.358241e+02
         vertex 7.385790e+01 1.102043e+02 1.358154e+02
      endloop
   endfacet
   facet normal 9.691640e-01 -2.464157e-01 -7.303555e-04
      outer loop
         vertex 7.389358e+01 1.106644e+02 1.358509e+02
         vertex 7.389331e+01 1.106644e+02 1.355005e+02
         vertex 7.393182e+01 1.108147e+02 1.358692e+02
      endloop
   endfacet
   facet normal 9.576226e-01 -2.875099e-01 1.723473e-02
      outer loop
         vertex 7.393182e+01 1.108147e+02 1.358692e+02
         vertex 7.389331e+01 1.106644e+02 1.355005e+02
         vertex 7.398203e+01 1.109599e+02 1.355004e+02
      endloop
   endfacet
   facet normal 9.444805e-01 -3.285667e-01 -7.128232e-04
      outer loop
         vertex 7.393182e+01 1.108147e+02 1.358692e+02
         vertex 7.398203e+01 1.109599e+02 1.355004e+02
         vertex 7.398233e+01 1.109599e+02 1.358906e+02
      endloop
   endfacet
   facet normal 9.143609e-01 -4.048996e-01 -6.900912e-04
      outer loop
         vertex 7.398233e+01 1.109599e+02 1.358906e+02
         vertex 7.398203e+01 1.109599e+02 1.355004e+02
         vertex 7.403974e+01 1.110895e+02 1.359130e+02
      endloop
   endfacet
   facet normal 8.944845e-01 -4.468382e-01 1.526479e-02
      outer loop
         vertex 7.403974e+01 1.110895e+02 1.359130e+02
         vertex 7.398203e+01 1.109599e+02 1.355004e+02
         vertex 7.411991e+01 1.112359e+02 1.355003e+02
      endloop
   endfacet
   facet normal 8.793662e-01 -4.761421e-01 1.933185e-03
      outer loop
         vertex 7.403974e+01 1.110895e+02 1.359130e+02
         vertex 7.411991e+01 1.112359e+02 1.355003e+02
         vertex 7.410748e+01 1.112147e+02 1.359381e+02
      endloop
   endfacet
   facet normal 8.565616e-01 -5.160443e-01 -6.464686e-04
      outer loop
         vertex 7.410748e+01 1.112147e+02 1.359381e+02
         vertex 7.411991e+01 1.112359e+02 1.355003e+02
         vertex 7.412025e+01 1.112359e+02 1.359433e+02
      endloop
   endfacet
   facet normal 8.051250e-01 -5.931049e-01 -6.076481e-04
      outer loop
         vertex 7.412025e+01 1.112359e+02 1.359433e+02
         vertex 7.411991e+01 1.112359e+02 1.355003e+02
         vertex 7.430291e+01 1.114843e+02 1.355002e+02
      endloop
   endfacet
   facet normal 8.051250e-01 -5.931049e-01 -6.076481e-04
      outer loop
         vertex 7.412025e+01 1.112359e+02 1.359433e+02
         vertex 7.430291e+01 1.114843e+02 1.355002e+02
         vertex 7.430329e+01 1.114843e+02 1.360068e+02
      endloop
   endfacet
   facet normal 6.919679e-01 -7.218345e-01 1.163493e-02
      outer loop
         vertex 7.452563e+01 1.116978e+02 1.355000e+02
         vertex 7.441673e+01 1.116021e+02 1.360429e+02
         vertex 7.430291e+01 1.114843e+02 1.355002e+02
      endloop
   endfacet
   facet normal 7.170613e-01 -6.970094e-01 9.808510e-04
      outer loop
         vertex 7.430291e+01 1.114843e+02 1.355002e+02
         vertex 7.441673e+01 1.116021e+02 1.360429e+02
         vertex 7.431454e+01 1.114970e+02 1.360102e+02
      endloop
   endfacet
   facet normal 7.482229e-01 -6.634472e-01 -5.647027e-04
      outer loop
         vertex 7.430291e+01 1.114843e+02 1.355002e+02
         vertex 7.431454e+01 1.114970e+02 1.360102e+02
         vertex 7.430329e+01 1.114843e+02 1.360068e+02
      endloop
   endfacet
   facet normal 5.585390e-01 -8.294145e-01 1.028657e-02
      outer loop
         vertex 7.478155e+01 1.118701e+02 1.354998e+02
         vertex 7.463509e+01 1.117791e+02 1.361095e+02
         vertex 7.452563e+01 1.116978e+02 1.355000e+02
      endloop
   endfacet
   facet normal 5.977452e-01 -8.016860e-01 -4.511334e-04
      outer loop
         vertex 7.452563e+01 1.116978e+02 1.355000e+02
         vertex 7.463509e+01 1.117791e+02 1.361095e+02
         vertex 7.452607e+01 1.116978e+02 1.360769e+02
      endloop
   endfacet
   facet normal 6.584963e-01 -7.525838e-01 -4.969837e-04
      outer loop
         vertex 7.452563e+01 1.116978e+02 1.355000e+02
         vertex 7.452607e+01 1.116978e+02 1.360769e+02
         vertex 7.441673e+01 1.116021e+02 1.360429e+02
      endloop
   endfacet
   facet normal 4.086922e-01 -9.126249e-01 9.301188e-03
      outer loop
         vertex 7.506314e+01 1.119962e+02 1.354996e+02
         vertex 7.492060e+01 1.119394e+02 1.361889e+02
         vertex 7.478155e+01 1.118701e+02 1.354998e+02
      endloop
   endfacet
   facet normal 4.473520e-01 -8.943579e-01 -3.376278e-04
      outer loop
         vertex 7.478155e+01 1.118701e+02 1.354998e+02
         vertex 7.492060e+01 1.119394e+02 1.361889e+02
         vertex 7.478204e+01 1.118701e+02 1.361516e+02
      endloop
   endfacet
   facet normal 5.268406e-01 -8.499640e-01 -3.976198e-04
      outer loop
         vertex 7.478155e+01 1.118701e+02 1.354998e+02
         vertex 7.478204e+01 1.118701e+02 1.361516e+02
         vertex 7.463509e+01 1.117791e+02 1.361095e+02
      endloop
   endfacet
   facet normal 2.468362e-01 -9.690196e-01 8.536317e-03
      outer loop
         vertex 7.536212e+01 1.120724e+02 1.354994e+02
         vertex 7.521084e+01 1.120405e+02 1.362587e+02
         vertex 7.506314e+01 1.119962e+02 1.354996e+02
      endloop
   endfacet
   facet normal 2.883753e-01 -9.575174e-01 -2.176441e-04
      outer loop
         vertex 7.506314e+01 1.119962e+02 1.354996e+02
         vertex 7.521084e+01 1.120405e+02 1.362587e+02
         vertex 7.506368e+01 1.119962e+02 1.362248e+02
      endloop
   endfacet
   facet normal 3.690586e-01 -9.294061e-01 -2.785378e-04
      outer loop
         vertex 7.506314e+01 1.119962e+02 1.354996e+02
         vertex 7.506368e+01 1.119962e+02 1.362248e+02
         vertex 7.492060e+01 1.119394e+02 1.361889e+02
      endloop
   endfacet
   facet normal 7.772251e-02 -9.969460e-01 7.614075e-03
      outer loop
         vertex 7.566972e+01 1.120964e+02 1.354992e+02
         vertex 7.547881e+01 1.120877e+02 1.363119e+02
         vertex 7.536212e+01 1.120724e+02 1.354994e+02
      endloop
   endfacet
   facet normal 1.307017e-01 -9.914217e-01 -9.864385e-05
      outer loop
         vertex 7.536212e+01 1.120724e+02 1.354994e+02
         vertex 7.547881e+01 1.120877e+02 1.363119e+02
         vertex 7.536272e+01 1.120724e+02 1.362903e+02
      endloop
   endfacet
   facet normal 2.052505e-01 -9.787095e-01 -1.549077e-04
      outer loop
         vertex 7.536212e+01 1.120724e+02 1.354994e+02
         vertex 7.536272e+01 1.120724e+02 1.362903e+02
         vertex 7.521084e+01 1.120405e+02 1.362587e+02
      endloop
   endfacet
   facet normal -9.367059e-02 -9.955722e-01 7.868202e-03
      outer loop
         vertex 7.597690e+01 1.120675e+02 1.354989e+02
         vertex 7.582421e+01 1.120885e+02 1.363483e+02
         vertex 7.566972e+01 1.120964e+02 1.354992e+02
      endloop
   endfacet
   facet normal -5.079065e-02 -9.987093e-01 3.833298e-05
      outer loop
         vertex 7.566972e+01 1.120964e+02 1.354992e+02
         vertex 7.582421e+01 1.120885e+02 1.363483e+02
         vertex 7.567035e+01 1.120964e+02 1.363361e+02
      endloop
   endfacet
   facet normal 4.525599e-02 -9.989754e-01 -3.415584e-05
      outer loop
         vertex 7.566972e+01 1.120964e+02 1.354992e+02
         vertex 7.567035e+01 1.120964e+02 1.363361e+02
         vertex 7.547881e+01 1.120877e+02 1.363119e+02
      endloop
   endfacet
   facet normal -2.623207e-01 -9.649581e-01 6.613954e-03
      outer loop
         vertex 7.627462e+01 1.119865e+02 1.354987e+02
         vertex 7.606698e+01 1.120489e+02 1.363587e+02
         vertex 7.597690e+01 1.120675e+02 1.354989e+02
      endloop
   endfacet
   facet normal -2.035543e-01 -9.790636e-01 1.519230e-04
      outer loop
         vertex 7.597690e+01 1.120675e+02 1.354989e+02
         vertex 7.606698e+01 1.120489e+02 1.363587e+02
         vertex 7.597750e+01 1.120675e+02 1.363559e+02
      endloop
   endfacet
   facet normal -1.361838e-01 -9.906836e-01 1.047735e-04
      outer loop
         vertex 7.597690e+01 1.120675e+02 1.354989e+02
         vertex 7.597750e+01 1.120675e+02 1.363559e+02
         vertex 7.582421e+01 1.120885e+02 1.363483e+02
      endloop
   endfacet
   facet normal -4.232578e-01 -9.059843e-01 6.735417e-03
      outer loop
         vertex 7.655416e+01 1.118559e+02 1.354985e+02
         vertex 7.647454e+01 1.118995e+02 1.363584e+02
         vertex 7.627462e+01 1.119865e+02 1.354987e+02
      endloop
   endfacet
   facet normal -4.001470e-01 -9.164509e-01 3.020010e-04
      outer loop
         vertex 7.627462e+01 1.119865e+02 1.354987e+02
         vertex 7.647454e+01 1.118995e+02 1.363584e+02
         vertex 7.627528e+01 1.119865e+02 1.363612e+02
      endloop
   endfacet
   facet normal -2.867309e-01 -9.580111e-01 2.164030e-04
      outer loop
         vertex 7.627462e+01 1.119865e+02 1.354987e+02
         vertex 7.627528e+01 1.119865e+02 1.363612e+02
         vertex 7.606698e+01 1.120489e+02 1.363587e+02
      endloop
   endfacet
   facet normal -5.717561e-01 -8.203824e-01 8.229021e-03
      outer loop
         vertex 7.680728e+01 1.116795e+02 1.354983e+02
         vertex 7.668561e+01 1.117728e+02 1.363477e+02
         vertex 7.655416e+01 1.118559e+02 1.354985e+02
      endloop
   endfacet
   facet normal -5.361999e-01 -8.440909e-01 4.046836e-04
      outer loop
         vertex 7.655416e+01 1.118559e+02 1.354985e+02
         vertex 7.668561e+01 1.117728e+02 1.363477e+02
         vertex 7.655480e+01 1.118559e+02 1.363555e+02
      endloop
   endfacet
   facet normal -4.772187e-01 -8.787845e-01 3.601689e-04
      outer loop
         vertex 7.655416e+01 1.118559e+02 1.354985e+02
         vertex 7.655480e+01 1.118559e+02 1.363555e+02
         vertex 7.647454e+01 1.118995e+02 1.363584e+02
      endloop
   endfacet
   facet normal -7.034572e-01 -7.106903e-01 8.203651e-03
      outer loop
         vertex 7.702656e+01 1.114625e+02 1.354981e+02
         vertex 7.694847e+01 1.115491e+02 1.363108e+02
         vertex 7.680728e+01 1.116795e+02 1.354983e+02
      endloop
   endfacet
   facet normal -6.799991e-01 -7.332128e-01 5.132124e-04
      outer loop
         vertex 7.680728e+01 1.116795e+02 1.354983e+02
         vertex 7.694847e+01 1.115491e+02 1.363108e+02
         vertex 7.680791e+01 1.116795e+02 1.363353e+02
      endloop
   endfacet
   facet normal -6.065665e-01 -7.950326e-01 4.577910e-04
      outer loop
         vertex 7.680728e+01 1.116795e+02 1.354983e+02
         vertex 7.680791e+01 1.116795e+02 1.363353e+02
         vertex 7.668561e+01 1.117728e+02 1.363477e+02
      endloop
   endfacet
   facet normal -8.144857e-01 -5.801086e-01 9.336255e-03
      outer loop
         vertex 7.720555e+01 1.112112e+02 1.354980e+02
         vertex 7.712225e+01 1.113403e+02 1.362574e+02
         vertex 7.702656e+01 1.114625e+02 1.354981e+02
      endloop
   endfacet
   facet normal -7.889614e-01 -6.144425e-01 5.954490e-04
      outer loop
         vertex 7.702656e+01 1.114625e+02 1.354981e+02
         vertex 7.712225e+01 1.113403e+02 1.362574e+02
         vertex 7.702715e+01 1.114625e+02 1.362891e+02
      endloop
   endfacet
   facet normal -7.403337e-01 -6.722393e-01 5.587485e-04
      outer loop
         vertex 7.702656e+01 1.114625e+02 1.354981e+02
         vertex 7.702715e+01 1.114625e+02 1.362891e+02
         vertex 7.694847e+01 1.115491e+02 1.363108e+02
      endloop
   endfacet
   facet normal -9.015809e-01 -4.324880e-01 1.029134e-02
      outer loop
         vertex 7.733899e+01 1.109330e+02 1.354979e+02
         vertex 7.727867e+01 1.110751e+02 1.361870e+02
         vertex 7.720555e+01 1.112112e+02 1.354980e+02
      endloop
   endfacet
   facet normal -8.822226e-01 -4.708321e-01 6.658356e-04
      outer loop
         vertex 7.720555e+01 1.112112e+02 1.354980e+02
         vertex 7.727867e+01 1.110751e+02 1.361870e+02
         vertex 7.720609e+01 1.112112e+02 1.362232e+02
      endloop
   endfacet
   facet normal -8.387171e-01 -5.445670e-01 6.330009e-04
      outer loop
         vertex 7.720555e+01 1.112112e+02 1.354980e+02
         vertex 7.720609e+01 1.112112e+02 1.362232e+02
         vertex 7.712225e+01 1.113403e+02 1.362574e+02
      endloop
   endfacet
   facet normal -9.622472e-01 -2.721760e-01 7.262322e-04
      outer loop
         vertex 7.742296e+01 1.106361e+02 1.354978e+02
         vertex 7.742340e+01 1.106361e+02 1.360747e+02
         vertex 7.733899e+01 1.109330e+02 1.354979e+02
      endloop
   endfacet
   facet normal -9.726706e-01 -2.310026e-01 2.344542e-02
      outer loop
         vertex 7.733899e+01 1.109330e+02 1.354979e+02
         vertex 7.742340e+01 1.106361e+02 1.360747e+02
         vertex 7.739267e+01 1.107688e+02 1.361075e+02
      endloop
   endfacet
   facet normal -9.541258e-01 -2.993867e-01 3.396285e-03
      outer loop
         vertex 7.739267e+01 1.107688e+02 1.361075e+02
         vertex 7.735200e+01 1.108988e+02 1.361407e+02
         vertex 7.733899e+01 1.109330e+02 1.354979e+02
      endloop
   endfacet
   facet normal -9.389063e-01 -3.441720e-01 7.081382e-04
      outer loop
         vertex 7.733899e+01 1.109330e+02 1.354979e+02
         vertex 7.735200e+01 1.108988e+02 1.361407e+02
         vertex 7.733949e+01 1.109330e+02 1.361496e+02
      endloop
   endfacet
   facet normal -9.193315e-01 -3.934832e-01 6.921156e-04
      outer loop
         vertex 7.733899e+01 1.109330e+02 1.354979e+02
         vertex 7.733949e+01 1.109330e+02 1.361496e+02
         vertex 7.727867e+01 1.110751e+02 1.361870e+02
      endloop
   endfacet
   facet normal -9.871849e-01 1.595786e-01 7.450533e-04
      outer loop
         vertex 7.743055e+01 1.099970e+02 1.359355e+02
         vertex 7.743450e+01 1.100214e+02 1.359408e+02
         vertex 7.743417e+01 1.100214e+02 1.354978e+02
      endloop
   endfacet
   facet normal -9.977170e-01 6.752899e-02 7.530021e-04
      outer loop
         vertex 7.743417e+01 1.100214e+02 1.354978e+02
         vertex 7.743450e+01 1.100214e+02 1.359408e+02
         vertex 7.745539e+01 1.103292e+02 1.360044e+02
      endloop
   endfacet
   facet normal -9.977170e-01 6.752899e-02 7.530021e-04
      outer loop
         vertex 7.743417e+01 1.100214e+02 1.354978e+02
         vertex 7.745539e+01 1.103292e+02 1.360044e+02
         vertex 7.745500e+01 1.103292e+02 1.354978e+02
      endloop
   endfacet
   facet normal -9.997369e-01 -2.292436e-02 7.545266e-04
      outer loop
         vertex 7.745500e+01 1.103292e+02 1.354978e+02
         vertex 7.745539e+01 1.103292e+02 1.360044e+02
         vertex 7.745500e+01 1.103462e+02 1.360078e+02
      endloop
   endfacet
   facet normal -9.945872e-01 -1.038484e-01 3.443909e-03
      outer loop
         vertex 7.745500e+01 1.103292e+02 1.354978e+02
         vertex 7.745500e+01 1.103462e+02 1.360078e+02
         vertex 7.742296e+01 1.106361e+02 1.354978e+02
      endloop
   endfacet
   facet normal -9.971147e-01 -7.288895e-02 2.120274e-02
      outer loop
         vertex 7.742296e+01 1.106361e+02 1.354978e+02
         vertex 7.745500e+01 1.103462e+02 1.360078e+02
         vertex 7.744500e+01 1.104925e+02 1.360406e+02
      endloop
   endfacet
   facet normal -9.888464e-01 -1.489367e-01 7.463073e-04
      outer loop
         vertex 7.742296e+01 1.106361e+02 1.354978e+02
         vertex 7.744500e+01 1.104925e+02 1.360406e+02
         vertex 7.742340e+01 1.106361e+02 1.360747e+02
      endloop
   endfacet
   facet normal -9.715278e-01 2.369243e-01 7.332365e-04
      outer loop
         vertex 7.736107e+01 1.097217e+02 1.354979e+02
         vertex 7.736137e+01 1.097217e+02 1.358880e+02
         vertex 7.743417e+01 1.100214e+02 1.354978e+02
      endloop
   endfacet
   facet normal -9.604315e-01 2.765273e-01 3.322615e-02
      outer loop
         vertex 7.743417e+01 1.100214e+02 1.354978e+02
         vertex 7.736137e+01 1.097217e+02 1.358880e+02
         vertex 7.740144e+01 1.098581e+02 1.359106e+02
      endloop
   endfacet
   facet normal -9.788313e-01 2.046419e-01 3.328417e-03
      outer loop
         vertex 7.743417e+01 1.100214e+02 1.354978e+02
         vertex 7.740144e+01 1.098581e+02 1.359106e+02
         vertex 7.743055e+01 1.099970e+02 1.359355e+02
      endloop
   endfacet
   facet normal -8.351264e-01 5.500577e-01 6.302909e-04
      outer loop
         vertex 7.706814e+01 1.091811e+02 1.354981e+02
         vertex 7.706839e+01 1.091811e+02 1.358216e+02
         vertex 7.723786e+01 1.094388e+02 1.354980e+02
      endloop
   endfacet
   facet normal -8.113818e-01 5.831848e-01 3.943521e-02
      outer loop
         vertex 7.706839e+01 1.091811e+02 1.358216e+02
         vertex 7.715718e+01 1.093039e+02 1.358331e+02
         vertex 7.723786e+01 1.094388e+02 1.354980e+02
      endloop
   endfacet
   facet normal -8.575338e-01 5.144271e-01 6.472024e-04
      outer loop
         vertex 7.723786e+01 1.094388e+02 1.354980e+02
         vertex 7.715718e+01 1.093039e+02 1.358331e+02
         vertex 7.723812e+01 1.094388e+02 1.358483e+02
      endloop
   endfacet
   facet normal -9.167950e-01 3.993574e-01 6.919283e-04
      outer loop
         vertex 7.723786e+01 1.094388e+02 1.354980e+02
         vertex 7.723812e+01 1.094388e+02 1.358483e+02
         vertex 7.736107e+01 1.097217e+02 1.354979e+02
      endloop
   endfacet
   facet normal -8.999903e-01 4.345060e-01 3.495746e-02
      outer loop
         vertex 7.736107e+01 1.097217e+02 1.354979e+02
         vertex 7.723812e+01 1.094388e+02 1.358483e+02
         vertex 7.730565e+01 1.095772e+02 1.358665e+02
      endloop
   endfacet
   facet normal -9.330402e-01 3.597714e-01 7.041889e-04
      outer loop
         vertex 7.736107e+01 1.097217e+02 1.354979e+02
         vertex 7.730565e+01 1.095772e+02 1.358665e+02
         vertex 7.736137e+01 1.097217e+02 1.358880e+02
      endloop
   endfacet
   facet normal -6.992836e-01 7.136157e-01 4.189288e-02
      outer loop
         vertex 7.696727e+01 1.090638e+02 1.358130e+02
         vertex 7.706814e+01 1.091811e+02 1.354981e+02
         vertex 7.685716e+01 1.089562e+02 1.358072e+02
      endloop
   endfacet
   facet normal -7.289205e-01 6.845982e-01 5.501346e-04
      outer loop
         vertex 7.685716e+01 1.089562e+02 1.358072e+02
         vertex 7.706814e+01 1.091811e+02 1.354981e+02
         vertex 7.685692e+01 1.089562e+02 1.354983e+02
      endloop
   endfacet
   facet normal -6.320293e-01 7.749443e-01 4.770084e-04
      outer loop
         vertex 7.685716e+01 1.089562e+02 1.358072e+02
         vertex 7.685692e+01 1.089562e+02 1.354983e+02
         vertex 7.672673e+01 1.088499e+02 1.358039e+02
      endloop
   endfacet
   facet normal -6.011450e-01 7.988384e-01 2.195167e-02
      outer loop
         vertex 7.672673e+01 1.088499e+02 1.358039e+02
         vertex 7.685692e+01 1.089562e+02 1.354983e+02
         vertex 7.661040e+01 1.087707e+02 1.354985e+02
      endloop
   endfacet
   facet normal -5.632874e-01 8.262609e-01 4.251272e-04
      outer loop
         vertex 7.672673e+01 1.088499e+02 1.358039e+02
         vertex 7.661040e+01 1.087707e+02 1.354985e+02
         vertex 7.661063e+01 1.087707e+02 1.358031e+02
      endloop
   endfacet
   facet normal -4.936442e-01 8.696639e-01 3.725657e-04
      outer loop
         vertex 7.661063e+01 1.087707e+02 1.358031e+02
         vertex 7.661040e+01 1.087707e+02 1.354985e+02
         vertex 7.647591e+01 1.086942e+02 1.358042e+02
      endloop
   endfacet
   facet normal -4.558891e-01 8.897644e-01 2.200814e-02
      outer loop
         vertex 7.647591e+01 1.086942e+02 1.358042e+02
         vertex 7.661040e+01 1.087707e+02 1.354985e+02
         vertex 7.633581e+01 1.086300e+02 1.354987e+02
      endloop
   endfacet
   facet normal -4.172959e-01 9.087706e-01 3.149437e-04
      outer loop
         vertex 7.647591e+01 1.086942e+02 1.358042e+02
         vertex 7.633581e+01 1.086300e+02 1.354987e+02
         vertex 7.633605e+01 1.086300e+02 1.358067e+02
      endloop
   endfacet
   facet normal -3.181489e-01 9.480407e-01 2.401150e-04
      outer loop
         vertex 7.633605e+01 1.086300e+02 1.358067e+02
         vertex 7.633581e+01 1.086300e+02 1.354987e+02
         vertex 7.611803e+01 1.085568e+02 1.358125e+02
      endloop
   endfacet
   facet normal -2.972766e-01 9.546528e-01 1.626815e-02
      outer loop
         vertex 7.611803e+01 1.085568e+02 1.358125e+02
         vertex 7.633581e+01 1.086300e+02 1.354987e+02
         vertex 7.604123e+01 1.085383e+02 1.354989e+02
      endloop
   endfacet
   facet normal -2.357277e-01 9.718191e-01 1.783935e-04
      outer loop
         vertex 7.611803e+01 1.085568e+02 1.358125e+02
         vertex 7.604123e+01 1.085383e+02 1.354989e+02
         vertex 7.604147e+01 1.085383e+02 1.358147e+02
      endloop
   endfacet
   facet normal -1.721943e-01 9.850630e-01 1.308082e-04
      outer loop
         vertex 7.604147e+01 1.085383e+02 1.358147e+02
         vertex 7.604123e+01 1.085383e+02 1.354989e+02
         vertex 7.588894e+01 1.085116e+02 1.358194e+02
      endloop
   endfacet
   facet normal -1.298633e-01 9.913145e-01 2.076418e-02
      outer loop
         vertex 7.588894e+01 1.085116e+02 1.358194e+02
         vertex 7.604123e+01 1.085383e+02 1.354989e+02
         vertex 7.573532e+01 1.084982e+02 1.354991e+02
      endloop
   endfacet
   facet normal -8.713620e-02 9.961964e-01 6.576388e-05
      outer loop
         vertex 7.588894e+01 1.085116e+02 1.358194e+02
         vertex 7.573532e+01 1.084982e+02 1.354991e+02
         vertex 7.573556e+01 1.084982e+02 1.358240e+02
      endloop
   endfacet
   facet normal -1.734973e-03 9.999985e-01 1.309428e-06
      outer loop
         vertex 7.573556e+01 1.084982e+02 1.358240e+02
         vertex 7.573532e+01 1.084982e+02 1.354991e+02
         vertex 7.558178e+01 1.084979e+02 1.358281e+02
      endloop
   endfacet
   facet normal 4.133777e-02 9.989430e-01 2.010200e-02
      outer loop
         vertex 7.558178e+01 1.084979e+02 1.358281e+02
         vertex 7.573532e+01 1.084982e+02 1.354991e+02
         vertex 7.542705e+01 1.085109e+02 1.354993e+02
      endloop
   endfacet
   facet normal 8.397246e-02 9.964681e-01 -6.337613e-05
      outer loop
         vertex 7.558178e+01 1.084979e+02 1.358281e+02
         vertex 7.542705e+01 1.085109e+02 1.354993e+02
         vertex 7.542730e+01 1.085109e+02 1.358316e+02
      endloop
   endfacet
   facet normal -1.267479e-01 -3.478031e-01 9.289607e-01
      outer loop
         vertex 7.536272e+01 1.120724e+02 1.362903e+02
         vertex 7.547881e+01 1.120877e+02 1.363119e+02
         vertex 7.496006e+01 1.122778e+02 1.363123e+02
      endloop
   endfacet
   facet normal -7.932950e-02 -2.184901e-01 9.726093e-01
      outer loop
         vertex 7.401471e+01 1.116068e+02 1.360104e+02
         vertex 7.431454e+01 1.114970e+02 1.360102e+02
         vertex 7.405953e+01 1.116611e+02 1.360263e+02
      endloop
   endfacet
   facet normal -8.201562e-02 -2.225525e-01 9.714648e-01
      outer loop
         vertex 7.405953e+01 1.116611e+02 1.360263e+02
         vertex 7.431454e+01 1.114970e+02 1.360102e+02
         vertex 7.441673e+01 1.116021e+02 1.360429e+02
      endloop
   endfacet
   facet normal -8.418340e-02 -2.366956e-01 9.679299e-01
      outer loop
         vertex 7.405953e+01 1.116611e+02 1.360263e+02
         vertex 7.441673e+01 1.116021e+02 1.360429e+02
         vertex 7.418434e+01 1.117947e+02 1.360698e+02
      endloop
   endfacet
   facet normal -9.923906e-02 -2.540457e-01 9.620875e-01
      outer loop
         vertex 7.418434e+01 1.117947e+02 1.360698e+02
         vertex 7.441673e+01 1.116021e+02 1.360429e+02
         vertex 7.431918e+01 1.119162e+02 1.361158e+02
      endloop
   endfacet
   facet normal -8.157370e-02 -2.492340e-01 9.650016e-01
      outer loop
         vertex 7.431918e+01 1.119162e+02 1.361158e+02
         vertex 7.441673e+01 1.116021e+02 1.360429e+02
         vertex 7.452607e+01 1.116978e+02 1.360769e+02
      endloop
   endfacet
   facet normal -1.061012e-01 -2.709958e-01 9.567151e-01
      outer loop
         vertex 7.431918e+01 1.119162e+02 1.361158e+02
         vertex 7.452607e+01 1.116978e+02 1.360769e+02
         vertex 7.440088e+01 1.119802e+02 1.361430e+02
      endloop
   endfacet
   facet normal -9.033551e-02 -2.647916e-01 9.600650e-01
      outer loop
         vertex 7.452607e+01 1.116978e+02 1.360769e+02
         vertex 7.463509e+01 1.117791e+02 1.361095e+02
         vertex 7.440088e+01 1.119802e+02 1.361430e+02
      endloop
   endfacet
   facet normal -1.015284e-01 -2.770598e-01 9.554736e-01
      outer loop
         vertex 7.440088e+01 1.119802e+02 1.361430e+02
         vertex 7.463509e+01 1.117791e+02 1.361095e+02
         vertex 7.478204e+01 1.118701e+02 1.361516e+02
      endloop
   endfacet
   facet normal -1.079221e-01 -2.997871e-01 9.478821e-01
      outer loop
         vertex 7.440088e+01 1.119802e+02 1.361430e+02
         vertex 7.478204e+01 1.118701e+02 1.361516e+02
         vertex 7.461899e+01 1.121226e+02 1.362128e+02
      endloop
   endfacet
   facet normal -1.059762e-01 -2.986693e-01 9.484544e-01
      outer loop
         vertex 7.461899e+01 1.121226e+02 1.362128e+02
         vertex 7.478204e+01 1.118701e+02 1.361516e+02
         vertex 7.492060e+01 1.119394e+02 1.361889e+02
      endloop
   endfacet
   facet normal -1.197066e-01 -3.201405e-01 9.397768e-01
      outer loop
         vertex 7.461899e+01 1.121226e+02 1.362128e+02
         vertex 7.492060e+01 1.119394e+02 1.361889e+02
         vertex 7.478094e+01 1.122055e+02 1.362617e+02
      endloop
   endfacet
   facet normal -1.324322e-01 -3.258168e-01 9.361117e-01
      outer loop
         vertex 7.478094e+01 1.122055e+02 1.362617e+02
         vertex 7.492060e+01 1.119394e+02 1.361889e+02
         vertex 7.494992e+01 1.122742e+02 1.363095e+02
      endloop
   endfacet
   facet normal -1.050132e-01 -3.290617e-01 9.384512e-01
      outer loop
         vertex 7.494992e+01 1.122742e+02 1.363095e+02
         vertex 7.492060e+01 1.119394e+02 1.361889e+02
         vertex 7.506368e+01 1.119962e+02 1.362248e+02
      endloop
   endfacet
   facet normal -1.335576e-01 -3.385961e-01 9.314049e-01
      outer loop
         vertex 7.494992e+01 1.122742e+02 1.363095e+02
         vertex 7.506368e+01 1.119962e+02 1.362248e+02
         vertex 7.496006e+01 1.122778e+02 1.363123e+02
      endloop
   endfacet
   facet normal -1.155541e-01 -3.333076e-01 9.357100e-01
      outer loop
         vertex 7.496006e+01 1.122778e+02 1.363123e+02
         vertex 7.506368e+01 1.119962e+02 1.362248e+02
         vertex 7.521084e+01 1.120405e+02 1.362587e+02
      endloop
   endfacet
   facet normal -1.225682e-01 -3.399780e-01 9.324119e-01
      outer loop
         vertex 7.496006e+01 1.122778e+02 1.363123e+02
         vertex 7.521084e+01 1.120405e+02 1.362587e+02
         vertex 7.536272e+01 1.120724e+02 1.362903e+02
      endloop
   endfacet
   facet normal -1.267479e-01 -3.478031e-01 9.289607e-01
      outer loop
         vertex 7.694847e+01 1.115491e+02 1.363108e+02
         vertex 7.702715e+01 1.114625e+02 1.362891e+02
         vertex 7.746722e+01 1.113591e+02 1.363104e+02
      endloop
   endfacet
   facet normal -1.248799e-01 -3.391429e-01 9.324093e-01
      outer loop
         vertex 7.746722e+01 1.113591e+02 1.363104e+02
         vertex 7.702715e+01 1.114625e+02 1.362891e+02
         vertex 7.712225e+01 1.113403e+02 1.362574e+02
      endloop
   endfacet
   facet normal -1.237862e-01 -3.491876e-01 9.288407e-01
      outer loop
         vertex 7.746722e+01 1.113591e+02 1.363104e+02
         vertex 7.712225e+01 1.113403e+02 1.362574e+02
         vertex 7.747263e+01 1.113498e+02 1.363076e+02
      endloop
   endfacet
   facet normal -1.253386e-01 -3.291991e-01 9.359050e-01
      outer loop
         vertex 7.747263e+01 1.113498e+02 1.363076e+02
         vertex 7.712225e+01 1.113403e+02 1.362574e+02
         vertex 7.720609e+01 1.112112e+02 1.362232e+02
      endloop
   endfacet
   facet normal -1.190917e-01 -3.394695e-01 9.330475e-01
      outer loop
         vertex 7.747263e+01 1.113498e+02 1.363076e+02
         vertex 7.720609e+01 1.112112e+02 1.362232e+02
         vertex 7.755735e+01 1.111877e+02 1.362595e+02
      endloop
   endfacet
   facet normal -1.183048e-01 -3.135438e-01 9.421753e-01
      outer loop
         vertex 7.755735e+01 1.111877e+02 1.362595e+02
         vertex 7.720609e+01 1.112112e+02 1.362232e+02
         vertex 7.727867e+01 1.110751e+02 1.361870e+02
      endloop
   endfacet
   facet normal -1.142180e-01 -3.221194e-01 9.397837e-01
      outer loop
         vertex 7.755735e+01 1.111877e+02 1.362595e+02
         vertex 7.727867e+01 1.110751e+02 1.361870e+02
         vertex 7.762714e+01 1.110203e+02 1.362106e+02
      endloop
   endfacet
   facet normal -1.108332e-01 -2.968773e-01 9.484618e-01
      outer loop
         vertex 7.762714e+01 1.110203e+02 1.362106e+02
         vertex 7.727867e+01 1.110751e+02 1.361870e+02
         vertex 7.733949e+01 1.109330e+02 1.361496e+02
      endloop
   endfacet
   facet normal -1.100661e-01 -2.990008e-01 9.478839e-01
      outer loop
         vertex 7.762714e+01 1.110203e+02 1.362106e+02
         vertex 7.733949e+01 1.109330e+02 1.361496e+02
         vertex 7.770152e+01 1.107707e+02 1.361405e+02
      endloop
   endfacet
   facet normal -1.039225e-01 -2.855623e-01 9.527089e-01
      outer loop
         vertex 7.733949e+01 1.109330e+02 1.361496e+02
         vertex 7.735200e+01 1.108988e+02 1.361407e+02
         vertex 7.770152e+01 1.107707e+02 1.361405e+02
      endloop
   endfacet
   facet normal -1.003260e-01 -2.757545e-01 9.559781e-01
      outer loop
         vertex 7.770152e+01 1.107707e+02 1.361405e+02
         vertex 7.735200e+01 1.108988e+02 1.361407e+02
         vertex 7.739267e+01 1.107688e+02 1.361075e+02
      endloop
   endfacet
   facet normal -1.002772e-01 -2.770868e-01 9.555979e-01
      outer loop
         vertex 7.770152e+01 1.107707e+02 1.361405e+02
         vertex 7.739267e+01 1.107688e+02 1.361075e+02
         vertex 7.772244e+01 1.106691e+02 1.361132e+02
      endloop
   endfacet
   facet normal -9.515451e-02 -2.598458e-01 9.609504e-01
      outer loop
         vertex 7.772244e+01 1.106691e+02 1.361132e+02
         vertex 7.739267e+01 1.107688e+02 1.361075e+02
         vertex 7.742340e+01 1.106361e+02 1.360747e+02
      endloop
   endfacet
   facet normal -9.523269e-02 -2.592999e-01 9.610902e-01
      outer loop
         vertex 7.772244e+01 1.106691e+02 1.361132e+02
         vertex 7.742340e+01 1.106361e+02 1.360747e+02
         vertex 7.774690e+01 1.104888e+02 1.360670e+02
      endloop
   endfacet
   facet normal -8.731210e-02 -2.421759e-01 9.662957e-01
      outer loop
         vertex 7.774690e+01 1.104888e+02 1.360670e+02
         vertex 7.742340e+01 1.106361e+02 1.360747e+02
         vertex 7.744500e+01 1.104925e+02 1.360406e+02
      endloop
   endfacet
   facet normal -8.737404e-02 -2.354955e-01 9.679399e-01
      outer loop
         vertex 7.774690e+01 1.104888e+02 1.360670e+02
         vertex 7.744500e+01 1.104925e+02 1.360406e+02
         vertex 7.775567e+01 1.103068e+02 1.360235e+02
      endloop
   endfacet
   facet normal -7.990592e-02 -2.233262e-01 9.714630e-01
      outer loop
         vertex 7.775567e+01 1.103068e+02 1.360235e+02
         vertex 7.744500e+01 1.104925e+02 1.360406e+02
         vertex 7.745500e+01 1.103462e+02 1.360078e+02
      endloop
   endfacet
   facet normal -7.933340e-02 -2.185007e-01 9.726066e-01
      outer loop
         vertex 7.775567e+01 1.103068e+02 1.360235e+02
         vertex 7.745500e+01 1.103462e+02 1.360078e+02
         vertex 7.775483e+01 1.102363e+02 1.360076e+02
      endloop
   endfacet
   facet normal -1.088174e-01 -2.695037e-01 9.568315e-01
      outer loop
         vertex 7.567035e+01 1.120964e+02 1.363361e+02
         vertex 7.523873e+01 1.123546e+02 1.363597e+02
         vertex 7.547881e+01 1.120877e+02 1.363119e+02
      endloop
   endfacet
   facet normal -7.489696e-02 -2.409281e-01 9.676487e-01
      outer loop
         vertex 7.547881e+01 1.120877e+02 1.363119e+02
         vertex 7.523873e+01 1.123546e+02 1.363597e+02
         vertex 7.509604e+01 1.123204e+02 1.363402e+02
      endloop
   endfacet
   facet normal -1.049998e-01 -2.885003e-01 9.517051e-01
      outer loop
         vertex 7.547881e+01 1.120877e+02 1.363119e+02
         vertex 7.509604e+01 1.123204e+02 1.363402e+02
         vertex 7.496006e+01 1.122778e+02 1.363123e+02
      endloop
   endfacet
   facet normal -8.895907e-02 -2.372701e-01 9.673620e-01
      outer loop
         vertex 7.567035e+01 1.120964e+02 1.363361e+02
         vertex 7.582421e+01 1.120885e+02 1.363483e+02
         vertex 7.523873e+01 1.123546e+02 1.363597e+02
      endloop
   endfacet
   facet normal -7.742723e-02 -2.121809e-01 9.741583e-01
      outer loop
         vertex 7.523873e+01 1.123546e+02 1.363597e+02
         vertex 7.582421e+01 1.120885e+02 1.363483e+02
         vertex 7.597750e+01 1.120675e+02 1.363559e+02
      endloop
   endfacet
   facet normal -7.080576e-02 -1.951954e-01 9.782051e-01
      outer loop
         vertex 7.523873e+01 1.123546e+02 1.363597e+02
         vertex 7.597750e+01 1.120675e+02 1.363559e+02
         vertex 7.606698e+01 1.120489e+02 1.363587e+02
      endloop
   endfacet
   facet normal -2.419577e-02 -9.522447e-02 9.951617e-01
      outer loop
         vertex 7.566478e+01 1.123964e+02 1.363822e+02
         vertex 7.545813e+01 1.123871e+02 1.363763e+02
         vertex 7.606698e+01 1.120489e+02 1.363587e+02
      endloop
   endfacet
   facet normal -4.729808e-02 -1.365192e-01 9.895077e-01
      outer loop
         vertex 7.606698e+01 1.120489e+02 1.363587e+02
         vertex 7.545813e+01 1.123871e+02 1.363763e+02
         vertex 7.530205e+01 1.123664e+02 1.363659e+02
      endloop
   endfacet
   facet normal -6.341595e-02 -1.751879e-01 9.824905e-01
      outer loop
         vertex 7.606698e+01 1.120489e+02 1.363587e+02
         vertex 7.530205e+01 1.123664e+02 1.363659e+02
         vertex 7.523873e+01 1.123546e+02 1.363597e+02
      endloop
   endfacet
   facet normal -4.265249e-02 -9.340478e-02 9.947142e-01
      outer loop
         vertex 7.715706e+01 1.117650e+02 1.363750e+02
         vertex 7.704257e+01 1.118735e+02 1.363803e+02
         vertex 7.647454e+01 1.118995e+02 1.363584e+02
      endloop
   endfacet
   facet normal -4.429113e-02 -1.331300e-01 9.901084e-01
      outer loop
         vertex 7.647454e+01 1.118995e+02 1.363584e+02
         vertex 7.704257e+01 1.118735e+02 1.363803e+02
         vertex 7.627528e+01 1.119865e+02 1.363612e+02
      endloop
   endfacet
   facet normal 6.884384e-03 1.040932e-02 9.999221e-01
      outer loop
         vertex 7.633543e+01 1.121506e+02 1.363817e+02
         vertex 7.637851e+01 1.122682e+02 1.363802e+02
         vertex 7.620558e+01 1.123232e+02 1.363808e+02
      endloop
   endfacet
   facet normal 1.009714e-02 1.282648e-02 9.998668e-01
      outer loop
         vertex 7.620558e+01 1.123232e+02 1.363808e+02
         vertex 7.602722e+01 1.123633e+02 1.363821e+02
         vertex 7.633543e+01 1.121506e+02 1.363817e+02
      endloop
   endfacet
   facet normal 6.486692e-03 7.594558e-03 9.999501e-01
      outer loop
         vertex 7.633543e+01 1.121506e+02 1.363817e+02
         vertex 7.602722e+01 1.123633e+02 1.363821e+02
         vertex 7.584665e+01 1.123877e+02 1.363830e+02
      endloop
   endfacet
   facet normal -5.570148e-03 -1.725992e-02 9.998355e-01
      outer loop
         vertex 7.633543e+01 1.121506e+02 1.363817e+02
         vertex 7.584665e+01 1.123877e+02 1.363830e+02
         vertex 7.566478e+01 1.123964e+02 1.363822e+02
      endloop
   endfacet
   facet normal -4.869202e-02 -1.233043e-01 9.911736e-01
      outer loop
         vertex 7.606698e+01 1.120489e+02 1.363587e+02
         vertex 7.627528e+01 1.119865e+02 1.363612e+02
         vertex 7.566478e+01 1.123964e+02 1.363822e+02
      endloop
   endfacet
   facet normal -4.130371e-02 -1.123833e-01 9.928061e-01
      outer loop
         vertex 7.566478e+01 1.123964e+02 1.363822e+02
         vertex 7.627528e+01 1.119865e+02 1.363612e+02
         vertex 7.704257e+01 1.118735e+02 1.363803e+02
      endloop
   endfacet
   facet normal -1.605924e-02 -4.588203e-02 9.988178e-01
      outer loop
         vertex 7.566478e+01 1.123964e+02 1.363822e+02
         vertex 7.704257e+01 1.118735e+02 1.363803e+02
         vertex 7.633543e+01 1.121506e+02 1.363817e+02
      endloop
   endfacet
   facet normal -1.605924e-02 -4.588203e-02 9.988178e-01
      outer loop
         vertex 7.633543e+01 1.121506e+02 1.363817e+02
         vertex 7.704257e+01 1.118735e+02 1.363803e+02
         vertex 7.700609e+01 1.119049e+02 1.363812e+02
      endloop
   endfacet
   facet normal -5.595986e-03 -1.733043e-02 9.998342e-01
      outer loop
         vertex 7.633543e+01 1.121506e+02 1.363817e+02
         vertex 7.700609e+01 1.119049e+02 1.363812e+02
         vertex 7.686225e+01 1.120154e+02 1.363823e+02
      endloop
   endfacet
   facet normal 1.283680e-03 9.468458e-03 9.999543e-01
      outer loop
         vertex 7.686225e+01 1.120154e+02 1.363823e+02
         vertex 7.670810e+01 1.121138e+02 1.363815e+02
         vertex 7.633543e+01 1.121506e+02 1.363817e+02
      endloop
   endfacet
   facet normal 1.911786e-03 1.582891e-02 9.998729e-01
      outer loop
         vertex 7.633543e+01 1.121506e+02 1.363817e+02
         vertex 7.670810e+01 1.121138e+02 1.363815e+02
         vertex 7.654630e+01 1.121983e+02 1.363805e+02
      endloop
   endfacet
   facet normal 2.799353e-03 1.190618e-02 9.999252e-01
      outer loop
         vertex 7.633543e+01 1.121506e+02 1.363817e+02
         vertex 7.654630e+01 1.121983e+02 1.363805e+02
         vertex 7.637851e+01 1.122682e+02 1.363802e+02
      endloop
   endfacet
   facet normal -7.082532e-02 -1.952940e-01 9.781840e-01
      outer loop
         vertex 7.655480e+01 1.118559e+02 1.363555e+02
         vertex 7.730662e+01 1.115946e+02 1.363578e+02
         vertex 7.647454e+01 1.118995e+02 1.363584e+02
      endloop
   endfacet
   facet normal -6.374089e-02 -1.759694e-01 9.823298e-01
      outer loop
         vertex 7.647454e+01 1.118995e+02 1.363584e+02
         vertex 7.730662e+01 1.115946e+02 1.363578e+02
         vertex 7.726359e+01 1.116475e+02 1.363645e+02
      endloop
   endfacet
   facet normal -5.074250e-02 -1.350926e-01 9.895328e-01
      outer loop
         vertex 7.647454e+01 1.118995e+02 1.363584e+02
         vertex 7.726359e+01 1.116475e+02 1.363645e+02
         vertex 7.715706e+01 1.117650e+02 1.363750e+02
      endloop
   endfacet
   facet normal -7.686262e-02 -2.126988e-01 9.740900e-01
      outer loop
         vertex 7.655480e+01 1.118559e+02 1.363555e+02
         vertex 7.668561e+01 1.117728e+02 1.363477e+02
         vertex 7.730662e+01 1.115946e+02 1.363578e+02
      endloop
   endfacet
   facet normal -8.442504e-02 -2.394381e-01 9.672341e-01
      outer loop
         vertex 7.730662e+01 1.115946e+02 1.363578e+02
         vertex 7.668561e+01 1.117728e+02 1.363477e+02
         vertex 7.680791e+01 1.116795e+02 1.363353e+02
      endloop
   endfacet
   facet normal -8.177651e-02 -2.227677e-01 9.714356e-01
      outer loop
         vertex 7.730662e+01 1.115946e+02 1.363578e+02
         vertex 7.680791e+01 1.116795e+02 1.363353e+02
         vertex 7.739130e+01 1.114790e+02 1.363384e+02
      endloop
   endfacet
   facet normal -1.055462e-01 -2.922547e-01 9.504984e-01
      outer loop
         vertex 7.739130e+01 1.114790e+02 1.363384e+02
         vertex 7.680791e+01 1.116795e+02 1.363353e+02
         vertex 7.694847e+01 1.115491e+02 1.363108e+02
      endloop
   endfacet
   facet normal -1.050429e-01 -2.886178e-01 9.516647e-01
      outer loop
         vertex 7.739130e+01 1.114790e+02 1.363384e+02
         vertex 7.694847e+01 1.115491e+02 1.363108e+02
         vertex 7.746722e+01 1.113591e+02 1.363104e+02
      endloop
   endfacet
   facet normal 1.607938e-02 5.647373e-02 9.982746e-01
      outer loop
         vertex 7.622469e+01 1.082750e+02 1.358267e+02
         vertex 7.611803e+01 1.085568e+02 1.358125e+02
         vertex 7.604147e+01 1.085383e+02 1.358147e+02
      endloop
   endfacet
   facet normal 3.068879e-02 9.964857e-02 9.945493e-01
      outer loop
         vertex 7.542730e+01 1.085109e+02 1.358316e+02
         vertex 7.532184e+01 1.082231e+02 1.358637e+02
         vertex 7.558178e+01 1.084979e+02 1.358281e+02
      endloop
   endfacet
   facet normal 3.979012e-02 9.110447e-02 9.950461e-01
      outer loop
         vertex 7.558178e+01 1.084979e+02 1.358281e+02
         vertex 7.532184e+01 1.082231e+02 1.358637e+02
         vertex 7.550308e+01 1.082020e+02 1.358583e+02
      endloop
   endfacet
   facet normal 2.660715e-02 9.462154e-02 9.951577e-01
      outer loop
         vertex 7.558178e+01 1.084979e+02 1.358281e+02
         vertex 7.550308e+01 1.082020e+02 1.358583e+02
         vertex 7.573556e+01 1.084982e+02 1.358240e+02
      endloop
   endfacet
   facet normal 3.952393e-02 8.454007e-02 9.956359e-01
      outer loop
         vertex 7.573556e+01 1.084982e+02 1.358240e+02
         vertex 7.550308e+01 1.082020e+02 1.358583e+02
         vertex 7.568482e+01 1.081966e+02 1.358516e+02
      endloop
   endfacet
   facet normal 2.193552e-02 8.752554e-02 9.959207e-01
      outer loop
         vertex 7.573556e+01 1.084982e+02 1.358240e+02
         vertex 7.568482e+01 1.081966e+02 1.358516e+02
         vertex 7.588894e+01 1.085116e+02 1.358194e+02
      endloop
   endfacet
   facet normal 3.863316e-02 7.674401e-02 9.963021e-01
      outer loop
         vertex 7.588894e+01 1.085116e+02 1.358194e+02
         vertex 7.568482e+01 1.081966e+02 1.358516e+02
         vertex 7.586651e+01 1.082070e+02 1.358437e+02
      endloop
   endfacet
   facet normal 1.677968e-02 7.839207e-02 9.967814e-01
      outer loop
         vertex 7.588894e+01 1.085116e+02 1.358194e+02
         vertex 7.586651e+01 1.082070e+02 1.358437e+02
         vertex 7.604147e+01 1.085383e+02 1.358147e+02
      endloop
   endfacet
   facet normal 3.702394e-02 6.771937e-02 9.970172e-01
      outer loop
         vertex 7.604147e+01 1.085383e+02 1.358147e+02
         vertex 7.586651e+01 1.082070e+02 1.358437e+02
         vertex 7.604691e+01 1.082332e+02 1.358353e+02
      endloop
   endfacet
   facet normal 3.220187e-02 6.764497e-02 9.971896e-01
      outer loop
         vertex 7.604147e+01 1.085383e+02 1.358147e+02
         vertex 7.604691e+01 1.082332e+02 1.358353e+02
         vertex 7.622469e+01 1.082750e+02 1.358267e+02
      endloop
   endfacet
   facet normal 2.662741e-02 6.044261e-02 9.978165e-01
      outer loop
         vertex 7.622469e+01 1.082750e+02 1.358267e+02
         vertex 7.639725e+01 1.083318e+02 1.358186e+02
         vertex 7.611803e+01 1.085568e+02 1.358125e+02
      endloop
   endfacet
   facet normal 1.980915e-02 5.200192e-02 9.984505e-01
      outer loop
         vertex 7.611803e+01 1.085568e+02 1.358125e+02
         vertex 7.639725e+01 1.083318e+02 1.358186e+02
         vertex 7.655253e+01 1.083976e+02 1.358121e+02
      endloop
   endfacet
   facet normal 1.407355e-02 3.634807e-02 9.992401e-01
      outer loop
         vertex 7.611803e+01 1.085568e+02 1.358125e+02
         vertex 7.655253e+01 1.083976e+02 1.358121e+02
         vertex 7.633605e+01 1.086300e+02 1.358067e+02
      endloop
   endfacet
   facet normal 5.254677e-03 2.814073e-02 9.995902e-01
      outer loop
         vertex 7.633605e+01 1.086300e+02 1.358067e+02
         vertex 7.655253e+01 1.083976e+02 1.358121e+02
         vertex 7.647591e+01 1.086942e+02 1.358042e+02
      endloop
   endfacet
   facet normal -8.362671e-03 -2.113828e-02 9.997416e-01
      outer loop
         vertex 7.672673e+01 1.088499e+02 1.358039e+02
         vertex 7.702125e+01 1.087012e+02 1.358032e+02
         vertex 7.685716e+01 1.089562e+02 1.358072e+02
      endloop
   endfacet
   facet normal -5.319773e-03 -1.918159e-02 9.998019e-01
      outer loop
         vertex 7.685716e+01 1.089562e+02 1.358072e+02
         vertex 7.702125e+01 1.087012e+02 1.358032e+02
         vertex 7.715053e+01 1.088216e+02 1.358062e+02
      endloop
   endfacet
   facet normal -1.432510e-02 -3.880479e-02 9.991441e-01
      outer loop
         vertex 7.685716e+01 1.089562e+02 1.358072e+02
         vertex 7.715053e+01 1.088216e+02 1.358062e+02
         vertex 7.696727e+01 1.090638e+02 1.358130e+02
      endloop
   endfacet
   facet normal -6.568703e-03 2.508863e-02 9.996636e-01
      outer loop
         vertex 7.647591e+01 1.086942e+02 1.358042e+02
         vertex 7.655253e+01 1.083976e+02 1.358121e+02
         vertex 7.661063e+01 1.087707e+02 1.358031e+02
      endloop
   endfacet
   facet normal 2.235131e-02 2.058207e-02 9.995383e-01
      outer loop
         vertex 7.661063e+01 1.087707e+02 1.358031e+02
         vertex 7.655253e+01 1.083976e+02 1.358121e+02
         vertex 7.672531e+01 1.084893e+02 1.358064e+02
      endloop
   endfacet
   facet normal -1.097871e-02 7.002140e-03 9.999152e-01
      outer loop
         vertex 7.661063e+01 1.087707e+02 1.358031e+02
         vertex 7.672531e+01 1.084893e+02 1.358064e+02
         vertex 7.672673e+01 1.088499e+02 1.358039e+02
      endloop
   endfacet
   facet normal 1.519109e-02 6.898790e-03 9.998608e-01
      outer loop
         vertex 7.672673e+01 1.088499e+02 1.358039e+02
         vertex 7.672531e+01 1.084893e+02 1.358064e+02
         vertex 7.687838e+01 1.085892e+02 1.358034e+02
      endloop
   endfacet
   facet normal 1.883802e-03 -8.433408e-04 9.999979e-01
      outer loop
         vertex 7.672673e+01 1.088499e+02 1.358039e+02
         vertex 7.687838e+01 1.085892e+02 1.358034e+02
         vertex 7.702125e+01 1.087012e+02 1.358032e+02
      endloop
   endfacet
   facet normal -2.835731e-02 -4.940234e-02 9.983763e-01
      outer loop
         vertex 7.696727e+01 1.090638e+02 1.358130e+02
         vertex 7.715053e+01 1.088216e+02 1.358062e+02
         vertex 7.706839e+01 1.091811e+02 1.358216e+02
      endloop
   endfacet
   facet normal -6.703110e-03 -4.448092e-02 9.989877e-01
      outer loop
         vertex 7.706839e+01 1.091811e+02 1.358216e+02
         vertex 7.715053e+01 1.088216e+02 1.358062e+02
         vertex 7.727618e+01 1.089609e+02 1.358132e+02
      endloop
   endfacet
   facet normal -3.313144e-02 -6.934554e-02 9.970424e-01
      outer loop
         vertex 7.706839e+01 1.091811e+02 1.358216e+02
         vertex 7.727618e+01 1.089609e+02 1.358132e+02
         vertex 7.715718e+01 1.093039e+02 1.358331e+02
      endloop
   endfacet
   facet normal -1.597536e-02 -6.343984e-02 9.978578e-01
      outer loop
         vertex 7.727618e+01 1.089609e+02 1.358132e+02
         vertex 7.738630e+01 1.091071e+02 1.358243e+02
         vertex 7.715718e+01 1.093039e+02 1.358331e+02
      endloop
   endfacet
   facet normal -3.029560e-02 -8.004522e-02 9.963307e-01
      outer loop
         vertex 7.715718e+01 1.093039e+02 1.358331e+02
         vertex 7.738630e+01 1.091071e+02 1.358243e+02
         vertex 7.748248e+01 1.092609e+02 1.358396e+02
      endloop
   endfacet
   facet normal -3.198377e-02 -9.299020e-02 9.951532e-01
      outer loop
         vertex 7.715718e+01 1.093039e+02 1.358331e+02
         vertex 7.748248e+01 1.092609e+02 1.358396e+02
         vertex 7.723812e+01 1.094388e+02 1.358483e+02
      endloop
   endfacet
   facet normal -3.439689e-02 -9.628503e-02 9.947593e-01
      outer loop
         vertex 7.723812e+01 1.094388e+02 1.358483e+02
         vertex 7.748248e+01 1.092609e+02 1.358396e+02
         vertex 7.751907e+01 1.093282e+02 1.358474e+02
      endloop
   endfacet
   facet normal -4.012512e-02 -1.108272e-01 9.930294e-01
      outer loop
         vertex 7.723812e+01 1.094388e+02 1.358483e+02
         vertex 7.751907e+01 1.093282e+02 1.358474e+02
         vertex 7.730565e+01 1.095772e+02 1.358665e+02
      endloop
   endfacet
   facet normal -3.880943e-02 -1.097129e-01 9.932054e-01
      outer loop
         vertex 7.730565e+01 1.095772e+02 1.358665e+02
         vertex 7.751907e+01 1.093282e+02 1.358474e+02
         vertex 7.758088e+01 1.094578e+02 1.358641e+02
      endloop
   endfacet
   facet normal -4.733654e-02 -1.293182e-01 9.904726e-01
      outer loop
         vertex 7.730565e+01 1.095772e+02 1.358665e+02
         vertex 7.758088e+01 1.094578e+02 1.358641e+02
         vertex 7.736137e+01 1.097217e+02 1.358880e+02
      endloop
   endfacet
   facet normal -4.473092e-02 -1.271862e-01 9.908697e-01
      outer loop
         vertex 7.736137e+01 1.097217e+02 1.358880e+02
         vertex 7.758088e+01 1.094578e+02 1.358641e+02
         vertex 7.763384e+01 1.095918e+02 1.358837e+02
      endloop
   endfacet
   facet normal -5.431688e-02 -1.471877e-01 9.876160e-01
      outer loop
         vertex 7.736137e+01 1.097217e+02 1.358880e+02
         vertex 7.763384e+01 1.095918e+02 1.358837e+02
         vertex 7.740144e+01 1.098581e+02 1.359106e+02
      endloop
   endfacet
   facet normal -5.186202e-02 -1.450903e-01 9.880583e-01
      outer loop
         vertex 7.740144e+01 1.098581e+02 1.359106e+02
         vertex 7.763384e+01 1.095918e+02 1.358837e+02
         vertex 7.768076e+01 1.097407e+02 1.359080e+02
      endloop
   endfacet
   facet normal -6.003165e-02 -1.644524e-01 9.845566e-01
      outer loop
         vertex 7.740144e+01 1.098581e+02 1.359106e+02
         vertex 7.768076e+01 1.097407e+02 1.359080e+02
         vertex 7.743055e+01 1.099970e+02 1.359355e+02
      endloop
   endfacet
   facet normal -5.924364e-02 -1.637016e-01 9.847294e-01
      outer loop
         vertex 7.743055e+01 1.099970e+02 1.359355e+02
         vertex 7.768076e+01 1.097407e+02 1.359080e+02
         vertex 7.771637e+01 1.098922e+02 1.359353e+02
      endloop
   endfacet
   facet normal -7.157561e-02 -1.973406e-01 9.777186e-01
      outer loop
         vertex 7.743055e+01 1.099970e+02 1.359355e+02
         vertex 7.771637e+01 1.098922e+02 1.359353e+02
         vertex 7.743450e+01 1.100214e+02 1.359408e+02
      endloop
   endfacet
   facet normal -7.157678e-02 -1.973431e-01 9.777180e-01
      outer loop
         vertex 7.743450e+01 1.100214e+02 1.359408e+02
         vertex 7.771637e+01 1.098922e+02 1.359353e+02
         vertex 7.772584e+01 1.099439e+02 1.359464e+02
      endloop
   endfacet
   facet normal -7.157674e-02 -1.973429e-01 9.777180e-01
      outer loop
         vertex 7.743450e+01 1.100214e+02 1.359408e+02
         vertex 7.772584e+01 1.099439e+02 1.359464e+02
         vertex 7.745539e+01 1.103292e+02 1.360044e+02
      endloop
   endfacet
   facet normal -7.157614e-02 -1.973425e-01 9.777182e-01
      outer loop
         vertex 7.745539e+01 1.103292e+02 1.360044e+02
         vertex 7.772584e+01 1.099439e+02 1.359464e+02
         vertex 7.775483e+01 1.102363e+02 1.360076e+02
      endloop
   endfacet
   facet normal -7.157517e-02 -1.973393e-01 9.777189e-01
      outer loop
         vertex 7.745539e+01 1.103292e+02 1.360044e+02
         vertex 7.775483e+01 1.102363e+02 1.360076e+02
         vertex 7.745500e+01 1.103462e+02 1.360078e+02
      endloop
   endfacet
   facet normal -7.157656e-02 -1.973431e-01 9.777180e-01
      outer loop
         vertex 7.382166e+01 1.113194e+02 1.359383e+02
         vertex 7.410748e+01 1.112147e+02 1.359381e+02
         vertex 7.384781e+01 1.113649e+02 1.359494e+02
      endloop
   endfacet
   facet normal -7.157518e-02 -1.973408e-01 9.777186e-01
      outer loop
         vertex 7.384781e+01 1.113649e+02 1.359494e+02
         vertex 7.410748e+01 1.112147e+02 1.359381e+02
         vertex 7.412025e+01 1.112359e+02 1.359433e+02
      endloop
   endfacet
   facet normal -7.157607e-02 -1.973427e-01 9.777181e-01
      outer loop
         vertex 7.384781e+01 1.113649e+02 1.359494e+02
         vertex 7.412025e+01 1.112359e+02 1.359433e+02
         vertex 7.401471e+01 1.116068e+02 1.360104e+02
      endloop
   endfacet
   facet normal -7.157665e-02 -1.973428e-01 9.777181e-01
      outer loop
         vertex 7.401471e+01 1.116068e+02 1.360104e+02
         vertex 7.412025e+01 1.112359e+02 1.359433e+02
         vertex 7.430329e+01 1.114843e+02 1.360068e+02
      endloop
   endfacet
   facet normal -7.157517e-02 -1.973393e-01 9.777189e-01
      outer loop
         vertex 7.401471e+01 1.116068e+02 1.360104e+02
         vertex 7.430329e+01 1.114843e+02 1.360068e+02
         vertex 7.431454e+01 1.114970e+02 1.360102e+02
      endloop
   endfacet
   facet normal -1.331234e-02 -3.838672e-02 9.991743e-01
      outer loop
         vertex 7.210709e+01 9.759212e+01 1.358162e+02
         vertex 7.222165e+01 9.740199e+01 1.358104e+02
         vertex 7.253970e+01 9.743359e+01 1.358159e+02
      endloop
   endfacet
   facet normal -1.449549e-02 -2.654378e-02 9.995425e-01
      outer loop
         vertex 7.253970e+01 9.743359e+01 1.358159e+02
         vertex 7.222165e+01 9.740199e+01 1.358104e+02
         vertex 7.228687e+01 9.726266e+01 1.358077e+02
      endloop
   endfacet
   facet normal -7.978090e-03 -3.617275e-02 9.993137e-01
      outer loop
         vertex 7.253970e+01 9.743359e+01 1.358159e+02
         vertex 7.228687e+01 9.726266e+01 1.358077e+02
         vertex 7.260965e+01 9.725785e+01 1.358101e+02
      endloop
   endfacet
   facet normal -7.614623e-03 -1.149411e-02 9.999049e-01
      outer loop
         vertex 7.260965e+01 9.725785e+01 1.358101e+02
         vertex 7.228687e+01 9.726266e+01 1.358077e+02
         vertex 7.234031e+01 9.711719e+01 1.358064e+02
      endloop
   endfacet
   facet normal -3.267414e-03 -1.981520e-02 9.997983e-01
      outer loop
         vertex 7.260965e+01 9.725785e+01 1.358101e+02
         vertex 7.234031e+01 9.711719e+01 1.358064e+02
         vertex 7.266198e+01 9.708266e+01 1.358068e+02
      endloop
   endfacet
   facet normal -7.412764e-04 3.719612e-03 9.999928e-01
      outer loop
         vertex 7.266198e+01 9.708266e+01 1.358068e+02
         vertex 7.234031e+01 9.711719e+01 1.358064e+02
         vertex 7.237901e+01 9.697654e+01 1.358070e+02
      endloop
   endfacet
   facet normal 1.536586e-03 -2.354242e-03 9.999960e-01
      outer loop
         vertex 7.266198e+01 9.708266e+01 1.358068e+02
         vertex 7.237901e+01 9.697654e+01 1.358070e+02
         vertex 7.269864e+01 9.690495e+01 1.358063e+02
      endloop
   endfacet
   facet normal 6.530855e-03 1.994791e-02 9.997797e-01
      outer loop
         vertex 7.269864e+01 9.690495e+01 1.358063e+02
         vertex 7.237901e+01 9.697654e+01 1.358070e+02
         vertex 7.240860e+01 9.681631e+01 1.358100e+02
      endloop
   endfacet
   facet normal 7.501768e-03 1.677329e-02 9.998312e-01
      outer loop
         vertex 7.269864e+01 9.690495e+01 1.358063e+02
         vertex 7.240860e+01 9.681631e+01 1.358100e+02
         vertex 7.272025e+01 9.671913e+01 1.358092e+02
      endloop
   endfacet
   facet normal 1.382993e-02 3.707226e-02 9.992169e-01
      outer loop
         vertex 7.272025e+01 9.671913e+01 1.358092e+02
         vertex 7.240860e+01 9.681631e+01 1.358100e+02
         vertex 7.242314e+01 9.666314e+01 1.358154e+02
      endloop
   endfacet
   facet normal 1.389321e-02 3.673779e-02 9.992284e-01
      outer loop
         vertex 7.272025e+01 9.671913e+01 1.358092e+02
         vertex 7.242314e+01 9.666314e+01 1.358154e+02
         vertex 7.272538e+01 9.654199e+01 1.358157e+02
      endloop
   endfacet
   facet normal 2.092660e-02 5.428246e-02 9.983063e-01
      outer loop
         vertex 7.272538e+01 9.654199e+01 1.358157e+02
         vertex 7.242314e+01 9.666314e+01 1.358154e+02
         vertex 7.242452e+01 9.650819e+01 1.358238e+02
      endloop
   endfacet
   facet normal 2.057736e-02 5.735127e-02 9.981420e-01
      outer loop
         vertex 7.272538e+01 9.654199e+01 1.358157e+02
         vertex 7.242452e+01 9.650819e+01 1.358238e+02
         vertex 7.271499e+01 9.635924e+01 1.358264e+02
      endloop
   endfacet
   facet normal 2.809679e-02 7.199644e-02 9.970091e-01
      outer loop
         vertex 7.271499e+01 9.635924e+01 1.358264e+02
         vertex 7.242452e+01 9.650819e+01 1.358238e+02
         vertex 7.241255e+01 9.635361e+01 1.358353e+02
      endloop
   endfacet
   facet normal 2.795441e-02 7.882773e-02 9.964962e-01
      outer loop
         vertex 7.271499e+01 9.635924e+01 1.358264e+02
         vertex 7.241255e+01 9.635361e+01 1.358353e+02
         vertex 7.268906e+01 9.617986e+01 1.358413e+02
      endloop
   endfacet
   facet normal 3.501548e-02 9.002448e-02 9.953238e-01
      outer loop
         vertex 7.268906e+01 9.617986e+01 1.358413e+02
         vertex 7.241255e+01 9.635361e+01 1.358353e+02
         vertex 7.238758e+01 9.620187e+01 1.358499e+02
      endloop
   endfacet
   facet normal 3.535084e-02 9.479671e-02 9.948688e-01
      outer loop
         vertex 7.268906e+01 9.617986e+01 1.358413e+02
         vertex 7.238758e+01 9.620187e+01 1.358499e+02
         vertex 7.267019e+01 9.609064e+01 1.358505e+02
      endloop
   endfacet
   facet normal 3.732246e-02 9.980354e-02 9.943069e-01
      outer loop
         vertex 7.267019e+01 9.609064e+01 1.358505e+02
         vertex 7.238758e+01 9.620187e+01 1.358499e+02
         vertex 7.238608e+01 9.619475e+01 1.358507e+02
      endloop
   endfacet
   facet normal 4.048452e-02 1.084348e-01 9.932789e-01
      outer loop
         vertex 7.267019e+01 9.609064e+01 1.358505e+02
         vertex 7.238608e+01 9.619475e+01 1.358507e+02
         vertex 7.263481e+01 9.595900e+01 1.358663e+02
      endloop
   endfacet
   facet normal 4.118605e-02 1.091677e-01 9.931697e-01
      outer loop
         vertex 7.263481e+01 9.595900e+01 1.358663e+02
         vertex 7.238608e+01 9.619475e+01 1.358507e+02
         vertex 7.234865e+01 9.604914e+01 1.358683e+02
      endloop
   endfacet
   facet normal 4.616927e-02 1.250321e-01 9.910779e-01
      outer loop
         vertex 7.263481e+01 9.595900e+01 1.358663e+02
         vertex 7.234865e+01 9.604914e+01 1.358683e+02
         vertex 7.259077e+01 9.582944e+01 1.358847e+02
      endloop
   endfacet
   facet normal 4.816619e-02 1.272050e-01 9.907063e-01
      outer loop
         vertex 7.259077e+01 9.582944e+01 1.358847e+02
         vertex 7.234865e+01 9.604914e+01 1.358683e+02
         vertex 7.229889e+01 9.590637e+01 1.358890e+02
      endloop
   endfacet
   facet normal 5.243343e-02 1.435330e-01 9.882555e-01
      outer loop
         vertex 7.259077e+01 9.582944e+01 1.358847e+02
         vertex 7.229889e+01 9.590637e+01 1.358890e+02
         vertex 7.252622e+01 9.567662e+01 1.359103e+02
      endloop
   endfacet
   facet normal 5.454539e-02 1.455843e-01 9.878411e-01
      outer loop
         vertex 7.252622e+01 9.567662e+01 1.359103e+02
         vertex 7.229889e+01 9.590637e+01 1.358890e+02
         vertex 7.223699e+01 9.576760e+01 1.359129e+02
      endloop
   endfacet
   facet normal 6.010496e-02 1.633460e-01 9.847363e-01
      outer loop
         vertex 7.252622e+01 9.567662e+01 1.359103e+02
         vertex 7.223699e+01 9.576760e+01 1.359129e+02
         vertex 7.245009e+01 9.552990e+01 1.359393e+02
      endloop
   endfacet
   facet normal 6.083253e-02 1.639815e-01 9.845859e-01
      outer loop
         vertex 7.245009e+01 9.552990e+01 1.359393e+02
         vertex 7.223699e+01 9.576760e+01 1.359129e+02
         vertex 7.216377e+01 9.563482e+01 1.359395e+02
      endloop
   endfacet
   facet normal -3.196257e-02 -1.012622e-01 9.943462e-01
      outer loop
         vertex 7.171050e+01 9.836788e+01 1.358688e+02
         vertex 7.160499e+01 9.808003e+01 1.358361e+02
         vertex 7.186260e+01 9.826683e+01 1.358634e+02
      endloop
   endfacet
   facet normal -3.814195e-02 -9.282859e-02 9.949513e-01
      outer loop
         vertex 7.186260e+01 9.826683e+01 1.358634e+02
         vertex 7.160499e+01 9.808003e+01 1.358361e+02
         vertex 7.173130e+01 9.799016e+01 1.358325e+02
      endloop
   endfacet
   facet normal -2.925296e-02 -9.703591e-02 9.948509e-01
      outer loop
         vertex 7.186260e+01 9.826683e+01 1.358634e+02
         vertex 7.173130e+01 9.799016e+01 1.358325e+02
         vertex 7.200464e+01 9.815356e+01 1.358565e+02
      endloop
   endfacet
   facet normal -3.637862e-02 -8.523993e-02 9.956961e-01
      outer loop
         vertex 7.200464e+01 9.815356e+01 1.358565e+02
         vertex 7.173130e+01 9.799016e+01 1.358325e+02
         vertex 7.184851e+01 9.789059e+01 1.358283e+02
      endloop
   endfacet
   facet normal -2.632941e-02 -9.118376e-02 9.954860e-01
      outer loop
         vertex 7.200464e+01 9.815356e+01 1.358565e+02
         vertex 7.184851e+01 9.789059e+01 1.358283e+02
         vertex 7.213653e+01 9.802827e+01 1.358485e+02
      endloop
   endfacet
   facet normal -3.363613e-02 -7.605275e-02 9.965363e-01
      outer loop
         vertex 7.213653e+01 9.802827e+01 1.358485e+02
         vertex 7.184851e+01 9.789059e+01 1.358283e+02
         vertex 7.195686e+01 9.778130e+01 1.358236e+02
      endloop
   endfacet
   facet normal -2.319303e-02 -8.361901e-02 9.962279e-01
      outer loop
         vertex 7.213653e+01 9.802827e+01 1.358485e+02
         vertex 7.195686e+01 9.778130e+01 1.358236e+02
         vertex 7.225736e+01 9.789167e+01 1.358399e+02
      endloop
   endfacet
   facet normal -2.995227e-02 -6.539101e-02 9.974101e-01
      outer loop
         vertex 7.225736e+01 9.789167e+01 1.358399e+02
         vertex 7.195686e+01 9.778130e+01 1.358236e+02
         vertex 7.205609e+01 9.766234e+01 1.358188e+02
      endloop
   endfacet
   facet normal -1.979961e-02 -7.426729e-02 9.970418e-01
      outer loop
         vertex 7.225736e+01 9.789167e+01 1.358399e+02
         vertex 7.205609e+01 9.766234e+01 1.358188e+02
         vertex 7.236610e+01 9.774481e+01 1.358311e+02
      endloop
   endfacet
   facet normal -2.493595e-02 -5.512753e-02 9.981679e-01
      outer loop
         vertex 7.236610e+01 9.774481e+01 1.358311e+02
         vertex 7.205609e+01 9.766234e+01 1.358188e+02
         vertex 7.210709e+01 9.759212e+01 1.358162e+02
      endloop
   endfacet
   facet normal -1.910021e-02 -6.498140e-02 9.977037e-01
      outer loop
         vertex 7.236610e+01 9.774481e+01 1.358311e+02
         vertex 7.210709e+01 9.759212e+01 1.358162e+02
         vertex 7.246107e+01 9.759009e+01 1.358228e+02
      endloop
   endfacet
   facet normal -1.904968e-02 -5.404202e-02 9.983569e-01
      outer loop
         vertex 7.246107e+01 9.759009e+01 1.358228e+02
         vertex 7.210709e+01 9.759212e+01 1.358162e+02
         vertex 7.253970e+01 9.743359e+01 1.358159e+02
      endloop
   endfacet
   facet normal 2.242845e-02 5.915081e-02 9.979971e-01
      outer loop
         vertex 6.994653e+01 9.471559e+01 1.363855e+02
         vertex 7.061719e+01 9.446984e+01 1.363850e+02
         vertex 7.065055e+01 9.446996e+01 1.363843e+02
      endloop
   endfacet
   facet normal 7.531095e-02 2.052879e-01 9.757997e-01
      outer loop
         vertex 6.901842e+01 9.521861e+01 1.363672e+02
         vertex 6.984015e+01 9.495041e+01 1.363602e+02
         vertex 6.972712e+01 9.501031e+01 1.363563e+02
      endloop
   endfacet
   facet normal 8.028908e-02 2.224423e-01 9.716342e-01
      outer loop
         vertex 6.972712e+01 9.501031e+01 1.363563e+02
         vertex 6.959661e+01 9.509320e+01 1.363481e+02
         vertex 6.901842e+01 9.521861e+01 1.363672e+02
      endloop
   endfacet
   facet normal 8.545655e-02 2.472462e-01 9.651769e-01
      outer loop
         vertex 6.901842e+01 9.521861e+01 1.363672e+02
         vertex 6.959661e+01 9.509320e+01 1.363481e+02
         vertex 6.947398e+01 9.518672e+01 1.363350e+02
      endloop
   endfacet
   facet normal 8.400760e-02 2.197286e-01 9.719373e-01
      outer loop
         vertex 6.901842e+01 9.521861e+01 1.363672e+02
         vertex 6.947398e+01 9.518672e+01 1.363350e+02
         vertex 6.890631e+01 9.536450e+01 1.363439e+02
      endloop
   endfacet
   facet normal 1.082372e-01 2.982760e-01 9.483228e-01
      outer loop
         vertex 6.890631e+01 9.536450e+01 1.363439e+02
         vertex 6.947398e+01 9.518672e+01 1.363350e+02
         vertex 6.936531e+01 9.528498e+01 1.363165e+02
      endloop
   endfacet
   facet normal 1.069499e-01 2.899030e-01 9.510615e-01
      outer loop
         vertex 6.890631e+01 9.536450e+01 1.363439e+02
         vertex 6.936531e+01 9.528498e+01 1.363165e+02
         vertex 6.883023e+01 9.548106e+01 1.363169e+02
      endloop
   endfacet
   facet normal 9.600642e-02 2.500652e-01 9.634574e-01
      outer loop
         vertex 7.061154e+01 9.476988e+01 1.363341e+02
         vertex 7.045769e+01 9.477770e+01 1.363474e+02
         vertex 7.102375e+01 9.450784e+01 1.363611e+02
      endloop
   endfacet
   facet normal 1.128763e-01 2.756918e-01 9.545957e-01
      outer loop
         vertex 7.061154e+01 9.476988e+01 1.363341e+02
         vertex 7.102375e+01 9.450784e+01 1.363611e+02
         vertex 7.075794e+01 9.477467e+01 1.363154e+02
      endloop
   endfacet
   facet normal 7.896998e-02 2.439620e-01 9.665642e-01
      outer loop
         vertex 7.075794e+01 9.477467e+01 1.363154e+02
         vertex 7.102375e+01 9.450784e+01 1.363611e+02
         vertex 7.116022e+01 9.453892e+01 1.363421e+02
      endloop
   endfacet
   facet normal 1.069964e-01 2.900300e-01 9.510175e-01
      outer loop
         vertex 7.075794e+01 9.477467e+01 1.363154e+02
         vertex 7.116022e+01 9.453892e+01 1.363421e+02
         vertex 7.129303e+01 9.457859e+01 1.363150e+02
      endloop
   endfacet
   facet normal 8.433391e-02 2.259368e-01 9.704846e-01
      outer loop
         vertex 7.045769e+01 9.477770e+01 1.363474e+02
         vertex 7.030438e+01 9.479878e+01 1.363559e+02
         vertex 7.102375e+01 9.450784e+01 1.363611e+02
      endloop
   endfacet
   facet normal 7.719731e-02 2.083723e-01 9.749982e-01
      outer loop
         vertex 7.102375e+01 9.450784e+01 1.363611e+02
         vertex 7.030438e+01 9.479878e+01 1.363559e+02
         vertex 7.017911e+01 9.482617e+01 1.363599e+02
      endloop
   endfacet
   facet normal 7.356561e-02 1.987446e-01 9.772864e-01
      outer loop
         vertex 7.102375e+01 9.450784e+01 1.363611e+02
         vertex 7.017911e+01 9.482617e+01 1.363599e+02
         vertex 7.005639e+01 9.486232e+01 1.363618e+02
      endloop
   endfacet
   facet normal 3.274596e-02 1.064859e-01 9.937749e-01
      outer loop
         vertex 7.065055e+01 9.446996e+01 1.363843e+02
         vertex 7.081560e+01 9.447840e+01 1.363779e+02
         vertex 7.005639e+01 9.486232e+01 1.363618e+02
      endloop
   endfacet
   facet normal 5.418708e-02 1.486189e-01 9.874088e-01
      outer loop
         vertex 7.005639e+01 9.486232e+01 1.363618e+02
         vertex 7.081560e+01 9.447840e+01 1.363779e+02
         vertex 7.097996e+01 9.449987e+01 1.363657e+02
      endloop
   endfacet
   facet normal 6.903602e-02 1.863779e-01 9.800496e-01
      outer loop
         vertex 7.005639e+01 9.486232e+01 1.363618e+02
         vertex 7.097996e+01 9.449987e+01 1.363657e+02
         vertex 7.102375e+01 9.450784e+01 1.363611e+02
      endloop
   endfacet
   facet normal 2.700772e-04 5.002138e-03 9.999875e-01
      outer loop
         vertex 6.994653e+01 9.471559e+01 1.363855e+02
         vertex 6.990345e+01 9.459804e+01 1.363861e+02
         vertex 7.007679e+01 9.454291e+01 1.363864e+02
      endloop
   endfacet
   facet normal -2.942085e-03 2.579258e-03 9.999923e-01
      outer loop
         vertex 7.007679e+01 9.454291e+01 1.363864e+02
         vertex 7.025475e+01 9.450290e+01 1.363870e+02
         vertex 6.994653e+01 9.471559e+01 1.363855e+02
      endloop
   endfacet
   facet normal 6.805801e-04 7.828569e-03 9.999691e-01
      outer loop
         vertex 6.994653e+01 9.471559e+01 1.363855e+02
         vertex 7.025475e+01 9.450290e+01 1.363870e+02
         vertex 7.043592e+01 9.447844e+01 1.363871e+02
      endloop
   endfacet
   facet normal 1.274228e-02 3.271481e-02 9.993835e-01
      outer loop
         vertex 6.994653e+01 9.471559e+01 1.363855e+02
         vertex 7.043592e+01 9.447844e+01 1.363871e+02
         vertex 7.061719e+01 9.446984e+01 1.363850e+02
      endloop
   endfacet
   facet normal 5.866208e-03 5.894389e-03 9.999654e-01
      outer loop
         vertex 6.942038e+01 9.485037e+01 1.363878e+02
         vertex 6.957386e+01 9.475240e+01 1.363875e+02
         vertex 6.994653e+01 9.471559e+01 1.363855e+02
      endloop
   endfacet
   facet normal 5.242968e-03 -4.174289e-04 9.999862e-01
      outer loop
         vertex 6.994653e+01 9.471559e+01 1.363855e+02
         vertex 6.957386e+01 9.475240e+01 1.363875e+02
         vertex 6.973578e+01 9.466784e+01 1.363866e+02
      endloop
   endfacet
   facet normal 4.354169e-03 3.505494e-03 9.999844e-01
      outer loop
         vertex 6.994653e+01 9.471559e+01 1.363855e+02
         vertex 6.973578e+01 9.466784e+01 1.363866e+02
         vertex 6.990345e+01 9.459804e+01 1.363861e+02
      endloop
   endfacet
   facet normal 1.271462e-02 3.263904e-02 9.993863e-01
      outer loop
         vertex 6.942038e+01 9.485037e+01 1.363878e+02
         vertex 6.994653e+01 9.471559e+01 1.363855e+02
         vertex 6.927587e+01 9.496135e+01 1.363860e+02
      endloop
   endfacet
   facet normal 2.242709e-02 5.914691e-02 9.979973e-01
      outer loop
         vertex 6.927587e+01 9.496135e+01 1.363860e+02
         vertex 6.994653e+01 9.471559e+01 1.363855e+02
         vertex 7.065055e+01 9.446996e+01 1.363843e+02
      endloop
   endfacet
   facet normal 3.163841e-02 8.492359e-02 9.958850e-01
      outer loop
         vertex 6.927587e+01 9.496135e+01 1.363860e+02
         vertex 7.065055e+01 9.446996e+01 1.363843e+02
         vertex 6.912926e+01 9.509679e+01 1.363792e+02
      endloop
   endfacet
   facet normal 5.319616e-02 1.371880e-01 9.891156e-01
      outer loop
         vertex 6.912926e+01 9.509679e+01 1.363792e+02
         vertex 7.065055e+01 9.446996e+01 1.363843e+02
         vertex 7.005639e+01 9.486232e+01 1.363618e+02
      endloop
   endfacet
   facet normal 5.589520e-02 1.479863e-01 9.874086e-01
      outer loop
         vertex 6.912926e+01 9.509679e+01 1.363792e+02
         vertex 7.005639e+01 9.486232e+01 1.363618e+02
         vertex 6.901842e+01 9.521861e+01 1.363672e+02
      endloop
   endfacet
   facet normal 6.153645e-02 1.644647e-01 9.844616e-01
      outer loop
         vertex 6.901842e+01 9.521861e+01 1.363672e+02
         vertex 7.005639e+01 9.486232e+01 1.363618e+02
         vertex 7.000665e+01 9.487972e+01 1.363620e+02
      endloop
   endfacet
   facet normal 7.193854e-02 1.948932e-01 9.781827e-01
      outer loop
         vertex 6.901842e+01 9.521861e+01 1.363672e+02
         vertex 7.000665e+01 9.487972e+01 1.363620e+02
         vertex 6.984015e+01 9.495041e+01 1.363602e+02
      endloop
   endfacet
   facet normal 1.276433e-01 3.464191e-01 9.293551e-01
      outer loop
         vertex 7.091910e+01 9.479386e+01 1.362862e+02
         vertex 7.075794e+01 9.477467e+01 1.363154e+02
         vertex 7.129303e+01 9.457859e+01 1.363150e+02
      endloop
   endfacet
   facet normal 1.226786e-01 3.382862e-01 9.330126e-01
      outer loop
         vertex 7.091910e+01 9.479386e+01 1.362862e+02
         vertex 7.129303e+01 9.457859e+01 1.363150e+02
         vertex 7.107043e+01 9.482557e+01 1.362548e+02
      endloop
   endfacet
   facet normal 1.152944e-01 3.323780e-01 9.360727e-01
      outer loop
         vertex 7.107043e+01 9.482557e+01 1.362548e+02
         vertex 7.129303e+01 9.457859e+01 1.363150e+02
         vertex 7.121804e+01 9.487001e+01 1.362208e+02
      endloop
   endfacet
   facet normal 1.347856e-01 3.361170e-01 9.321256e-01
      outer loop
         vertex 7.121804e+01 9.487001e+01 1.362208e+02
         vertex 7.129303e+01 9.457859e+01 1.363150e+02
         vertex 7.133192e+01 9.459205e+01 1.363046e+02
      endloop
   endfacet
   facet normal 1.054158e-01 3.262710e-01 9.393800e-01
      outer loop
         vertex 7.121804e+01 9.487001e+01 1.362208e+02
         vertex 7.133192e+01 9.459205e+01 1.363046e+02
         vertex 7.136171e+01 9.492711e+01 1.361848e+02
      endloop
   endfacet
   facet normal 1.328161e-01 3.229962e-01 9.370343e-01
      outer loop
         vertex 7.136171e+01 9.492711e+01 1.361848e+02
         vertex 7.133192e+01 9.459205e+01 1.363046e+02
         vertex 7.150118e+01 9.466092e+01 1.362568e+02
      endloop
   endfacet
   facet normal 9.947396e-02 3.079977e-01 9.461725e-01
      outer loop
         vertex 7.136171e+01 9.492711e+01 1.361848e+02
         vertex 7.150118e+01 9.466092e+01 1.362568e+02
         vertex 7.149958e+01 9.499612e+01 1.361479e+02
      endloop
   endfacet
   facet normal 1.260876e-01 3.071792e-01 9.432618e-01
      outer loop
         vertex 7.149958e+01 9.499612e+01 1.361479e+02
         vertex 7.150118e+01 9.466092e+01 1.362568e+02
         vertex 7.166272e+01 9.474364e+01 1.362083e+02
      endloop
   endfacet
   facet normal 9.988054e-02 2.921321e-01 9.511481e-01
      outer loop
         vertex 7.149958e+01 9.499612e+01 1.361479e+02
         vertex 7.166272e+01 9.474364e+01 1.362083e+02
         vertex 7.150946e+01 9.500165e+01 1.361452e+02
      endloop
   endfacet
   facet normal 1.096517e-01 2.972814e-01 9.484726e-01
      outer loop
         vertex 7.150946e+01 9.500165e+01 1.361452e+02
         vertex 7.166272e+01 9.474364e+01 1.362083e+02
         vertex 7.186222e+01 9.487238e+01 1.361449e+02
      endloop
   endfacet
   facet normal 1.015345e-01 2.751143e-01 9.560350e-01
      outer loop
         vertex 7.150946e+01 9.500165e+01 1.361452e+02
         vertex 7.186222e+01 9.487238e+01 1.361449e+02
         vertex 7.163580e+01 9.507990e+01 1.361092e+02
      endloop
   endfacet
   facet normal 8.029245e-02 2.171111e-01 9.728391e-01
      outer loop
         vertex 7.225398e+01 9.524364e+01 1.360117e+02
         vertex 7.195298e+01 9.535394e+01 1.360120e+02
         vertex 7.222183e+01 9.520510e+01 1.360230e+02
      endloop
   endfacet
   facet normal 8.303769e-02 2.219714e-01 9.715109e-01
      outer loop
         vertex 7.222183e+01 9.520510e+01 1.360230e+02
         vertex 7.195298e+01 9.535394e+01 1.360120e+02
         vertex 7.185736e+01 9.525715e+01 1.360423e+02
      endloop
   endfacet
   facet normal 9.036756e-02 2.636751e-01 9.603693e-01
      outer loop
         vertex 7.163580e+01 9.507990e+01 1.361092e+02
         vertex 7.186222e+01 9.487238e+01 1.361449e+02
         vertex 7.175543e+01 9.516845e+01 1.360737e+02
      endloop
   endfacet
   facet normal 1.074504e-01 2.690532e-01 9.571128e-01
      outer loop
         vertex 7.175543e+01 9.516845e+01 1.360737e+02
         vertex 7.186222e+01 9.487238e+01 1.361449e+02
         vertex 7.196237e+01 9.495009e+01 1.361118e+02
      endloop
   endfacet
   facet normal 8.250955e-02 2.468865e-01 9.655254e-01
      outer loop
         vertex 7.175543e+01 9.516845e+01 1.360737e+02
         vertex 7.196237e+01 9.495009e+01 1.361118e+02
         vertex 7.185736e+01 9.525715e+01 1.360423e+02
      endloop
   endfacet
   facet normal 9.904134e-02 2.518943e-01 9.626734e-01
      outer loop
         vertex 7.185736e+01 9.525715e+01 1.360423e+02
         vertex 7.196237e+01 9.495009e+01 1.361118e+02
         vertex 7.209745e+01 9.507178e+01 1.360661e+02
      endloop
   endfacet
   facet normal 8.459043e-02 2.339343e-01 9.685655e-01
      outer loop
         vertex 7.185736e+01 9.525715e+01 1.360423e+02
         vertex 7.209745e+01 9.507178e+01 1.360661e+02
         vertex 7.222183e+01 9.520510e+01 1.360230e+02
      endloop
   endfacet
   facet normal 1.276433e-01 3.464191e-01 9.293551e-01
      outer loop
         vertex 6.936531e+01 9.528498e+01 1.363165e+02
         vertex 6.925467e+01 9.540377e+01 1.362874e+02
         vertex 6.883023e+01 9.548106e+01 1.363169e+02
      endloop
   endfacet
   facet normal 1.261802e-01 3.369871e-01 9.330157e-01
      outer loop
         vertex 6.883023e+01 9.548106e+01 1.363169e+02
         vertex 6.925467e+01 9.540377e+01 1.362874e+02
         vertex 6.915937e+01 9.552613e+01 1.362561e+02
      endloop
   endfacet
   facet normal 1.240892e-01 3.474501e-01 9.294516e-01
      outer loop
         vertex 6.883023e+01 9.548106e+01 1.363169e+02
         vertex 6.915937e+01 9.552613e+01 1.362561e+02
         vertex 6.880920e+01 9.551651e+01 1.363065e+02
      endloop
   endfacet
   facet normal 1.257270e-01 3.264227e-01 9.368249e-01
      outer loop
         vertex 6.880920e+01 9.551651e+01 1.363065e+02
         vertex 6.915937e+01 9.552613e+01 1.362561e+02
         vertex 6.907563e+01 9.565508e+01 1.362224e+02
      endloop
   endfacet
   facet normal 1.194835e-01 3.367116e-01 9.339963e-01
      outer loop
         vertex 6.880920e+01 9.551651e+01 1.363065e+02
         vertex 6.907563e+01 9.565508e+01 1.362224e+02
         vertex 6.872468e+01 9.567799e+01 1.362591e+02
      endloop
   endfacet
   facet normal 1.187350e-01 3.108032e-01 9.430288e-01
      outer loop
         vertex 6.872468e+01 9.567799e+01 1.362591e+02
         vertex 6.907563e+01 9.565508e+01 1.362224e+02
         vertex 6.900313e+01 9.579085e+01 1.361868e+02
      endloop
   endfacet
   facet normal 1.146456e-01 3.193798e-01 9.406662e-01
      outer loop
         vertex 6.872468e+01 9.567799e+01 1.362591e+02
         vertex 6.900313e+01 9.579085e+01 1.361868e+02
         vertex 6.865457e+01 9.584595e+01 1.362106e+02
      endloop
   endfacet
   facet normal 1.112404e-01 2.941227e-01 9.492720e-01
      outer loop
         vertex 6.865457e+01 9.584595e+01 1.362106e+02
         vertex 6.900313e+01 9.579085e+01 1.361868e+02
         vertex 6.894213e+01 9.593326e+01 1.361498e+02
      endloop
   endfacet
   facet normal 1.100642e-01 2.973847e-01 9.483925e-01
      outer loop
         vertex 6.865457e+01 9.584595e+01 1.362106e+02
         vertex 6.894213e+01 9.593326e+01 1.361498e+02
         vertex 6.858540e+01 9.607314e+01 1.361474e+02
      endloop
   endfacet
   facet normal 1.014848e-01 2.756364e-01 9.558899e-01
      outer loop
         vertex 6.858540e+01 9.607314e+01 1.361474e+02
         vertex 6.894213e+01 9.593326e+01 1.361498e+02
         vertex 6.889213e+01 9.608565e+01 1.361112e+02
      endloop
   endfacet
   facet normal 1.014766e-01 2.757474e-01 9.558587e-01
      outer loop
         vertex 6.858540e+01 9.607314e+01 1.361474e+02
         vertex 6.889213e+01 9.608565e+01 1.361112e+02
         vertex 6.855912e+01 9.619718e+01 1.361144e+02
      endloop
   endfacet
   facet normal 9.549553e-02 2.577274e-01 9.614870e-01
      outer loop
         vertex 6.855912e+01 9.619718e+01 1.361144e+02
         vertex 6.889213e+01 9.608565e+01 1.361112e+02
         vertex 6.885810e+01 9.623015e+01 1.360758e+02
      endloop
   endfacet
   facet normal 9.566153e-02 2.565658e-01 9.617811e-01
      outer loop
         vertex 6.855912e+01 9.619718e+01 1.361144e+02
         vertex 6.885810e+01 9.623015e+01 1.360758e+02
         vertex 6.853464e+01 9.637687e+01 1.360689e+02
      endloop
   endfacet
   facet normal 8.807362e-02 2.400734e-01 9.667512e-01
      outer loop
         vertex 6.853464e+01 9.637687e+01 1.360689e+02
         vertex 6.885810e+01 9.623015e+01 1.360758e+02
         vertex 6.883759e+01 9.636357e+01 1.360446e+02
      endloop
   endfacet
   facet normal 8.789705e-02 2.327550e-01 9.685552e-01
      outer loop
         vertex 6.853464e+01 9.637687e+01 1.360689e+02
         vertex 6.883759e+01 9.636357e+01 1.360446e+02
         vertex 6.852575e+01 9.655960e+01 1.360258e+02
      endloop
   endfacet
   facet normal 8.133852e-02 2.226051e-01 9.715097e-01
      outer loop
         vertex 6.852575e+01 9.655960e+01 1.360258e+02
         vertex 6.883759e+01 9.636357e+01 1.360446e+02
         vertex 6.882709e+01 9.649939e+01 1.360143e+02
      endloop
   endfacet
   facet normal 8.029006e-02 2.171045e-01 9.728408e-01
      outer loop
         vertex 6.852575e+01 9.655960e+01 1.360258e+02
         vertex 6.882709e+01 9.649939e+01 1.360143e+02
         vertex 6.852609e+01 9.660969e+01 1.360146e+02
      endloop
   endfacet
   facet normal 7.305095e-02 1.973395e-01 9.776097e-01
      outer loop
         vertex 7.245009e+01 9.552990e+01 1.359393e+02
         vertex 7.216377e+01 9.563482e+01 1.359395e+02
         vertex 7.243349e+01 9.550128e+01 1.359463e+02
      endloop
   endfacet
   facet normal 7.305229e-02 1.973421e-01 9.776090e-01
      outer loop
         vertex 7.243349e+01 9.550128e+01 1.359463e+02
         vertex 7.216377e+01 9.563482e+01 1.359395e+02
         vertex 7.197811e+01 9.538196e+01 1.360044e+02
      endloop
   endfacet
   facet normal 7.305203e-02 1.973430e-01 9.776089e-01
      outer loop
         vertex 7.243349e+01 9.550128e+01 1.359463e+02
         vertex 7.197811e+01 9.538196e+01 1.360044e+02
         vertex 7.225398e+01 9.524364e+01 1.360117e+02
      endloop
   endfacet
   facet normal 7.305284e-02 1.973446e-01 9.776085e-01
      outer loop
         vertex 7.225398e+01 9.524364e+01 1.360117e+02
         vertex 7.197811e+01 9.538196e+01 1.360044e+02
         vertex 7.195298e+01 9.535394e+01 1.360120e+02
      endloop
   endfacet
   facet normal 7.305284e-02 1.973446e-01 9.776085e-01
      outer loop
         vertex 6.852609e+01 9.660969e+01 1.360146e+02
         vertex 6.882709e+01 9.649939e+01 1.360143e+02
         vertex 6.882601e+01 9.653701e+01 1.360068e+02
      endloop
   endfacet
   facet normal 7.305243e-02 1.973429e-01 9.776089e-01
      outer loop
         vertex 6.852609e+01 9.660969e+01 1.360146e+02
         vertex 6.882601e+01 9.653701e+01 1.360068e+02
         vertex 6.855547e+01 9.692235e+01 1.359492e+02
      endloop
   endfacet
   facet normal 7.305166e-02 1.973424e-01 9.776090e-01
      outer loop
         vertex 6.855547e+01 9.692235e+01 1.359492e+02
         vertex 6.882601e+01 9.653701e+01 1.360068e+02
         vertex 6.884760e+01 9.685000e+01 1.359420e+02
      endloop
   endfacet
   facet normal 7.305095e-02 1.973395e-01 9.776097e-01
      outer loop
         vertex 6.855547e+01 9.692235e+01 1.359492e+02
         vertex 6.884760e+01 9.685000e+01 1.359420e+02
         vertex 6.856127e+01 9.695492e+01 1.359422e+02
      endloop
   endfacet
   facet normal 7.547249e-04 -1.175638e-16 9.999997e-01
      outer loop
         vertex 7.225733e+01 9.789167e+01 1.358017e+02
         vertex 7.227916e+01 9.786427e+01 1.358017e+02
         vertex 7.252120e+01 9.910016e+01 1.358015e+02
      endloop
   endfacet
   facet normal 7.547249e-04 -1.175638e-16 9.999997e-01
      outer loop
         vertex 7.546746e+01 1.071404e+02 1.357993e+02
         vertex 7.608125e+01 1.082400e+02 1.357989e+02
         vertex 7.604688e+01 1.082332e+02 1.357989e+02
      endloop
   endfacet
   facet normal 7.547249e-04 -1.175638e-16 9.999997e-01
      outer loop
         vertex 7.424044e+01 1.045543e+02 1.358002e+02
         vertex 7.552648e+01 1.082004e+02 1.357993e+02
         vertex 7.371718e+01 1.032218e+02 1.358006e+02
      endloop
   endfacet
   facet normal 7.547249e-04 -1.175638e-16 9.999997e-01
      outer loop
         vertex 7.371718e+01 1.032218e+02 1.358006e+02
         vertex 7.552648e+01 1.082004e+02 1.357993e+02
         vertex 7.188134e+01 9.825297e+01 1.358020e+02
      endloop
   endfacet
   facet normal 7.547249e-04 -1.175638e-16 9.999997e-01
      outer loop
         vertex 7.371718e+01 1.032218e+02 1.358006e+02
         vertex 7.188134e+01 9.825297e+01 1.358020e+02
         vertex 7.325560e+01 1.018667e+02 1.358010e+02
      endloop
   endfacet
   facet normal 7.547249e-04 -1.175638e-16 9.999997e-01
      outer loop
         vertex 7.325560e+01 1.018667e+02 1.358010e+02
         vertex 7.188134e+01 9.825297e+01 1.358020e+02
         vertex 7.285666e+01 1.004919e+02 1.358013e+02
      endloop
   endfacet
   facet normal 7.547249e-04 -1.175638e-16 9.999997e-01
      outer loop
         vertex 7.285666e+01 1.004919e+02 1.358013e+02
         vertex 7.188134e+01 9.825297e+01 1.358020e+02
         vertex 7.252120e+01 9.910016e+01 1.358015e+02
      endloop
   endfacet
   facet normal 7.547249e-04 -1.175638e-16 9.999997e-01
      outer loop
         vertex 7.252120e+01 9.910016e+01 1.358015e+02
         vertex 7.188134e+01 9.825297e+01 1.358020e+02
         vertex 7.200460e+01 9.815356e+01 1.358019e+02
      endloop
   endfacet
   facet normal 7.547249e-04 -1.175638e-16 9.999997e-01
      outer loop
         vertex 7.252120e+01 9.910016e+01 1.358015e+02
         vertex 7.200460e+01 9.815356e+01 1.358019e+02
         vertex 7.225733e+01 9.789167e+01 1.358017e+02
      endloop
   endfacet
   facet normal 7.547249e-04 -1.175638e-16 9.999997e-01
      outer loop
         vertex 7.424044e+01 1.045543e+02 1.358002e+02
         vertex 7.482428e+01 1.058614e+02 1.357998e+02
         vertex 7.552648e+01 1.082004e+02 1.357993e+02
      endloop
   endfacet
   facet normal 7.547249e-04 -1.175638e-16 9.999997e-01
      outer loop
         vertex 7.552648e+01 1.082004e+02 1.357993e+02
         vertex 7.482428e+01 1.058614e+02 1.357998e+02
         vertex 7.546746e+01 1.071404e+02 1.357993e+02
      endloop
   endfacet
   facet normal 7.547249e-04 -1.175638e-16 9.999997e-01
      outer loop
         vertex 7.552648e+01 1.082004e+02 1.357993e+02
         vertex 7.546746e+01 1.071404e+02 1.357993e+02
         vertex 7.568478e+01 1.081966e+02 1.357992e+02
      endloop
   endfacet
   facet normal 7.547249e-04 -1.175638e-16 9.999997e-01
      outer loop
         vertex 7.568478e+01 1.081966e+02 1.357992e+02
         vertex 7.546746e+01 1.071404e+02 1.357993e+02
         vertex 7.604688e+01 1.082332e+02 1.357989e+02
      endloop
   endfacet
   facet normal 7.547249e-04 -1.175638e-16 9.999997e-01
      outer loop
         vertex 7.402375e+01 1.089746e+02 1.358004e+02
         vertex 7.400193e+01 1.090020e+02 1.358004e+02
         vertex 7.375988e+01 1.077661e+02 1.358006e+02
      endloop
   endfacet
   facet normal 7.547249e-04 -1.175638e-16 9.999997e-01
      outer loop
         vertex 7.081363e+01 9.972588e+01 1.358028e+02
         vertex 7.019984e+01 9.862622e+01 1.358033e+02
         vertex 7.023420e+01 9.863303e+01 1.358033e+02
      endloop
   endfacet
   facet normal 7.547249e-04 -1.175638e-16 9.999997e-01
      outer loop
         vertex 7.342443e+01 1.063744e+02 1.358009e+02
         vertex 7.439974e+01 1.086133e+02 1.358001e+02
         vertex 7.375988e+01 1.077661e+02 1.358006e+02
      endloop
   endfacet
   facet normal 7.547249e-04 -1.175638e-16 9.999997e-01
      outer loop
         vertex 7.375988e+01 1.077661e+02 1.358006e+02
         vertex 7.439974e+01 1.086133e+02 1.358001e+02
         vertex 7.427649e+01 1.087127e+02 1.358002e+02
      endloop
   endfacet
   facet normal 7.547249e-04 -1.175638e-16 9.999997e-01
      outer loop
         vertex 7.375988e+01 1.077661e+02 1.358006e+02
         vertex 7.427649e+01 1.087127e+02 1.358002e+02
         vertex 7.402375e+01 1.089746e+02 1.358004e+02
      endloop
   endfacet
   facet normal 7.547249e-04 -1.175638e-16 9.999997e-01
      outer loop
         vertex 7.023420e+01 9.863303e+01 1.358033e+02
         vertex 7.059631e+01 9.866962e+01 1.358030e+02
         vertex 7.081363e+01 9.972588e+01 1.358028e+02
      endloop
   endfacet
   facet normal 7.547249e-04 -1.175638e-16 9.999997e-01
      outer loop
         vertex 7.081363e+01 9.972588e+01 1.358028e+02
         vertex 7.059631e+01 9.866962e+01 1.358030e+02
         vertex 7.075461e+01 9.866585e+01 1.358029e+02
      endloop
   endfacet
   facet normal 7.547249e-04 -1.175638e-16 9.999997e-01
      outer loop
         vertex 7.081363e+01 9.972588e+01 1.358028e+02
         vertex 7.075461e+01 9.866585e+01 1.358029e+02
         vertex 7.145681e+01 1.010048e+02 1.358023e+02
      endloop
   endfacet
   facet normal 7.547249e-04 -1.175638e-16 9.999997e-01
      outer loop
         vertex 7.342443e+01 1.063744e+02 1.358009e+02
         vertex 7.302549e+01 1.049995e+02 1.358012e+02
         vertex 7.439974e+01 1.086133e+02 1.358001e+02
      endloop
   endfacet
   facet normal 7.547249e-04 -1.175638e-16 9.999997e-01
      outer loop
         vertex 7.439974e+01 1.086133e+02 1.358001e+02
         vertex 7.302549e+01 1.049995e+02 1.358012e+02
         vertex 7.256390e+01 1.036444e+02 1.358015e+02
      endloop
   endfacet
   facet normal 7.547249e-04 -1.175638e-16 9.999997e-01
      outer loop
         vertex 7.439974e+01 1.086133e+02 1.358001e+02
         vertex 7.256390e+01 1.036444e+02 1.358015e+02
         vertex 7.075461e+01 9.866585e+01 1.358029e+02
      endloop
   endfacet
   facet normal 7.547249e-04 -1.175638e-16 9.999997e-01
      outer loop
         vertex 7.075461e+01 9.866585e+01 1.358029e+02
         vertex 7.256390e+01 1.036444e+02 1.358015e+02
         vertex 7.204064e+01 1.023119e+02 1.358019e+02
      endloop
   endfacet
   facet normal 7.547249e-04 -1.175638e-16 9.999997e-01
      outer loop
         vertex 7.075461e+01 9.866585e+01 1.358029e+02
         vertex 7.204064e+01 1.023119e+02 1.358019e+02
         vertex 7.145681e+01 1.010048e+02 1.358023e+02
      endloop
   endfacet
   facet normal -6.065378e-01 3.625842e-01 7.075624e-01
      outer loop
         vertex 6.996695e+01 9.856391e+01 1.356345e+02
         vertex 6.959579e+01 9.878359e+01 1.352037e+02
         vertex 6.988368e+01 9.853448e+01 1.355782e+02
      endloop
   endfacet
   facet normal -6.022903e-01 3.684173e-01 7.081773e-01
      outer loop
         vertex 6.988368e+01 9.853448e+01 1.355782e+02
         vertex 6.959579e+01 9.878359e+01 1.352037e+02
         vertex 6.971918e+01 9.846427e+01 1.354748e+02
      endloop
   endfacet
   facet normal -5.219514e-01 3.773379e-01 7.649724e-01
      outer loop
         vertex 6.912718e+01 9.804161e+01 1.352218e+02
         vertex 6.929316e+01 9.830741e+01 1.352040e+02
         vertex 6.900447e+01 9.790531e+01 1.352053e+02
      endloop
   endfacet
   facet normal -3.001003e-01 2.186149e-01 9.285189e-01
      outer loop
         vertex 6.900447e+01 9.790531e+01 1.352053e+02
         vertex 6.929316e+01 9.830741e+01 1.352040e+02
         vertex 6.896541e+01 9.785645e+01 1.352042e+02
      endloop
   endfacet
   facet normal -5.679794e-01 4.029032e-01 7.176827e-01
      outer loop
         vertex 6.912718e+01 9.804161e+01 1.352218e+02
         vertex 6.925943e+01 9.816507e+01 1.352572e+02
         vertex 6.929316e+01 9.830741e+01 1.352040e+02
      endloop
   endfacet
   facet normal -5.810534e-01 4.022074e-01 7.075353e-01
      outer loop
         vertex 6.929316e+01 9.830741e+01 1.352040e+02
         vertex 6.925943e+01 9.816507e+01 1.352572e+02
         vertex 6.937122e+01 9.825434e+01 1.352983e+02
      endloop
   endfacet
   facet normal -5.963937e-01 3.793728e-01 7.073831e-01
      outer loop
         vertex 6.929316e+01 9.830741e+01 1.352040e+02
         vertex 6.937122e+01 9.825434e+01 1.352983e+02
         vertex 6.959579e+01 9.878359e+01 1.352037e+02
      endloop
   endfacet
   facet normal -5.839636e-01 3.762319e-01 7.193303e-01
      outer loop
         vertex 6.959579e+01 9.878359e+01 1.352037e+02
         vertex 6.937122e+01 9.825434e+01 1.352983e+02
         vertex 6.955546e+01 9.837691e+01 1.353837e+02
      endloop
   endfacet
   facet normal -5.952402e-01 3.738008e-01 7.113101e-01
      outer loop
         vertex 6.959579e+01 9.878359e+01 1.352037e+02
         vertex 6.955546e+01 9.837691e+01 1.353837e+02
         vertex 6.971918e+01 9.846427e+01 1.354748e+02
      endloop
   endfacet
   facet normal -6.098218e-01 3.406830e-01 7.155784e-01
      outer loop
         vertex 6.996695e+01 9.856391e+01 1.356345e+02
         vertex 7.019984e+01 9.862622e+01 1.358033e+02
         vertex 7.081363e+01 9.972588e+01 1.358028e+02
      endloop
   endfacet
   facet normal -6.938540e-01 1.340049e-01 7.075376e-01
      outer loop
         vertex 7.386441e+01 1.091999e+02 1.356315e+02
         vertex 7.343911e+01 1.092719e+02 1.352008e+02
         vertex 7.317306e+01 1.078933e+02 1.352010e+02
      endloop
   endfacet
   facet normal -6.890286e-01 1.296372e-01 7.130454e-01
      outer loop
         vertex 7.386441e+01 1.091999e+02 1.356315e+02
         vertex 7.317306e+01 1.078933e+02 1.352010e+02
         vertex 7.400193e+01 1.090020e+02 1.358004e+02
      endloop
   endfacet
   facet normal -6.160309e-01 3.463808e-01 7.074788e-01
      outer loop
         vertex 6.959579e+01 9.878359e+01 1.352037e+02
         vertex 6.996695e+01 9.856391e+01 1.356345e+02
         vertex 7.028347e+01 1.000077e+02 1.352032e+02
      endloop
   endfacet
   facet normal -6.160309e-01 3.463808e-01 7.074788e-01
      outer loop
         vertex 7.028347e+01 1.000077e+02 1.352032e+02
         vertex 6.996695e+01 9.856391e+01 1.356345e+02
         vertex 7.081363e+01 9.972588e+01 1.358028e+02
      endloop
   endfacet
   facet normal -6.312708e-01 3.177335e-01 7.074903e-01
      outer loop
         vertex 7.028347e+01 1.000077e+02 1.352032e+02
         vertex 7.081363e+01 9.972588e+01 1.358028e+02
         vertex 7.091428e+01 1.012620e+02 1.352028e+02
      endloop
   endfacet
   facet normal -6.312708e-01 3.177335e-01 7.074904e-01
      outer loop
         vertex 7.091428e+01 1.012620e+02 1.352028e+02
         vertex 7.081363e+01 9.972588e+01 1.358028e+02
         vertex 7.145681e+01 1.010048e+02 1.358023e+02
      endloop
   endfacet
   facet normal -6.451806e-01 2.884173e-01 7.075009e-01
      outer loop
         vertex 7.091428e+01 1.012620e+02 1.352028e+02
         vertex 7.145681e+01 1.010048e+02 1.358023e+02
         vertex 7.148688e+01 1.025440e+02 1.352023e+02
      endloop
   endfacet
   facet normal -6.451806e-01 2.884173e-01 7.075008e-01
      outer loop
         vertex 7.148688e+01 1.025440e+02 1.352023e+02
         vertex 7.145681e+01 1.010048e+02 1.358023e+02
         vertex 7.204064e+01 1.023119e+02 1.358019e+02
      endloop
   endfacet
   facet normal -6.577310e-01 2.584940e-01 7.075103e-01
      outer loop
         vertex 7.148688e+01 1.025440e+02 1.352023e+02
         vertex 7.204064e+01 1.023119e+02 1.358019e+02
         vertex 7.200008e+01 1.038509e+02 1.352019e+02
      endloop
   endfacet
   facet normal -6.577309e-01 2.584940e-01 7.075103e-01
      outer loop
         vertex 7.200008e+01 1.038509e+02 1.352019e+02
         vertex 7.204064e+01 1.023119e+02 1.358019e+02
         vertex 7.256390e+01 1.036444e+02 1.358015e+02
      endloop
   endfacet
   facet normal -6.688955e-01 2.280264e-01 7.075188e-01
      outer loop
         vertex 7.200008e+01 1.038509e+02 1.352019e+02
         vertex 7.256390e+01 1.036444e+02 1.358015e+02
         vertex 7.245279e+01 1.051799e+02 1.352016e+02
      endloop
   endfacet
   facet normal -6.688955e-01 2.280264e-01 7.075187e-01
      outer loop
         vertex 7.245279e+01 1.051799e+02 1.352016e+02
         vertex 7.256390e+01 1.036444e+02 1.358015e+02
         vertex 7.302549e+01 1.049995e+02 1.358012e+02
      endloop
   endfacet
   facet normal -6.786507e-01 1.970788e-01 7.075261e-01
      outer loop
         vertex 7.245279e+01 1.051799e+02 1.352016e+02
         vertex 7.302549e+01 1.049995e+02 1.358012e+02
         vertex 7.284406e+01 1.065283e+02 1.352013e+02
      endloop
   endfacet
   facet normal -6.786507e-01 1.970788e-01 7.075261e-01
      outer loop
         vertex 7.284406e+01 1.065283e+02 1.352013e+02
         vertex 7.302549e+01 1.049995e+02 1.358012e+02
         vertex 7.342443e+01 1.063744e+02 1.358009e+02
      endloop
   endfacet
   facet normal -6.869760e-01 1.657163e-01 7.075324e-01
      outer loop
         vertex 7.284406e+01 1.065283e+02 1.352013e+02
         vertex 7.342443e+01 1.063744e+02 1.358009e+02
         vertex 7.317306e+01 1.078933e+02 1.352010e+02
      endloop
   endfacet
   facet normal -6.869760e-01 1.657163e-01 7.075324e-01
      outer loop
         vertex 7.317306e+01 1.078933e+02 1.352010e+02
         vertex 7.342443e+01 1.063744e+02 1.358009e+02
         vertex 7.375988e+01 1.077661e+02 1.358006e+02
      endloop
   endfacet
   facet normal -6.934607e-01 1.359169e-01 7.075583e-01
      outer loop
         vertex 7.317306e+01 1.078933e+02 1.352010e+02
         vertex 7.375988e+01 1.077661e+02 1.358006e+02
         vertex 7.400193e+01 1.090020e+02 1.358004e+02
      endloop
   endfacet
   facet normal -6.936973e-01 5.982295e-02 7.177780e-01
      outer loop
         vertex 7.358203e+01 1.099613e+02 1.352539e+02
         vertex 7.356086e+01 1.101409e+02 1.352185e+02
         vertex 7.351580e+01 1.098308e+02 1.352008e+02
      endloop
   endfacet
   facet normal -6.420402e-01 4.961865e-02 7.650637e-01
      outer loop
         vertex 7.351580e+01 1.098308e+02 1.352008e+02
         vertex 7.356086e+01 1.101409e+02 1.352185e+02
         vertex 7.355526e+01 1.103242e+02 1.352019e+02
      endloop
   endfacet
   facet normal -3.701316e-01 2.749891e-02 9.285722e-01
      outer loop
         vertex 7.351580e+01 1.098308e+02 1.352008e+02
         vertex 7.355526e+01 1.103242e+02 1.352019e+02
         vertex 7.355702e+01 1.103868e+02 1.352008e+02
      endloop
   endfacet
   facet normal -6.970780e-01 1.155034e-01 7.076308e-01
      outer loop
         vertex 7.343911e+01 1.092719e+02 1.352008e+02
         vertex 7.386441e+01 1.091999e+02 1.356315e+02
         vertex 7.381986e+01 1.092762e+02 1.355752e+02
      endloop
   endfacet
   facet normal -6.976048e-01 1.083079e-01 7.082492e-01
      outer loop
         vertex 7.381986e+01 1.092762e+02 1.355752e+02
         vertex 7.373965e+01 1.094360e+02 1.354718e+02
         vertex 7.343911e+01 1.092719e+02 1.352008e+02
      endloop
   endfacet
   facet normal -6.957018e-01 9.964536e-02 7.113859e-01
      outer loop
         vertex 7.343911e+01 1.092719e+02 1.352008e+02
         vertex 7.373965e+01 1.094360e+02 1.354718e+02
         vertex 7.367112e+01 1.096084e+02 1.353806e+02
      endloop
   endfacet
   facet normal -6.921681e-01 9.503722e-02 7.154518e-01
      outer loop
         vertex 7.343911e+01 1.092719e+02 1.352008e+02
         vertex 7.367112e+01 1.096084e+02 1.353806e+02
         vertex 7.351580e+01 1.098308e+02 1.352008e+02
      endloop
   endfacet
   facet normal -7.018299e-01 8.195483e-02 7.076145e-01
      outer loop
         vertex 7.351580e+01 1.098308e+02 1.352008e+02
         vertex 7.367112e+01 1.096084e+02 1.353806e+02
         vertex 7.360969e+01 1.098209e+02 1.352951e+02
      endloop
   endfacet
   facet normal -7.032285e-01 6.879683e-02 7.076275e-01
      outer loop
         vertex 7.351580e+01 1.098308e+02 1.352008e+02
         vertex 7.360969e+01 1.098209e+02 1.352951e+02
         vertex 7.358203e+01 1.099613e+02 1.352539e+02
      endloop
   endfacet
   facet normal 6.947804e-01 -5.982282e-02 7.167297e-01
      outer loop
         vertex 7.269823e+01 9.690495e+01 1.352546e+02
         vertex 7.271935e+01 9.672529e+01 1.352191e+02
         vertex 7.276438e+01 9.703541e+01 1.352014e+02
      endloop
   endfacet
   facet normal 6.431950e-01 -4.961857e-02 7.640931e-01
      outer loop
         vertex 7.276438e+01 9.703541e+01 1.352014e+02
         vertex 7.271935e+01 9.672529e+01 1.352191e+02
         vertex 7.272492e+01 9.654199e+01 1.352025e+02
      endloop
   endfacet
   facet normal 3.715341e-01 -2.749894e-02 9.280120e-01
      outer loop
         vertex 7.276438e+01 9.703541e+01 1.352014e+02
         vertex 7.272492e+01 9.654199e+01 1.352025e+02
         vertex 7.272316e+01 9.647946e+01 1.352014e+02
      endloop
   endfacet
   facet normal 6.981452e-01 -1.155042e-01 7.065777e-01
      outer loop
         vertex 7.284107e+01 9.759438e+01 1.352013e+02
         vertex 7.241643e+01 9.766633e+01 1.356326e+02
         vertex 7.246088e+01 9.759009e+01 1.355762e+02
      endloop
   endfacet
   facet normal 6.986730e-01 -1.083080e-01 7.071954e-01
      outer loop
         vertex 7.246088e+01 9.759009e+01 1.355762e+02
         vertex 7.254094e+01 9.743026e+01 1.354727e+02
         vertex 7.284107e+01 9.759438e+01 1.352013e+02
      endloop
   endfacet
   facet normal 6.967747e-01 -9.964543e-02 7.103350e-01
      outer loop
         vertex 7.284107e+01 9.759438e+01 1.352013e+02
         vertex 7.254094e+01 9.743026e+01 1.354727e+02
         vertex 7.260933e+01 9.725785e+01 1.353814e+02
      endloop
   endfacet
   facet normal 6.932472e-01 -9.503731e-02 7.144062e-01
      outer loop
         vertex 7.284107e+01 9.759438e+01 1.352013e+02
         vertex 7.260933e+01 9.725785e+01 1.353814e+02
         vertex 7.276438e+01 9.703541e+01 1.352014e+02
      endloop
   endfacet
   facet normal 7.028972e-01 -8.195483e-02 7.065543e-01
      outer loop
         vertex 7.276438e+01 9.703541e+01 1.352014e+02
         vertex 7.260933e+01 9.725785e+01 1.353814e+02
         vertex 7.267064e+01 9.704530e+01 1.352958e+02
      endloop
   endfacet
   facet normal 7.042959e-01 -6.879635e-02 7.065652e-01
      outer loop
         vertex 7.276438e+01 9.703541e+01 1.352014e+02
         vertex 7.267064e+01 9.704530e+01 1.352958e+02
         vertex 7.269823e+01 9.690495e+01 1.352546e+02
      endloop
   endfacet
   facet normal 6.109012e-01 -3.406830e-01 7.146571e-01
      outer loop
         vertex 7.631388e+01 1.083023e+02 1.356297e+02
         vertex 7.608125e+01 1.082400e+02 1.357989e+02
         vertex 7.546746e+01 1.071404e+02 1.357993e+02
      endloop
   endfacet
   facet normal 6.949212e-01 -1.340048e-01 7.064894e-01
      outer loop
         vertex 7.241643e+01 9.766633e+01 1.356326e+02
         vertex 7.284107e+01 9.759438e+01 1.352013e+02
         vertex 7.310712e+01 9.897298e+01 1.352011e+02
      endloop
   endfacet
   facet normal 6.901042e-01 -1.296371e-01 7.120045e-01
      outer loop
         vertex 7.241643e+01 9.766633e+01 1.356326e+02
         vertex 7.310712e+01 9.897298e+01 1.352011e+02
         vertex 7.227916e+01 9.786427e+01 1.358017e+02
      endloop
   endfacet
   facet normal 6.170981e-01 -3.463807e-01 7.065481e-01
      outer loop
         vertex 7.668439e+01 1.080827e+02 1.351984e+02
         vertex 7.631388e+01 1.083023e+02 1.356297e+02
         vertex 7.599671e+01 1.068586e+02 1.351989e+02
      endloop
   endfacet
   facet normal 6.170981e-01 -3.463807e-01 7.065482e-01
      outer loop
         vertex 7.599671e+01 1.068586e+02 1.351989e+02
         vertex 7.631388e+01 1.083023e+02 1.356297e+02
         vertex 7.546746e+01 1.071404e+02 1.357993e+02
      endloop
   endfacet
   facet normal 6.323380e-01 -3.177335e-01 7.065367e-01
      outer loop
         vertex 7.599671e+01 1.068586e+02 1.351989e+02
         vertex 7.546746e+01 1.071404e+02 1.357993e+02
         vertex 7.536590e+01 1.056042e+02 1.351994e+02
      endloop
   endfacet
   facet normal 6.323380e-01 -3.177335e-01 7.065367e-01
      outer loop
         vertex 7.536590e+01 1.056042e+02 1.351994e+02
         vertex 7.546746e+01 1.071404e+02 1.357993e+02
         vertex 7.482428e+01 1.058614e+02 1.357998e+02
      endloop
   endfacet
   facet normal 6.462478e-01 -2.884173e-01 7.065262e-01
      outer loop
         vertex 7.536590e+01 1.056042e+02 1.351994e+02
         vertex 7.482428e+01 1.058614e+02 1.357998e+02
         vertex 7.479330e+01 1.043223e+02 1.351998e+02
      endloop
   endfacet
   facet normal 6.462478e-01 -2.884173e-01 7.065262e-01
      outer loop
         vertex 7.479330e+01 1.043223e+02 1.351998e+02
         vertex 7.482428e+01 1.058614e+02 1.357998e+02
         vertex 7.424044e+01 1.045543e+02 1.358002e+02
      endloop
   endfacet
   facet normal 6.587982e-01 -2.584940e-01 7.065167e-01
      outer loop
         vertex 7.479330e+01 1.043223e+02 1.351998e+02
         vertex 7.424044e+01 1.045543e+02 1.358002e+02
         vertex 7.428010e+01 1.030154e+02 1.352002e+02
      endloop
   endfacet
   facet normal 6.587981e-01 -2.584940e-01 7.065167e-01
      outer loop
         vertex 7.428010e+01 1.030154e+02 1.352002e+02
         vertex 7.424044e+01 1.045543e+02 1.358002e+02
         vertex 7.371718e+01 1.032218e+02 1.358006e+02
      endloop
   endfacet
   facet normal 6.699627e-01 -2.280264e-01 7.065083e-01
      outer loop
         vertex 7.428010e+01 1.030154e+02 1.352002e+02
         vertex 7.371718e+01 1.032218e+02 1.358006e+02
         vertex 7.382739e+01 1.016863e+02 1.352006e+02
      endloop
   endfacet
   facet normal 6.699627e-01 -2.280264e-01 7.065083e-01
      outer loop
         vertex 7.382739e+01 1.016863e+02 1.352006e+02
         vertex 7.371718e+01 1.032218e+02 1.358006e+02
         vertex 7.325560e+01 1.018667e+02 1.358010e+02
      endloop
   endfacet
   facet normal 6.797179e-01 -1.970788e-01 7.065009e-01
      outer loop
         vertex 7.382739e+01 1.016863e+02 1.352006e+02
         vertex 7.325560e+01 1.018667e+02 1.358010e+02
         vertex 7.343612e+01 1.003379e+02 1.352009e+02
      endloop
   endfacet
   facet normal 6.797179e-01 -1.970788e-01 7.065009e-01
      outer loop
         vertex 7.343612e+01 1.003379e+02 1.352009e+02
         vertex 7.325560e+01 1.018667e+02 1.358010e+02
         vertex 7.285666e+01 1.004919e+02 1.358013e+02
      endloop
   endfacet
   facet normal 6.880432e-01 -1.657163e-01 7.064947e-01
      outer loop
         vertex 7.343612e+01 1.003379e+02 1.352009e+02
         vertex 7.285666e+01 1.004919e+02 1.358013e+02
         vertex 7.310712e+01 9.897298e+01 1.352011e+02
      endloop
   endfacet
   facet normal 6.880432e-01 -1.657163e-01 7.064946e-01
      outer loop
         vertex 7.310712e+01 9.897298e+01 1.352011e+02
         vertex 7.285666e+01 1.004919e+02 1.358013e+02
         vertex 7.252120e+01 9.910016e+01 1.358015e+02
      endloop
   endfacet
   facet normal 6.945280e-01 -1.359169e-01 7.065108e-01
      outer loop
         vertex 7.310712e+01 9.897298e+01 1.352011e+02
         vertex 7.252120e+01 9.910016e+01 1.358015e+02
         vertex 7.227916e+01 9.786427e+01 1.358017e+02
      endloop
   endfacet
   facet normal 6.076048e-01 -3.625848e-01 7.066461e-01
      outer loop
         vertex 7.631388e+01 1.083023e+02 1.356297e+02
         vertex 7.668439e+01 1.080827e+02 1.351984e+02
         vertex 7.639706e+01 1.083318e+02 1.355733e+02
      endloop
   endfacet
   facet normal 6.033586e-01 -3.684174e-01 7.072673e-01
      outer loop
         vertex 7.639706e+01 1.083318e+02 1.355733e+02
         vertex 7.668439e+01 1.080827e+02 1.351984e+02
         vertex 7.656141e+01 1.084020e+02 1.354696e+02
      endloop
   endfacet
   facet normal 5.231050e-01 -3.773374e-01 7.641843e-01
      outer loop
         vertex 7.715303e+01 1.088246e+02 1.352158e+02
         vertex 7.698702e+01 1.085588e+02 1.351982e+02
         vertex 7.727571e+01 1.089609e+02 1.351991e+02
      endloop
   endfacet
   facet normal 3.015005e-01 -2.186141e-01 9.280653e-01
      outer loop
         vertex 7.727571e+01 1.089609e+02 1.351991e+02
         vertex 7.698702e+01 1.085588e+02 1.351982e+02
         vertex 7.731477e+01 1.090098e+02 1.351979e+02
      endloop
   endfacet
   facet normal 5.690618e-01 -4.029028e-01 7.168250e-01
      outer loop
         vertex 7.715303e+01 1.088246e+02 1.352158e+02
         vertex 7.702083e+01 1.087012e+02 1.352513e+02
         vertex 7.698702e+01 1.085588e+02 1.351982e+02
      endloop
   endfacet
   facet normal 5.821210e-01 -4.022070e-01 7.066574e-01
      outer loop
         vertex 7.698702e+01 1.085588e+02 1.351982e+02
         vertex 7.702083e+01 1.087012e+02 1.352513e+02
         vertex 7.690910e+01 1.086119e+02 1.352926e+02
      endloop
   endfacet
   facet normal 5.974607e-01 -3.793728e-01 7.064821e-01
      outer loop
         vertex 7.698702e+01 1.085588e+02 1.351982e+02
         vertex 7.690910e+01 1.086119e+02 1.352926e+02
         vertex 7.668439e+01 1.080827e+02 1.351984e+02
      endloop
   endfacet
   facet normal 5.850487e-01 -3.762320e-01 7.184479e-01
      outer loop
         vertex 7.668439e+01 1.080827e+02 1.351984e+02
         vertex 7.690910e+01 1.086119e+02 1.352926e+02
         vertex 7.672499e+01 1.084893e+02 1.353783e+02
      endloop
   endfacet
   facet normal 5.963132e-01 -3.738009e-01 7.104107e-01
      outer loop
         vertex 7.668439e+01 1.080827e+02 1.351984e+02
         vertex 7.672499e+01 1.084893e+02 1.353783e+02
         vertex 7.656141e+01 1.084020e+02 1.354696e+02
      endloop
   endfacet
   facet normal 9.389448e-01 -3.440671e-01 -7.086452e-04
      outer loop
         vertex 7.095914e+01 9.864313e+01 1.356027e+02
         vertex 7.095934e+01 9.864313e+01 1.358694e+02
         vertex 7.085384e+01 9.835529e+01 1.358367e+02
      endloop
   endfacet
   facet normal 9.389448e-01 -3.440671e-01 -7.086452e-04
      outer loop
         vertex 7.467614e+01 1.087862e+02 1.358321e+02
         vertex 7.457069e+01 1.084984e+02 1.358642e+02
         vertex 7.467589e+01 1.087862e+02 1.354999e+02
      endloop
   endfacet
   facet normal 9.389448e-01 -3.440671e-01 -7.086452e-04
      outer loop
         vertex 7.467589e+01 1.087862e+02 1.354999e+02
         vertex 7.457069e+01 1.084984e+02 1.358642e+02
         vertex 7.457049e+01 1.084984e+02 1.356000e+02
      endloop
   endfacet
   facet normal 9.389448e-01 -3.440671e-01 -7.086452e-04
      outer loop
         vertex 7.467589e+01 1.087862e+02 1.354999e+02
         vertex 7.457049e+01 1.084984e+02 1.356000e+02
         vertex 7.276144e+01 1.035617e+02 1.355014e+02
      endloop
   endfacet
   facet normal 9.389448e-01 -3.440671e-01 -7.086452e-04
      outer loop
         vertex 7.276144e+01 1.035617e+02 1.355014e+02
         vertex 7.457049e+01 1.084984e+02 1.356000e+02
         vertex 7.095914e+01 9.864313e+01 1.356027e+02
      endloop
   endfacet
   facet normal 9.389448e-01 -3.440671e-01 -7.086452e-04
      outer loop
         vertex 7.276144e+01 1.035617e+02 1.355014e+02
         vertex 7.095914e+01 9.864313e+01 1.356027e+02
         vertex 7.085359e+01 9.835529e+01 1.355028e+02
      endloop
   endfacet
   facet normal 9.389448e-01 -3.440671e-01 -7.086452e-04
      outer loop
         vertex 7.085359e+01 9.835529e+01 1.355028e+02
         vertex 7.095914e+01 9.864313e+01 1.356027e+02
         vertex 7.085384e+01 9.835529e+01 1.358367e+02
      endloop
   endfacet
   facet normal -9.389448e-01 3.440671e-01 7.086452e-04
      outer loop
         vertex 7.532165e+01 1.082231e+02 1.355994e+02
         vertex 7.532184e+01 1.082231e+02 1.358637e+02
         vertex 7.542730e+01 1.085109e+02 1.358316e+02
      endloop
   endfacet
   facet normal -9.389448e-01 3.440671e-01 7.086452e-04
      outer loop
         vertex 7.542730e+01 1.085109e+02 1.358316e+02
         vertex 7.542705e+01 1.085109e+02 1.354993e+02
         vertex 7.532165e+01 1.082231e+02 1.355994e+02
      endloop
   endfacet
   facet normal -9.389448e-01 3.440671e-01 7.086452e-04
      outer loop
         vertex 7.532165e+01 1.082231e+02 1.355994e+02
         vertex 7.542705e+01 1.085109e+02 1.354993e+02
         vertex 7.351260e+01 1.032865e+02 1.355008e+02
      endloop
   endfacet
   facet normal -9.389448e-01 3.440671e-01 7.086452e-04
      outer loop
         vertex 7.532165e+01 1.082231e+02 1.355994e+02
         vertex 7.351260e+01 1.032865e+02 1.355008e+02
         vertex 7.171029e+01 9.836788e+01 1.356022e+02
      endloop
   endfacet
   facet normal -9.389448e-01 3.440671e-01 7.086452e-04
      outer loop
         vertex 7.171029e+01 9.836788e+01 1.356022e+02
         vertex 7.351260e+01 1.032865e+02 1.355008e+02
         vertex 7.160474e+01 9.808003e+01 1.355022e+02
      endloop
   endfacet
   facet normal -9.389448e-01 3.440671e-01 7.086452e-04
      outer loop
         vertex 7.171029e+01 9.836788e+01 1.356022e+02
         vertex 7.160474e+01 9.808003e+01 1.355022e+02
         vertex 7.171050e+01 9.836788e+01 1.358688e+02
      endloop
   endfacet
   facet normal -9.389448e-01 3.440671e-01 7.086452e-04
      outer loop
         vertex 7.171050e+01 9.836788e+01 1.358688e+02
         vertex 7.160474e+01 9.808003e+01 1.355022e+02
         vertex 7.160499e+01 9.808003e+01 1.358361e+02
      endloop
   endfacet
   facet normal -7.291611e-02 2.699511e-02 9.969727e-01
      outer loop
         vertex 7.188134e+01 9.825297e+01 1.358020e+02
         vertex 7.552648e+01 1.082004e+02 1.357993e+02
         vertex 7.549398e+01 1.082026e+02 1.357968e+02
      endloop
   endfacet
   facet normal -7.291611e-02 2.699511e-02 9.969727e-01
      outer loop
         vertex 7.188134e+01 9.825297e+01 1.358020e+02
         vertex 7.549398e+01 1.082026e+02 1.357968e+02
         vertex 7.185508e+01 9.827225e+01 1.357996e+02
      endloop
   endfacet
   facet normal -2.184578e-01 8.032064e-02 9.725352e-01
      outer loop
         vertex 7.185508e+01 9.827225e+01 1.357996e+02
         vertex 7.549398e+01 1.082026e+02 1.357968e+02
         vertex 7.546245e+01 1.082053e+02 1.357895e+02
      endloop
   endfacet
   facet normal -2.184578e-01 8.032064e-02 9.725352e-01
      outer loop
         vertex 7.185508e+01 9.827225e+01 1.357996e+02
         vertex 7.546245e+01 1.082053e+02 1.357895e+02
         vertex 7.182929e+01 9.829057e+01 1.357923e+02
      endloop
   endfacet
   facet normal -3.586207e-01 1.316686e-01 9.241507e-01
      outer loop
         vertex 7.182929e+01 9.829057e+01 1.357923e+02
         vertex 7.546245e+01 1.082053e+02 1.357895e+02
         vertex 7.543265e+01 1.082083e+02 1.357775e+02
      endloop
   endfacet
   facet normal -3.586207e-01 1.316686e-01 9.241507e-01
      outer loop
         vertex 7.182929e+01 9.829057e+01 1.357923e+02
         vertex 7.543265e+01 1.082083e+02 1.357775e+02
         vertex 7.180463e+01 9.830756e+01 1.357803e+02
      endloop
   endfacet
   facet normal -4.899529e-01 1.797743e-01 8.530108e-01
      outer loop
         vertex 7.180463e+01 9.830756e+01 1.357803e+02
         vertex 7.543265e+01 1.082083e+02 1.357775e+02
         vertex 7.540527e+01 1.082114e+02 1.357612e+02
      endloop
   endfacet
   facet normal -4.899529e-01 1.797743e-01 8.530108e-01
      outer loop
         vertex 7.180463e+01 9.830756e+01 1.357803e+02
         vertex 7.540527e+01 1.082114e+02 1.357612e+02
         vertex 7.178173e+01 9.832287e+01 1.357639e+02
      endloop
   endfacet
   facet normal -6.092228e-01 2.234540e-01 7.608652e-01
      outer loop
         vertex 7.178173e+01 9.832287e+01 1.357639e+02
         vertex 7.540527e+01 1.082114e+02 1.357612e+02
         vertex 7.538096e+01 1.082144e+02 1.357408e+02
      endloop
   endfacet
   facet normal -6.092228e-01 2.234540e-01 7.608652e-01
      outer loop
         vertex 7.178173e+01 9.832287e+01 1.357639e+02
         vertex 7.538096e+01 1.082144e+02 1.357408e+02
         vertex 7.176119e+01 9.833624e+01 1.357435e+02
      endloop
   endfacet
   facet normal -7.134890e-01 2.616307e-01 6.499867e-01
      outer loop
         vertex 7.176119e+01 9.833624e+01 1.357435e+02
         vertex 7.538096e+01 1.082144e+02 1.357408e+02
         vertex 7.536028e+01 1.082173e+02 1.357170e+02
      endloop
   endfacet
   facet normal -7.134890e-01 2.616307e-01 6.499867e-01
      outer loop
         vertex 7.176119e+01 9.833624e+01 1.357435e+02
         vertex 7.536028e+01 1.082173e+02 1.357170e+02
         vertex 7.174357e+01 9.834743e+01 1.357197e+02
      endloop
   endfacet
   facet normal -8.001879e-01 2.933655e-01 5.231023e-01
      outer loop
         vertex 7.174357e+01 9.834743e+01 1.357197e+02
         vertex 7.536028e+01 1.082173e+02 1.357170e+02
         vertex 7.534368e+01 1.082197e+02 1.356902e+02
      endloop
   endfacet
   facet normal -8.001879e-01 2.933655e-01 5.231023e-01
      outer loop
         vertex 7.174357e+01 9.834743e+01 1.357197e+02
         vertex 7.534368e+01 1.082197e+02 1.356902e+02
         vertex 7.172933e+01 9.835629e+01 1.356929e+02
      endloop
   endfacet
   facet normal -8.671830e-01 3.178766e-01 3.833381e-01
      outer loop
         vertex 7.172933e+01 9.835629e+01 1.356929e+02
         vertex 7.534368e+01 1.082197e+02 1.356902e+02
         vertex 7.533154e+01 1.082215e+02 1.356612e+02
      endloop
   endfacet
   facet normal -8.671830e-01 3.178766e-01 3.833381e-01
      outer loop
         vertex 7.172933e+01 9.835629e+01 1.356929e+02
         vertex 7.533154e+01 1.082215e+02 1.356612e+02
         vertex 7.171887e+01 9.836270e+01 1.356640e+02
      endloop
   endfacet
   facet normal -9.128256e-01 3.345606e-01 2.341337e-01
      outer loop
         vertex 7.171887e+01 9.836270e+01 1.356640e+02
         vertex 7.533154e+01 1.082215e+02 1.356612e+02
         vertex 7.532415e+01 1.082227e+02 1.356307e+02
      endloop
   endfacet
   facet normal -9.128256e-01 3.345606e-01 2.341337e-01
      outer loop
         vertex 7.171887e+01 9.836270e+01 1.356640e+02
         vertex 7.532415e+01 1.082227e+02 1.356307e+02
         vertex 7.171247e+01 9.836658e+01 1.356334e+02
      endloop
   endfacet
   facet normal -9.359911e-01 3.430065e-01 7.916538e-02
      outer loop
         vertex 7.171247e+01 9.836658e+01 1.356334e+02
         vertex 7.532415e+01 1.082227e+02 1.356307e+02
         vertex 7.532165e+01 1.082231e+02 1.355994e+02
      endloop
   endfacet
   facet normal -9.359911e-01 3.430065e-01 7.916538e-02
      outer loop
         vertex 7.171247e+01 9.836658e+01 1.356334e+02
         vertex 7.532165e+01 1.082231e+02 1.355994e+02
         vertex 7.171029e+01 9.836788e+01 1.356022e+02
      endloop
   endfacet
   facet normal 7.442091e-02 -2.699511e-02 9.968615e-01
      outer loop
         vertex 7.439974e+01 1.086133e+02 1.358001e+02
         vertex 7.075461e+01 9.866585e+01 1.358029e+02
         vertex 7.078710e+01 9.866360e+01 1.358004e+02
      endloop
   endfacet
   facet normal 7.442091e-02 -2.699511e-02 9.968615e-01
      outer loop
         vertex 7.439974e+01 1.086133e+02 1.358001e+02
         vertex 7.078710e+01 9.866360e+01 1.358004e+02
         vertex 7.442600e+01 1.085940e+02 1.357976e+02
      endloop
   endfacet
   facet normal 2.199255e-01 -8.032064e-02 9.722044e-01
      outer loop
         vertex 7.442600e+01 1.085940e+02 1.357976e+02
         vertex 7.078710e+01 9.866360e+01 1.358004e+02
         vertex 7.081862e+01 9.866093e+01 1.357930e+02
      endloop
   endfacet
   facet normal 2.199255e-01 -8.032064e-02 9.722044e-01
      outer loop
         vertex 7.442600e+01 1.085940e+02 1.357976e+02
         vertex 7.081862e+01 9.866093e+01 1.357930e+02
         vertex 7.445178e+01 1.085757e+02 1.357903e+02
      endloop
   endfacet
   facet normal 3.600152e-01 -1.316686e-01 9.236084e-01
      outer loop
         vertex 7.445178e+01 1.085757e+02 1.357903e+02
         vertex 7.081862e+01 9.866093e+01 1.357930e+02
         vertex 7.084840e+01 9.865796e+01 1.357810e+02
      endloop
   endfacet
   facet normal 3.600152e-01 -1.316686e-01 9.236084e-01
      outer loop
         vertex 7.445178e+01 1.085757e+02 1.357903e+02
         vertex 7.084840e+01 9.865796e+01 1.357810e+02
         vertex 7.447642e+01 1.085587e+02 1.357783e+02
      endloop
   endfacet
   facet normal 4.912399e-01 -1.797743e-01 8.522703e-01
      outer loop
         vertex 7.447642e+01 1.085587e+02 1.357783e+02
         vertex 7.084840e+01 9.865796e+01 1.357810e+02
         vertex 7.087575e+01 9.865486e+01 1.357646e+02
      endloop
   endfacet
   facet normal 4.912399e-01 -1.797743e-01 8.522703e-01
      outer loop
         vertex 7.447642e+01 1.085587e+02 1.357783e+02
         vertex 7.087575e+01 9.865486e+01 1.357646e+02
         vertex 7.449930e+01 1.085434e+02 1.357619e+02
      endloop
   endfacet
   facet normal 6.103706e-01 -2.234540e-01 7.599448e-01
      outer loop
         vertex 7.449930e+01 1.085434e+02 1.357619e+02
         vertex 7.087575e+01 9.865486e+01 1.357646e+02
         vertex 7.090003e+01 9.865180e+01 1.357442e+02
      endloop
   endfacet
   facet normal 6.103706e-01 -2.234540e-01 7.599448e-01
      outer loop
         vertex 7.449930e+01 1.085434e+02 1.357619e+02
         vertex 7.090003e+01 9.865180e+01 1.357442e+02
         vertex 7.451980e+01 1.085300e+02 1.357415e+02
      endloop
   endfacet
   facet normal 7.144693e-01 -2.616307e-01 6.489090e-01
      outer loop
         vertex 7.451980e+01 1.085300e+02 1.357415e+02
         vertex 7.090003e+01 9.865180e+01 1.357442e+02
         vertex 7.092069e+01 9.864897e+01 1.357203e+02
      endloop
   endfacet
   facet normal 7.144693e-01 -2.616307e-01 6.489090e-01
      outer loop
         vertex 7.451980e+01 1.085300e+02 1.357415e+02
         vertex 7.092069e+01 9.864897e+01 1.357203e+02
         vertex 7.453739e+01 1.085188e+02 1.357176e+02
      endloop
   endfacet
   facet normal 8.009766e-01 -2.933655e-01 5.218939e-01
      outer loop
         vertex 7.453739e+01 1.085188e+02 1.357176e+02
         vertex 7.092069e+01 9.864897e+01 1.357203e+02
         vertex 7.093724e+01 9.864655e+01 1.356935e+02
      endloop
   endfacet
   facet normal 8.009766e-01 -2.933655e-01 5.218939e-01
      outer loop
         vertex 7.453739e+01 1.085188e+02 1.357176e+02
         vertex 7.093724e+01 9.864655e+01 1.356935e+02
         vertex 7.455159e+01 1.085099e+02 1.356908e+02
      endloop
   endfacet
   facet normal 8.677607e-01 -3.178766e-01 3.820287e-01
      outer loop
         vertex 7.455159e+01 1.085099e+02 1.356908e+02
         vertex 7.093724e+01 9.864655e+01 1.356935e+02
         vertex 7.094933e+01 9.864469e+01 1.356645e+02
      endloop
   endfacet
   facet normal 8.677607e-01 -3.178766e-01 3.820287e-01
      outer loop
         vertex 7.455159e+01 1.085099e+02 1.356908e+02
         vertex 7.094933e+01 9.864469e+01 1.356645e+02
         vertex 7.456201e+01 1.085035e+02 1.356618e+02
      endloop
   endfacet
   facet normal 9.131780e-01 -3.345606e-01 2.327555e-01
      outer loop
         vertex 7.456201e+01 1.085035e+02 1.356618e+02
         vertex 7.094933e+01 9.864469e+01 1.356645e+02
         vertex 7.095669e+01 9.864353e+01 1.356340e+02
      endloop
   endfacet
   facet normal 9.131780e-01 -3.345606e-01 2.327555e-01
      outer loop
         vertex 7.456201e+01 1.085035e+02 1.356618e+02
         vertex 7.095669e+01 9.864353e+01 1.356340e+02
         vertex 7.456837e+01 1.084997e+02 1.356313e+02
      endloop
   endfacet
   facet normal 9.361095e-01 -3.430065e-01 7.775246e-02
      outer loop
         vertex 7.456837e+01 1.084997e+02 1.356313e+02
         vertex 7.095669e+01 9.864353e+01 1.356340e+02
         vertex 7.095914e+01 9.864313e+01 1.356027e+02
      endloop
   endfacet
   facet normal 9.361095e-01 -3.430065e-01 7.775246e-02
      outer loop
         vertex 7.456837e+01 1.084997e+02 1.356313e+02
         vertex 7.095914e+01 9.864313e+01 1.356027e+02
         vertex 7.457049e+01 1.084984e+02 1.356000e+02
      endloop
   endfacet
   facet normal -7.547249e-04 1.175638e-16 -9.999997e-01
      outer loop
         vertex 7.572797e+01 1.098777e+02 1.351991e+02
         vertex 7.579957e+01 1.098967e+02 1.351991e+02
         vertex 7.574969e+01 1.097190e+02 1.351991e+02
      endloop
   endfacet
   facet normal -7.547249e-04 1.175638e-16 -9.999997e-01
      outer loop
         vertex 7.558219e+01 1.107151e+02 1.351992e+02
         vertex 7.551059e+01 1.106961e+02 1.351993e+02
         vertex 7.555387e+01 1.108558e+02 1.351993e+02
      endloop
   endfacet
   facet normal -7.547249e-04 1.175638e-16 -9.999997e-01
      outer loop
         vertex 7.523637e+01 1.102235e+02 1.351995e+02
         vertex 7.525539e+01 1.101519e+02 1.351995e+02
         vertex 7.355702e+01 1.103868e+02 1.352008e+02
      endloop
   endfacet
   facet normal -7.547249e-04 1.175638e-16 -9.999997e-01
      outer loop
         vertex 7.384726e+01 1.113650e+02 1.352005e+02
         vertex 7.544338e+01 1.106649e+02 1.351993e+02
         vertex 7.538260e+01 1.106226e+02 1.351994e+02
      endloop
   endfacet
   facet normal -7.547249e-04 1.175638e-16 -9.999997e-01
      outer loop
         vertex 7.355702e+01 1.103868e+02 1.352008e+02
         vertex 7.525539e+01 1.101519e+02 1.351995e+02
         vertex 7.520980e+01 1.099169e+02 1.351995e+02
      endloop
   endfacet
   facet normal -7.547249e-04 1.175638e-16 -9.999997e-01
      outer loop
         vertex 7.538260e+01 1.106226e+02 1.351994e+02
         vertex 7.533011e+01 1.105703e+02 1.351994e+02
         vertex 7.384726e+01 1.113650e+02 1.352005e+02
      endloop
   endfacet
   facet normal -7.547249e-04 1.175638e-16 -9.999997e-01
      outer loop
         vertex 7.384726e+01 1.113650e+02 1.352005e+02
         vertex 7.533011e+01 1.105703e+02 1.351994e+02
         vertex 7.528748e+01 1.105097e+02 1.351995e+02
      endloop
   endfacet
   facet normal -7.547249e-04 1.175638e-16 -9.999997e-01
      outer loop
         vertex 7.384726e+01 1.113650e+02 1.352005e+02
         vertex 7.528748e+01 1.105097e+02 1.351995e+02
         vertex 7.368992e+01 1.110368e+02 1.352007e+02
      endloop
   endfacet
   facet normal -7.547249e-04 1.175638e-16 -9.999997e-01
      outer loop
         vertex 7.368992e+01 1.110368e+02 1.352007e+02
         vertex 7.528748e+01 1.105097e+02 1.351995e+02
         vertex 7.525603e+01 1.104426e+02 1.351995e+02
      endloop
   endfacet
   facet normal -7.547249e-04 1.175638e-16 -9.999997e-01
      outer loop
         vertex 7.368992e+01 1.110368e+02 1.352007e+02
         vertex 7.525603e+01 1.104426e+02 1.351995e+02
         vertex 7.359160e+01 1.106864e+02 1.352007e+02
      endloop
   endfacet
   facet normal -7.547249e-04 1.175638e-16 -9.999997e-01
      outer loop
         vertex 7.359160e+01 1.106864e+02 1.352007e+02
         vertex 7.525603e+01 1.104426e+02 1.351995e+02
         vertex 7.523670e+01 1.103711e+02 1.351995e+02
      endloop
   endfacet
   facet normal -7.547249e-04 1.175638e-16 -9.999997e-01
      outer loop
         vertex 7.359160e+01 1.106864e+02 1.352007e+02
         vertex 7.523670e+01 1.103711e+02 1.351995e+02
         vertex 7.355702e+01 1.103868e+02 1.352008e+02
      endloop
   endfacet
   facet normal -7.547249e-04 1.175638e-16 -9.999997e-01
      outer loop
         vertex 7.355702e+01 1.103868e+02 1.352008e+02
         vertex 7.523670e+01 1.103711e+02 1.351995e+02
         vertex 7.523008e+01 1.102973e+02 1.351995e+02
      endloop
   endfacet
   facet normal -7.547249e-04 1.175638e-16 -9.999997e-01
      outer loop
         vertex 7.355702e+01 1.103868e+02 1.352008e+02
         vertex 7.523008e+01 1.102973e+02 1.351995e+02
         vertex 7.523637e+01 1.102235e+02 1.351995e+02
      endloop
   endfacet
   facet normal -7.547249e-04 1.175638e-16 -9.999997e-01
      outer loop
         vertex 7.558219e+01 1.107151e+02 1.351992e+02
         vertex 7.555387e+01 1.108558e+02 1.351993e+02
         vertex 7.565600e+01 1.107214e+02 1.351992e+02
      endloop
   endfacet
   facet normal -7.547249e-04 1.175638e-16 -9.999997e-01
      outer loop
         vertex 7.605476e+01 1.104409e+02 1.351989e+02
         vertex 7.602360e+01 1.105081e+02 1.351989e+02
         vertex 7.609376e+01 1.106580e+02 1.351988e+02
      endloop
   endfacet
   facet normal -7.547249e-04 1.175638e-16 -9.999997e-01
      outer loop
         vertex 7.609376e+01 1.106580e+02 1.351988e+02
         vertex 7.602360e+01 1.105081e+02 1.351989e+02
         vertex 7.598124e+01 1.105689e+02 1.351989e+02
      endloop
   endfacet
   facet normal -7.547249e-04 1.175638e-16 -9.999997e-01
      outer loop
         vertex 7.609376e+01 1.106580e+02 1.351988e+02
         vertex 7.598124e+01 1.105689e+02 1.351989e+02
         vertex 7.592897e+01 1.106214e+02 1.351990e+02
      endloop
   endfacet
   facet normal -7.547249e-04 1.175638e-16 -9.999997e-01
      outer loop
         vertex 7.592897e+01 1.106214e+02 1.351990e+02
         vertex 7.586838e+01 1.106640e+02 1.351990e+02
         vertex 7.609376e+01 1.106580e+02 1.351988e+02
      endloop
   endfacet
   facet normal -7.547249e-04 1.175638e-16 -9.999997e-01
      outer loop
         vertex 7.609376e+01 1.106580e+02 1.351988e+02
         vertex 7.586838e+01 1.106640e+02 1.351990e+02
         vertex 7.580131e+01 1.106955e+02 1.351991e+02
      endloop
   endfacet
   facet normal -7.547249e-04 1.175638e-16 -9.999997e-01
      outer loop
         vertex 7.609376e+01 1.106580e+02 1.351988e+02
         vertex 7.580131e+01 1.106955e+02 1.351991e+02
         vertex 7.555387e+01 1.108558e+02 1.351993e+02
      endloop
   endfacet
   facet normal -7.547249e-04 1.175638e-16 -9.999997e-01
      outer loop
         vertex 7.555387e+01 1.108558e+02 1.351993e+02
         vertex 7.580131e+01 1.106955e+02 1.351991e+02
         vertex 7.572979e+01 1.107148e+02 1.351991e+02
      endloop
   endfacet
   facet normal -7.547249e-04 1.175638e-16 -9.999997e-01
      outer loop
         vertex 7.555387e+01 1.108558e+02 1.351993e+02
         vertex 7.572979e+01 1.107148e+02 1.351991e+02
         vertex 7.565600e+01 1.107214e+02 1.351992e+02
      endloop
   endfacet
   facet normal -7.547249e-04 1.175638e-16 -9.999997e-01
      outer loop
         vertex 7.579957e+01 1.098967e+02 1.351991e+02
         vertex 7.586677e+01 1.099279e+02 1.351990e+02
         vertex 7.731477e+01 1.090098e+02 1.351979e+02
      endloop
   endfacet
   facet normal -7.547249e-04 1.175638e-16 -9.999997e-01
      outer loop
         vertex 7.608008e+01 1.102955e+02 1.351989e+02
         vertex 7.607378e+01 1.103693e+02 1.351989e+02
         vertex 7.772528e+01 1.099439e+02 1.351976e+02
      endloop
   endfacet
   facet normal -7.547249e-04 1.175638e-16 -9.999997e-01
      outer loop
         vertex 7.586677e+01 1.099279e+02 1.351990e+02
         vertex 7.592755e+01 1.099703e+02 1.351990e+02
         vertex 7.731477e+01 1.090098e+02 1.351979e+02
      endloop
   endfacet
   facet normal -7.547249e-04 1.175638e-16 -9.999997e-01
      outer loop
         vertex 7.731477e+01 1.090098e+02 1.351979e+02
         vertex 7.592755e+01 1.099703e+02 1.351990e+02
         vertex 7.598005e+01 1.100225e+02 1.351989e+02
      endloop
   endfacet
   facet normal -7.547249e-04 1.175638e-16 -9.999997e-01
      outer loop
         vertex 7.731477e+01 1.090098e+02 1.351979e+02
         vertex 7.598005e+01 1.100225e+02 1.351989e+02
         vertex 7.748196e+01 1.092608e+02 1.351978e+02
      endloop
   endfacet
   facet normal -7.547249e-04 1.175638e-16 -9.999997e-01
      outer loop
         vertex 7.748196e+01 1.092608e+02 1.351978e+02
         vertex 7.598005e+01 1.100225e+02 1.351989e+02
         vertex 7.602267e+01 1.100831e+02 1.351989e+02
      endloop
   endfacet
   facet normal -7.547249e-04 1.175638e-16 -9.999997e-01
      outer loop
         vertex 7.748196e+01 1.092608e+02 1.351978e+02
         vertex 7.602267e+01 1.100831e+02 1.351989e+02
         vertex 7.763333e+01 1.095918e+02 1.351977e+02
      endloop
   endfacet
   facet normal -7.547249e-04 1.175638e-16 -9.999997e-01
      outer loop
         vertex 7.763333e+01 1.095918e+02 1.351977e+02
         vertex 7.602267e+01 1.100831e+02 1.351989e+02
         vertex 7.605413e+01 1.101502e+02 1.351989e+02
      endloop
   endfacet
   facet normal -7.547249e-04 1.175638e-16 -9.999997e-01
      outer loop
         vertex 7.763333e+01 1.095918e+02 1.351977e+02
         vertex 7.605413e+01 1.101502e+02 1.351989e+02
         vertex 7.772528e+01 1.099439e+02 1.351976e+02
      endloop
   endfacet
   facet normal -7.547249e-04 1.175638e-16 -9.999997e-01
      outer loop
         vertex 7.772528e+01 1.099439e+02 1.351976e+02
         vertex 7.605413e+01 1.101502e+02 1.351989e+02
         vertex 7.607346e+01 1.102217e+02 1.351989e+02
      endloop
   endfacet
   facet normal -7.547249e-04 1.175638e-16 -9.999997e-01
      outer loop
         vertex 7.772528e+01 1.099439e+02 1.351976e+02
         vertex 7.607346e+01 1.102217e+02 1.351989e+02
         vertex 7.608008e+01 1.102955e+02 1.351989e+02
      endloop
   endfacet
   facet normal -7.547249e-04 1.175638e-16 -9.999997e-01
      outer loop
         vertex 7.572797e+01 1.098777e+02 1.351991e+02
         vertex 7.574969e+01 1.097190e+02 1.351991e+02
         vertex 7.565415e+01 1.098714e+02 1.351992e+02
      endloop
   endfacet
   facet normal -7.547249e-04 1.175638e-16 -9.999997e-01
      outer loop
         vertex 7.525539e+01 1.101519e+02 1.351995e+02
         vertex 7.528655e+01 1.100847e+02 1.351995e+02
         vertex 7.520980e+01 1.099169e+02 1.351995e+02
      endloop
   endfacet
   facet normal -7.547249e-04 1.175638e-16 -9.999997e-01
      outer loop
         vertex 7.520980e+01 1.099169e+02 1.351995e+02
         vertex 7.528655e+01 1.100847e+02 1.351995e+02
         vertex 7.532891e+01 1.100239e+02 1.351994e+02
      endloop
   endfacet
   facet normal -7.547249e-04 1.175638e-16 -9.999997e-01
      outer loop
         vertex 7.520980e+01 1.099169e+02 1.351995e+02
         vertex 7.532891e+01 1.100239e+02 1.351994e+02
         vertex 7.538118e+01 1.099714e+02 1.351994e+02
      endloop
   endfacet
   facet normal -7.547249e-04 1.175638e-16 -9.999997e-01
      outer loop
         vertex 7.538118e+01 1.099714e+02 1.351994e+02
         vertex 7.544178e+01 1.099288e+02 1.351993e+02
         vertex 7.520980e+01 1.099169e+02 1.351995e+02
      endloop
   endfacet
   facet normal -7.547249e-04 1.175638e-16 -9.999997e-01
      outer loop
         vertex 7.520980e+01 1.099169e+02 1.351995e+02
         vertex 7.544178e+01 1.099288e+02 1.351993e+02
         vertex 7.550885e+01 1.098974e+02 1.351993e+02
      endloop
   endfacet
   facet normal -7.547249e-04 1.175638e-16 -9.999997e-01
      outer loop
         vertex 7.520980e+01 1.099169e+02 1.351995e+02
         vertex 7.550885e+01 1.098974e+02 1.351993e+02
         vertex 7.574969e+01 1.097190e+02 1.351991e+02
      endloop
   endfacet
   facet normal -7.547249e-04 1.175638e-16 -9.999997e-01
      outer loop
         vertex 7.574969e+01 1.097190e+02 1.351991e+02
         vertex 7.550885e+01 1.098974e+02 1.351993e+02
         vertex 7.558037e+01 1.098780e+02 1.351992e+02
      endloop
   endfacet
   facet normal -7.547249e-04 1.175638e-16 -9.999997e-01
      outer loop
         vertex 7.574969e+01 1.097190e+02 1.351991e+02
         vertex 7.558037e+01 1.098780e+02 1.351992e+02
         vertex 7.565415e+01 1.098714e+02 1.351992e+02
      endloop
   endfacet
   facet normal -7.547249e-04 1.175638e-16 -9.999997e-01
      outer loop
         vertex 7.284107e+01 9.759438e+01 1.352013e+02
         vertex 7.106708e+01 9.694037e+01 1.352026e+02
         vertex 7.310712e+01 9.897298e+01 1.352011e+02
      endloop
   endfacet
   facet normal -7.547249e-04 1.175638e-16 -9.999997e-01
      outer loop
         vertex 7.310712e+01 9.897298e+01 1.352011e+02
         vertex 7.106708e+01 9.694037e+01 1.352026e+02
         vertex 7.343612e+01 1.003379e+02 1.352009e+02
      endloop
   endfacet
   facet normal -7.547249e-04 1.175638e-16 -9.999997e-01
      outer loop
         vertex 7.343612e+01 1.003379e+02 1.352009e+02
         vertex 7.106708e+01 9.694037e+01 1.352026e+02
         vertex 7.382739e+01 1.016863e+02 1.352006e+02
      endloop
   endfacet
   facet normal -7.547249e-04 1.175638e-16 -9.999997e-01
      outer loop
         vertex 7.382739e+01 1.016863e+02 1.352006e+02
         vertex 7.106708e+01 9.694037e+01 1.352026e+02
         vertex 7.340674e+01 1.033252e+02 1.352009e+02
      endloop
   endfacet
   facet normal -7.547249e-04 1.175638e-16 -9.999997e-01
      outer loop
         vertex 7.382739e+01 1.016863e+02 1.352006e+02
         vertex 7.340674e+01 1.033252e+02 1.352009e+02
         vertex 7.428010e+01 1.030154e+02 1.352002e+02
      endloop
   endfacet
   facet normal -7.547249e-04 1.175638e-16 -9.999997e-01
      outer loop
         vertex 7.579957e+01 1.098967e+02 1.351991e+02
         vertex 7.731477e+01 1.090098e+02 1.351979e+02
         vertex 7.574969e+01 1.097190e+02 1.351991e+02
      endloop
   endfacet
   facet normal -7.547249e-04 1.175638e-16 -9.999997e-01
      outer loop
         vertex 7.574969e+01 1.097190e+02 1.351991e+02
         vertex 7.731477e+01 1.090098e+02 1.351979e+02
         vertex 7.698702e+01 1.085588e+02 1.351982e+02
      endloop
   endfacet
   facet normal -7.547249e-04 1.175638e-16 -9.999997e-01
      outer loop
         vertex 7.574969e+01 1.097190e+02 1.351991e+02
         vertex 7.698702e+01 1.085588e+02 1.351982e+02
         vertex 7.668439e+01 1.080827e+02 1.351984e+02
      endloop
   endfacet
   facet normal -7.547249e-04 1.175638e-16 -9.999997e-01
      outer loop
         vertex 7.668439e+01 1.080827e+02 1.351984e+02
         vertex 7.599671e+01 1.068586e+02 1.351989e+02
         vertex 7.574969e+01 1.097190e+02 1.351991e+02
      endloop
   endfacet
   facet normal -7.547249e-04 1.175638e-16 -9.999997e-01
      outer loop
         vertex 7.574969e+01 1.097190e+02 1.351991e+02
         vertex 7.599671e+01 1.068586e+02 1.351989e+02
         vertex 7.536590e+01 1.056042e+02 1.351994e+02
      endloop
   endfacet
   facet normal -7.547249e-04 1.175638e-16 -9.999997e-01
      outer loop
         vertex 7.574969e+01 1.097190e+02 1.351991e+02
         vertex 7.536590e+01 1.056042e+02 1.351994e+02
         vertex 7.340674e+01 1.033252e+02 1.352009e+02
      endloop
   endfacet
   facet normal -7.547249e-04 1.175638e-16 -9.999997e-01
      outer loop
         vertex 7.340674e+01 1.033252e+02 1.352009e+02
         vertex 7.536590e+01 1.056042e+02 1.351994e+02
         vertex 7.479330e+01 1.043223e+02 1.351998e+02
      endloop
   endfacet
   facet normal -7.547249e-04 1.175638e-16 -9.999997e-01
      outer loop
         vertex 7.340674e+01 1.033252e+02 1.352009e+02
         vertex 7.479330e+01 1.043223e+02 1.351998e+02
         vertex 7.428010e+01 1.030154e+02 1.352002e+02
      endloop
   endfacet
   facet normal -7.547249e-04 1.175638e-16 -9.999997e-01
      outer loop
         vertex 7.726263e+01 1.116476e+02 1.351980e+02
         vertex 7.609376e+01 1.106580e+02 1.351988e+02
         vertex 7.700520e+01 1.119049e+02 1.351982e+02
      endloop
   endfacet
   facet normal -7.547249e-04 1.175638e-16 -9.999997e-01
      outer loop
         vertex 7.700520e+01 1.119049e+02 1.351982e+02
         vertex 7.609376e+01 1.106580e+02 1.351988e+02
         vertex 7.670721e+01 1.121138e+02 1.351984e+02
      endloop
   endfacet
   facet normal -7.547249e-04 1.175638e-16 -9.999997e-01
      outer loop
         vertex 7.726263e+01 1.116476e+02 1.351980e+02
         vertex 7.747179e+01 1.113498e+02 1.351978e+02
         vertex 7.609376e+01 1.106580e+02 1.351988e+02
      endloop
   endfacet
   facet normal -7.547249e-04 1.175638e-16 -9.999997e-01
      outer loop
         vertex 7.609376e+01 1.106580e+02 1.351988e+02
         vertex 7.747179e+01 1.113498e+02 1.351978e+02
         vertex 7.762637e+01 1.110203e+02 1.351977e+02
      endloop
   endfacet
   facet normal -7.547249e-04 1.175638e-16 -9.999997e-01
      outer loop
         vertex 7.609376e+01 1.106580e+02 1.351988e+02
         vertex 7.762637e+01 1.110203e+02 1.351977e+02
         vertex 7.772175e+01 1.106691e+02 1.351976e+02
      endloop
   endfacet
   facet normal -7.547249e-04 1.175638e-16 -9.999997e-01
      outer loop
         vertex 7.607378e+01 1.103693e+02 1.351989e+02
         vertex 7.605476e+01 1.104409e+02 1.351989e+02
         vertex 7.772528e+01 1.099439e+02 1.351976e+02
      endloop
   endfacet
   facet normal -7.547249e-04 1.175638e-16 -9.999997e-01
      outer loop
         vertex 7.772528e+01 1.099439e+02 1.351976e+02
         vertex 7.605476e+01 1.104409e+02 1.351989e+02
         vertex 7.609376e+01 1.106580e+02 1.351988e+02
      endloop
   endfacet
   facet normal -7.547249e-04 1.175638e-16 -9.999997e-01
      outer loop
         vertex 7.772528e+01 1.099439e+02 1.351976e+02
         vertex 7.609376e+01 1.106580e+02 1.351988e+02
         vertex 7.775505e+01 1.103066e+02 1.351976e+02
      endloop
   endfacet
   facet normal -7.547249e-04 1.175638e-16 -9.999997e-01
      outer loop
         vertex 7.775505e+01 1.103066e+02 1.351976e+02
         vertex 7.609376e+01 1.106580e+02 1.351988e+02
         vertex 7.772175e+01 1.106691e+02 1.351976e+02
      endloop
   endfacet
   facet normal -7.547249e-04 1.175638e-16 -9.999997e-01
      outer loop
         vertex 7.604793e+01 1.109588e+02 1.351989e+02
         vertex 7.604571e+01 1.109849e+02 1.351989e+02
         vertex 7.670721e+01 1.121138e+02 1.351984e+02
      endloop
   endfacet
   facet normal -7.547249e-04 1.175638e-16 -9.999997e-01
      outer loop
         vertex 7.609376e+01 1.106580e+02 1.351988e+02
         vertex 7.597265e+01 1.108291e+02 1.351989e+02
         vertex 7.599410e+01 1.108440e+02 1.351989e+02
      endloop
   endfacet
   facet normal -7.547249e-04 1.175638e-16 -9.999997e-01
      outer loop
         vertex 7.604793e+01 1.109588e+02 1.351989e+02
         vertex 7.670721e+01 1.121138e+02 1.351984e+02
         vertex 7.604559e+01 1.109328e+02 1.351989e+02
      endloop
   endfacet
   facet normal -7.547249e-04 1.175638e-16 -9.999997e-01
      outer loop
         vertex 7.604559e+01 1.109328e+02 1.351989e+02
         vertex 7.670721e+01 1.121138e+02 1.351984e+02
         vertex 7.609376e+01 1.106580e+02 1.351988e+02
      endloop
   endfacet
   facet normal -7.547249e-04 1.175638e-16 -9.999997e-01
      outer loop
         vertex 7.604559e+01 1.109328e+02 1.351989e+02
         vertex 7.609376e+01 1.106580e+02 1.351988e+02
         vertex 7.603877e+01 1.109075e+02 1.351989e+02
      endloop
   endfacet
   facet normal -7.547249e-04 1.175638e-16 -9.999997e-01
      outer loop
         vertex 7.599410e+01 1.108440e+02 1.351989e+02
         vertex 7.601263e+01 1.108625e+02 1.351989e+02
         vertex 7.609376e+01 1.106580e+02 1.351988e+02
      endloop
   endfacet
   facet normal -7.547249e-04 1.175638e-16 -9.999997e-01
      outer loop
         vertex 7.609376e+01 1.106580e+02 1.351988e+02
         vertex 7.601263e+01 1.108625e+02 1.351989e+02
         vertex 7.602767e+01 1.108839e+02 1.351989e+02
      endloop
   endfacet
   facet normal -7.547249e-04 1.175638e-16 -9.999997e-01
      outer loop
         vertex 7.609376e+01 1.106580e+02 1.351988e+02
         vertex 7.602767e+01 1.108839e+02 1.351989e+02
         vertex 7.603877e+01 1.109075e+02 1.351989e+02
      endloop
   endfacet
   facet normal -7.547249e-04 1.175638e-16 -9.999997e-01
      outer loop
         vertex 7.602633e+01 1.123633e+02 1.351989e+02
         vertex 7.589826e+01 1.111092e+02 1.351990e+02
         vertex 7.587220e+01 1.111069e+02 1.351990e+02
      endloop
   endfacet
   facet normal -7.547249e-04 1.175638e-16 -9.999997e-01
      outer loop
         vertex 7.587220e+01 1.111069e+02 1.351990e+02
         vertex 7.584693e+01 1.111002e+02 1.351990e+02
         vertex 7.602633e+01 1.123633e+02 1.351989e+02
      endloop
   endfacet
   facet normal -7.547249e-04 1.175638e-16 -9.999997e-01
      outer loop
         vertex 7.602633e+01 1.123633e+02 1.351989e+02
         vertex 7.584693e+01 1.111002e+02 1.351990e+02
         vertex 7.582321e+01 1.110892e+02 1.351990e+02
      endloop
   endfacet
   facet normal -7.547249e-04 1.175638e-16 -9.999997e-01
      outer loop
         vertex 7.602633e+01 1.123633e+02 1.351989e+02
         vertex 7.582321e+01 1.110892e+02 1.351990e+02
         vertex 7.580176e+01 1.110743e+02 1.351991e+02
      endloop
   endfacet
   facet normal -7.547249e-04 1.175638e-16 -9.999997e-01
      outer loop
         vertex 7.575027e+01 1.109855e+02 1.351991e+02
         vertex 7.574793e+01 1.109595e+02 1.351991e+02
         vertex 7.555387e+01 1.108558e+02 1.351993e+02
      endloop
   endfacet
   facet normal -7.547249e-04 1.175638e-16 -9.999997e-01
      outer loop
         vertex 7.555387e+01 1.108558e+02 1.351993e+02
         vertex 7.574793e+01 1.109595e+02 1.351991e+02
         vertex 7.575015e+01 1.109334e+02 1.351991e+02
      endloop
   endfacet
   facet normal -7.547249e-04 1.175638e-16 -9.999997e-01
      outer loop
         vertex 7.555387e+01 1.108558e+02 1.351993e+02
         vertex 7.575015e+01 1.109334e+02 1.351991e+02
         vertex 7.575686e+01 1.109082e+02 1.351991e+02
      endloop
   endfacet
   facet normal -7.547249e-04 1.175638e-16 -9.999997e-01
      outer loop
         vertex 7.575686e+01 1.109082e+02 1.351991e+02
         vertex 7.576786e+01 1.108844e+02 1.351991e+02
         vertex 7.555387e+01 1.108558e+02 1.351993e+02
      endloop
   endfacet
   facet normal -7.547249e-04 1.175638e-16 -9.999997e-01
      outer loop
         vertex 7.555387e+01 1.108558e+02 1.351993e+02
         vertex 7.576786e+01 1.108844e+02 1.351991e+02
         vertex 7.578281e+01 1.108630e+02 1.351991e+02
      endloop
   endfacet
   facet normal -7.547249e-04 1.175638e-16 -9.999997e-01
      outer loop
         vertex 7.555387e+01 1.108558e+02 1.351993e+02
         vertex 7.578281e+01 1.108630e+02 1.351991e+02
         vertex 7.580126e+01 1.108445e+02 1.351991e+02
      endloop
   endfacet
   facet normal -7.547249e-04 1.175638e-16 -9.999997e-01
      outer loop
         vertex 7.604571e+01 1.109849e+02 1.351989e+02
         vertex 7.603900e+01 1.110101e+02 1.351989e+02
         vertex 7.670721e+01 1.121138e+02 1.351984e+02
      endloop
   endfacet
   facet normal -7.547249e-04 1.175638e-16 -9.999997e-01
      outer loop
         vertex 7.670721e+01 1.121138e+02 1.351984e+02
         vertex 7.603900e+01 1.110101e+02 1.351989e+02
         vertex 7.602800e+01 1.110339e+02 1.351989e+02
      endloop
   endfacet
   facet normal -7.547249e-04 1.175638e-16 -9.999997e-01
      outer loop
         vertex 7.670721e+01 1.121138e+02 1.351984e+02
         vertex 7.602800e+01 1.110339e+02 1.351989e+02
         vertex 7.601305e+01 1.110553e+02 1.351989e+02
      endloop
   endfacet
   facet normal -7.547249e-04 1.175638e-16 -9.999997e-01
      outer loop
         vertex 7.601305e+01 1.110553e+02 1.351989e+02
         vertex 7.599460e+01 1.110738e+02 1.351989e+02
         vertex 7.670721e+01 1.121138e+02 1.351984e+02
      endloop
   endfacet
   facet normal -7.547249e-04 1.175638e-16 -9.999997e-01
      outer loop
         vertex 7.670721e+01 1.121138e+02 1.351984e+02
         vertex 7.599460e+01 1.110738e+02 1.351989e+02
         vertex 7.597321e+01 1.110889e+02 1.351989e+02
      endloop
   endfacet
   facet normal -7.547249e-04 1.175638e-16 -9.999997e-01
      outer loop
         vertex 7.670721e+01 1.121138e+02 1.351984e+02
         vertex 7.597321e+01 1.110889e+02 1.351989e+02
         vertex 7.637762e+01 1.122682e+02 1.351986e+02
      endloop
   endfacet
   facet normal -7.547249e-04 1.175638e-16 -9.999997e-01
      outer loop
         vertex 7.637762e+01 1.122682e+02 1.351986e+02
         vertex 7.597321e+01 1.110889e+02 1.351989e+02
         vertex 7.594954e+01 1.111000e+02 1.351990e+02
      endloop
   endfacet
   facet normal -7.547249e-04 1.175638e-16 -9.999997e-01
      outer loop
         vertex 7.637762e+01 1.122682e+02 1.351986e+02
         vertex 7.594954e+01 1.111000e+02 1.351990e+02
         vertex 7.602633e+01 1.123633e+02 1.351989e+02
      endloop
   endfacet
   facet normal -7.547249e-04 1.175638e-16 -9.999997e-01
      outer loop
         vertex 7.602633e+01 1.123633e+02 1.351989e+02
         vertex 7.594954e+01 1.111000e+02 1.351990e+02
         vertex 7.592430e+01 1.111068e+02 1.351990e+02
      endloop
   endfacet
   facet normal -7.547249e-04 1.175638e-16 -9.999997e-01
      outer loop
         vertex 7.602633e+01 1.123633e+02 1.351989e+02
         vertex 7.592430e+01 1.111068e+02 1.351990e+02
         vertex 7.589826e+01 1.111092e+02 1.351990e+02
      endloop
   endfacet
   facet normal -7.547249e-04 1.175638e-16 -9.999997e-01
      outer loop
         vertex 7.580126e+01 1.108445e+02 1.351991e+02
         vertex 7.582265e+01 1.108294e+02 1.351991e+02
         vertex 7.555387e+01 1.108558e+02 1.351993e+02
      endloop
   endfacet
   facet normal -7.547249e-04 1.175638e-16 -9.999997e-01
      outer loop
         vertex 7.555387e+01 1.108558e+02 1.351993e+02
         vertex 7.582265e+01 1.108294e+02 1.351991e+02
         vertex 7.584632e+01 1.108183e+02 1.351990e+02
      endloop
   endfacet
   facet normal -7.547249e-04 1.175638e-16 -9.999997e-01
      outer loop
         vertex 7.555387e+01 1.108558e+02 1.351993e+02
         vertex 7.584632e+01 1.108183e+02 1.351990e+02
         vertex 7.609376e+01 1.106580e+02 1.351988e+02
      endloop
   endfacet
   facet normal -7.547249e-04 1.175638e-16 -9.999997e-01
      outer loop
         vertex 7.609376e+01 1.106580e+02 1.351988e+02
         vertex 7.584632e+01 1.108183e+02 1.351990e+02
         vertex 7.587156e+01 1.108115e+02 1.351990e+02
      endloop
   endfacet
   facet normal -7.547249e-04 1.175638e-16 -9.999997e-01
      outer loop
         vertex 7.609376e+01 1.106580e+02 1.351988e+02
         vertex 7.587156e+01 1.108115e+02 1.351990e+02
         vertex 7.589760e+01 1.108092e+02 1.351990e+02
      endloop
   endfacet
   facet normal -7.547249e-04 1.175638e-16 -9.999997e-01
      outer loop
         vertex 7.589760e+01 1.108092e+02 1.351990e+02
         vertex 7.592366e+01 1.108114e+02 1.351990e+02
         vertex 7.609376e+01 1.106580e+02 1.351988e+02
      endloop
   endfacet
   facet normal -7.547249e-04 1.175638e-16 -9.999997e-01
      outer loop
         vertex 7.609376e+01 1.106580e+02 1.351988e+02
         vertex 7.592366e+01 1.108114e+02 1.351990e+02
         vertex 7.594893e+01 1.108181e+02 1.351990e+02
      endloop
   endfacet
   facet normal -7.547249e-04 1.175638e-16 -9.999997e-01
      outer loop
         vertex 7.609376e+01 1.106580e+02 1.351988e+02
         vertex 7.594893e+01 1.108181e+02 1.351990e+02
         vertex 7.597265e+01 1.108291e+02 1.351989e+02
      endloop
   endfacet
   facet normal -7.547249e-04 1.175638e-16 -9.999997e-01
      outer loop
         vertex 7.580176e+01 1.110743e+02 1.351991e+02
         vertex 7.578323e+01 1.110558e+02 1.351991e+02
         vertex 7.602633e+01 1.123633e+02 1.351989e+02
      endloop
   endfacet
   facet normal -7.547249e-04 1.175638e-16 -9.999997e-01
      outer loop
         vertex 7.602633e+01 1.123633e+02 1.351989e+02
         vertex 7.578323e+01 1.110558e+02 1.351991e+02
         vertex 7.576819e+01 1.110344e+02 1.351991e+02
      endloop
   endfacet
   facet normal -7.547249e-04 1.175638e-16 -9.999997e-01
      outer loop
         vertex 7.602633e+01 1.123633e+02 1.351989e+02
         vertex 7.576819e+01 1.110344e+02 1.351991e+02
         vertex 7.555387e+01 1.108558e+02 1.351993e+02
      endloop
   endfacet
   facet normal -7.547249e-04 1.175638e-16 -9.999997e-01
      outer loop
         vertex 7.555387e+01 1.108558e+02 1.351993e+02
         vertex 7.576819e+01 1.110344e+02 1.351991e+02
         vertex 7.575709e+01 1.110108e+02 1.351991e+02
      endloop
   endfacet
   facet normal -7.547249e-04 1.175638e-16 -9.999997e-01
      outer loop
         vertex 7.555387e+01 1.108558e+02 1.351993e+02
         vertex 7.575709e+01 1.110108e+02 1.351991e+02
         vertex 7.575027e+01 1.109855e+02 1.351991e+02
      endloop
   endfacet
   facet normal -7.547249e-04 1.175638e-16 -9.999997e-01
      outer loop
         vertex 7.405891e+01 1.116611e+02 1.352004e+02
         vertex 7.555387e+01 1.108558e+02 1.351993e+02
         vertex 7.384726e+01 1.113650e+02 1.352005e+02
      endloop
   endfacet
   facet normal -7.547249e-04 1.175638e-16 -9.999997e-01
      outer loop
         vertex 7.384726e+01 1.113650e+02 1.352005e+02
         vertex 7.555387e+01 1.108558e+02 1.351993e+02
         vertex 7.551059e+01 1.106961e+02 1.351993e+02
      endloop
   endfacet
   facet normal -7.547249e-04 1.175638e-16 -9.999997e-01
      outer loop
         vertex 7.384726e+01 1.113650e+02 1.352005e+02
         vertex 7.551059e+01 1.106961e+02 1.351993e+02
         vertex 7.544338e+01 1.106649e+02 1.351993e+02
      endloop
   endfacet
   facet normal -7.547249e-04 1.175638e-16 -9.999997e-01
      outer loop
         vertex 7.405891e+01 1.116611e+02 1.352004e+02
         vertex 7.431849e+01 1.119162e+02 1.352002e+02
         vertex 7.555387e+01 1.108558e+02 1.351993e+02
      endloop
   endfacet
   facet normal -7.547249e-04 1.175638e-16 -9.999997e-01
      outer loop
         vertex 7.555387e+01 1.108558e+02 1.351993e+02
         vertex 7.431849e+01 1.119162e+02 1.352002e+02
         vertex 7.461822e+01 1.121226e+02 1.352000e+02
      endloop
   endfacet
   facet normal -7.547249e-04 1.175638e-16 -9.999997e-01
      outer loop
         vertex 7.555387e+01 1.108558e+02 1.351993e+02
         vertex 7.461822e+01 1.121226e+02 1.352000e+02
         vertex 7.494910e+01 1.122742e+02 1.351997e+02
      endloop
   endfacet
   facet normal -7.547249e-04 1.175638e-16 -9.999997e-01
      outer loop
         vertex 7.494910e+01 1.122742e+02 1.351997e+02
         vertex 7.530117e+01 1.123664e+02 1.351994e+02
         vertex 7.555387e+01 1.108558e+02 1.351993e+02
      endloop
   endfacet
   facet normal -7.547249e-04 1.175638e-16 -9.999997e-01
      outer loop
         vertex 7.555387e+01 1.108558e+02 1.351993e+02
         vertex 7.530117e+01 1.123664e+02 1.351994e+02
         vertex 7.566388e+01 1.123964e+02 1.351992e+02
      endloop
   endfacet
   facet normal -7.547249e-04 1.175638e-16 -9.999997e-01
      outer loop
         vertex 7.555387e+01 1.108558e+02 1.351993e+02
         vertex 7.566388e+01 1.123964e+02 1.351992e+02
         vertex 7.602633e+01 1.123633e+02 1.351989e+02
      endloop
   endfacet
   facet normal -7.547249e-04 1.175638e-16 -9.999997e-01
      outer loop
         vertex 7.317306e+01 1.078933e+02 1.352010e+02
         vertex 7.343911e+01 1.092719e+02 1.352008e+02
         vertex 7.520980e+01 1.099169e+02 1.351995e+02
      endloop
   endfacet
   facet normal -7.547249e-04 1.175638e-16 -9.999997e-01
      outer loop
         vertex 7.520980e+01 1.099169e+02 1.351995e+02
         vertex 7.343911e+01 1.092719e+02 1.352008e+02
         vertex 7.351580e+01 1.098308e+02 1.352008e+02
      endloop
   endfacet
   facet normal -7.547249e-04 1.175638e-16 -9.999997e-01
      outer loop
         vertex 7.520980e+01 1.099169e+02 1.351995e+02
         vertex 7.351580e+01 1.098308e+02 1.352008e+02
         vertex 7.355702e+01 1.103868e+02 1.352008e+02
      endloop
   endfacet
   facet normal -7.547249e-04 1.175638e-16 -9.999997e-01
      outer loop
         vertex 7.286685e+01 1.035230e+02 1.352013e+02
         vertex 7.200008e+01 1.038509e+02 1.352019e+02
         vertex 7.245279e+01 1.051799e+02 1.352016e+02
      endloop
   endfacet
   facet normal -7.547249e-04 1.175638e-16 -9.999997e-01
      outer loop
         vertex 7.286685e+01 1.035230e+02 1.352013e+02
         vertex 7.245279e+01 1.051799e+02 1.352016e+02
         vertex 7.520980e+01 1.099169e+02 1.351995e+02
      endloop
   endfacet
   facet normal -7.547249e-04 1.175638e-16 -9.999997e-01
      outer loop
         vertex 7.520980e+01 1.099169e+02 1.351995e+02
         vertex 7.245279e+01 1.051799e+02 1.352016e+02
         vertex 7.284406e+01 1.065283e+02 1.352013e+02
      endloop
   endfacet
   facet normal -7.547249e-04 1.175638e-16 -9.999997e-01
      outer loop
         vertex 7.520980e+01 1.099169e+02 1.351995e+02
         vertex 7.284406e+01 1.065283e+02 1.352013e+02
         vertex 7.317306e+01 1.078933e+02 1.352010e+02
      endloop
   endfacet
   facet normal -7.547249e-04 1.175638e-16 -9.999997e-01
      outer loop
         vertex 6.896541e+01 9.785645e+01 1.352042e+02
         vertex 6.929316e+01 9.830741e+01 1.352040e+02
         vertex 7.052719e+01 9.713821e+01 1.352030e+02
      endloop
   endfacet
   facet normal -7.547249e-04 1.175638e-16 -9.999997e-01
      outer loop
         vertex 7.052719e+01 9.713821e+01 1.352030e+02
         vertex 6.929316e+01 9.830741e+01 1.352040e+02
         vertex 6.959579e+01 9.878359e+01 1.352037e+02
      endloop
   endfacet
   facet normal -7.547249e-04 1.175638e-16 -9.999997e-01
      outer loop
         vertex 6.959579e+01 9.878359e+01 1.352037e+02
         vertex 7.028347e+01 1.000077e+02 1.352032e+02
         vertex 7.052719e+01 9.713821e+01 1.352030e+02
      endloop
   endfacet
   facet normal -7.547249e-04 1.175638e-16 -9.999997e-01
      outer loop
         vertex 7.052719e+01 9.713821e+01 1.352030e+02
         vertex 7.028347e+01 1.000077e+02 1.352032e+02
         vertex 7.091428e+01 1.012620e+02 1.352028e+02
      endloop
   endfacet
   facet normal -7.547249e-04 1.175638e-16 -9.999997e-01
      outer loop
         vertex 7.052719e+01 9.713821e+01 1.352030e+02
         vertex 7.091428e+01 1.012620e+02 1.352028e+02
         vertex 7.286685e+01 1.035230e+02 1.352013e+02
      endloop
   endfacet
   facet normal -7.547249e-04 1.175638e-16 -9.999997e-01
      outer loop
         vertex 7.286685e+01 1.035230e+02 1.352013e+02
         vertex 7.091428e+01 1.012620e+02 1.352028e+02
         vertex 7.148688e+01 1.025440e+02 1.352023e+02
      endloop
   endfacet
   facet normal -7.547249e-04 1.175638e-16 -9.999997e-01
      outer loop
         vertex 7.286685e+01 1.035230e+02 1.352013e+02
         vertex 7.148688e+01 1.025440e+02 1.352023e+02
         vertex 7.200008e+01 1.038509e+02 1.352019e+02
      endloop
   endfacet
   facet normal -7.547249e-04 1.175638e-16 -9.999997e-01
      outer loop
         vertex 7.020640e+01 9.649693e+01 1.352033e+02
         vertex 6.855490e+01 9.692233e+01 1.352045e+02
         vertex 7.020010e+01 9.657075e+01 1.352033e+02
      endloop
   endfacet
   facet normal -7.547249e-04 1.175638e-16 -9.999997e-01
      outer loop
         vertex 7.020010e+01 9.657075e+01 1.352033e+02
         vertex 6.855490e+01 9.692233e+01 1.352045e+02
         vertex 7.020672e+01 9.664453e+01 1.352033e+02
      endloop
   endfacet
   facet normal -7.547249e-04 1.175638e-16 -9.999997e-01
      outer loop
         vertex 7.020672e+01 9.664453e+01 1.352033e+02
         vertex 6.855490e+01 9.692233e+01 1.352045e+02
         vertex 7.022605e+01 9.671605e+01 1.352033e+02
      endloop
   endfacet
   facet normal -7.547249e-04 1.175638e-16 -9.999997e-01
      outer loop
         vertex 7.022605e+01 9.671605e+01 1.352033e+02
         vertex 6.855490e+01 9.692233e+01 1.352045e+02
         vertex 6.864685e+01 9.727447e+01 1.352045e+02
      endloop
   endfacet
   facet normal -7.547249e-04 1.175638e-16 -9.999997e-01
      outer loop
         vertex 7.022605e+01 9.671605e+01 1.352033e+02
         vertex 6.864685e+01 9.727447e+01 1.352045e+02
         vertex 7.025751e+01 9.678312e+01 1.352033e+02
      endloop
   endfacet
   facet normal -7.547249e-04 1.175638e-16 -9.999997e-01
      outer loop
         vertex 7.025751e+01 9.678312e+01 1.352033e+02
         vertex 6.864685e+01 9.727447e+01 1.352045e+02
         vertex 6.879822e+01 9.760544e+01 1.352044e+02
      endloop
   endfacet
   facet normal -7.547249e-04 1.175638e-16 -9.999997e-01
      outer loop
         vertex 7.025751e+01 9.678312e+01 1.352033e+02
         vertex 6.879822e+01 9.760544e+01 1.352044e+02
         vertex 7.030013e+01 9.684371e+01 1.352032e+02
      endloop
   endfacet
   facet normal -7.547249e-04 1.175638e-16 -9.999997e-01
      outer loop
         vertex 7.030013e+01 9.684371e+01 1.352032e+02
         vertex 6.879822e+01 9.760544e+01 1.352044e+02
         vertex 6.896541e+01 9.785645e+01 1.352042e+02
      endloop
   endfacet
   facet normal -7.547249e-04 1.175638e-16 -9.999997e-01
      outer loop
         vertex 7.030013e+01 9.684371e+01 1.352032e+02
         vertex 6.896541e+01 9.785645e+01 1.352042e+02
         vertex 7.035263e+01 9.689598e+01 1.352032e+02
      endloop
   endfacet
   facet normal -7.547249e-04 1.175638e-16 -9.999997e-01
      outer loop
         vertex 7.020640e+01 9.649693e+01 1.352033e+02
         vertex 7.022542e+01 9.642533e+01 1.352033e+02
         vertex 6.855490e+01 9.692233e+01 1.352045e+02
      endloop
   endfacet
   facet normal -7.547249e-04 1.175638e-16 -9.999997e-01
      outer loop
         vertex 6.855490e+01 9.692233e+01 1.352045e+02
         vertex 7.022542e+01 9.642533e+01 1.352033e+02
         vertex 7.018312e+01 9.619927e+01 1.352033e+02
      endloop
   endfacet
   facet normal -7.547249e-04 1.175638e-16 -9.999997e-01
      outer loop
         vertex 6.855490e+01 9.692233e+01 1.352045e+02
         vertex 7.018312e+01 9.619927e+01 1.352033e+02
         vertex 6.852513e+01 9.655960e+01 1.352046e+02
      endloop
   endfacet
   facet normal -7.547249e-04 1.175638e-16 -9.999997e-01
      outer loop
         vertex 6.852513e+01 9.655960e+01 1.352046e+02
         vertex 7.018312e+01 9.619927e+01 1.352033e+02
         vertex 6.855843e+01 9.619718e+01 1.352045e+02
      endloop
   endfacet
   facet normal -7.547249e-04 1.175638e-16 -9.999997e-01
      outer loop
         vertex 6.927498e+01 9.496135e+01 1.352040e+02
         vertex 6.901755e+01 9.521861e+01 1.352042e+02
         vertex 6.984336e+01 9.527206e+01 1.352036e+02
      endloop
   endfacet
   facet normal -7.547249e-04 1.175638e-16 -9.999997e-01
      outer loop
         vertex 6.984336e+01 9.527206e+01 1.352036e+02
         vertex 6.901755e+01 9.521861e+01 1.352042e+02
         vertex 6.880839e+01 9.551646e+01 1.352043e+02
      endloop
   endfacet
   facet normal -7.547249e-04 1.175638e-16 -9.999997e-01
      outer loop
         vertex 6.984336e+01 9.527206e+01 1.352036e+02
         vertex 6.880839e+01 9.551646e+01 1.352043e+02
         vertex 7.018312e+01 9.619927e+01 1.352033e+02
      endloop
   endfacet
   facet normal -7.547249e-04 1.175638e-16 -9.999997e-01
      outer loop
         vertex 7.018312e+01 9.619927e+01 1.352033e+02
         vertex 6.880839e+01 9.551646e+01 1.352043e+02
         vertex 6.865381e+01 9.584595e+01 1.352045e+02
      endloop
   endfacet
   facet normal -7.547249e-04 1.175638e-16 -9.999997e-01
      outer loop
         vertex 7.018312e+01 9.619927e+01 1.352033e+02
         vertex 6.865381e+01 9.584595e+01 1.352045e+02
         vertex 6.855843e+01 9.619718e+01 1.352045e+02
      endloop
   endfacet
   facet normal -7.547249e-04 1.175638e-16 -9.999997e-01
      outer loop
         vertex 7.038325e+01 9.507422e+01 1.352032e+02
         vertex 6.990256e+01 9.459804e+01 1.352035e+02
         vertex 6.984336e+01 9.527206e+01 1.352036e+02
      endloop
   endfacet
   facet normal -7.547249e-04 1.175638e-16 -9.999997e-01
      outer loop
         vertex 6.984336e+01 9.527206e+01 1.352036e+02
         vertex 6.990256e+01 9.459804e+01 1.352035e+02
         vertex 6.957297e+01 9.475240e+01 1.352038e+02
      endloop
   endfacet
   facet normal -7.547249e-04 1.175638e-16 -9.999997e-01
      outer loop
         vertex 6.984336e+01 9.527206e+01 1.352036e+02
         vertex 6.957297e+01 9.475240e+01 1.352038e+02
         vertex 6.927498e+01 9.496135e+01 1.352040e+02
      endloop
   endfacet
   facet normal -7.547249e-04 1.175638e-16 -9.999997e-01
      outer loop
         vertex 7.097901e+01 9.449986e+01 1.352027e+02
         vertex 7.061630e+01 9.446984e+01 1.352030e+02
         vertex 7.038325e+01 9.507422e+01 1.352032e+02
      endloop
   endfacet
   facet normal -7.547249e-04 1.175638e-16 -9.999997e-01
      outer loop
         vertex 7.038325e+01 9.507422e+01 1.352032e+02
         vertex 7.061630e+01 9.446984e+01 1.352030e+02
         vertex 7.025385e+01 9.450290e+01 1.352033e+02
      endloop
   endfacet
   facet normal -7.547249e-04 1.175638e-16 -9.999997e-01
      outer loop
         vertex 7.038325e+01 9.507422e+01 1.352032e+02
         vertex 7.025385e+01 9.450290e+01 1.352033e+02
         vertex 6.990256e+01 9.459804e+01 1.352035e+02
      endloop
   endfacet
   facet normal -7.547249e-04 1.175638e-16 -9.999997e-01
      outer loop
         vertex 7.072302e+01 9.600143e+01 1.352029e+02
         vertex 7.243292e+01 9.550126e+01 1.352016e+02
         vertex 7.222127e+01 9.520518e+01 1.352018e+02
      endloop
   endfacet
   facet normal -7.547249e-04 1.175638e-16 -9.999997e-01
      outer loop
         vertex 7.222127e+01 9.520518e+01 1.352018e+02
         vertex 7.196169e+01 9.495009e+01 1.352020e+02
         vertex 7.072302e+01 9.600143e+01 1.352029e+02
      endloop
   endfacet
   facet normal -7.547249e-04 1.175638e-16 -9.999997e-01
      outer loop
         vertex 7.072302e+01 9.600143e+01 1.352029e+02
         vertex 7.196169e+01 9.495009e+01 1.352020e+02
         vertex 7.166196e+01 9.474364e+01 1.352022e+02
      endloop
   endfacet
   facet normal -7.547249e-04 1.175638e-16 -9.999997e-01
      outer loop
         vertex 7.072302e+01 9.600143e+01 1.352029e+02
         vertex 7.166196e+01 9.474364e+01 1.352022e+02
         vertex 7.038325e+01 9.507422e+01 1.352032e+02
      endloop
   endfacet
   facet normal -7.547249e-04 1.175638e-16 -9.999997e-01
      outer loop
         vertex 7.038325e+01 9.507422e+01 1.352032e+02
         vertex 7.166196e+01 9.474364e+01 1.352022e+02
         vertex 7.133108e+01 9.459205e+01 1.352024e+02
      endloop
   endfacet
   facet normal -7.547249e-04 1.175638e-16 -9.999997e-01
      outer loop
         vertex 7.038325e+01 9.507422e+01 1.352032e+02
         vertex 7.133108e+01 9.459205e+01 1.352024e+02
         vertex 7.097901e+01 9.449986e+01 1.352027e+02
      endloop
   endfacet
   facet normal -7.547249e-04 1.175638e-16 -9.999997e-01
      outer loop
         vertex 7.104381e+01 9.664271e+01 1.352027e+02
         vertex 7.102479e+01 9.671431e+01 1.352027e+02
         vertex 7.272316e+01 9.647946e+01 1.352014e+02
      endloop
   endfacet
   facet normal -7.547249e-04 1.175638e-16 -9.999997e-01
      outer loop
         vertex 7.272316e+01 9.647946e+01 1.352014e+02
         vertex 7.102479e+01 9.671431e+01 1.352027e+02
         vertex 7.106708e+01 9.694037e+01 1.352026e+02
      endloop
   endfacet
   facet normal -7.547249e-04 1.175638e-16 -9.999997e-01
      outer loop
         vertex 7.272316e+01 9.647946e+01 1.352014e+02
         vertex 7.106708e+01 9.694037e+01 1.352026e+02
         vertex 7.276438e+01 9.703541e+01 1.352014e+02
      endloop
   endfacet
   facet normal -7.547249e-04 1.175638e-16 -9.999997e-01
      outer loop
         vertex 7.276438e+01 9.703541e+01 1.352014e+02
         vertex 7.106708e+01 9.694037e+01 1.352026e+02
         vertex 7.284107e+01 9.759438e+01 1.352013e+02
      endloop
   endfacet
   facet normal -7.547249e-04 1.175638e-16 -9.999997e-01
      outer loop
         vertex 7.089758e+01 9.624366e+01 1.352028e+02
         vertex 7.095008e+01 9.629593e+01 1.352027e+02
         vertex 7.243292e+01 9.550126e+01 1.352016e+02
      endloop
   endfacet
   facet normal -7.547249e-04 1.175638e-16 -9.999997e-01
      outer loop
         vertex 7.243292e+01 9.550126e+01 1.352016e+02
         vertex 7.095008e+01 9.629593e+01 1.352027e+02
         vertex 7.099270e+01 9.635652e+01 1.352027e+02
      endloop
   endfacet
   facet normal -7.547249e-04 1.175638e-16 -9.999997e-01
      outer loop
         vertex 7.243292e+01 9.550126e+01 1.352016e+02
         vertex 7.099270e+01 9.635652e+01 1.352027e+02
         vertex 7.259026e+01 9.582944e+01 1.352015e+02
      endloop
   endfacet
   facet normal -7.547249e-04 1.175638e-16 -9.999997e-01
      outer loop
         vertex 7.259026e+01 9.582944e+01 1.352015e+02
         vertex 7.099270e+01 9.635652e+01 1.352027e+02
         vertex 7.102415e+01 9.642359e+01 1.352027e+02
      endloop
   endfacet
   facet normal -7.547249e-04 1.175638e-16 -9.999997e-01
      outer loop
         vertex 7.259026e+01 9.582944e+01 1.352015e+02
         vertex 7.102415e+01 9.642359e+01 1.352027e+02
         vertex 7.268858e+01 9.617986e+01 1.352014e+02
      endloop
   endfacet
   facet normal -7.547249e-04 1.175638e-16 -9.999997e-01
      outer loop
         vertex 7.268858e+01 9.617986e+01 1.352014e+02
         vertex 7.102415e+01 9.642359e+01 1.352027e+02
         vertex 7.104348e+01 9.649511e+01 1.352027e+02
      endloop
   endfacet
   facet normal -7.547249e-04 1.175638e-16 -9.999997e-01
      outer loop
         vertex 7.268858e+01 9.617986e+01 1.352014e+02
         vertex 7.104348e+01 9.649511e+01 1.352027e+02
         vertex 7.272316e+01 9.647946e+01 1.352014e+02
      endloop
   endfacet
   facet normal -7.547249e-04 1.175638e-16 -9.999997e-01
      outer loop
         vertex 7.272316e+01 9.647946e+01 1.352014e+02
         vertex 7.104348e+01 9.649511e+01 1.352027e+02
         vertex 7.105010e+01 9.656889e+01 1.352027e+02
      endloop
   endfacet
   facet normal -7.547249e-04 1.175638e-16 -9.999997e-01
      outer loop
         vertex 7.272316e+01 9.647946e+01 1.352014e+02
         vertex 7.105010e+01 9.656889e+01 1.352027e+02
         vertex 7.104381e+01 9.664271e+01 1.352027e+02
      endloop
   endfacet
   facet normal -7.547249e-04 1.175638e-16 -9.999997e-01
      outer loop
         vertex 7.062603e+01 9.699482e+01 1.352030e+02
         vertex 7.055221e+01 9.698852e+01 1.352030e+02
         vertex 7.052719e+01 9.713821e+01 1.352030e+02
      endloop
   endfacet
   facet normal -7.547249e-04 1.175638e-16 -9.999997e-01
      outer loop
         vertex 7.052719e+01 9.713821e+01 1.352030e+02
         vertex 7.055221e+01 9.698852e+01 1.352030e+02
         vertex 7.048061e+01 9.696950e+01 1.352031e+02
      endloop
   endfacet
   facet normal -7.547249e-04 1.175638e-16 -9.999997e-01
      outer loop
         vertex 7.052719e+01 9.713821e+01 1.352030e+02
         vertex 7.048061e+01 9.696950e+01 1.352031e+02
         vertex 6.896541e+01 9.785645e+01 1.352042e+02
      endloop
   endfacet
   facet normal -7.547249e-04 1.175638e-16 -9.999997e-01
      outer loop
         vertex 6.896541e+01 9.785645e+01 1.352042e+02
         vertex 7.048061e+01 9.696950e+01 1.352031e+02
         vertex 7.041341e+01 9.693834e+01 1.352031e+02
      endloop
   endfacet
   facet normal -7.547249e-04 1.175638e-16 -9.999997e-01
      outer loop
         vertex 6.896541e+01 9.785645e+01 1.352042e+02
         vertex 7.041341e+01 9.693834e+01 1.352031e+02
         vertex 7.035263e+01 9.689598e+01 1.352032e+02
      endloop
   endfacet
   facet normal -7.547249e-04 1.175638e-16 -9.999997e-01
      outer loop
         vertex 7.102479e+01 9.671431e+01 1.352027e+02
         vertex 7.099363e+01 9.678152e+01 1.352027e+02
         vertex 7.106708e+01 9.694037e+01 1.352026e+02
      endloop
   endfacet
   facet normal -7.547249e-04 1.175638e-16 -9.999997e-01
      outer loop
         vertex 7.106708e+01 9.694037e+01 1.352026e+02
         vertex 7.099363e+01 9.678152e+01 1.352027e+02
         vertex 7.095127e+01 9.684229e+01 1.352027e+02
      endloop
   endfacet
   facet normal -7.547249e-04 1.175638e-16 -9.999997e-01
      outer loop
         vertex 7.106708e+01 9.694037e+01 1.352026e+02
         vertex 7.095127e+01 9.684229e+01 1.352027e+02
         vertex 7.089900e+01 9.689479e+01 1.352028e+02
      endloop
   endfacet
   facet normal -7.547249e-04 1.175638e-16 -9.999997e-01
      outer loop
         vertex 7.089900e+01 9.689479e+01 1.352028e+02
         vertex 7.083840e+01 9.693742e+01 1.352028e+02
         vertex 7.106708e+01 9.694037e+01 1.352026e+02
      endloop
   endfacet
   facet normal -7.547249e-04 1.175638e-16 -9.999997e-01
      outer loop
         vertex 7.106708e+01 9.694037e+01 1.352026e+02
         vertex 7.083840e+01 9.693742e+01 1.352028e+02
         vertex 7.077133e+01 9.696887e+01 1.352029e+02
      endloop
   endfacet
   facet normal -7.547249e-04 1.175638e-16 -9.999997e-01
      outer loop
         vertex 7.106708e+01 9.694037e+01 1.352026e+02
         vertex 7.077133e+01 9.696887e+01 1.352029e+02
         vertex 7.052719e+01 9.713821e+01 1.352030e+02
      endloop
   endfacet
   facet normal -7.547249e-04 1.175638e-16 -9.999997e-01
      outer loop
         vertex 7.052719e+01 9.713821e+01 1.352030e+02
         vertex 7.077133e+01 9.696887e+01 1.352029e+02
         vertex 7.069981e+01 9.698820e+01 1.352029e+02
      endloop
   endfacet
   facet normal -7.547249e-04 1.175638e-16 -9.999997e-01
      outer loop
         vertex 7.052719e+01 9.713821e+01 1.352030e+02
         vertex 7.069981e+01 9.698820e+01 1.352029e+02
         vertex 7.062603e+01 9.699482e+01 1.352030e+02
      endloop
   endfacet
   facet normal -7.547249e-04 1.175638e-16 -9.999997e-01
      outer loop
         vertex 7.062418e+01 9.614482e+01 1.352030e+02
         vertex 7.069799e+01 9.615112e+01 1.352029e+02
         vertex 7.072302e+01 9.600143e+01 1.352029e+02
      endloop
   endfacet
   facet normal -7.547249e-04 1.175638e-16 -9.999997e-01
      outer loop
         vertex 7.072302e+01 9.600143e+01 1.352029e+02
         vertex 7.069799e+01 9.615112e+01 1.352029e+02
         vertex 7.076959e+01 9.617013e+01 1.352029e+02
      endloop
   endfacet
   facet normal -7.547249e-04 1.175638e-16 -9.999997e-01
      outer loop
         vertex 7.072302e+01 9.600143e+01 1.352029e+02
         vertex 7.076959e+01 9.617013e+01 1.352029e+02
         vertex 7.243292e+01 9.550126e+01 1.352016e+02
      endloop
   endfacet
   facet normal -7.547249e-04 1.175638e-16 -9.999997e-01
      outer loop
         vertex 7.243292e+01 9.550126e+01 1.352016e+02
         vertex 7.076959e+01 9.617013e+01 1.352029e+02
         vertex 7.083680e+01 9.620130e+01 1.352028e+02
      endloop
   endfacet
   facet normal -7.547249e-04 1.175638e-16 -9.999997e-01
      outer loop
         vertex 7.243292e+01 9.550126e+01 1.352016e+02
         vertex 7.083680e+01 9.620130e+01 1.352028e+02
         vertex 7.089758e+01 9.624366e+01 1.352028e+02
      endloop
   endfacet
   facet normal -7.547249e-04 1.175638e-16 -9.999997e-01
      outer loop
         vertex 7.022542e+01 9.642533e+01 1.352033e+02
         vertex 7.025658e+01 9.635812e+01 1.352033e+02
         vertex 7.018312e+01 9.619927e+01 1.352033e+02
      endloop
   endfacet
   facet normal -7.547249e-04 1.175638e-16 -9.999997e-01
      outer loop
         vertex 7.018312e+01 9.619927e+01 1.352033e+02
         vertex 7.025658e+01 9.635812e+01 1.352033e+02
         vertex 7.029894e+01 9.629735e+01 1.352032e+02
      endloop
   endfacet
   facet normal -7.547249e-04 1.175638e-16 -9.999997e-01
      outer loop
         vertex 7.018312e+01 9.619927e+01 1.352033e+02
         vertex 7.029894e+01 9.629735e+01 1.352032e+02
         vertex 7.035121e+01 9.624485e+01 1.352032e+02
      endloop
   endfacet
   facet normal -7.547249e-04 1.175638e-16 -9.999997e-01
      outer loop
         vertex 7.035121e+01 9.624485e+01 1.352032e+02
         vertex 7.041180e+01 9.620222e+01 1.352031e+02
         vertex 7.018312e+01 9.619927e+01 1.352033e+02
      endloop
   endfacet
   facet normal -7.547249e-04 1.175638e-16 -9.999997e-01
      outer loop
         vertex 7.018312e+01 9.619927e+01 1.352033e+02
         vertex 7.041180e+01 9.620222e+01 1.352031e+02
         vertex 7.047887e+01 9.617077e+01 1.352031e+02
      endloop
   endfacet
   facet normal -7.547249e-04 1.175638e-16 -9.999997e-01
      outer loop
         vertex 7.018312e+01 9.619927e+01 1.352033e+02
         vertex 7.047887e+01 9.617077e+01 1.352031e+02
         vertex 7.072302e+01 9.600143e+01 1.352029e+02
      endloop
   endfacet
   facet normal -7.547249e-04 1.175638e-16 -9.999997e-01
      outer loop
         vertex 7.072302e+01 9.600143e+01 1.352029e+02
         vertex 7.047887e+01 9.617077e+01 1.352031e+02
         vertex 7.055039e+01 9.615144e+01 1.352030e+02
      endloop
   endfacet
   facet normal -7.547249e-04 1.175638e-16 -9.999997e-01
      outer loop
         vertex 7.072302e+01 9.600143e+01 1.352029e+02
         vertex 7.055039e+01 9.615144e+01 1.352030e+02
         vertex 7.062418e+01 9.614482e+01 1.352030e+02
      endloop
   endfacet
   facet normal -7.547249e-04 1.175638e-16 -9.999997e-01
      outer loop
         vertex 7.554670e+01 1.095713e+02 1.351993e+02
         vertex 7.574969e+01 1.097190e+02 1.351991e+02
         vertex 7.553987e+01 1.095461e+02 1.351993e+02
      endloop
   endfacet
   facet normal -7.547249e-04 1.175638e-16 -9.999997e-01
      outer loop
         vertex 7.553987e+01 1.095461e+02 1.351993e+02
         vertex 7.574969e+01 1.097190e+02 1.351991e+02
         vertex 7.552877e+01 1.095224e+02 1.351993e+02
      endloop
   endfacet
   facet normal -7.547249e-04 1.175638e-16 -9.999997e-01
      outer loop
         vertex 7.554670e+01 1.095713e+02 1.351993e+02
         vertex 7.554903e+01 1.095974e+02 1.351993e+02
         vertex 7.574969e+01 1.097190e+02 1.351991e+02
      endloop
   endfacet
   facet normal -7.547249e-04 1.175638e-16 -9.999997e-01
      outer loop
         vertex 7.574969e+01 1.097190e+02 1.351991e+02
         vertex 7.554903e+01 1.095974e+02 1.351993e+02
         vertex 7.554681e+01 1.096234e+02 1.351993e+02
      endloop
   endfacet
   facet normal -7.547249e-04 1.175638e-16 -9.999997e-01
      outer loop
         vertex 7.574969e+01 1.097190e+02 1.351991e+02
         vertex 7.554681e+01 1.096234e+02 1.351993e+02
         vertex 7.554010e+01 1.096487e+02 1.351993e+02
      endloop
   endfacet
   facet normal -7.547249e-04 1.175638e-16 -9.999997e-01
      outer loop
         vertex 7.537266e+01 1.094500e+02 1.351994e+02
         vertex 7.539871e+01 1.094477e+02 1.351994e+02
         vertex 7.340674e+01 1.033252e+02 1.352009e+02
      endloop
   endfacet
   facet normal -7.547249e-04 1.175638e-16 -9.999997e-01
      outer loop
         vertex 7.340674e+01 1.033252e+02 1.352009e+02
         vertex 7.547375e+01 1.094676e+02 1.351993e+02
         vertex 7.549520e+01 1.094826e+02 1.351993e+02
      endloop
   endfacet
   facet normal -7.547249e-04 1.175638e-16 -9.999997e-01
      outer loop
         vertex 7.340674e+01 1.033252e+02 1.352009e+02
         vertex 7.549520e+01 1.094826e+02 1.351993e+02
         vertex 7.574969e+01 1.097190e+02 1.351991e+02
      endloop
   endfacet
   facet normal -7.547249e-04 1.175638e-16 -9.999997e-01
      outer loop
         vertex 7.574969e+01 1.097190e+02 1.351991e+02
         vertex 7.549520e+01 1.094826e+02 1.351993e+02
         vertex 7.551373e+01 1.095010e+02 1.351993e+02
      endloop
   endfacet
   facet normal -7.547249e-04 1.175638e-16 -9.999997e-01
      outer loop
         vertex 7.574969e+01 1.097190e+02 1.351991e+02
         vertex 7.551373e+01 1.095010e+02 1.351993e+02
         vertex 7.552877e+01 1.095224e+02 1.351993e+02
      endloop
   endfacet
   facet normal -7.547249e-04 1.175638e-16 -9.999997e-01
      outer loop
         vertex 7.539936e+01 1.097477e+02 1.351994e+02
         vertex 7.537331e+01 1.097455e+02 1.351994e+02
         vertex 7.520980e+01 1.099169e+02 1.351995e+02
      endloop
   endfacet
   facet normal -7.547249e-04 1.175638e-16 -9.999997e-01
      outer loop
         vertex 7.520980e+01 1.099169e+02 1.351995e+02
         vertex 7.537331e+01 1.097455e+02 1.351994e+02
         vertex 7.534804e+01 1.097387e+02 1.351994e+02
      endloop
   endfacet
   facet normal -7.547249e-04 1.175638e-16 -9.999997e-01
      outer loop
         vertex 7.520980e+01 1.099169e+02 1.351995e+02
         vertex 7.534804e+01 1.097387e+02 1.351994e+02
         vertex 7.532432e+01 1.097277e+02 1.351994e+02
      endloop
   endfacet
   facet normal -7.547249e-04 1.175638e-16 -9.999997e-01
      outer loop
         vertex 7.525126e+01 1.095720e+02 1.351995e+02
         vertex 7.525797e+01 1.095467e+02 1.351995e+02
         vertex 7.286685e+01 1.035230e+02 1.352013e+02
      endloop
   endfacet
   facet normal -7.547249e-04 1.175638e-16 -9.999997e-01
      outer loop
         vertex 7.286685e+01 1.035230e+02 1.352013e+02
         vertex 7.525797e+01 1.095467e+02 1.351995e+02
         vertex 7.526897e+01 1.095230e+02 1.351995e+02
      endloop
   endfacet
   facet normal -7.547249e-04 1.175638e-16 -9.999997e-01
      outer loop
         vertex 7.286685e+01 1.035230e+02 1.352013e+02
         vertex 7.526897e+01 1.095230e+02 1.351995e+02
         vertex 7.528392e+01 1.095015e+02 1.351995e+02
      endloop
   endfacet
   facet normal -7.547249e-04 1.175638e-16 -9.999997e-01
      outer loop
         vertex 7.554010e+01 1.096487e+02 1.351993e+02
         vertex 7.552910e+01 1.096724e+02 1.351993e+02
         vertex 7.574969e+01 1.097190e+02 1.351991e+02
      endloop
   endfacet
   facet normal -7.547249e-04 1.175638e-16 -9.999997e-01
      outer loop
         vertex 7.574969e+01 1.097190e+02 1.351991e+02
         vertex 7.552910e+01 1.096724e+02 1.351993e+02
         vertex 7.551415e+01 1.096938e+02 1.351993e+02
      endloop
   endfacet
   facet normal -7.547249e-04 1.175638e-16 -9.999997e-01
      outer loop
         vertex 7.574969e+01 1.097190e+02 1.351991e+02
         vertex 7.551415e+01 1.096938e+02 1.351993e+02
         vertex 7.549570e+01 1.097124e+02 1.351993e+02
      endloop
   endfacet
   facet normal -7.547249e-04 1.175638e-16 -9.999997e-01
      outer loop
         vertex 7.549570e+01 1.097124e+02 1.351993e+02
         vertex 7.547432e+01 1.097274e+02 1.351993e+02
         vertex 7.574969e+01 1.097190e+02 1.351991e+02
      endloop
   endfacet
   facet normal -7.547249e-04 1.175638e-16 -9.999997e-01
      outer loop
         vertex 7.574969e+01 1.097190e+02 1.351991e+02
         vertex 7.547432e+01 1.097274e+02 1.351993e+02
         vertex 7.545064e+01 1.097385e+02 1.351993e+02
      endloop
   endfacet
   facet normal -7.547249e-04 1.175638e-16 -9.999997e-01
      outer loop
         vertex 7.574969e+01 1.097190e+02 1.351991e+02
         vertex 7.545064e+01 1.097385e+02 1.351993e+02
         vertex 7.520980e+01 1.099169e+02 1.351995e+02
      endloop
   endfacet
   facet normal -7.547249e-04 1.175638e-16 -9.999997e-01
      outer loop
         vertex 7.520980e+01 1.099169e+02 1.351995e+02
         vertex 7.545064e+01 1.097385e+02 1.351993e+02
         vertex 7.542540e+01 1.097453e+02 1.351993e+02
      endloop
   endfacet
   facet normal -7.547249e-04 1.175638e-16 -9.999997e-01
      outer loop
         vertex 7.520980e+01 1.099169e+02 1.351995e+02
         vertex 7.542540e+01 1.097453e+02 1.351993e+02
         vertex 7.539936e+01 1.097477e+02 1.351994e+02
      endloop
   endfacet
   facet normal -7.547249e-04 1.175638e-16 -9.999997e-01
      outer loop
         vertex 7.532432e+01 1.097277e+02 1.351994e+02
         vertex 7.530287e+01 1.097128e+02 1.351994e+02
         vertex 7.520980e+01 1.099169e+02 1.351995e+02
      endloop
   endfacet
   facet normal -7.547249e-04 1.175638e-16 -9.999997e-01
      outer loop
         vertex 7.520980e+01 1.099169e+02 1.351995e+02
         vertex 7.530287e+01 1.097128e+02 1.351994e+02
         vertex 7.528434e+01 1.096944e+02 1.351995e+02
      endloop
   endfacet
   facet normal -7.547249e-04 1.175638e-16 -9.999997e-01
      outer loop
         vertex 7.520980e+01 1.099169e+02 1.351995e+02
         vertex 7.528434e+01 1.096944e+02 1.351995e+02
         vertex 7.526929e+01 1.096730e+02 1.351995e+02
      endloop
   endfacet
   facet normal -7.547249e-04 1.175638e-16 -9.999997e-01
      outer loop
         vertex 7.526929e+01 1.096730e+02 1.351995e+02
         vertex 7.525819e+01 1.096493e+02 1.351995e+02
         vertex 7.520980e+01 1.099169e+02 1.351995e+02
      endloop
   endfacet
   facet normal -7.547249e-04 1.175638e-16 -9.999997e-01
      outer loop
         vertex 7.520980e+01 1.099169e+02 1.351995e+02
         vertex 7.525819e+01 1.096493e+02 1.351995e+02
         vertex 7.525137e+01 1.096241e+02 1.351995e+02
      endloop
   endfacet
   facet normal -7.547249e-04 1.175638e-16 -9.999997e-01
      outer loop
         vertex 7.520980e+01 1.099169e+02 1.351995e+02
         vertex 7.525137e+01 1.096241e+02 1.351995e+02
         vertex 7.286685e+01 1.035230e+02 1.352013e+02
      endloop
   endfacet
   facet normal -7.547249e-04 1.175638e-16 -9.999997e-01
      outer loop
         vertex 7.286685e+01 1.035230e+02 1.352013e+02
         vertex 7.525137e+01 1.096241e+02 1.351995e+02
         vertex 7.524903e+01 1.095980e+02 1.351995e+02
      endloop
   endfacet
   facet normal -7.547249e-04 1.175638e-16 -9.999997e-01
      outer loop
         vertex 7.286685e+01 1.035230e+02 1.352013e+02
         vertex 7.524903e+01 1.095980e+02 1.351995e+02
         vertex 7.525126e+01 1.095720e+02 1.351995e+02
      endloop
   endfacet
   facet normal -7.547249e-04 1.175638e-16 -9.999997e-01
      outer loop
         vertex 7.528392e+01 1.095015e+02 1.351995e+02
         vertex 7.530236e+01 1.094830e+02 1.351994e+02
         vertex 7.286685e+01 1.035230e+02 1.352013e+02
      endloop
   endfacet
   facet normal -7.547249e-04 1.175638e-16 -9.999997e-01
      outer loop
         vertex 7.286685e+01 1.035230e+02 1.352013e+02
         vertex 7.530236e+01 1.094830e+02 1.351994e+02
         vertex 7.532375e+01 1.094679e+02 1.351994e+02
      endloop
   endfacet
   facet normal -7.547249e-04 1.175638e-16 -9.999997e-01
      outer loop
         vertex 7.286685e+01 1.035230e+02 1.352013e+02
         vertex 7.532375e+01 1.094679e+02 1.351994e+02
         vertex 7.340674e+01 1.033252e+02 1.352009e+02
      endloop
   endfacet
   facet normal -7.547249e-04 1.175638e-16 -9.999997e-01
      outer loop
         vertex 7.340674e+01 1.033252e+02 1.352009e+02
         vertex 7.532375e+01 1.094679e+02 1.351994e+02
         vertex 7.534742e+01 1.094568e+02 1.351994e+02
      endloop
   endfacet
   facet normal -7.547249e-04 1.175638e-16 -9.999997e-01
      outer loop
         vertex 7.340674e+01 1.033252e+02 1.352009e+02
         vertex 7.534742e+01 1.094568e+02 1.351994e+02
         vertex 7.537266e+01 1.094500e+02 1.351994e+02
      endloop
   endfacet
   facet normal -7.547249e-04 1.175638e-16 -9.999997e-01
      outer loop
         vertex 7.539871e+01 1.094477e+02 1.351994e+02
         vertex 7.542476e+01 1.094499e+02 1.351994e+02
         vertex 7.340674e+01 1.033252e+02 1.352009e+02
      endloop
   endfacet
   facet normal -7.547249e-04 1.175638e-16 -9.999997e-01
      outer loop
         vertex 7.340674e+01 1.033252e+02 1.352009e+02
         vertex 7.542476e+01 1.094499e+02 1.351994e+02
         vertex 7.545003e+01 1.094566e+02 1.351993e+02
      endloop
   endfacet
   facet normal -7.547249e-04 1.175638e-16 -9.999997e-01
      outer loop
         vertex 7.340674e+01 1.033252e+02 1.352009e+02
         vertex 7.545003e+01 1.094566e+02 1.351993e+02
         vertex 7.547375e+01 1.094676e+02 1.351993e+02
      endloop
   endfacet
   facet normal -7.547249e-04 1.175638e-16 -9.999997e-01
      outer loop
         vertex 7.074481e+01 9.732584e+01 1.352029e+02
         vertex 7.073371e+01 9.730216e+01 1.352029e+02
         vertex 7.052719e+01 9.713821e+01 1.352030e+02
      endloop
   endfacet
   facet normal -7.547249e-04 1.175638e-16 -9.999997e-01
      outer loop
         vertex 7.052719e+01 9.713821e+01 1.352030e+02
         vertex 7.073371e+01 9.730216e+01 1.352029e+02
         vertex 7.072689e+01 9.727692e+01 1.352029e+02
      endloop
   endfacet
   facet normal -7.547249e-04 1.175638e-16 -9.999997e-01
      outer loop
         vertex 7.102233e+01 9.727628e+01 1.352027e+02
         vertex 7.101562e+01 9.730155e+01 1.352027e+02
         vertex 7.340674e+01 1.033252e+02 1.352009e+02
      endloop
   endfacet
   facet normal -7.547249e-04 1.175638e-16 -9.999997e-01
      outer loop
         vertex 7.340674e+01 1.033252e+02 1.352009e+02
         vertex 7.101562e+01 9.730155e+01 1.352027e+02
         vertex 7.100462e+01 9.732527e+01 1.352027e+02
      endloop
   endfacet
   facet normal -7.547249e-04 1.175638e-16 -9.999997e-01
      outer loop
         vertex 7.340674e+01 1.033252e+02 1.352009e+02
         vertex 7.100462e+01 9.732527e+01 1.352027e+02
         vertex 7.098967e+01 9.734672e+01 1.352027e+02
      endloop
   endfacet
   facet normal -7.547249e-04 1.175638e-16 -9.999997e-01
      outer loop
         vertex 7.090092e+01 9.739822e+01 1.352028e+02
         vertex 7.087488e+01 9.740055e+01 1.352028e+02
         vertex 7.286685e+01 1.035230e+02 1.352013e+02
      endloop
   endfacet
   facet normal -7.547249e-04 1.175638e-16 -9.999997e-01
      outer loop
         vertex 7.286685e+01 1.035230e+02 1.352013e+02
         vertex 7.087488e+01 9.740055e+01 1.352028e+02
         vertex 7.084883e+01 9.739833e+01 1.352028e+02
      endloop
   endfacet
   facet normal -7.547249e-04 1.175638e-16 -9.999997e-01
      outer loop
         vertex 7.286685e+01 1.035230e+02 1.352013e+02
         vertex 7.084883e+01 9.739833e+01 1.352028e+02
         vertex 7.082356e+01 9.739162e+01 1.352028e+02
      endloop
   endfacet
   facet normal -7.547249e-04 1.175638e-16 -9.999997e-01
      outer loop
         vertex 7.094927e+01 9.712049e+01 1.352027e+02
         vertex 7.097072e+01 9.713544e+01 1.352027e+02
         vertex 7.106708e+01 9.694037e+01 1.352026e+02
      endloop
   endfacet
   facet normal -7.547249e-04 1.175638e-16 -9.999997e-01
      outer loop
         vertex 7.106708e+01 9.694037e+01 1.352026e+02
         vertex 7.097072e+01 9.713544e+01 1.352027e+02
         vertex 7.098925e+01 9.715389e+01 1.352027e+02
      endloop
   endfacet
   facet normal -7.547249e-04 1.175638e-16 -9.999997e-01
      outer loop
         vertex 7.106708e+01 9.694037e+01 1.352026e+02
         vertex 7.098925e+01 9.715389e+01 1.352027e+02
         vertex 7.100429e+01 9.717527e+01 1.352027e+02
      endloop
   endfacet
   facet normal -7.547249e-04 1.175638e-16 -9.999997e-01
      outer loop
         vertex 7.100429e+01 9.717527e+01 1.352027e+02
         vertex 7.101539e+01 9.719894e+01 1.352027e+02
         vertex 7.106708e+01 9.694037e+01 1.352026e+02
      endloop
   endfacet
   facet normal -7.547249e-04 1.175638e-16 -9.999997e-01
      outer loop
         vertex 7.106708e+01 9.694037e+01 1.352026e+02
         vertex 7.101539e+01 9.719894e+01 1.352027e+02
         vertex 7.102222e+01 9.722419e+01 1.352027e+02
      endloop
   endfacet
   facet normal -7.547249e-04 1.175638e-16 -9.999997e-01
      outer loop
         vertex 7.106708e+01 9.694037e+01 1.352026e+02
         vertex 7.102222e+01 9.722419e+01 1.352027e+02
         vertex 7.340674e+01 1.033252e+02 1.352009e+02
      endloop
   endfacet
   facet normal -7.547249e-04 1.175638e-16 -9.999997e-01
      outer loop
         vertex 7.340674e+01 1.033252e+02 1.352009e+02
         vertex 7.102222e+01 9.722419e+01 1.352027e+02
         vertex 7.102455e+01 9.725023e+01 1.352027e+02
      endloop
   endfacet
   facet normal -7.547249e-04 1.175638e-16 -9.999997e-01
      outer loop
         vertex 7.340674e+01 1.033252e+02 1.352009e+02
         vertex 7.102455e+01 9.725023e+01 1.352027e+02
         vertex 7.102233e+01 9.727628e+01 1.352027e+02
      endloop
   endfacet
   facet normal -7.547249e-04 1.175638e-16 -9.999997e-01
      outer loop
         vertex 7.098967e+01 9.734672e+01 1.352027e+02
         vertex 7.097122e+01 9.736525e+01 1.352027e+02
         vertex 7.340674e+01 1.033252e+02 1.352009e+02
      endloop
   endfacet
   facet normal -7.547249e-04 1.175638e-16 -9.999997e-01
      outer loop
         vertex 7.340674e+01 1.033252e+02 1.352009e+02
         vertex 7.097122e+01 9.736525e+01 1.352027e+02
         vertex 7.094983e+01 9.738029e+01 1.352027e+02
      endloop
   endfacet
   facet normal -7.547249e-04 1.175638e-16 -9.999997e-01
      outer loop
         vertex 7.340674e+01 1.033252e+02 1.352009e+02
         vertex 7.094983e+01 9.738029e+01 1.352027e+02
         vertex 7.286685e+01 1.035230e+02 1.352013e+02
      endloop
   endfacet
   facet normal -7.547249e-04 1.175638e-16 -9.999997e-01
      outer loop
         vertex 7.286685e+01 1.035230e+02 1.352013e+02
         vertex 7.094983e+01 9.738029e+01 1.352027e+02
         vertex 7.092616e+01 9.739140e+01 1.352027e+02
      endloop
   endfacet
   facet normal -7.547249e-04 1.175638e-16 -9.999997e-01
      outer loop
         vertex 7.286685e+01 1.035230e+02 1.352013e+02
         vertex 7.092616e+01 9.739140e+01 1.352027e+02
         vertex 7.090092e+01 9.739822e+01 1.352028e+02
      endloop
   endfacet
   facet normal -7.547249e-04 1.175638e-16 -9.999997e-01
      outer loop
         vertex 7.073349e+01 9.719956e+01 1.352029e+02
         vertex 7.074448e+01 9.717584e+01 1.352029e+02
         vertex 7.052719e+01 9.713821e+01 1.352030e+02
      endloop
   endfacet
   facet normal -7.547249e-04 1.175638e-16 -9.999997e-01
      outer loop
         vertex 7.052719e+01 9.713821e+01 1.352030e+02
         vertex 7.074448e+01 9.717584e+01 1.352029e+02
         vertex 7.075943e+01 9.715439e+01 1.352029e+02
      endloop
   endfacet
   facet normal -7.547249e-04 1.175638e-16 -9.999997e-01
      outer loop
         vertex 7.052719e+01 9.713821e+01 1.352030e+02
         vertex 7.075943e+01 9.715439e+01 1.352029e+02
         vertex 7.077788e+01 9.713586e+01 1.352029e+02
      endloop
   endfacet
   facet normal -7.547249e-04 1.175638e-16 -9.999997e-01
      outer loop
         vertex 7.077788e+01 9.713586e+01 1.352029e+02
         vertex 7.079927e+01 9.712081e+01 1.352028e+02
         vertex 7.052719e+01 9.713821e+01 1.352030e+02
      endloop
   endfacet
   facet normal -7.547249e-04 1.175638e-16 -9.999997e-01
      outer loop
         vertex 7.052719e+01 9.713821e+01 1.352030e+02
         vertex 7.079927e+01 9.712081e+01 1.352028e+02
         vertex 7.082294e+01 9.710971e+01 1.352028e+02
      endloop
   endfacet
   facet normal -7.547249e-04 1.175638e-16 -9.999997e-01
      outer loop
         vertex 7.052719e+01 9.713821e+01 1.352030e+02
         vertex 7.082294e+01 9.710971e+01 1.352028e+02
         vertex 7.106708e+01 9.694037e+01 1.352026e+02
      endloop
   endfacet
   facet normal -7.547249e-04 1.175638e-16 -9.999997e-01
      outer loop
         vertex 7.106708e+01 9.694037e+01 1.352026e+02
         vertex 7.082294e+01 9.710971e+01 1.352028e+02
         vertex 7.084818e+01 9.710289e+01 1.352028e+02
      endloop
   endfacet
   facet normal -7.547249e-04 1.175638e-16 -9.999997e-01
      outer loop
         vertex 7.106708e+01 9.694037e+01 1.352026e+02
         vertex 7.084818e+01 9.710289e+01 1.352028e+02
         vertex 7.087422e+01 9.710055e+01 1.352028e+02
      endloop
   endfacet
   facet normal -7.547249e-04 1.175638e-16 -9.999997e-01
      outer loop
         vertex 7.087422e+01 9.710055e+01 1.352028e+02
         vertex 7.090028e+01 9.710278e+01 1.352028e+02
         vertex 7.106708e+01 9.694037e+01 1.352026e+02
      endloop
   endfacet
   facet normal -7.547249e-04 1.175638e-16 -9.999997e-01
      outer loop
         vertex 7.106708e+01 9.694037e+01 1.352026e+02
         vertex 7.090028e+01 9.710278e+01 1.352028e+02
         vertex 7.092555e+01 9.710949e+01 1.352027e+02
      endloop
   endfacet
   facet normal -7.547249e-04 1.175638e-16 -9.999997e-01
      outer loop
         vertex 7.106708e+01 9.694037e+01 1.352026e+02
         vertex 7.092555e+01 9.710949e+01 1.352027e+02
         vertex 7.094927e+01 9.712049e+01 1.352027e+02
      endloop
   endfacet
   facet normal -7.547249e-04 1.175638e-16 -9.999997e-01
      outer loop
         vertex 7.082356e+01 9.739162e+01 1.352028e+02
         vertex 7.079983e+01 9.738062e+01 1.352028e+02
         vertex 7.286685e+01 1.035230e+02 1.352013e+02
      endloop
   endfacet
   facet normal -7.547249e-04 1.175638e-16 -9.999997e-01
      outer loop
         vertex 7.286685e+01 1.035230e+02 1.352013e+02
         vertex 7.079983e+01 9.738062e+01 1.352028e+02
         vertex 7.077838e+01 9.736567e+01 1.352029e+02
      endloop
   endfacet
   facet normal -7.547249e-04 1.175638e-16 -9.999997e-01
      outer loop
         vertex 7.286685e+01 1.035230e+02 1.352013e+02
         vertex 7.077838e+01 9.736567e+01 1.352029e+02
         vertex 7.052719e+01 9.713821e+01 1.352030e+02
      endloop
   endfacet
   facet normal -7.547249e-04 1.175638e-16 -9.999997e-01
      outer loop
         vertex 7.052719e+01 9.713821e+01 1.352030e+02
         vertex 7.077838e+01 9.736567e+01 1.352029e+02
         vertex 7.075985e+01 9.734722e+01 1.352029e+02
      endloop
   endfacet
   facet normal -7.547249e-04 1.175638e-16 -9.999997e-01
      outer loop
         vertex 7.052719e+01 9.713821e+01 1.352030e+02
         vertex 7.075985e+01 9.734722e+01 1.352029e+02
         vertex 7.074481e+01 9.732584e+01 1.352029e+02
      endloop
   endfacet
   facet normal -7.547249e-04 1.175638e-16 -9.999997e-01
      outer loop
         vertex 7.072689e+01 9.727692e+01 1.352029e+02
         vertex 7.072455e+01 9.725088e+01 1.352029e+02
         vertex 7.052719e+01 9.713821e+01 1.352030e+02
      endloop
   endfacet
   facet normal -7.547249e-04 1.175638e-16 -9.999997e-01
      outer loop
         vertex 7.052719e+01 9.713821e+01 1.352030e+02
         vertex 7.072455e+01 9.725088e+01 1.352029e+02
         vertex 7.072677e+01 9.722483e+01 1.352029e+02
      endloop
   endfacet
   facet normal -7.547249e-04 1.175638e-16 -9.999997e-01
      outer loop
         vertex 7.052719e+01 9.713821e+01 1.352030e+02
         vertex 7.072677e+01 9.722483e+01 1.352029e+02
         vertex 7.073349e+01 9.719956e+01 1.352029e+02
      endloop
   endfacet
   facet normal -7.547249e-04 1.175638e-16 -9.999997e-01
      outer loop
         vertex 7.038325e+01 9.507422e+01 1.352032e+02
         vertex 7.045037e+01 9.575902e+01 1.352031e+02
         vertex 7.047182e+01 9.577397e+01 1.352031e+02
      endloop
   endfacet
   facet normal -7.547249e-04 1.175638e-16 -9.999997e-01
      outer loop
         vertex 7.037598e+01 9.603908e+01 1.352032e+02
         vertex 7.034993e+01 9.603686e+01 1.352032e+02
         vertex 7.018312e+01 9.619927e+01 1.352033e+02
      endloop
   endfacet
   facet normal -7.547249e-04 1.175638e-16 -9.999997e-01
      outer loop
         vertex 7.018312e+01 9.619927e+01 1.352033e+02
         vertex 7.023481e+01 9.594069e+01 1.352033e+02
         vertex 7.022799e+01 9.591545e+01 1.352033e+02
      endloop
   endfacet
   facet normal -7.547249e-04 1.175638e-16 -9.999997e-01
      outer loop
         vertex 7.022788e+01 9.586336e+01 1.352033e+02
         vertex 7.023459e+01 9.583809e+01 1.352033e+02
         vertex 6.984336e+01 9.527206e+01 1.352036e+02
      endloop
   endfacet
   facet normal -7.547249e-04 1.175638e-16 -9.999997e-01
      outer loop
         vertex 7.047182e+01 9.577397e+01 1.352031e+02
         vertex 7.049035e+01 9.579242e+01 1.352031e+02
         vertex 7.038325e+01 9.507422e+01 1.352032e+02
      endloop
   endfacet
   facet normal -7.547249e-04 1.175638e-16 -9.999997e-01
      outer loop
         vertex 7.038325e+01 9.507422e+01 1.352032e+02
         vertex 7.049035e+01 9.579242e+01 1.352031e+02
         vertex 7.050539e+01 9.581380e+01 1.352031e+02
      endloop
   endfacet
   facet normal -7.547249e-04 1.175638e-16 -9.999997e-01
      outer loop
         vertex 7.038325e+01 9.507422e+01 1.352032e+02
         vertex 7.050539e+01 9.581380e+01 1.352031e+02
         vertex 7.072302e+01 9.600143e+01 1.352029e+02
      endloop
   endfacet
   facet normal -7.547249e-04 1.175638e-16 -9.999997e-01
      outer loop
         vertex 7.072302e+01 9.600143e+01 1.352029e+02
         vertex 7.050539e+01 9.581380e+01 1.352031e+02
         vertex 7.051650e+01 9.583747e+01 1.352031e+02
      endloop
   endfacet
   facet normal -7.547249e-04 1.175638e-16 -9.999997e-01
      outer loop
         vertex 7.072302e+01 9.600143e+01 1.352029e+02
         vertex 7.051650e+01 9.583747e+01 1.352031e+02
         vertex 7.052332e+01 9.586272e+01 1.352030e+02
      endloop
   endfacet
   facet normal -7.547249e-04 1.175638e-16 -9.999997e-01
      outer loop
         vertex 7.023459e+01 9.583809e+01 1.352033e+02
         vertex 7.024559e+01 9.581437e+01 1.352033e+02
         vertex 6.984336e+01 9.527206e+01 1.352036e+02
      endloop
   endfacet
   facet normal -7.547249e-04 1.175638e-16 -9.999997e-01
      outer loop
         vertex 6.984336e+01 9.527206e+01 1.352036e+02
         vertex 7.024559e+01 9.581437e+01 1.352033e+02
         vertex 7.026054e+01 9.579292e+01 1.352032e+02
      endloop
   endfacet
   facet normal -7.547249e-04 1.175638e-16 -9.999997e-01
      outer loop
         vertex 6.984336e+01 9.527206e+01 1.352036e+02
         vertex 7.026054e+01 9.579292e+01 1.352032e+02
         vertex 7.027899e+01 9.577439e+01 1.352032e+02
      endloop
   endfacet
   facet normal -7.547249e-04 1.175638e-16 -9.999997e-01
      outer loop
         vertex 7.027899e+01 9.577439e+01 1.352032e+02
         vertex 7.030037e+01 9.575934e+01 1.352032e+02
         vertex 6.984336e+01 9.527206e+01 1.352036e+02
      endloop
   endfacet
   facet normal -7.547249e-04 1.175638e-16 -9.999997e-01
      outer loop
         vertex 6.984336e+01 9.527206e+01 1.352036e+02
         vertex 7.030037e+01 9.575934e+01 1.352032e+02
         vertex 7.032404e+01 9.574824e+01 1.352032e+02
      endloop
   endfacet
   facet normal -7.547249e-04 1.175638e-16 -9.999997e-01
      outer loop
         vertex 6.984336e+01 9.527206e+01 1.352036e+02
         vertex 7.032404e+01 9.574824e+01 1.352032e+02
         vertex 7.038325e+01 9.507422e+01 1.352032e+02
      endloop
   endfacet
   facet normal -7.547249e-04 1.175638e-16 -9.999997e-01
      outer loop
         vertex 7.038325e+01 9.507422e+01 1.352032e+02
         vertex 7.032404e+01 9.574824e+01 1.352032e+02
         vertex 7.034928e+01 9.574142e+01 1.352032e+02
      endloop
   endfacet
   facet normal -7.547249e-04 1.175638e-16 -9.999997e-01
      outer loop
         vertex 7.038325e+01 9.507422e+01 1.352032e+02
         vertex 7.034928e+01 9.574142e+01 1.352032e+02
         vertex 7.037533e+01 9.573908e+01 1.352032e+02
      endloop
   endfacet
   facet normal -7.547249e-04 1.175638e-16 -9.999997e-01
      outer loop
         vertex 7.037533e+01 9.573908e+01 1.352032e+02
         vertex 7.040138e+01 9.574131e+01 1.352031e+02
         vertex 7.038325e+01 9.507422e+01 1.352032e+02
      endloop
   endfacet
   facet normal -7.547249e-04 1.175638e-16 -9.999997e-01
      outer loop
         vertex 7.038325e+01 9.507422e+01 1.352032e+02
         vertex 7.040138e+01 9.574131e+01 1.352031e+02
         vertex 7.042665e+01 9.574802e+01 1.352031e+02
      endloop
   endfacet
   facet normal -7.547249e-04 1.175638e-16 -9.999997e-01
      outer loop
         vertex 7.038325e+01 9.507422e+01 1.352032e+02
         vertex 7.042665e+01 9.574802e+01 1.352031e+02
         vertex 7.045037e+01 9.575902e+01 1.352031e+02
      endloop
   endfacet
   facet normal -7.547249e-04 1.175638e-16 -9.999997e-01
      outer loop
         vertex 7.052332e+01 9.586272e+01 1.352030e+02
         vertex 7.052565e+01 9.588876e+01 1.352030e+02
         vertex 7.072302e+01 9.600143e+01 1.352029e+02
      endloop
   endfacet
   facet normal -7.547249e-04 1.175638e-16 -9.999997e-01
      outer loop
         vertex 7.072302e+01 9.600143e+01 1.352029e+02
         vertex 7.052565e+01 9.588876e+01 1.352030e+02
         vertex 7.052343e+01 9.591481e+01 1.352030e+02
      endloop
   endfacet
   facet normal -7.547249e-04 1.175638e-16 -9.999997e-01
      outer loop
         vertex 7.072302e+01 9.600143e+01 1.352029e+02
         vertex 7.052343e+01 9.591481e+01 1.352030e+02
         vertex 7.051672e+01 9.594008e+01 1.352031e+02
      endloop
   endfacet
   facet normal -7.547249e-04 1.175638e-16 -9.999997e-01
      outer loop
         vertex 7.051672e+01 9.594008e+01 1.352031e+02
         vertex 7.050572e+01 9.596380e+01 1.352031e+02
         vertex 7.072302e+01 9.600143e+01 1.352029e+02
      endloop
   endfacet
   facet normal -7.547249e-04 1.175638e-16 -9.999997e-01
      outer loop
         vertex 7.072302e+01 9.600143e+01 1.352029e+02
         vertex 7.050572e+01 9.596380e+01 1.352031e+02
         vertex 7.049077e+01 9.598525e+01 1.352031e+02
      endloop
   endfacet
   facet normal -7.547249e-04 1.175638e-16 -9.999997e-01
      outer loop
         vertex 7.072302e+01 9.600143e+01 1.352029e+02
         vertex 7.049077e+01 9.598525e+01 1.352031e+02
         vertex 7.047232e+01 9.600378e+01 1.352031e+02
      endloop
   endfacet
   facet normal -7.547249e-04 1.175638e-16 -9.999997e-01
      outer loop
         vertex 7.018312e+01 9.619927e+01 1.352033e+02
         vertex 7.022799e+01 9.591545e+01 1.352033e+02
         vertex 6.984336e+01 9.527206e+01 1.352036e+02
      endloop
   endfacet
   facet normal -7.547249e-04 1.175638e-16 -9.999997e-01
      outer loop
         vertex 6.984336e+01 9.527206e+01 1.352036e+02
         vertex 7.022799e+01 9.591545e+01 1.352033e+02
         vertex 7.022565e+01 9.588941e+01 1.352033e+02
      endloop
   endfacet
   facet normal -7.547249e-04 1.175638e-16 -9.999997e-01
      outer loop
         vertex 6.984336e+01 9.527206e+01 1.352036e+02
         vertex 7.022565e+01 9.588941e+01 1.352033e+02
         vertex 7.022788e+01 9.586336e+01 1.352033e+02
      endloop
   endfacet
   facet normal -7.547249e-04 1.175638e-16 -9.999997e-01
      outer loop
         vertex 7.047232e+01 9.600378e+01 1.352031e+02
         vertex 7.045094e+01 9.601882e+01 1.352031e+02
         vertex 7.072302e+01 9.600143e+01 1.352029e+02
      endloop
   endfacet
   facet normal -7.547249e-04 1.175638e-16 -9.999997e-01
      outer loop
         vertex 7.072302e+01 9.600143e+01 1.352029e+02
         vertex 7.045094e+01 9.601882e+01 1.352031e+02
         vertex 7.042726e+01 9.602993e+01 1.352031e+02
      endloop
   endfacet
   facet normal -7.547249e-04 1.175638e-16 -9.999997e-01
      outer loop
         vertex 7.072302e+01 9.600143e+01 1.352029e+02
         vertex 7.042726e+01 9.602993e+01 1.352031e+02
         vertex 7.018312e+01 9.619927e+01 1.352033e+02
      endloop
   endfacet
   facet normal -7.547249e-04 1.175638e-16 -9.999997e-01
      outer loop
         vertex 7.018312e+01 9.619927e+01 1.352033e+02
         vertex 7.042726e+01 9.602993e+01 1.352031e+02
         vertex 7.040202e+01 9.603675e+01 1.352031e+02
      endloop
   endfacet
   facet normal -7.547249e-04 1.175638e-16 -9.999997e-01
      outer loop
         vertex 7.018312e+01 9.619927e+01 1.352033e+02
         vertex 7.040202e+01 9.603675e+01 1.352031e+02
         vertex 7.037598e+01 9.603908e+01 1.352032e+02
      endloop
   endfacet
   facet normal -7.547249e-04 1.175638e-16 -9.999997e-01
      outer loop
         vertex 7.034993e+01 9.603686e+01 1.352032e+02
         vertex 7.032466e+01 9.603015e+01 1.352032e+02
         vertex 7.018312e+01 9.619927e+01 1.352033e+02
      endloop
   endfacet
   facet normal -7.547249e-04 1.175638e-16 -9.999997e-01
      outer loop
         vertex 7.018312e+01 9.619927e+01 1.352033e+02
         vertex 7.032466e+01 9.603015e+01 1.352032e+02
         vertex 7.030094e+01 9.601915e+01 1.352032e+02
      endloop
   endfacet
   facet normal -7.547249e-04 1.175638e-16 -9.999997e-01
      outer loop
         vertex 7.018312e+01 9.619927e+01 1.352033e+02
         vertex 7.030094e+01 9.601915e+01 1.352032e+02
         vertex 7.027949e+01 9.600420e+01 1.352032e+02
      endloop
   endfacet
   facet normal -7.547249e-04 1.175638e-16 -9.999997e-01
      outer loop
         vertex 7.027949e+01 9.600420e+01 1.352032e+02
         vertex 7.026096e+01 9.598575e+01 1.352032e+02
         vertex 7.018312e+01 9.619927e+01 1.352033e+02
      endloop
   endfacet
   facet normal -7.547249e-04 1.175638e-16 -9.999997e-01
      outer loop
         vertex 7.018312e+01 9.619927e+01 1.352033e+02
         vertex 7.026096e+01 9.598575e+01 1.352032e+02
         vertex 7.024591e+01 9.596437e+01 1.352033e+02
      endloop
   endfacet
   facet normal -7.547249e-04 1.175638e-16 -9.999997e-01
      outer loop
         vertex 7.018312e+01 9.619927e+01 1.352033e+02
         vertex 7.024591e+01 9.596437e+01 1.352033e+02
         vertex 7.023481e+01 9.594069e+01 1.352033e+02
      endloop
   endfacet
endsolid Assem-T - Articulación-1-1